game_id,temporada,fecha,equipo_local,equipo_visitante,club_local_id,club_visitante_id,home_pts_avg_5,home_pts_conceded_avg_5,home_win_rate_5,away_pts_avg_5,away_pts_conceded_avg_5,away_win_rate_5,pts_diff_5,win_rate_diff_5,home_pts_avg_10,home_pts_conceded_avg_10,home_win_rate_10,away_pts_avg_10,away_pts_conceded_avg_10,away_win_rate_10,pts_diff_10,win_rate_diff_10,home_win_rate_3,away_win_rate_3,win_rate_diff_3,home_streak_5,away_streak_5,home_pt_diff_avg_5,away_pt_diff_avg_5,pt_diff_diff_5,h2h_home_wins,h2h_total,h2h_home_rate,is_home,home_elo,away_elo,elo_diff,home_days_rest,away_days_rest,rest_diff,target
2020_1106_41_214,2020-21,2020-11-06 00:00:00+00:00,BG Goettingen,MHP Riesen Ludwigsburg,214,41,,,,,,,,,,,,,,,,,,,,,,,,,0,0,0.5,1,1500.0,1500.0,0.0,7,7,0,0
2020_1107_2745_127,2020-21,2020-11-07 00:00:00+00:00,Ratiopharm Ulm,FITOne Wuerzburg Baskets,127,2745,,,,,,,,,,,,,,,,,,,,,,,,,0,0,0.5,1,1500.0,1500.0,0.0,7,7,0,1
2020_1108_10_3361,2020-21,2020-11-08 00:00:00+00:00,Fraport Skyliners Frankfurt,ALBA Berlin,3361,10,,,,,,,,,,,,,,,,,,,,,,,,,0,0,0.5,1,1500.0,1500.0,0.0,7,7,0,0
2020_1108_40_1634,2020-21,2020-11-08 00:00:00+00:00,EWE Baskets Oldenburg,Basketball Loewen Braunschweig,1634,40,,,,,,,,,,,,,,,,,,,,,,,,,0,0,0.5,1,1500.0,1500.0,0.0,7,7,0,1
2020_1108_19629_132,2020-21,2020-11-08 00:00:00+00:00,Bamberg Baskets,Veolia Towers Hamburg,132,19629,,,,,,,,,,,,,,,,,,,,,,,,,0,0,0.5,1,1500.0,1500.0,0.0,7,7,0,0
2020_1108_219_2457,2020-21,2020-11-08 00:00:00+00:00,Rasta Vechta,FC Bayern Muenchen Basketball,2457,219,,,,,,,,,,,,,,,,,,,,,,,,,0,0,0.5,1,1500.0,1500.0,0.0,7,7,0,0
2020_1113_2457_2745,2020-21,2020-11-13 00:00:00+00:00,FITOne Wuerzburg Baskets,Rasta Vechta,2745,2457,77.0,90.0,0.0,78.0,90.0,0.0,-1.0,0.0,77.0,90.0,0.0,78.0,90.0,0.0,-1.0,0.0,0.0,0.0,0.0,-1.0,-1.0,-13.0,-12.0,-1.0,0,0,0.5,1,1492.8,1487.2,5.6,6,5,1,1
2020_1114_127_134,2020-21,2020-11-14 00:00:00+00:00,Medi Bayreuth,Ratiopharm Ulm,134,127,,,,90.0,77.0,1.0,,,,,,90.0,77.0,1.0,,,,1.0,,,1.0,,13.0,,0,0,0.5,1,1500.0,1507.2,-7.2,7,7,0,0
2020_1114_214_40,2020-21,2020-11-14 00:00:00+00:00,Basketball Loewen Braunschweig,BG Goettingen,40,214,83.0,111.0,0.0,73.0,100.0,0.0,10.0,0.0,83.0,111.0,0.0,73.0,100.0,0.0,10.0,0.0,0.0,0.0,0.0,-1.0,-1.0,-28.0,-27.0,-1.0,0,0,0.5,1,1492.8,1487.2,5.6,6,8,-2,0
2020_1114_450_2315,2020-21,2020-11-14 00:00:00+00:00,Merlins Crailsheim,SYNTAINICS MBC Weissenfels,2315,450,,,,,,,,,,,,,,,,,,,,,,,,,0,0,0.5,1,1500.0,1500.0,0.0,7,7,0,1
2020_1115_1510_41,2020-21,2020-11-15 00:00:00+00:00,MHP Riesen Ludwigsburg,Telekom Baskets Bonn,41,1510,100.0,73.0,1.0,,,,,,100.0,73.0,1.0,,,,,,1.0,,,1.0,,27.0,,,0,0,0.5,1,1512.8,1500.0,12.8,9,7,2,1
2020_1115_3361_219,2020-21,2020-11-15 00:00:00+00:00,FC Bayern Muenchen Basketball,Fraport Skyliners Frankfurt,219,3361,90.0,78.0,1.0,66.0,79.0,0.0,24.0,1.0,90.0,78.0,1.0,66.0,79.0,0.0,24.0,1.0,1.0,0.0,1.0,1.0,-1.0,12.0,-13.0,25.0,0,0,0.5,1,1512.8,1487.2,25.6,7,7,0,1
2020_1115_1634_10,2020-21,2020-11-15 00:00:00+00:00,ALBA Berlin,EWE Baskets Oldenburg,10,1634,79.0,66.0,1.0,111.0,83.0,1.0,-32.0,0.0,79.0,66.0,1.0,111.0,83.0,1.0,-32.0,0.0,1.0,1.0,0.0,1.0,1.0,13.0,28.0,-15.0,0,0,0.5,1,1512.8,1507.2,5.6,7,7,0,1
2020_1119_134_1510,2020-21,2020-11-19 00:00:00+00:00,Telekom Baskets Bonn,Medi Bayreuth,1510,134,82.0,86.0,0.0,76.0,104.0,0.0,6.0,0.0,82.0,86.0,0.0,76.0,104.0,0.0,6.0,0.0,0.0,0.0,0.0,-1.0,-1.0,-4.0,-28.0,24.0,0,0,0.5,1,1493.14,1487.39,5.75,4,5,-1,0
2020_1119_132_1791,2020-21,2020-11-19 00:00:00+00:00,NINERS Chemnitz,Bamberg Baskets,1791,132,,,,75.0,78.0,0.0,,,,,,75.0,78.0,0.0,,,,0.0,,,-1.0,,-3.0,,0,0,0.5,1,1500.0,1487.2,12.8,7,11,-4,0
2020_1121_40_2457,2020-21,2020-11-21 00:00:00+00:00,Rasta Vechta,Basketball Loewen Braunschweig,2457,40,79.0,89.0,0.0,79.5,95.0,0.0,-0.5,0.0,79.0,89.0,0.0,79.5,95.0,0.0,-0.5,0.0,0.0,0.0,0.0,-2.0,-2.0,-10.0,-15.5,5.5,0,0,0.5,1,1480.15,1479.85,0.3,8,7,1,0
2020_1121_1634_3361,2020-21,2020-11-21 00:00:00+00:00,Fraport Skyliners Frankfurt,EWE Baskets Oldenburg,3361,1634,59.0,77.0,0.0,98.5,86.0,0.5,-39.5,-0.5,59.0,77.0,0.0,98.5,86.0,0.5,-39.5,-0.5,0.0,0.5,-0.5,-2.0,0.0,-18.0,12.5,-30.5,0,0,0.5,1,1480.66,1500.15,-19.48,6,6,0,0
2020_1121_1791_214,2020-21,2020-11-21 00:00:00+00:00,BG Goettingen,NINERS Chemnitz,214,1791,76.0,88.0,0.5,86.0,93.0,0.0,-10.0,0.5,76.0,88.0,0.5,86.0,93.0,0.0,-10.0,0.5,0.5,0.0,0.5,0.0,-1.0,-12.0,-7.0,-5.0,0,0,0.5,1,1500.15,1486.86,13.29,7,2,5,1
2020_1121_133_127,2020-21,2020-11-21 00:00:00+00:00,Ratiopharm Ulm,46ers Giessen,127,133,97.0,76.5,1.0,,,,,,97.0,76.5,1.0,,,,,,1.0,,,2.0,,20.5,,,0,0,0.5,1,1519.81,1500.0,19.81,7,7,0,1
2020_1122_2315_132,2020-21,2020-11-22 00:00:00+00:00,Bamberg Baskets,Merlins Crailsheim,132,2315,84.0,82.0,0.5,84.0,66.0,1.0,0.0,-0.5,84.0,82.0,0.5,84.0,66.0,1.0,0.0,-0.5,0.5,1.0,-0.5,0.0,1.0,2.0,18.0,-16.0,0,0,0.5,1,1500.34,1507.2,-6.86,3,8,-5,0
2020_1122_10_1510,2020-21,2020-11-22 00:00:00+00:00,Telekom Baskets Bonn,ALBA Berlin,1510,10,79.5,84.5,0.0,84.0,76.0,1.0,-4.5,-1.0,79.5,84.5,0.0,84.0,76.0,1.0,-4.5,-1.0,0.0,1.0,-1.0,-2.0,2.0,-5.0,8.0,-13.0,0,0,0.5,1,1480.18,1519.85,-39.67,3,7,-4,0
2020_1122_134_450,2020-21,2020-11-22 00:00:00+00:00,SYNTAINICS MBC Weissenfels,Medi Bayreuth,450,134,66.0,84.0,0.0,79.5,90.5,0.5,-13.5,-0.5,66.0,84.0,0.0,79.5,90.5,0.5,-13.5,-0.5,0.0,0.5,-0.5,-1.0,0.0,-18.0,-11.0,-7.0,0,0,0.5,1,1492.8,1500.34,-7.54,8,3,5,0
2020_1122_2745_19629,2020-21,2020-11-22 00:00:00+00:00,Veolia Towers Hamburg,FITOne Wuerzburg Baskets,19629,2745,78.0,75.0,1.0,82.5,85.0,0.5,-4.5,0.5,78.0,75.0,1.0,82.5,85.0,0.5,-4.5,0.5,1.0,0.5,0.5,1.0,0.0,3.0,-2.5,5.5,0,0,0.5,1,1512.8,1499.85,12.95,14,9,5,1
2020_1122_219_41,2020-21,2020-11-22 00:00:00+00:00,MHP Riesen Ludwigsburg,FC Bayern Muenchen Basketball,41,219,93.0,77.5,1.0,82.5,65.0,1.0,10.5,0.0,93.0,77.5,1.0,82.5,65.0,1.0,10.5,0.0,1.0,1.0,0.0,2.0,2.0,15.5,17.5,-2.0,0,0,0.5,1,1519.66,1519.34,0.33,7,7,0,0
2020_1203_1510_19629,2020-21,2020-12-03 00:00:00+00:00,Veolia Towers Hamburg,Telekom Baskets Bonn,19629,1510,84.0,68.0,1.0,77.66666666666667,88.66666666666667,0.0,6.333333333333329,1.0,84.0,68.0,1.0,77.66666666666667,88.66666666666667,0.0,6.333333333333329,1.0,1.0,0.0,1.0,2.0,-3.0,16.0,-11.0,27.0,0,0,0.5,1,1519.66,1468.46,51.2,11,11,0,1
2020_1204_1634_1791,2020-21,2020-12-04 00:00:00+00:00,NINERS Chemnitz,EWE Baskets Oldenburg,1791,1634,92.5,98.0,0.0,94.33333333333333,80.33333333333333,0.6666666666666666,-1.8333333333333286,-0.6666666666666666,92.5,98.0,0.0,94.33333333333333,80.33333333333333,0.6666666666666666,-1.8333333333333286,-0.6666666666666666,0.0,0.6666666666666666,-0.6666666666666666,-2.0,1.0,-5.5,14.0,-19.5,0,0,0.5,1,1480.01,1512.42,-32.41,13,13,0,0
2020_1204_2315_214,2020-21,2020-12-04 00:00:00+00:00,BG Goettingen,Merlins Crailsheim,214,2315,85.0,91.66666666666667,0.6666666666666666,92.5,80.5,1.0,-7.5,-0.33333333333333337,85.0,91.66666666666667,0.6666666666666666,92.5,80.5,1.0,-7.5,-0.33333333333333337,0.6666666666666666,1.0,-0.33333333333333337,1.0,2.0,-6.666666666666671,12.0,-18.66666666666667,0,0,0.5,1,1507.0,1519.82,-12.82,13,12,1,0
2020_1206_1510_1634,2020-21,2020-12-06 00:00:00+00:00,EWE Baskets Oldenburg,Telekom Baskets Bonn,1634,1510,100.5,78.5,0.75,74.0,89.75,0.0,26.5,0.75,100.5,78.5,0.75,74.0,89.75,0.0,26.5,0.75,0.6666666666666666,0.0,0.6666666666666666,2.0,-4.0,22.0,-15.75,37.75,0,0,0.5,1,1524.35,1462.56,61.78,2,3,-1,1
2020_1206_41_2315,2020-21,2020-12-06 00:00:00+00:00,Merlins Crailsheim,MHP Riesen Ludwigsburg,2315,41,91.33333333333333,79.33333333333333,1.0,85.33333333333333,82.66666666666667,0.6666666666666666,6.0,0.33333333333333337,91.33333333333333,79.33333333333333,1.0,85.33333333333333,82.66666666666667,0.6666666666666666,6.0,0.33333333333333337,1.0,0.6666666666666666,0.33333333333333337,3.0,1.0,12.0,2.666666666666657,9.333333333333343,0,0,0.5,1,1532.27,1506.85,25.42,2,14,-12,0
2020_1206_127_2457,2020-21,2020-12-06 00:00:00+00:00,Rasta Vechta,Ratiopharm Ulm,2457,127,78.66666666666667,91.33333333333333,0.0,100.0,78.0,1.0,-21.33333333333333,-1.0,78.66666666666667,91.33333333333333,0.0,100.0,78.0,1.0,-21.33333333333333,-1.0,0.0,1.0,-1.0,-3.0,3.0,-12.666666666666657,22.0,-34.66666666666666,0,0,0.5,1,1467.34,1526.49,-59.15,15,15,0,0
2020_1206_134_10,2020-21,2020-12-06 00:00:00+00:00,ALBA Berlin,Medi Bayreuth,10,134,88.33333333333333,75.33333333333333,1.0,86.0,87.33333333333333,0.6666666666666666,2.3333333333333286,0.33333333333333337,88.33333333333333,75.33333333333333,1.0,86.0,87.33333333333333,0.6666666666666666,2.3333333333333286,0.33333333333333337,1.0,0.6666666666666666,0.33333333333333337,3.0,1.0,13.0,-1.3333333333333286,14.333333333333329,0,0,0.5,1,1531.57,1512.94,18.63,14,14,0,1
2020_1206_1791_3361,2020-21,2020-12-06 00:00:00+00:00,Fraport Skyliners Frankfurt,NINERS Chemnitz,3361,1791,62.333333333333336,80.0,0.0,86.0,105.0,0.0,-23.666666666666664,0.0,62.333333333333336,80.0,0.0,86.0,105.0,0.0,-23.666666666666664,0.0,0.0,0.0,0.0,-3.0,-3.0,-17.666666666666664,-19.0,1.3333333333333357,0,0,0.5,1,1468.39,1468.09,0.3,15,2,13,1
2020_1206_450_19629,2020-21,2020-12-06 00:00:00+00:00,Veolia Towers Hamburg,SYNTAINICS MBC Weissenfels,19629,450,87.0,66.33333333333333,1.0,73.5,91.5,0.0,13.5,1.0,87.0,66.33333333333333,1.0,73.5,91.5,0.0,13.5,1.0,1.0,0.0,1.0,3.0,-2.0,20.66666666666667,-18.0,38.66666666666667,0,0,0.5,1,1525.56,1480.2,45.36,3,14,-11,1
2020_1206_219_214,2020-21,2020-12-06 00:00:00+00:00,BG Goettingen,FC Bayern Muenchen Basketball,214,219,83.0,91.0,0.5,86.0,66.66666666666667,1.0,-3.0,-0.5,83.0,91.0,0.5,86.0,66.66666666666667,1.0,-3.0,-0.5,0.6666666666666666,1.0,-0.33333333333333337,0.0,3.0,-8.0,19.33333333333333,-27.33333333333333,0,0,0.5,1,1494.54,1532.15,-37.61,2,14,-12,0
2020_1206_133_132,2020-21,2020-12-06 00:00:00+00:00,Bamberg Baskets,46ers Giessen,132,133,87.66666666666667,88.33333333333333,0.3333333333333333,81.0,106.0,0.0,6.666666666666671,0.3333333333333333,87.66666666666667,88.33333333333333,0.3333333333333333,81.0,106.0,0.0,6.666666666666671,0.3333333333333333,0.3333333333333333,0.0,0.3333333333333333,-1.0,-1.0,-0.6666666666666572,-25.0,24.333333333333343,0,0,0.5,1,1487.72,1493.32,-5.6,14,15,-1,1
2020_1206_2745_40,2020-21,2020-12-06 00:00:00+00:00,Basketball Loewen Braunschweig,FITOne Wuerzburg Baskets,40,2745,85.0,89.33333333333333,0.3333333333333333,75.33333333333333,86.66666666666667,0.3333333333333333,9.666666666666671,0.0,85.0,89.33333333333333,0.3333333333333333,75.33333333333333,86.66666666666667,0.3333333333333333,9.666666666666671,0.0,0.3333333333333333,0.3333333333333333,0.0,-1.0,-1.0,-4.333333333333329,-11.333333333333343,7.000000000000014,0,0,0.5,1,1492.66,1492.99,-0.33,15,14,1,1
2020_1208_41_10,2020-21,2020-12-08 00:00:00+00:00,ALBA Berlin,MHP Riesen Ludwigsburg,10,41,84.0,73.75,1.0,88.25,84.0,0.75,-4.25,0.25,84.0,73.75,1.0,88.25,84.0,0.75,-4.25,0.25,1.0,0.6666666666666666,0.33333333333333337,4.0,2.0,10.25,4.25,6.0,0,0,0.5,1,1538.28,1520.31,17.97,2,2,0,0
2020_1208_450_219,2020-21,2020-12-08 00:00:00+00:00,FC Bayern Muenchen Basketball,SYNTAINICS MBC Weissenfels,219,450,87.0,68.0,1.0,75.66666666666667,89.33333333333333,0.0,11.333333333333329,1.0,87.0,68.0,1.0,75.66666666666667,89.33333333333333,0.0,11.333333333333329,1.0,1.0,0.0,1.0,4.0,-3.0,19.0,-13.666666666666657,32.66666666666666,0,0,0.5,1,1543.92,1474.16,69.77,2,2,0,1
2020_1208_40_133,2020-21,2020-12-08 00:00:00+00:00,46ers Giessen,Basketball Loewen Braunschweig,133,40,90.0,106.0,0.0,87.0,89.25,0.5,3.0,-0.5,90.0,106.0,0.0,87.0,89.25,0.5,3.0,-0.5,0.0,0.6666666666666666,-0.6666666666666666,-2.0,0.0,-16.0,-2.25,-13.75,0,0,0.5,1,1485.97,1499.87,-13.9,2,2,0,0
2020_1209_2315_1791,2020-21,2020-12-09 00:00:00+00:00,NINERS Chemnitz,Merlins Crailsheim,1791,2315,82.0,99.5,0.0,90.5,83.75,0.75,-8.5,-0.75,82.0,99.5,0.0,90.5,83.75,0.75,-8.5,-0.75,0.0,0.6666666666666666,-0.6666666666666666,-4.0,2.0,-17.5,6.75,-24.25,0,0,0.5,1,1460.9,1518.81,-57.91,3,3,0,0
2020_1209_2457_134,2020-21,2020-12-09 00:00:00+00:00,Medi Bayreuth,Rasta Vechta,134,2457,81.75,83.25,0.5,77.25,87.0,0.0,4.5,0.5,81.75,83.25,0.5,77.25,87.0,0.0,4.5,0.5,0.6666666666666666,0.0,0.6666666666666666,0.0,-4.0,-1.5,-9.75,8.25,0,0,0.5,1,1506.23,1456.17,50.06,3,3,0,1
2020_1210_19629_133,2020-21,2020-12-10 00:00:00+00:00,46ers Giessen,Veolia Towers Hamburg,133,19629,88.33333333333333,101.66666666666667,0.0,86.5,69.75,1.0,1.8333333333333286,-1.0,88.33333333333333,101.66666666666667,0.0,86.5,69.75,1.0,1.8333333333333286,-1.0,0.0,1.0,-1.0,-3.0,4.0,-13.333333333333343,16.75,-30.083333333333343,0,0,0.5,1,1473.54,1531.61,-58.07,2,4,-2,0
2020_1211_2457_1510,2020-21,2020-12-11 00:00:00+00:00,Telekom Baskets Bonn,Rasta Vechta,1510,2457,77.6,91.2,0.0,79.6,88.0,0.0,-2.0,0.0,77.6,91.2,0.0,79.6,88.0,0.0,-2.0,0.0,0.0,0.0,0.0,-5.0,-5.0,-13.600000000000009,-8.400000000000006,-5.200000000000003,0,0,0.5,1,1456.91,1450.24,6.67,5,2,3,1
2020_1212_3361_41,2020-21,2020-12-12 00:00:00+00:00,MHP Riesen Ludwigsburg,Fraport Skyliners Frankfurt,41,3361,86.2,81.4,0.8,67.5,77.5,0.25,18.700000000000003,0.55,86.2,81.4,0.8,67.5,77.5,0.25,18.700000000000003,0.55,0.6666666666666666,0.3333333333333333,0.3333333333333333,3.0,-2.0,4.799999999999997,-10.0,14.799999999999997,0,0,0.5,1,1533.59,1475.58,58.01,4,6,-2,1
2020_1212_214_450,2020-21,2020-12-12 00:00:00+00:00,SYNTAINICS MBC Weissenfels,BG Goettingen,450,214,77.75,91.0,0.0,80.8,90.8,0.4,-3.049999999999997,-0.4,77.75,91.0,0.0,80.8,90.8,0.4,-3.049999999999997,-0.4,0.0,0.3333333333333333,-0.3333333333333333,-4.0,-1.0,-13.25,-10.0,-3.25,0,0,0.5,1,1468.69,1482.76,-14.08,4,6,-2,1
2020_1212_1791_2745,2020-21,2020-12-12 00:00:00+00:00,FITOne Wuerzburg Baskets,NINERS Chemnitz,2745,1791,78.75,88.25,0.25,80.8,97.2,0.0,-2.049999999999997,0.25,78.75,88.25,0.25,80.8,97.2,0.0,-2.049999999999997,0.25,0.3333333333333333,0.0,0.3333333333333333,-2.0,-5.0,-9.5,-16.400000000000006,6.900000000000006,0,0,0.5,1,1485.79,1449.7,36.09,6,3,3,1
2020_1212_2315_1634,2020-21,2020-12-12 00:00:00+00:00,EWE Baskets Oldenburg,Merlins Crailsheim,1634,2315,99.8,81.2,0.8,90.0,82.2,0.8,9.799999999999997,0.0,99.8,81.2,0.8,90.0,82.2,0.8,9.799999999999997,0.0,1.0,0.6666666666666666,0.33333333333333337,3.0,3.0,18.599999999999994,7.799999999999997,10.799999999999997,0,0,0.5,1,1530.0,1530.02,-0.02,6,3,3,0
2020_1213_40_134,2020-21,2020-12-13 00:00:00+00:00,Medi Bayreuth,Basketball Loewen Braunschweig,134,40,83.8,84.4,0.6,88.2,88.4,0.6,-4.400000000000006,0.0,83.8,84.4,0.6,88.2,88.4,0.6,-4.400000000000006,0.0,0.6666666666666666,1.0,-0.33333333333333337,1.0,1.0,-0.6000000000000085,-0.20000000000000284,-0.4000000000000057,0,0,0.5,1,1512.16,1512.3,-0.14,4,5,-1,0
2020_1213_219_133,2020-21,2020-12-13 00:00:00+00:00,46ers Giessen,FC Bayern Muenchen Basketball,133,219,86.0,101.25,0.0,88.8,71.2,1.0,-2.799999999999997,-1.0,86.0,101.25,0.0,88.8,71.2,1.0,-2.799999999999997,-1.0,0.0,1.0,-1.0,-4.0,5.0,-15.25,17.599999999999994,-32.849999999999994,0,0,0.5,1,1462.34,1549.39,-87.05,3,5,-2,0
2020_1213_19629_127,2020-21,2020-12-13 00:00:00+00:00,Ratiopharm Ulm,Veolia Towers Hamburg,127,19629,93.5,76.75,1.0,89.2,71.6,1.0,4.299999999999997,0.0,93.5,76.75,1.0,89.2,71.6,1.0,4.299999999999997,0.0,1.0,1.0,0.0,4.0,5.0,16.75,17.60000000000001,-0.8500000000000085,0,0,0.5,1,1537.66,1542.81,-5.15,7,3,4,1
2020_1213_10_132,2020-21,2020-12-13 00:00:00+00:00,Bamberg Baskets,ALBA Berlin,132,10,92.25,91.0,0.5,81.4,74.6,0.8,10.849999999999994,-0.30000000000000004,92.25,91.0,0.5,81.4,74.6,0.8,10.849999999999994,-0.30000000000000004,0.6666666666666666,0.6666666666666666,0.0,0.0,3.0,1.25,6.800000000000011,-5.550000000000011,0,0,0.5,1,1495.07,1525.01,-29.95,7,5,2,0
2020_1215_133_450,2020-21,2020-12-15 00:00:00+00:00,SYNTAINICS MBC Weissenfels,46ers Giessen,450,133,80.8,89.8,0.2,83.0,99.6,0.0,-2.200000000000003,0.2,80.8,89.8,0.2,83.0,99.6,0.0,-2.200000000000003,0.2,0.3333333333333333,0.0,0.3333333333333333,-3.0,-5.0,-9.0,-16.599999999999994,7.599999999999994,0,0,0.5,1,1476.26,1451.97,24.3,3,2,1,1
2020_1216_132_2745,2020-21,2020-12-16 00:00:00+00:00,FITOne Wuerzburg Baskets,Bamberg Baskets,2745,132,78.2,84.0,0.4,87.8,89.2,0.4,-9.599999999999994,0.0,78.2,84.0,0.4,87.8,89.2,0.4,-9.599999999999994,0.0,0.3333333333333333,0.3333333333333333,0.0,-1.0,-1.0,-5.799999999999997,-1.4000000000000057,-4.3999999999999915,0,0,0.5,1,1492.06,1483.08,8.98,4,3,1,0
2020_1218_133_1791,2020-21,2020-12-18 00:00:00+00:00,NINERS Chemnitz,46ers Giessen,1791,133,77.0,93.8,0.0,85.4,99.4,0.0,-8.400000000000006,0.0,78.5,93.66666666666667,0.0,84.66666666666667,100.5,0.0,-6.166666666666671,0.0,0.0,0.0,0.0,-5.0,-5.0,-16.799999999999997,-14.0,-2.799999999999997,0,0,0.5,1,1443.42,1445.4,-1.98,6,3,3,1
2020_1219_10_127,2020-21,2020-12-19 00:00:00+00:00,Ratiopharm Ulm,ALBA Berlin,127,10,89.4,75.2,1.0,82.0,75.4,0.8,7.400000000000006,0.19999999999999996,89.4,75.2,1.0,81.5,73.83333333333333,0.8333333333333334,7.900000000000006,0.16666666666666663,1.0,0.6666666666666666,0.33333333333333337,5.0,3.0,14.200000000000003,6.599999999999994,7.6000000000000085,0,0,0.5,1,1545.0,1537.0,7.99,6,6,0,0
2020_1219_3361_134,2020-21,2020-12-19 00:00:00+00:00,Medi Bayreuth,Fraport Skyliners Frankfurt,134,3361,84.4,81.6,0.6,70.0,80.8,0.2,14.400000000000006,0.39999999999999997,83.0,85.33333333333333,0.5,70.0,80.8,0.2,13.0,0.3,0.3333333333333333,0.3333333333333333,0.0,1.0,-3.0,2.8000000000000114,-10.799999999999997,13.600000000000009,0,0,0.5,1,1499.36,1469.84,29.53,6,7,-1,0
2020_1219_132_1510,2020-21,2020-12-19 00:00:00+00:00,Telekom Baskets Bonn,Bamberg Baskets,1510,132,77.2,87.8,0.2,89.0,86.8,0.6,-11.799999999999997,-0.39999999999999997,78.0,87.5,0.16666666666666666,86.66666666666667,85.33333333333333,0.5,-8.666666666666671,-0.33333333333333337,0.3333333333333333,0.6666666666666666,-0.3333333333333333,-3.0,1.0,-10.599999999999994,2.200000000000003,-12.799999999999997,0,0,0.5,1,1463.93,1496.11,-32.18,8,3,5,0
2020_1219_41_2457,2020-21,2020-12-19 00:00:00+00:00,Rasta Vechta,MHP Riesen Ludwigsburg,2457,41,77.8,86.0,0.0,85.0,82.8,0.8,-7.200000000000003,-0.8,77.83333333333333,86.66666666666667,0.0,87.5,81.16666666666667,0.8333333333333334,-9.666666666666671,-0.8333333333333334,0.0,1.0,-1.0,-5.0,3.0,-8.200000000000003,2.200000000000003,-10.400000000000006,0,0,0.5,1,1443.21,1539.33,-96.11,8,7,1,0
2020_1220_40_2315,2020-21,2020-12-20 00:00:00+00:00,Merlins Crailsheim,Basketball Loewen Braunschweig,2315,40,92.0,85.0,0.8,89.6,82.0,0.8,2.4000000000000057,0.0,90.66666666666667,81.83333333333333,0.8333333333333334,88.5,86.83333333333333,0.6666666666666666,2.1666666666666714,0.16666666666666674,0.6666666666666666,1.0,-0.33333333333333337,3.0,3.0,7.0,7.599999999999994,-0.5999999999999943,0,0,0.5,1,1542.82,1525.1,17.73,8,7,1,1
2020_1220_214_19629,2020-21,2020-12-20 00:00:00+00:00,Veolia Towers Hamburg,BG Goettingen,19629,214,87.4,71.2,0.8,83.2,89.4,0.4,4.200000000000003,0.4,85.83333333333333,71.83333333333333,0.8333333333333334,81.5,91.16666666666667,0.3333333333333333,4.333333333333329,0.5,0.6666666666666666,0.0,0.6666666666666666,3.0,-1.0,16.200000000000003,-6.200000000000003,22.400000000000006,0,0,0.5,1,1535.47,1475.19,60.29,7,8,-1,1
2020_1220_2745_450,2020-21,2020-12-20 00:00:00+00:00,SYNTAINICS MBC Weissenfels,FITOne Wuerzburg Baskets,450,2745,88.6,91.6,0.4,76.0,82.2,0.4,12.599999999999994,0.0,84.83333333333333,90.33333333333333,0.3333333333333333,76.16666666666667,83.5,0.3333333333333333,8.666666666666657,0.0,0.6666666666666666,0.3333333333333333,0.3333333333333333,-1.0,-1.0,-3.0,-6.200000000000003,3.200000000000003,0,0,0.5,1,1482.83,1479.02,3.81,5,4,1,1
2020_1220_1634_219,2020-21,2020-12-20 00:00:00+00:00,FC Bayern Muenchen Basketball,EWE Baskets Oldenburg,219,1634,89.4,69.8,1.0,93.6,83.4,0.6,-4.199999999999989,0.4,89.5,71.16666666666667,1.0,96.5,83.33333333333333,0.6666666666666666,-7.0,0.33333333333333337,1.0,0.6666666666666666,0.33333333333333337,5.0,1.0,19.60000000000001,10.199999999999989,9.40000000000002,0,0,0.5,1,1559.76,1517.2,42.57,7,8,-1,0
2020_1222_1791_41,2020-21,2020-12-22 00:00:00+00:00,MHP Riesen Ludwigsburg,NINERS Chemnitz,41,1791,84.8,81.0,0.8,76.2,89.8,0.2,8.599999999999994,0.6000000000000001,87.14285714285714,80.0,0.8571428571428571,80.85714285714286,92.14285714285714,0.14285714285714285,6.285714285714278,0.7142857142857142,1.0,0.3333333333333333,0.6666666666666667,3.0,-3.0,3.799999999999997,-13.599999999999994,17.39999999999999,0,0,0.5,1,1549.44,1450.67,98.76,3,4,-1,1
2020_1222_134_2745,2020-21,2020-12-22 00:00:00+00:00,FITOne Wuerzburg Baskets,Medi Bayreuth,2745,134,72.0,82.2,0.2,85.0,87.0,0.4,-13.0,-0.2,75.0,83.0,0.2857142857142857,83.42857142857143,88.0,0.42857142857142855,-8.42857142857143,-0.14285714285714285,0.3333333333333333,0.3333333333333333,0.0,-3.0,-1.0,-10.200000000000003,-2.0,-8.200000000000003,0,0,0.5,1,1471.92,1485.8,-13.88,2,3,-1,1
2020_1222_2315_3361,2020-21,2020-12-22 00:00:00+00:00,Fraport Skyliners Frankfurt,Merlins Crailsheim,3361,2315,77.6,82.2,0.4,93.4,81.0,0.8,-15.800000000000011,-0.4,75.66666666666667,81.66666666666667,0.3333333333333333,93.14285714285714,80.85714285714286,0.8571428571428571,-17.476190476190467,-0.5238095238095237,0.6666666666666666,1.0,-0.33333333333333337,-1.0,3.0,-4.6000000000000085,12.400000000000006,-17.000000000000014,0,0,0.5,1,1483.4,1549.56,-66.15,3,2,1,0
2020_1223_214_1634,2020-21,2020-12-23 00:00:00+00:00,EWE Baskets Oldenburg,BG Goettingen,1634,214,96.4,84.6,0.8,86.2,93.8,0.2,10.200000000000003,0.6000000000000001,97.0,85.0,0.7142857142857143,83.28571428571429,92.14285714285714,0.2857142857142857,13.714285714285708,0.4285714285714286,0.6666666666666666,0.0,0.6666666666666666,3.0,-3.0,11.800000000000011,-7.599999999999994,19.400000000000006,0,0,0.5,1,1531.09,1469.5,61.59,3,3,0,1
2020_1223_450_2457,2020-21,2020-12-23 00:00:00+00:00,Rasta Vechta,SYNTAINICS MBC Weissenfels,2457,450,76.4,85.4,0.0,88.4,85.4,0.6,-12.0,-0.6,77.14285714285714,86.42857142857143,0.0,84.14285714285714,87.14285714285714,0.42857142857142855,-7.0,-0.42857142857142855,0.0,1.0,-1.0,-5.0,1.0,-9.0,3.0,-12.0,0,0,0.5,1,1433.1,1489.93,-56.83,4,3,1,0
2020_1223_1510_133,2020-21,2020-12-23 00:00:00+00:00,46ers Giessen,Telekom Baskets Bonn,133,1510,82.2,97.2,0.0,75.0,87.2,0.2,7.200000000000003,-0.2,84.42857142857143,99.71428571428571,0.0,76.28571428571429,86.42857142857143,0.14285714285714285,8.142857142857139,-0.14285714285714285,0.0,0.3333333333333333,-0.3333333333333333,-5.0,-3.0,-15.0,-12.200000000000003,-2.799999999999997,0,0,0.5,1,1438.15,1452.0,-13.85,5,4,1,0
2020_1226_3361_40,2020-21,2020-12-26 00:00:00+00:00,Basketball Loewen Braunschweig,Fraport Skyliners Frankfurt,40,3361,89.4,87.8,0.8,80.0,82.4,0.4,9.400000000000006,0.4,86.57142857142857,89.85714285714286,0.5714285714285714,74.0,80.85714285714286,0.2857142857142857,12.57142857142857,0.2857142857142857,0.6666666666666666,0.3333333333333333,0.3333333333333333,3.0,-1.0,1.6000000000000085,-2.4000000000000057,4.000000000000014,0,0,0.5,1,1518.36,1472.43,45.93,6,4,2,0
2020_1226_134_133,2020-21,2020-12-26 00:00:00+00:00,46ers Giessen,Medi Bayreuth,133,134,78.8,94.8,0.0,82.6,89.4,0.2,-3.799999999999997,-0.2,82.375,97.375,0.0,83.875,88.625,0.375,-1.5,-0.375,0.0,0.0,0.0,-5.0,-3.0,-16.0,-6.800000000000011,-9.199999999999989,0,0,0.5,1,1425.72,1478.23,-52.51,3,4,-1,1
2020_1226_127_1634,2020-21,2020-12-26 00:00:00+00:00,EWE Baskets Oldenburg,Ratiopharm Ulm,1634,127,97.0,85.4,0.8,88.0,78.4,0.8,9.0,0.0,96.0,83.5,0.75,88.33333333333333,78.16666666666667,0.8333333333333334,7.666666666666671,-0.08333333333333337,0.6666666666666666,0.6666666666666666,0.0,3.0,3.0,11.599999999999994,9.599999999999994,2.0,0,0,0.5,1,1536.74,1531.98,4.76,3,7,-4,1
2020_1227_19629_1791,2020-21,2020-12-27 00:00:00+00:00,NINERS Chemnitz,Veolia Towers Hamburg,1791,19629,79.8,88.8,0.2,89.0,77.8,0.8,-9.200000000000003,-0.6000000000000001,82.125,94.875,0.125,87.57142857142857,75.0,0.8571428571428571,-5.446428571428569,-0.7321428571428571,0.3333333333333333,0.6666666666666666,-0.3333333333333333,-3.0,3.0,-9.0,11.200000000000003,-20.200000000000003,0,0,0.5,1,1445.84,1541.16,-95.32,5,7,-2,1
2020_1227_41_2745,2020-21,2020-12-27 00:00:00+00:00,FITOne Wuerzburg Baskets,MHP Riesen Ludwigsburg,2745,41,78.4,81.6,0.4,93.6,80.6,1.0,-15.199999999999989,-0.6,77.25,83.5,0.375,90.5,81.375,0.875,-13.25,-0.5,0.3333333333333333,1.0,-0.6666666666666667,-1.0,5.0,-3.1999999999999886,13.0,-16.19999999999999,0,0,0.5,1,1479.49,1554.27,-74.78,5,5,0,0
2020_1227_1510_214,2020-21,2020-12-27 00:00:00+00:00,BG Goettingen,Telekom Baskets Bonn,214,1510,80.2,91.8,0.0,76.4,81.4,0.4,3.799999999999997,-0.4,82.0,91.75,0.25,76.875,84.125,0.25,5.125,0.0,0.0,0.6666666666666666,-0.6666666666666666,-5.0,-1.0,-11.599999999999994,-5.0,-6.599999999999994,0,0,0.5,1,1463.84,1464.43,-0.59,4,4,0,0
2020_1227_2457_2315,2020-21,2020-12-27 00:00:00+00:00,Merlins Crailsheim,Rasta Vechta,2315,2457,90.8,78.4,0.8,75.2,82.6,0.0,15.599999999999994,0.8,91.0,78.75,0.875,76.5,85.875,0.0,14.5,0.875,1.0,0.0,1.0,3.0,-5.0,12.399999999999991,-7.3999999999999915,19.799999999999983,0,0,0.5,1,1560.53,1421.87,138.66,5,4,1,1
2020_1227_219_132,2020-21,2020-12-27 00:00:00+00:00,Bamberg Baskets,FC Bayern Muenchen Basketball,132,219,86.4,82.8,0.6,93.4,79.4,0.8,-7.0,-0.20000000000000007,85.71428571428571,82.57142857142857,0.5714285714285714,90.28571428571429,75.28571428571429,0.8571428571428571,-4.571428571428584,-0.2857142857142857,0.6666666666666666,0.6666666666666666,0.0,1.0,3.0,3.6000000000000085,14.0,-10.399999999999991,0,0,0.5,1,1508.04,1545.88,-37.83,8,7,1,0
2020_1229_2315_127,2020-21,2020-12-29 00:00:00+00:00,Ratiopharm Ulm,Merlins Crailsheim,127,2315,84.4,81.0,0.6,92.8,75.2,1.0,-8.399999999999991,-0.4,88.0,79.71428571428571,0.7142857142857143,91.77777777777777,79.0,0.8888888888888888,-3.7777777777777715,-0.17460317460317454,0.3333333333333333,1.0,-0.6666666666666667,1.0,5.0,3.4000000000000057,17.599999999999994,-14.199999999999989,0,0,0.5,1,1524.91,1564.57,-39.66,3,2,1,0
2020_1229_41_19629,2020-21,2020-12-29 00:00:00+00:00,Veolia Towers Hamburg,MHP Riesen Ludwigsburg,19629,41,85.4,84.2,0.6,91.6,77.4,1.0,-6.199999999999989,-0.4,86.0,77.5,0.75,90.11111111111111,80.33333333333333,0.8888888888888888,-4.111111111111114,-0.13888888888888884,0.3333333333333333,1.0,-0.6666666666666667,1.0,5.0,1.2000000000000028,14.199999999999989,-12.999999999999986,0,0,0.5,1,1531.3,1565.0,-33.7,2,2,0,0
2020_1230_133_3361,2020-21,2020-12-30 00:00:00+00:00,Fraport Skyliners Frankfurt,46ers Giessen,3361,133,86.8,84.8,0.6,85.0,94.6,0.2,1.7999999999999972,0.39999999999999997,77.625,83.0,0.375,85.44444444444444,97.55555555555556,0.1111111111111111,-7.819444444444443,0.2638888888888889,0.6666666666666666,0.3333333333333333,0.3333333333333333,1.0,-3.0,2.0,-9.599999999999994,11.599999999999994,0,0,0.5,1,1486.4,1434.36,52.04,4,4,0,0
2020_1230_2457_1634,2020-21,2020-12-30 00:00:00+00:00,EWE Baskets Oldenburg,Rasta Vechta,1634,2457,91.0,88.0,0.8,76.8,87.4,0.0,14.200000000000003,0.8,95.22222222222223,83.77777777777777,0.7777777777777778,77.0,87.22222222222223,0.0,18.22222222222223,0.7777777777777778,1.0,0.0,1.0,3.0,-5.0,3.0,-10.600000000000009,13.600000000000009,0,0,0.5,1,1543.82,1417.83,125.99,4,3,1,1
2020_1230_132_134,2020-21,2020-12-30 00:00:00+00:00,Medi Bayreuth,Bamberg Baskets,134,132,88.6,97.2,0.2,81.4,79.4,0.6,7.199999999999989,-0.39999999999999997,85.55555555555556,91.0,0.3333333333333333,83.75,82.75,0.5,1.8055555555555571,-0.16666666666666669,0.0,0.6666666666666666,-0.6666666666666666,-3.0,1.0,-8.600000000000009,2.0,-10.600000000000009,0,0,0.5,1,1469.59,1496.27,-26.68,4,3,1,1
2020_1230_1791_450,2020-21,2020-12-30 00:00:00+00:00,SYNTAINICS MBC Weissenfels,NINERS Chemnitz,450,1791,88.8,82.8,0.8,84.8,87.2,0.4,4.0,0.4,83.875,85.25,0.5,83.55555555555556,92.66666666666667,0.2222222222222222,0.31944444444444287,0.2777777777777778,1.0,0.6666666666666666,0.33333333333333337,3.0,-1.0,6.0,-2.4000000000000057,8.400000000000006,0,0,0.5,1,1501.17,1455.71,45.46,7,3,4,0
2021_0102_133_214,2020-21,2021-01-02 00:00:00+00:00,BG Goettingen,46ers Giessen,214,133,82.2,94.4,0.0,85.8,90.8,0.4,-3.5999999999999943,-0.4,82.55555555555556,92.88888888888889,0.2222222222222222,84.4,95.2,0.2,-1.8444444444444485,0.0222222222222222,0.0,0.6666666666666666,-0.6666666666666666,-5.0,-1.0,-12.200000000000003,-5.0,-7.200000000000003,0,0,0.5,1,1451.06,1448.48,2.58,6,3,3,1
2021_0102_127_1510,2020-21,2021-01-02 00:00:00+00:00,Telekom Baskets Bonn,Ratiopharm Ulm,1510,127,84.2,80.2,0.6,80.0,82.0,0.4,4.200000000000003,0.19999999999999996,79.66666666666667,84.44444444444444,0.3333333333333333,87.5,80.5,0.625,-7.833333333333329,-0.2916666666666667,0.6666666666666666,0.0,0.6666666666666666,1.0,-1.0,4.0,-2.0,6.0,0,0,0.5,1,1477.22,1513.19,-35.97,6,4,2,0
2021_0102_134_41,2020-21,2021-01-02 00:00:00+00:00,MHP Riesen Ludwigsburg,Medi Bayreuth,41,134,93.2,76.2,1.0,84.8,92.8,0.2,8.400000000000006,0.8,89.7,78.8,0.9,84.3,88.6,0.4,5.400000000000006,0.5,1.0,0.3333333333333333,0.6666666666666667,5.0,-3.0,17.0,-8.0,25.0,0,0,0.5,1,1576.88,1477.51,99.37,4,3,1,1
2021_0102_19629_2457,2020-21,2021-01-02 00:00:00+00:00,Rasta Vechta,Veolia Towers Hamburg,2457,19629,75.0,85.4,0.0,81.4,85.4,0.4,-6.400000000000006,-0.4,77.3,86.7,0.0,83.66666666666667,78.44444444444444,0.6666666666666666,-6.366666666666674,-0.6666666666666666,0.0,0.3333333333333333,-0.3333333333333333,-5.0,-1.0,-10.400000000000006,-4.0,-6.400000000000006,0,0,0.5,1,1413.55,1519.41,-105.86,3,4,-1,0
2021_0102_450_3361,2020-21,2021-01-02 00:00:00+00:00,Fraport Skyliners Frankfurt,SYNTAINICS MBC Weissenfels,3361,450,85.0,85.8,0.4,87.8,82.8,0.8,-2.799999999999997,-0.4,77.22222222222223,82.11111111111111,0.3333333333333333,83.33333333333333,86.44444444444444,0.4444444444444444,-6.1111111111111,-0.1111111111111111,0.3333333333333333,0.6666666666666666,-0.3333333333333333,-1.0,3.0,-0.7999999999999972,5.0,-5.799999999999997,0,0,0.5,1,1472.28,1487.21,-14.93,3,3,0,1
2021_0103_132_1634,2020-21,2021-01-03 00:00:00+00:00,EWE Baskets Oldenburg,Bamberg Baskets,1634,132,88.0,85.6,0.8,73.6,74.2,0.4,14.400000000000006,0.4,93.9,83.4,0.8,81.88888888888889,81.66666666666667,0.4444444444444444,12.01111111111112,0.3555555555555556,1.0,0.3333333333333333,0.6666666666666667,3.0,-1.0,2.4000000000000057,-0.6000000000000085,3.000000000000014,0,0,0.5,1,1548.1,1488.35,59.75,4,4,0,1
2021_0103_2745_2315,2020-21,2021-01-03 00:00:00+00:00,Merlins Crailsheim,FITOne Wuerzburg Baskets,2315,2745,92.4,76.8,1.0,75.0,80.4,0.4,17.400000000000006,0.6,91.2,79.5,0.9,76.66666666666667,83.88888888888889,0.3333333333333333,14.533333333333331,0.5666666666666667,1.0,0.3333333333333333,0.6666666666666667,5.0,-1.0,15.600000000000009,-5.400000000000006,21.000000000000014,0,0,0.5,1,1576.29,1468.77,107.52,5,7,-2,1
2021_0103_10_219,2020-21,2021-01-03 00:00:00+00:00,FC Bayern Muenchen Basketball,ALBA Berlin,219,10,91.6,79.4,0.8,82.8,74.8,0.8,8.799999999999997,0.0,89.5,74.625,0.875,83.14285714285714,75.14285714285714,0.8571428571428571,6.357142857142861,0.017857142857142905,0.6666666666666666,0.6666666666666666,0.0,3.0,3.0,12.199999999999989,8.0,4.199999999999989,0,0,0.5,1,1557.65,1550.01,7.63,7,15,-8,0
2021_0106_127_132,2020-21,2021-01-06 00:00:00+00:00,Bamberg Baskets,Ratiopharm Ulm,132,127,75.2,74.8,0.4,79.8,81.8,0.4,-4.599999999999994,0.0,81.5,82.0,0.4,85.88888888888889,79.55555555555556,0.6666666666666666,-4.388888888888886,-0.2666666666666666,0.0,0.3333333333333333,-0.3333333333333333,-1.0,-1.0,0.4000000000000057,-2.0,2.4000000000000057,0,0,0.5,1,1482.65,1525.01,-42.36,3,4,-1,1
2021_0108_2457_132,2020-21,2021-01-08 00:00:00+00:00,Bamberg Baskets,Rasta Vechta,132,2457,73.8,75.0,0.4,76.0,87.8,0.0,-2.200000000000003,0.4,81.4,80.9,0.5,76.9,86.9,0.0,4.5,0.5,0.3333333333333333,0.0,0.3333333333333333,-1.0,-5.0,-1.2000000000000028,-11.799999999999997,10.599999999999994,0,0,0.5,1,1491.01,1403.72,87.29,2,6,-4,0
2021_0109_1634_134,2020-21,2021-01-09 00:00:00+00:00,Medi Bayreuth,EWE Baskets Oldenburg,134,1634,83.0,92.6,0.2,89.0,82.4,1.0,-6.0,-0.8,83.7,87.1,0.4,91.3,82.9,0.8,-7.599999999999994,-0.4,0.3333333333333333,1.0,-0.6666666666666667,-3.0,5.0,-9.599999999999994,6.599999999999994,-16.19999999999999,0,0,0.5,1,1472.69,1553.8,-81.11,7,6,1,0
2021_0109_1510_2745,2020-21,2021-01-09 00:00:00+00:00,FITOne Wuerzburg Baskets,Telekom Baskets Bonn,2745,1510,75.8,84.2,0.2,80.2,75.4,0.6,-4.400000000000006,-0.39999999999999997,77.0,84.1,0.3,78.9,83.3,0.3,-1.9000000000000057,0.0,0.3333333333333333,0.6666666666666666,-0.3333333333333333,-3.0,1.0,-8.400000000000006,4.799999999999997,-13.200000000000003,0,0,0.5,1,1464.12,1465.4,-1.28,6,7,-1,1
2021_0109_41_127,2020-21,2021-01-09 00:00:00+00:00,Ratiopharm Ulm,MHP Riesen Ludwigsburg,127,41,78.6,82.8,0.2,92.2,74.2,1.0,-13.600000000000009,-0.8,84.0,79.0,0.6,88.6,78.5,0.9,-4.599999999999994,-0.30000000000000004,0.3333333333333333,1.0,-0.6666666666666667,-3.0,5.0,-4.200000000000003,18.0,-22.200000000000003,0,0,0.5,1,1516.66,1581.7,-65.04,3,7,-4,0
2021_0110_10_133,2020-21,2021-01-10 00:00:00+00:00,46ers Giessen,ALBA Berlin,133,10,85.2,88.2,0.4,80.4,74.4,0.8,4.799999999999997,-0.4,85.3,93.8,0.2,83.375,74.75,0.875,1.9249999999999972,-0.675,0.6666666666666666,1.0,-0.33333333333333337,-1.0,3.0,-3.0,6.0,-9.0,0,0,0.5,1,1441.35,1563.02,-121.67,8,7,1,0
2021_0110_219_1791,2020-21,2021-01-10 00:00:00+00:00,NINERS Chemnitz,FC Bayern Muenchen Basketball,1791,219,88.8,85.4,0.6,88.0,82.0,0.6,0.7999999999999972,0.0,84.8,91.3,0.3,87.55555555555556,75.77777777777777,0.7777777777777778,-2.75555555555556,-0.4777777777777778,0.6666666666666666,0.3333333333333333,0.3333333333333333,1.0,1.0,3.3999999999999915,6.0,-2.6000000000000085,0,0,0.5,1,1469.67,1544.64,-74.98,11,7,4,0
2021_0110_3361_214,2020-21,2021-01-10 00:00:00+00:00,BG Goettingen,Fraport Skyliners Frankfurt,214,3361,86.2,94.4,0.2,87.8,84.8,0.6,-1.5999999999999943,-0.39999999999999997,83.5,92.6,0.3,78.9,82.8,0.4,4.599999999999994,-0.10000000000000003,0.3333333333333333,0.6666666666666666,-0.3333333333333333,-3.0,1.0,-8.200000000000003,3.0,-11.200000000000003,0,0,0.5,1,1458.19,1479.88,-21.7,8,8,0,0
2021_0110_19629_2315,2020-21,2021-01-10 00:00:00+00:00,Merlins Crailsheim,Veolia Towers Hamburg,2315,19629,90.8,76.8,1.0,79.8,84.4,0.4,11.0,0.6,91.4,80.9,0.9,84.5,78.0,0.7,6.900000000000006,0.20000000000000007,1.0,0.3333333333333333,0.6666666666666667,5.0,-1.0,14.0,-4.6000000000000085,18.60000000000001,0,0,0.5,1,1580.94,1529.24,51.69,7,8,-1,0
2021_0114_40_450,2020-21,2021-01-14 00:00:00+00:00,SYNTAINICS MBC Weissenfels,Basketball Loewen Braunschweig,450,40,87.0,84.6,0.6,89.8,92.8,0.6,-2.799999999999997,0.0,83.9,87.2,0.4,88.0,91.5,0.5,-4.099999999999994,-0.09999999999999998,0.3333333333333333,0.3333333333333333,0.0,1.0,1.0,2.4000000000000057,-3.0,5.400000000000006,0,0,0.5,1,1479.61,1504.39,-24.78,12,19,-7,1
2021_0115_1791_1510,2020-21,2021-01-15 00:00:00+00:00,Telekom Baskets Bonn,NINERS Chemnitz,1510,1791,79.6,79.4,0.4,90.6,85.6,0.6,-11.0,-0.19999999999999996,78.4,83.6,0.3,83.8,89.7,0.3,-5.3999999999999915,0.0,0.3333333333333333,0.6666666666666666,-0.3333333333333333,-1.0,1.0,0.19999999999998863,5.0,-4.800000000000011,0,0,0.5,1,1458.16,1458.95,-0.78,6,5,1,0
2021_0116_2315_134,2020-21,2021-01-16 00:00:00+00:00,Medi Bayreuth,Merlins Crailsheim,134,2315,80.4,87.8,0.2,83.6,79.6,0.8,-3.1999999999999886,-0.6000000000000001,82.7,87.4,0.3,88.5,80.3,0.8,-5.799999999999997,-0.5,0.3333333333333333,0.6666666666666666,-0.3333333333333333,-3.0,3.0,-7.3999999999999915,4.0,-11.399999999999991,0,0,0.5,1,1462.15,1566.83,-104.68,7,6,1,0
2021_0116_41_132,2020-21,2021-01-16 00:00:00+00:00,Bamberg Baskets,MHP Riesen Ludwigsburg,132,41,74.2,79.8,0.2,93.0,77.0,1.0,-18.799999999999997,-0.8,80.3,81.3,0.4,88.9,79.0,0.9,-8.600000000000009,-0.5,0.3333333333333333,1.0,-0.6666666666666667,-3.0,5.0,-5.599999999999994,16.0,-21.599999999999994,0,0,0.5,1,1476.08,1592.7,-116.62,8,7,1,0
2021_0116_2457_133,2020-21,2021-01-16 00:00:00+00:00,46ers Giessen,Rasta Vechta,133,2457,85.0,87.6,0.4,79.4,87.2,0.2,5.599999999999994,0.2,83.6,92.4,0.2,77.9,86.3,0.1,5.699999999999989,0.1,0.3333333333333333,0.3333333333333333,0.0,-1.0,-3.0,-2.5999999999999943,-7.799999999999997,5.200000000000003,0,0,0.5,1,1431.97,1418.64,13.33,6,8,-2,0
2021_0117_40_10,2020-21,2021-01-17 00:00:00+00:00,ALBA Berlin,Basketball Loewen Braunschweig,10,40,84.6,77.0,0.8,89.4,95.8,0.4,-4.800000000000011,0.4,84.33333333333333,75.55555555555556,0.8888888888888888,88.33333333333333,92.88888888888889,0.4444444444444444,-4.0,0.4444444444444444,1.0,0.0,1.0,3.0,-1.0,7.599999999999994,-6.3999999999999915,13.999999999999986,0,0,0.5,1,1572.39,1496.52,75.87,7,3,4,1
2021_0117_219_19629,2020-21,2021-01-17 00:00:00+00:00,Veolia Towers Hamburg,FC Bayern Muenchen Basketball,19629,219,83.8,84.2,0.6,84.2,80.4,0.6,-0.4000000000000057,0.0,85.6,77.7,0.7,86.5,75.8,0.8,-0.9000000000000057,-0.10000000000000009,0.6666666666666666,0.6666666666666666,0.0,1.0,1.0,-0.4000000000000057,3.799999999999997,-4.200000000000003,0,0,0.5,1,1543.35,1555.36,-12.01,7,7,0,0
2021_0117_3361_2745,2020-21,2021-01-17 00:00:00+00:00,FITOne Wuerzburg Baskets,Fraport Skyliners Frankfurt,2745,3361,80.4,83.4,0.4,83.2,80.2,0.6,-2.799999999999997,-0.19999999999999996,78.2,82.8,0.4,80.4,81.2,0.5,-2.200000000000003,-0.09999999999999998,0.3333333333333333,0.6666666666666666,-0.3333333333333333,-1.0,1.0,-3.0,3.0,-6.0,0,0,0.5,1,1471.35,1492.1,-20.75,8,7,1,1
2021_0117_1634_450,2020-21,2021-01-17 00:00:00+00:00,SYNTAINICS MBC Weissenfels,EWE Baskets Oldenburg,450,1634,86.8,84.2,0.6,85.0,78.0,1.0,1.7999999999999972,-0.4,87.7,87.9,0.5,90.7,81.3,0.9,-3.0,-0.4,0.3333333333333333,1.0,-0.6666666666666667,1.0,5.0,2.5999999999999943,7.0,-4.400000000000006,0,0,0.5,1,1487.48,1564.34,-76.86,3,8,-5,0
2021_0117_214_127,2020-21,2021-01-17 00:00:00+00:00,Ratiopharm Ulm,BG Goettingen,127,214,79.4,82.0,0.2,81.8,92.0,0.2,-2.3999999999999915,0.0,83.7,80.2,0.5,82.5,90.7,0.3,1.2000000000000028,0.2,0.3333333333333333,0.3333333333333333,0.0,-3.0,-3.0,-2.5999999999999943,-10.200000000000003,7.6000000000000085,0,0,0.5,1,1505.66,1445.97,59.69,8,7,1,1
2021_0122_214_2457,2020-21,2021-01-22 00:00:00+00:00,Rasta Vechta,BG Goettingen,2457,214,84.4,87.6,0.4,77.8,92.0,0.2,6.6000000000000085,0.2,79.8,85.1,0.2,82.0,92.9,0.2,-2.200000000000003,0.0,0.6666666666666666,0.3333333333333333,0.3333333333333333,-1.0,-3.0,-3.1999999999999886,-14.200000000000003,11.000000000000014,0,0,0.5,1,1431.79,1440.27,-8.48,6,5,1,1
2021_0123_133_1634,2020-21,2021-01-23 00:00:00+00:00,EWE Baskets Oldenburg,46ers Giessen,1634,133,84.6,79.2,1.0,88.2,90.8,0.4,-3.6000000000000085,0.6,90.8,82.3,0.9,83.5,92.8,0.2,7.299999999999997,0.7,1.0,0.0,1.0,5.0,-1.0,5.3999999999999915,-2.5999999999999943,7.999999999999986,0,0,0.5,1,1575.01,1418.82,156.19,6,7,-1,1
2021_0123_450_41,2020-21,2021-01-23 00:00:00+00:00,MHP Riesen Ludwigsburg,SYNTAINICS MBC Weissenfels,41,450,86.8,73.8,1.0,86.6,88.0,0.4,0.20000000000000284,0.6,90.2,77.2,1.0,87.5,86.7,0.5,2.700000000000003,0.5,1.0,0.3333333333333333,0.6666666666666667,5.0,-1.0,13.0,-1.4000000000000057,14.400000000000006,0,0,0.5,1,1602.22,1476.81,125.41,7,6,1,1
2021_0123_134_219,2020-21,2021-01-23 00:00:00+00:00,FC Bayern Muenchen Basketball,Medi Bayreuth,219,134,82.6,80.4,0.6,78.4,85.6,0.2,4.199999999999989,0.39999999999999997,86.0,75.1,0.8,80.5,87.5,0.2,5.5,0.6000000000000001,0.6666666666666666,0.0,0.6666666666666666,1.0,-3.0,2.1999999999999886,-7.199999999999989,9.399999999999977,0,0,0.5,1,1567.84,1452.28,115.56,6,7,-1,1
2021_0123_19629_3361,2020-21,2021-01-23 00:00:00+00:00,Fraport Skyliners Frankfurt,Veolia Towers Hamburg,3361,19629,84.8,81.0,0.6,78.4,82.4,0.4,6.3999999999999915,0.19999999999999996,82.4,81.7,0.5,83.7,80.1,0.6,-1.2999999999999972,-0.09999999999999998,0.6666666666666666,0.6666666666666666,0.0,1.0,-1.0,3.799999999999997,-4.0,7.799999999999997,0,0,0.5,1,1484.34,1530.87,-46.53,6,6,0,0
2021_0124_10_2745,2020-21,2021-01-24 00:00:00+00:00,FITOne Wuerzburg Baskets,ALBA Berlin,2745,10,82.8,81.8,0.6,86.8,76.6,1.0,-4.0,-0.4,77.4,82.0,0.4,84.1,75.6,0.9,-6.699999999999989,-0.5,0.6666666666666666,1.0,-0.33333333333333337,1.0,5.0,1.0,10.200000000000003,-9.200000000000003,0,0,0.5,1,1479.11,1577.72,-98.61,7,7,0,0
2021_0124_1510_2315,2020-21,2021-01-24 00:00:00+00:00,Merlins Crailsheim,Telekom Baskets Bonn,2315,1510,84.8,82.2,0.8,84.8,82.0,0.4,0.0,0.4,87.8,80.3,0.8,79.9,84.6,0.3,7.8999999999999915,0.5,0.6666666666666666,0.0,0.6666666666666666,3.0,-1.0,2.5999999999999943,2.799999999999997,-0.20000000000000284,0,0,0.5,1,1576.69,1445.38,131.31,8,9,-1,1
2021_0124_127_1791,2020-21,2021-01-24 00:00:00+00:00,NINERS Chemnitz,Ratiopharm Ulm,1791,127,90.2,87.4,0.6,81.8,79.0,0.4,8.400000000000006,0.19999999999999996,83.2,88.6,0.4,83.1,80.0,0.5,0.10000000000000853,-0.09999999999999998,0.6666666666666666,0.3333333333333333,0.3333333333333333,1.0,-1.0,2.799999999999997,2.799999999999997,0.0,0,0,0.5,1,1471.73,1511.36,-39.63,9,7,2,0
2021_0124_132_40,2020-21,2021-01-24 00:00:00+00:00,Basketball Loewen Braunschweig,Bamberg Baskets,40,132,86.0,95.2,0.2,75.2,79.6,0.2,10.799999999999997,0.0,87.1,91.8,0.4,78.3,79.5,0.4,8.799999999999997,0.0,0.0,0.3333333333333333,-0.3333333333333333,-3.0,-3.0,-9.200000000000003,-4.3999999999999915,-4.800000000000011,0,0,0.5,1,1491.19,1466.56,24.63,7,8,-1,0
2021_0129_214_132,2020-21,2021-01-29 00:00:00+00:00,Bamberg Baskets,BG Goettingen,132,214,81.4,81.8,0.4,81.2,94.6,0.2,0.20000000000000284,0.2,77.5,78.0,0.4,80.7,93.2,0.1,-3.200000000000003,0.30000000000000004,0.3333333333333333,0.0,0.3333333333333333,-1.0,-3.0,-0.3999999999999915,-13.399999999999991,13.0,0,0,0.5,1,1480.0,1432.84,47.16,5,7,-2,0
2021_0130_450_127,2020-21,2021-01-30 00:00:00+00:00,Ratiopharm Ulm,SYNTAINICS MBC Weissenfels,127,450,85.4,74.4,0.6,86.2,92.2,0.2,-0.7999999999999972,0.39999999999999997,82.7,78.2,0.5,87.5,87.5,0.5,-4.799999999999997,0.0,0.6666666666666666,0.3333333333333333,0.3333333333333333,1.0,-3.0,11.0,-6.0,17.0,0,0,0.5,1,1523.08,1472.52,50.56,6,7,-1,1
2021_0130_1791_134,2020-21,2021-01-30 00:00:00+00:00,Medi Bayreuth,NINERS Chemnitz,134,1791,74.2,83.2,0.2,84.6,85.0,0.6,-10.399999999999991,-0.39999999999999997,81.4,90.2,0.2,82.2,86.9,0.4,-0.7999999999999972,-0.2,0.0,0.3333333333333333,-0.3333333333333333,-3.0,1.0,-9.0,-0.4000000000000057,-8.599999999999994,0,0,0.5,1,1447.8,1460.01,-12.21,7,6,1,1
2021_0130_41_133,2020-21,2021-01-30 00:00:00+00:00,46ers Giessen,MHP Riesen Ludwigsburg,133,41,82.6,90.4,0.2,88.0,75.4,1.0,-5.400000000000006,-0.8,83.8,92.5,0.2,89.8,76.4,1.0,-6.0,-0.8,0.0,1.0,-1.0,-3.0,5.0,-7.800000000000011,12.599999999999994,-20.400000000000006,0,0,0.5,1,1415.09,1606.52,-191.42,7,7,0,0
2021_0130_1634_2745,2020-21,2021-01-30 00:00:00+00:00,FITOne Wuerzburg Baskets,EWE Baskets Oldenburg,2745,1634,81.2,84.2,0.4,86.2,78.4,1.0,-5.0,-0.6,79.8,82.9,0.4,88.6,83.2,0.9,-8.799999999999997,-0.5,0.6666666666666666,1.0,-0.33333333333333337,-1.0,5.0,-3.0,7.799999999999997,-10.799999999999997,0,0,0.5,1,1469.07,1578.73,-109.66,6,7,-1,0
2021_0131_10_2457,2020-21,2021-01-31 00:00:00+00:00,Rasta Vechta,ALBA Berlin,2457,10,88.6,86.0,0.6,90.2,79.6,1.0,-1.6000000000000085,-0.4,82.7,86.7,0.3,86.1,77.5,0.9,-3.3999999999999915,-0.6000000000000001,1.0,1.0,0.0,1.0,5.0,2.5999999999999943,10.600000000000009,-8.000000000000014,0,0,0.5,1,1439.21,1587.76,-148.55,9,7,2,0
2021_0131_3361_1510,2020-21,2021-01-31 00:00:00+00:00,Telekom Baskets Bonn,Fraport Skyliners Frankfurt,1510,3361,85.4,87.0,0.2,78.2,81.0,0.4,7.200000000000003,-0.2,80.9,84.2,0.3,82.5,82.9,0.5,-1.5999999999999943,-0.2,0.0,0.3333333333333333,-0.3333333333333333,-3.0,-1.0,-1.5999999999999943,-2.799999999999997,1.2000000000000028,0,0,0.5,1,1441.21,1472.81,-31.61,7,8,-1,0
2021_0131_219_2315,2020-21,2021-01-31 00:00:00+00:00,Merlins Crailsheim,FC Bayern Muenchen Basketball,2315,219,83.8,82.8,0.8,83.2,76.0,0.8,0.5999999999999943,0.0,88.3,79.0,0.9,88.3,77.7,0.8,0.0,0.09999999999999998,0.6666666666666666,1.0,-0.33333333333333337,3.0,3.0,1.0,7.200000000000003,-6.200000000000003,0,0,0.5,1,1580.87,1572.33,8.54,7,8,-1,1
2021_0202_214_10,2020-21,2021-02-02 00:00:00+00:00,ALBA Berlin,BG Goettingen,10,214,88.8,77.0,1.0,81.2,90.2,0.4,7.599999999999994,0.6,85.8,75.9,0.9,81.7,92.3,0.2,4.099999999999994,0.7,1.0,0.3333333333333333,0.6666666666666667,5.0,-1.0,11.799999999999997,-9.0,20.799999999999997,0,0,0.5,1,1596.38,1446.84,149.53,2,4,-2,1
2021_0202_127_3361,2020-21,2021-02-02 00:00:00+00:00,Fraport Skyliners Frankfurt,Ratiopharm Ulm,3361,127,80.2,81.8,0.6,91.6,78.4,0.6,-11.399999999999991,0.0,82.6,83.8,0.5,85.7,80.1,0.5,-3.1000000000000085,0.0,0.3333333333333333,1.0,-0.6666666666666667,1.0,1.0,-1.5999999999999943,13.199999999999989,-14.799999999999983,0,0,0.5,1,1484.76,1529.0,-44.24,2,3,-1,0
2021_0203_2745_219,2020-21,2021-02-03 00:00:00+00:00,FC Bayern Muenchen Basketball,FITOne Wuerzburg Baskets,219,2745,87.0,83.0,0.6,83.6,91.6,0.4,3.4000000000000057,0.19999999999999996,89.3,81.2,0.7,79.3,86.0,0.4,10.0,0.29999999999999993,0.6666666666666666,0.3333333333333333,0.3333333333333333,1.0,-1.0,4.0,-8.0,12.0,0,0,0.5,1,1565.35,1459.35,106.01,3,4,-1,1
2021_0203_132_450,2020-21,2021-02-03 00:00:00+00:00,SYNTAINICS MBC Weissenfels,Bamberg Baskets,450,132,88.8,93.8,0.2,81.8,82.2,0.4,7.0,-0.2,88.3,88.3,0.5,78.5,78.5,0.4,9.799999999999997,0.09999999999999998,0.0,0.3333333333333333,-0.3333333333333333,-3.0,-1.0,-5.0,-0.4000000000000057,-4.599999999999994,0,0,0.5,1,1466.6,1466.0,0.6,4,5,-1,0
2021_0205_19629_134,2020-21,2021-02-05 00:00:00+00:00,Medi Bayreuth,Veolia Towers Hamburg,134,19629,76.2,82.0,0.2,83.0,77.4,0.6,-6.799999999999997,-0.39999999999999997,80.5,87.4,0.2,84.2,80.8,0.6,-3.700000000000003,-0.39999999999999997,0.3333333333333333,0.6666666666666666,-0.3333333333333333,-3.0,1.0,-5.799999999999997,5.599999999999994,-11.399999999999991,0,0,0.5,1,1455.32,1542.4,-87.08,6,13,-7,1
2021_0206_450_1510,2020-21,2021-02-06 00:00:00+00:00,Telekom Baskets Bonn,SYNTAINICS MBC Weissenfels,1510,450,80.8,86.4,0.0,87.0,94.0,0.2,-6.200000000000003,-0.2,82.5,83.3,0.3,87.0,89.3,0.4,-4.5,-0.10000000000000003,0.0,0.0,0.0,-5.0,-3.0,-5.6000000000000085,-7.0,1.3999999999999915,0,0,0.5,1,1429.26,1453.78,-24.52,6,3,3,1
2021_0206_133_2315,2020-21,2021-02-06 00:00:00+00:00,Merlins Crailsheim,46ers Giessen,2315,133,87.6,86.6,0.8,84.6,95.4,0.0,3.0,0.8,90.0,81.7,0.9,85.2,93.1,0.2,4.799999999999997,0.7,1.0,0.0,1.0,3.0,-5.0,1.0,-10.800000000000011,11.800000000000011,0,0,0.5,1,1587.84,1407.67,180.18,6,7,-1,1
2021_0206_2745_214,2020-21,2021-02-06 00:00:00+00:00,BG Goettingen,FITOne Wuerzburg Baskets,214,2745,77.8,89.4,0.2,81.6,89.2,0.4,-3.799999999999997,-0.2,82.0,91.9,0.2,78.7,86.7,0.3,3.299999999999997,-0.09999999999999998,0.3333333333333333,0.0,0.3333333333333333,-3.0,-1.0,-11.600000000000009,-7.6000000000000085,-4.0,0,0,0.5,1,1443.0,1454.67,-11.67,4,3,1,1
2021_0206_2457_3361,2020-21,2021-02-06 00:00:00+00:00,Fraport Skyliners Frankfurt,Rasta Vechta,3361,2457,76.6,80.0,0.4,86.6,86.8,0.6,-10.0,-0.19999999999999996,82.2,82.4,0.5,80.8,86.1,0.3,1.4000000000000057,0.2,0.3333333333333333,0.6666666666666666,-0.3333333333333333,-1.0,1.0,-3.4000000000000057,-0.20000000000000284,-3.200000000000003,0,0,0.5,1,1473.17,1430.6,42.56,4,6,-2,1
2021_0207_132_219,2020-21,2021-02-07 00:00:00+00:00,FC Bayern Muenchen Basketball,Bamberg Baskets,219,132,87.4,80.0,0.8,86.0,84.8,0.4,1.4000000000000057,0.4,87.7,81.0,0.7,79.9,79.9,0.4,7.799999999999997,0.29999999999999993,0.6666666666666666,0.6666666666666666,0.0,3.0,-1.0,7.400000000000006,1.2000000000000028,6.200000000000003,1,1,1.0,1,1570.03,1478.82,91.22,4,4,0,1
2021_0207_40_127,2020-21,2021-02-07 00:00:00+00:00,Ratiopharm Ulm,Basketball Loewen Braunschweig,127,40,94.2,78.8,0.8,84.8,99.0,0.0,9.400000000000006,0.8,86.4,80.8,0.5,87.2,90.5,0.4,-0.7999999999999972,0.09999999999999998,1.0,0.0,1.0,3.0,-5.0,15.400000000000006,-14.200000000000003,29.60000000000001,0,0,0.5,1,1540.59,1477.75,62.84,5,14,-9,0
2021_0207_10_1791,2020-21,2021-02-07 00:00:00+00:00,NINERS Chemnitz,ALBA Berlin,1791,10,77.8,86.6,0.4,89.0,77.6,1.0,-11.200000000000003,-0.6,81.3,86.9,0.4,84.7,76.0,0.9,-3.4000000000000057,-0.5,0.3333333333333333,1.0,-0.6666666666666667,-1.0,5.0,-8.799999999999997,11.400000000000006,-20.200000000000003,0,0,0.5,1,1452.48,1600.22,-147.74,8,5,3,0
2021_0207_1634_41,2020-21,2021-02-07 00:00:00+00:00,MHP Riesen Ludwigsburg,EWE Baskets Oldenburg,41,1634,90.6,79.4,1.0,94.6,79.2,1.0,-4.0,0.0,91.9,77.8,1.0,91.3,82.4,0.9,0.6000000000000085,0.09999999999999998,1.0,1.0,0.0,5.0,5.0,11.199999999999989,15.399999999999991,-4.200000000000003,0,0,0.5,1,1613.94,1588.45,25.49,8,8,0,1
2021_0209_2315_10,2020-21,2021-02-09 00:00:00+00:00,ALBA Berlin,Merlins Crailsheim,10,2315,87.2,74.2,1.0,90.6,87.0,0.8,-3.3999999999999915,0.19999999999999996,85.9,75.6,0.9,90.7,81.9,0.9,-4.799999999999997,0.0,1.0,1.0,0.0,5.0,3.0,13.0,3.5999999999999943,9.400000000000006,0,0,0.5,1,1608.85,1591.17,17.68,2,3,-1,1
2021_0209_3361_132,2020-21,2021-02-09 00:00:00+00:00,Bamberg Baskets,Fraport Skyliners Frankfurt,132,3361,88.0,85.4,0.4,79.6,81.8,0.4,8.400000000000006,0.0,81.1,82.6,0.3,81.4,81.0,0.5,-0.30000000000001137,-0.2,0.3333333333333333,0.6666666666666666,-0.3333333333333333,-1.0,-1.0,2.5999999999999943,-2.200000000000003,4.799999999999997,0,0,0.5,1,1473.83,1479.28,-5.45,2,3,-1,1
2021_0209_127_219,2020-21,2021-02-09 00:00:00+00:00,FC Bayern Muenchen Basketball,Ratiopharm Ulm,219,127,90.6,83.2,0.8,95.2,79.8,0.8,-4.6000000000000085,0.0,87.4,81.8,0.7,87.3,80.9,0.5,0.10000000000000853,0.19999999999999996,0.6666666666666666,0.6666666666666666,0.0,3.0,3.0,7.3999999999999915,15.400000000000006,-8.000000000000014,0,0,0.5,1,1575.03,1526.22,48.81,2,2,0,1
2021_0210_134_214,2020-21,2021-02-10 00:00:00+00:00,BG Goettingen,Medi Bayreuth,214,134,82.6,89.6,0.4,81.2,82.6,0.4,1.3999999999999915,0.0,82.2,90.8,0.3,82.1,87.6,0.3,0.10000000000000853,0.0,0.6666666666666666,0.6666666666666666,0.0,-1.0,-1.0,-7.0,-1.3999999999999915,-5.6000000000000085,0,0,0.5,1,1450.51,1464.95,-14.44,4,5,-1,1
2021_0210_1791_2457,2020-21,2021-02-10 00:00:00+00:00,Rasta Vechta,NINERS Chemnitz,2457,1791,86.2,87.6,0.6,71.6,87.4,0.2,14.600000000000009,0.39999999999999997,81.1,87.7,0.3,80.2,86.4,0.4,0.8999999999999915,-0.10000000000000003,0.3333333333333333,0.0,0.3333333333333333,1.0,-3.0,-1.3999999999999915,-15.800000000000011,14.40000000000002,0,0,0.5,1,1424.49,1443.85,-19.36,4,3,1,0
2021_0210_41_40,2020-21,2021-02-10 00:00:00+00:00,Basketball Loewen Braunschweig,MHP Riesen Ludwigsburg,40,41,88.6,95.8,0.2,90.6,80.4,1.0,-2.0,-0.8,89.0,91.8,0.5,91.4,77.3,1.0,-2.4000000000000057,-0.5,0.3333333333333333,1.0,-0.6666666666666667,-3.0,5.0,-7.200000000000003,10.199999999999989,-17.39999999999999,0,0,0.5,1,1492.12,1620.48,-128.36,3,3,0,0
2021_0210_1634_19629,2020-21,2021-02-10 00:00:00+00:00,Veolia Towers Hamburg,EWE Baskets Oldenburg,19629,1634,88.4,79.2,0.6,92.6,81.4,0.8,-4.199999999999989,-0.20000000000000007,84.9,82.3,0.5,90.8,81.9,0.9,-5.8999999999999915,-0.4,0.3333333333333333,0.6666666666666666,-0.3333333333333333,1.0,3.0,9.200000000000003,11.199999999999989,-1.9999999999999858,0,0,0.5,1,1532.77,1581.92,-49.15,5,3,2,0
2021_0212_10_134,2020-21,2021-02-12 00:00:00+00:00,Medi Bayreuth,ALBA Berlin,134,10,82.6,83.0,0.4,91.0,74.4,1.0,-8.400000000000006,-0.6,81.5,85.4,0.3,88.9,75.5,1.0,-7.400000000000006,-0.7,0.6666666666666666,1.0,-0.33333333333333337,-1.0,5.0,-0.4000000000000057,16.599999999999994,-17.0,0,1,0.0,1,1457.36,1615.59,-158.23,2,3,-1,0
2021_0212_219_3361,2020-21,2021-02-12 00:00:00+00:00,Fraport Skyliners Frankfurt,FC Bayern Muenchen Basketball,3361,219,80.4,83.0,0.4,89.8,84.4,0.8,-9.399999999999991,-0.4,82.6,82.0,0.5,86.2,82.4,0.7,-3.6000000000000085,-0.19999999999999996,0.3333333333333333,1.0,-0.6666666666666667,-1.0,3.0,-2.5999999999999943,5.3999999999999915,-7.999999999999986,0,1,0.0,1,1471.93,1580.99,-109.05,3,3,0,0
2021_0212_1791_132,2020-21,2021-02-12 00:00:00+00:00,Bamberg Baskets,NINERS Chemnitz,132,1791,90.2,84.0,0.6,74.2,87.4,0.4,16.0,0.19999999999999996,82.7,81.8,0.4,82.4,86.5,0.5,0.29999999999999716,-0.09999999999999998,0.6666666666666666,0.3333333333333333,0.3333333333333333,1.0,-1.0,6.200000000000003,-13.200000000000003,19.400000000000006,1,1,1.0,1,1481.17,1456.13,25.04,3,2,1,0
2021_0212_2315_40,2020-21,2021-02-12 00:00:00+00:00,Basketball Loewen Braunschweig,Merlins Crailsheim,40,2315,83.8,91.4,0.2,91.6,89.4,0.8,-7.799999999999997,-0.6000000000000001,86.8,92.1,0.4,87.6,84.5,0.8,-0.7999999999999972,-0.4,0.3333333333333333,0.6666666666666666,-0.3333333333333333,-3.0,3.0,-7.6000000000000085,2.1999999999999886,-9.799999999999997,0,1,0.0,1,1482.94,1584.43,-101.49,2,3,-1,0
2021_0212_19629_1510,2020-21,2021-02-12 00:00:00+00:00,Telekom Baskets Bonn,Veolia Towers Hamburg,1510,19629,87.0,91.2,0.2,87.6,82.2,0.4,-0.5999999999999943,-0.2,83.6,83.3,0.4,83.7,83.3,0.4,-0.10000000000000853,0.0,0.3333333333333333,0.3333333333333333,0.0,-3.0,-1.0,-4.200000000000003,5.3999999999999915,-9.599999999999994,0,1,0.0,1,1437.12,1521.32,-84.19,6,2,4,1
2021_0212_1634_133,2020-21,2021-02-12 00:00:00+00:00,46ers Giessen,EWE Baskets Oldenburg,133,1634,83.0,97.2,0.0,94.4,84.4,0.8,-11.400000000000006,-0.8,84.1,92.7,0.2,89.7,81.2,0.9,-5.6000000000000085,-0.7,0.0,0.6666666666666666,-0.6666666666666666,-5.0,3.0,-14.200000000000003,10.0,-24.200000000000003,0,1,0.0,1,1404.34,1593.37,-189.03,6,2,4,1
2021_0212_127_214,2020-21,2021-02-12 00:00:00+00:00,BG Goettingen,Ratiopharm Ulm,214,127,84.2,86.0,0.6,91.0,81.2,0.6,-6.799999999999997,0.0,81.0,89.0,0.4,86.4,80.1,0.5,-5.400000000000006,-0.09999999999999998,0.6666666666666666,0.3333333333333333,0.3333333333333333,1.0,1.0,-1.7999999999999972,9.799999999999997,-11.599999999999994,0,1,0.0,1,1458.1,1520.26,-62.16,2,3,-1,0
2021_0212_2457_41,2020-21,2021-02-12 00:00:00+00:00,MHP Riesen Ludwigsburg,Rasta Vechta,41,2457,89.0,77.8,1.0,83.6,89.0,0.4,5.400000000000006,0.6,91.0,77.4,1.0,81.5,88.1,0.3,9.5,0.7,1.0,0.0,1.0,5.0,-1.0,11.200000000000003,-5.400000000000006,16.60000000000001,1,1,1.0,1,1629.67,1412.21,217.46,2,2,0,1
2021_0214_132_10,2020-21,2021-02-14 00:00:00+00:00,ALBA Berlin,Bamberg Baskets,10,132,87.2,71.0,1.0,87.0,84.2,0.4,0.20000000000000284,0.6,88.7,75.3,1.0,84.2,83.0,0.4,4.5,0.6,1.0,0.3333333333333333,0.6666666666666667,5.0,-1.0,16.200000000000003,2.799999999999997,13.400000000000006,1,1,1.0,1,1623.93,1467.72,156.21,2,2,0,0
2021_0214_134_1634,2020-21,2021-02-14 00:00:00+00:00,EWE Baskets Oldenburg,Medi Bayreuth,1634,134,95.6,88.0,0.6,80.8,82.6,0.4,14.799999999999997,0.19999999999999996,90.1,83.6,0.8,79.6,84.1,0.3,10.5,0.5,0.3333333333333333,0.3333333333333333,0.0,1.0,-1.0,7.599999999999994,-1.7999999999999972,9.399999999999991,1,1,1.0,1,1580.86,1449.02,131.84,2,2,0,1
2021_0214_1510_450,2020-21,2021-02-14 00:00:00+00:00,SYNTAINICS MBC Weissenfels,Telekom Baskets Bonn,450,1510,85.6,96.4,0.0,87.2,87.6,0.4,-1.6000000000000085,-0.4,86.2,90.3,0.3,83.4,83.5,0.4,2.799999999999997,-0.10000000000000003,0.0,0.6666666666666666,-0.6666666666666666,-5.0,-1.0,-10.800000000000011,-0.3999999999999915,-10.40000000000002,0,1,0.0,1,1445.92,1446.67,-0.74,8,2,6,0
2021_0214_1791_219,2020-21,2021-02-14 00:00:00+00:00,FC Bayern Muenchen Basketball,NINERS Chemnitz,219,1791,87.0,80.4,0.8,72.6,85.4,0.4,14.400000000000006,0.4,85.1,78.2,0.8,81.4,86.4,0.5,3.6999999999999886,0.30000000000000004,1.0,0.6666666666666666,0.33333333333333337,3.0,-1.0,6.599999999999994,-12.800000000000011,19.400000000000006,1,1,1.0,1,1590.73,1469.58,121.15,2,2,0,0
2021_0214_3361_127,2020-21,2021-02-14 00:00:00+00:00,Ratiopharm Ulm,Fraport Skyliners Frankfurt,127,3361,89.2,81.4,0.6,78.0,80.2,0.4,11.200000000000003,0.19999999999999996,87.3,77.9,0.6,78.1,80.6,0.4,9.200000000000003,0.19999999999999996,0.3333333333333333,0.3333333333333333,0.0,1.0,-1.0,7.799999999999997,-2.200000000000003,10.0,1,1,1.0,1,1531.34,1462.19,69.15,2,2,0,1
2021_0214_133_19629,2020-21,2021-02-14 00:00:00+00:00,Veolia Towers Hamburg,46ers Giessen,19629,133,84.0,83.4,0.2,86.0,97.4,0.2,-2.0,0.0,83.9,83.8,0.4,85.5,92.5,0.3,-1.5999999999999943,0.10000000000000003,0.0,0.3333333333333333,-0.3333333333333333,-3.0,-3.0,0.5999999999999943,-11.400000000000006,12.0,1,1,1.0,1,1511.77,1416.85,94.92,2,2,0,1
2021_0214_214_2315,2020-21,2021-02-14 00:00:00+00:00,Merlins Crailsheim,BG Goettingen,2315,214,90.2,87.8,0.8,79.0,84.2,0.6,11.200000000000003,0.20000000000000007,87.5,85.0,0.8,80.1,89.4,0.4,7.400000000000006,0.4,0.6666666666666666,0.6666666666666666,0.0,3.0,1.0,2.4000000000000057,-5.200000000000003,7.6000000000000085,1,1,1.0,1,1594.39,1447.01,147.38,2,2,0,1
2021_0214_2457_40,2020-21,2021-02-14 00:00:00+00:00,Basketball Loewen Braunschweig,Rasta Vechta,40,2457,79.4,85.6,0.2,77.4,89.0,0.2,2.0,0.0,84.4,90.7,0.3,80.9,88.3,0.3,3.5,0.0,0.3333333333333333,0.0,0.3333333333333333,-3.0,-3.0,-6.199999999999989,-11.599999999999994,5.400000000000006,1,1,1.0,1,1472.98,1409.44,63.54,2,2,0,1
2021_0224_2745_133,2020-21,2021-02-24 00:00:00+00:00,46ers Giessen,FITOne Wuerzburg Baskets,133,2745,84.8,97.0,0.2,80.2,91.2,0.2,4.599999999999994,0.0,86.5,93.9,0.3,80.3,87.3,0.3,6.200000000000003,0.0,0.3333333333333333,0.0,0.3333333333333333,-3.0,-3.0,-12.200000000000003,-11.0,-1.2000000000000028,0,0,0.5,1,1411.94,1447.16,-35.22,10,18,-8,0
2021_0227_1510_2457,2020-21,2021-02-27 00:00:00+00:00,Rasta Vechta,Telekom Baskets Bonn,2457,1510,71.2,87.0,0.0,85.4,82.2,0.6,-14.200000000000003,-0.6,79.9,86.5,0.3,85.1,82.1,0.5,-5.199999999999989,-0.2,0.0,1.0,-1.0,-5.0,1.0,-15.799999999999997,3.200000000000003,-19.0,0,1,0.0,1,1403.83,1459.45,-55.62,13,13,0,0
2021_0227_133_134,2020-21,2021-02-27 00:00:00+00:00,Medi Bayreuth,46ers Giessen,134,133,81.6,81.2,0.4,84.8,97.8,0.2,-3.200000000000003,0.2,77.9,82.2,0.3,83.7,94.1,0.2,-5.799999999999997,0.09999999999999998,0.0,0.3333333333333333,-0.3333333333333333,-1.0,-3.0,0.3999999999999915,-13.0,13.399999999999991,0,1,0.0,1,1444.86,1400.09,44.76,13,3,10,0
2021_0227_127_450,2020-21,2021-02-27 00:00:00+00:00,SYNTAINICS MBC Weissenfels,Ratiopharm Ulm,450,127,83.0,95.6,0.0,85.8,76.6,0.6,-2.799999999999997,-0.6,84.8,91.8,0.2,88.7,77.5,0.6,-3.9000000000000057,-0.39999999999999997,0.0,0.6666666666666666,-0.6666666666666666,-5.0,1.0,-12.599999999999994,9.200000000000003,-21.799999999999997,0,1,0.0,1,1433.14,1536.82,-103.68,13,13,0,0
2021_0228_10_2315,2020-21,2021-02-28 00:00:00+00:00,Merlins Crailsheim,ALBA Berlin,2315,10,93.4,87.2,0.8,83.4,72.2,0.8,10.0,0.0,88.6,85.0,0.8,86.1,74.6,0.9,2.5,-0.09999999999999998,0.6666666666666666,0.6666666666666666,0.0,3.0,3.0,6.200000000000003,11.200000000000003,-5.0,0,1,0.0,1,1598.27,1607.65,-9.38,14,14,0,0
2021_0228_132_3361,2020-21,2021-02-28 00:00:00+00:00,Fraport Skyliners Frankfurt,Bamberg Baskets,3361,132,74.8,81.8,0.2,86.2,80.2,0.6,-11.400000000000006,-0.39999999999999997,77.5,81.8,0.4,84.0,81.2,0.5,-6.5,-0.09999999999999998,0.0,0.6666666666666666,-0.6666666666666666,-3.0,1.0,-7.0,6.0,-13.0,0,1,0.0,1,1456.71,1484.0,-27.28,14,14,0,0
2021_0228_219_2745,2020-21,2021-02-28 00:00:00+00:00,FITOne Wuerzburg Baskets,FC Bayern Muenchen Basketball,2745,219,84.4,93.2,0.2,83.0,76.4,0.8,1.4000000000000057,-0.6000000000000001,83.6,87.5,0.4,85.0,79.7,0.7,-1.4000000000000057,-0.29999999999999993,0.3333333333333333,0.6666666666666666,-0.3333333333333333,-3.0,3.0,-8.799999999999997,6.599999999999994,-15.399999999999991,0,1,0.0,1,1459.0,1575.1,-116.1,4,14,-10,0
2021_0228_1634_40,2020-21,2021-02-28 00:00:00+00:00,Basketball Loewen Braunschweig,EWE Baskets Oldenburg,40,1634,80.2,83.4,0.4,94.4,88.0,0.6,-14.200000000000003,-0.19999999999999996,83.1,89.3,0.3,90.3,83.2,0.8,-7.200000000000003,-0.5,0.3333333333333333,0.6666666666666666,-0.3333333333333333,-1.0,1.0,-3.200000000000003,6.400000000000006,-9.600000000000009,0,1,0.0,1,1478.59,1585.03,-106.44,14,14,0,0
2021_0228_19629_41,2020-21,2021-02-28 00:00:00+00:00,MHP Riesen Ludwigsburg,Veolia Towers Hamburg,41,19629,89.2,76.0,1.0,88.8,82.0,0.4,0.4000000000000057,0.6,88.0,74.9,1.0,83.6,82.2,0.4,4.400000000000006,0.6,1.0,0.3333333333333333,0.6666666666666667,5.0,-1.0,13.200000000000003,6.799999999999997,6.400000000000006,1,1,1.0,1,1632.44,1516.68,115.75,16,14,2,1
2021_0302_1510_134,2020-21,2021-03-02 00:00:00+00:00,Medi Bayreuth,Telekom Baskets Bonn,134,1510,83.4,88.4,0.2,87.4,81.4,0.8,-4.0,-0.6000000000000001,79.8,85.2,0.2,86.4,84.2,0.5,-6.6000000000000085,-0.3,0.0,1.0,-1.0,-3.0,3.0,-5.0,6.0,-11.0,1,1,1.0,1,1430.91,1470.72,-39.81,3,3,0,1
2021_0303_40_214,2020-21,2021-03-03 00:00:00+00:00,BG Goettingen,Basketball Loewen Braunschweig,214,40,77.8,90.0,0.4,81.2,84.0,0.4,-3.4000000000000057,0.0,79.5,90.1,0.4,83.0,91.5,0.2,-3.5,0.2,0.3333333333333333,0.3333333333333333,0.0,-1.0,-1.0,-12.200000000000003,-2.799999999999997,-9.400000000000006,1,1,1.0,1,1443.13,1468.78,-25.65,17,3,14,1
2021_0303_127_19629,2020-21,2021-03-03 00:00:00+00:00,Veolia Towers Hamburg,Ratiopharm Ulm,19629,127,82.6,82.6,0.2,90.2,76.0,0.6,-7.6000000000000085,-0.39999999999999997,82.8,80.0,0.4,92.2,77.4,0.7,-9.400000000000006,-0.29999999999999993,0.3333333333333333,1.0,-0.6666666666666667,-3.0,1.0,0.0,14.200000000000003,-14.200000000000003,0,1,0.0,1,1512.2,1546.72,-34.52,3,4,-1,0
2021_0303_2315_2745,2020-21,2021-03-03 00:00:00+00:00,FITOne Wuerzburg Baskets,Merlins Crailsheim,2745,2315,82.6,92.8,0.2,84.8,86.6,0.6,-2.200000000000003,-0.39999999999999997,81.9,88.5,0.3,86.2,86.6,0.7,-4.299999999999997,-0.39999999999999997,0.3333333333333333,0.6666666666666666,-0.3333333333333333,-3.0,1.0,-10.200000000000003,-1.7999999999999972,-8.400000000000006,0,1,0.0,1,1449.46,1585.72,-136.26,3,3,0,1
2021_0303_450_133,2020-21,2021-03-03 00:00:00+00:00,46ers Giessen,SYNTAINICS MBC Weissenfels,133,450,87.2,96.4,0.4,81.6,97.4,0.0,5.6000000000000085,0.4,85.9,95.9,0.2,83.9,94.8,0.1,2.0,0.1,0.3333333333333333,0.0,0.3333333333333333,-1.0,-5.0,-9.200000000000003,-15.800000000000011,6.6000000000000085,0,1,0.0,1,1414.04,1423.25,-9.21,4,4,0,0
2021_0304_3361_2457,2020-21,2021-03-04 00:00:00+00:00,Rasta Vechta,Fraport Skyliners Frankfurt,2457,3361,75.0,88.6,0.0,72.0,81.4,0.2,3.0,-0.2,80.8,87.7,0.3,74.3,80.7,0.3,6.5,0.0,0.0,0.0,0.0,-5.0,-3.0,-13.599999999999994,-9.400000000000006,-4.199999999999989,0,1,0.0,1,1392.56,1444.65,-52.09,5,4,1,0
2021_0305_134_2315,2020-21,2021-03-05 00:00:00+00:00,Merlins Crailsheim,Medi Bayreuth,2315,134,81.4,89.0,0.4,82.6,85.2,0.2,-1.1999999999999886,0.2,86.0,88.0,0.6,81.9,83.9,0.3,4.099999999999994,0.3,0.3333333333333333,0.3333333333333333,0.0,-1.0,-3.0,-7.599999999999994,-2.6000000000000085,-4.999999999999986,1,1,1.0,1,1574.68,1439.2,135.48,2,3,-1,0
2021_0306_133_1510,2020-21,2021-03-06 00:00:00+00:00,Telekom Baskets Bonn,46ers Giessen,1510,133,86.8,82.8,0.8,87.0,96.6,0.4,-0.20000000000000284,0.4,83.8,84.6,0.4,85.0,96.9,0.2,-1.2000000000000028,0.2,0.6666666666666666,0.3333333333333333,0.3333333333333333,3.0,-1.0,4.0,-9.599999999999994,13.599999999999994,1,1,1.0,1,1462.44,1401.48,60.96,4,3,1,1
2021_0306_41_1634,2020-21,2021-03-06 00:00:00+00:00,EWE Baskets Oldenburg,MHP Riesen Ludwigsburg,1634,41,89.8,89.0,0.6,85.2,73.4,1.0,4.599999999999994,-0.4,92.2,84.1,0.8,86.6,74.4,1.0,5.6000000000000085,-0.19999999999999996,0.6666666666666666,1.0,-0.33333333333333337,1.0,5.0,0.7999999999999972,11.799999999999997,-11.0,0,1,0.0,1,1594.84,1636.92,-42.08,6,6,0,0
2021_0306_450_40,2020-21,2021-03-06 00:00:00+00:00,Basketball Loewen Braunschweig,SYNTAINICS MBC Weissenfels,40,450,80.6,86.0,0.2,83.6,92.8,0.2,-3.0,0.0,84.6,90.9,0.2,86.2,93.3,0.2,-1.6000000000000085,0.0,0.3333333333333333,0.3333333333333333,0.0,-3.0,-3.0,-5.400000000000006,-9.200000000000003,3.799999999999997,0,1,0.0,1,1460.89,1435.8,25.08,3,3,0,1
2021_0307_214_3361,2020-21,2021-03-07 00:00:00+00:00,Fraport Skyliners Frankfurt,BG Goettingen,3361,214,69.6,82.0,0.2,83.2,91.0,0.6,-13.600000000000009,-0.39999999999999997,74.6,81.9,0.3,80.5,90.2,0.4,-5.900000000000006,-0.10000000000000003,0.3333333333333333,0.3333333333333333,0.0,-3.0,1.0,-12.400000000000006,-7.799999999999997,-4.6000000000000085,1,1,1.0,1,1456.02,1451.02,5.0,3,4,-1,1
2021_0307_127_10,2020-21,2021-03-07 00:00:00+00:00,ALBA Berlin,Ratiopharm Ulm,10,127,86.2,69.6,0.8,89.6,72.4,0.8,-3.3999999999999915,0.0,87.6,73.6,0.9,92.4,76.1,0.8,-4.800000000000011,0.09999999999999998,0.6666666666666666,1.0,-0.33333333333333337,3.0,3.0,16.60000000000001,17.19999999999999,-0.5999999999999801,1,1,1.0,1,1620.2,1558.58,61.62,7,4,3,1
2021_0307_2457_219,2020-21,2021-03-07 00:00:00+00:00,FC Bayern Muenchen Basketball,Rasta Vechta,219,2457,87.6,77.6,0.8,75.6,86.2,0.0,12.0,0.8,87.5,78.8,0.8,80.9,86.9,0.3,6.599999999999994,0.5,0.6666666666666666,0.0,0.6666666666666666,3.0,-5.0,10.0,-10.600000000000009,20.60000000000001,1,1,1.0,1,1584.64,1381.19,203.45,7,3,4,1
2021_0309_450_2745,2020-21,2021-03-09 00:00:00+00:00,FITOne Wuerzburg Baskets,SYNTAINICS MBC Weissenfels,2745,450,84.6,84.8,0.4,85.8,92.4,0.2,-1.2000000000000028,0.2,84.1,88.2,0.4,86.4,93.2,0.2,-2.3000000000000114,0.2,0.6666666666666666,0.3333333333333333,0.3333333333333333,-1.0,-3.0,-0.20000000000000284,-6.6000000000000085,6.400000000000006,0,1,0.0,1,1460.5,1429.26,31.25,6,3,3,0
2021_0309_10_1634,2020-21,2021-03-09 00:00:00+00:00,EWE Baskets Oldenburg,ALBA Berlin,1634,10,92.2,90.8,0.6,86.4,71.8,0.8,5.799999999999997,-0.20000000000000007,92.4,86.1,0.7,86.8,73.0,0.9,5.6000000000000085,-0.20000000000000007,0.6666666666666666,0.6666666666666666,0.0,1.0,3.0,1.4000000000000057,14.600000000000009,-13.200000000000003,0,1,0.0,1,1583.19,1625.86,-42.67,3,2,1,1
2021_0309_41_1791,2020-21,2021-03-09 00:00:00+00:00,NINERS Chemnitz,MHP Riesen Ludwigsburg,1791,41,77.0,81.6,0.6,85.0,73.8,1.0,-8.0,-0.4,80.8,83.3,0.6,87.8,76.6,1.0,-7.0,-0.4,1.0,1.0,0.0,1.0,5.0,-4.599999999999994,11.200000000000003,-15.799999999999997,0,1,0.0,1,1485.2,1648.57,-163.37,23,3,20,0
2021_0309_40_219,2020-21,2021-03-09 00:00:00+00:00,FC Bayern Muenchen Basketball,Basketball Loewen Braunschweig,219,40,87.6,74.8,0.8,84.4,88.0,0.4,3.1999999999999886,0.4,89.1,79.0,0.8,84.1,89.7,0.3,5.0,0.5,0.6666666666666666,0.3333333333333333,0.3333333333333333,3.0,-1.0,12.799999999999997,-3.5999999999999943,16.39999999999999,0,0,0.5,1,1587.61,1467.43,120.18,2,3,-1,1
2021_0313_1510_132,2020-21,2021-03-13 00:00:00+00:00,Bamberg Baskets,Telekom Baskets Bonn,132,1510,82.8,76.6,0.6,84.6,78.4,0.8,-1.7999999999999972,-0.20000000000000007,84.4,80.7,0.5,85.8,84.8,0.5,-1.3999999999999915,0.0,0.6666666666666666,0.6666666666666666,0.0,1.0,3.0,6.200000000000003,6.199999999999989,1.4210854715202004e-14,1,1,1.0,1,1496.06,1468.11,27.95,13,7,6,1
2021_0313_3361_133,2020-21,2021-03-13 00:00:00+00:00,46ers Giessen,Fraport Skyliners Frankfurt,133,3361,82.6,96.4,0.2,73.0,82.6,0.4,9.599999999999994,-0.2,84.3,96.9,0.2,76.7,82.8,0.4,7.599999999999994,-0.2,0.3333333333333333,0.6666666666666666,-0.3333333333333333,-3.0,-1.0,-13.800000000000011,-9.599999999999994,-4.200000000000017,1,1,1.0,1,1395.81,1463.09,-67.28,7,6,1,0
2021_0313_19629_450,2020-21,2021-03-13 00:00:00+00:00,SYNTAINICS MBC Weissenfels,Veolia Towers Hamburg,450,19629,83.4,86.4,0.4,79.4,81.4,0.2,4.0,0.2,84.5,91.4,0.2,83.9,80.3,0.4,0.5999999999999943,-0.2,0.6666666666666666,0.3333333333333333,0.3333333333333333,-1.0,-3.0,-3.0,-2.0,-1.0,0,1,0.0,1,1442.86,1500.34,-57.48,4,10,-6,0
2021_0313_2457_127,2020-21,2021-03-13 00:00:00+00:00,Ratiopharm Ulm,Rasta Vechta,127,2457,89.4,73.0,0.8,75.8,87.0,0.0,13.600000000000009,0.8,90.2,77.1,0.7,79.7,88.0,0.2,10.5,0.49999999999999994,0.6666666666666666,0.0,0.6666666666666666,3.0,-5.0,16.400000000000006,-11.200000000000003,27.60000000000001,1,1,1.0,1,1552.92,1378.22,174.71,6,6,0,0
2021_0314_10_214,2020-21,2021-03-14 00:00:00+00:00,BG Goettingen,ALBA Berlin,214,10,83.6,93.2,0.4,82.4,74.2,0.6,1.1999999999999886,-0.19999999999999996,83.1,91.4,0.4,86.7,74.3,0.8,-3.6000000000000085,-0.4,0.3333333333333333,0.6666666666666666,-0.3333333333333333,-1.0,1.0,-9.600000000000009,8.200000000000003,-17.80000000000001,0,1,0.0,1,1443.96,1617.5,-173.54,7,5,2,0
2021_0314_40_1791,2020-21,2021-03-14 00:00:00+00:00,NINERS Chemnitz,Basketball Loewen Braunschweig,1791,40,76.8,84.2,0.6,86.4,91.8,0.4,-9.600000000000009,0.19999999999999996,77.3,85.4,0.5,82.9,88.7,0.3,-5.6000000000000085,0.2,0.6666666666666666,0.3333333333333333,0.3333333333333333,1.0,-1.0,-7.400000000000006,-5.3999999999999915,-2.000000000000014,0,0,0.5,1,1477.01,1463.04,13.97,5,5,0,0
2021_0314_219_1634,2020-21,2021-03-14 00:00:00+00:00,EWE Baskets Oldenburg,FC Bayern Muenchen Basketball,1634,219,92.2,89.4,0.6,90.2,75.2,0.8,2.0,-0.20000000000000007,93.3,86.9,0.7,90.0,79.8,0.8,3.299999999999997,-0.10000000000000009,0.6666666666666666,1.0,-0.33333333333333337,1.0,3.0,2.799999999999997,15.0,-12.200000000000003,1,1,1.0,1,1591.56,1592.0,-0.45,5,5,0,0
2021_0314_2315_41,2020-21,2021-03-14 00:00:00+00:00,MHP Riesen Ludwigsburg,Merlins Crailsheim,41,2315,86.4,70.8,1.0,81.6,88.2,0.4,4.800000000000011,0.6,88.5,75.6,1.0,86.6,88.8,0.6,1.9000000000000057,0.4,1.0,0.0,1.0,5.0,-1.0,15.600000000000009,-6.6000000000000085,22.200000000000017,1,1,1.0,1,1656.77,1558.78,97.99,5,9,-4,0
2021_0315_2745_134,2020-21,2021-03-15 00:00:00+00:00,Medi Bayreuth,FITOne Wuerzburg Baskets,134,2745,86.0,84.4,0.4,85.2,87.0,0.4,0.7999999999999972,0.0,84.3,83.7,0.4,83.4,88.1,0.4,0.8999999999999915,0.0,0.6666666666666666,0.3333333333333333,0.3333333333333333,-1.0,-1.0,1.5999999999999943,-1.7999999999999972,3.3999999999999915,0,1,0.0,1,1455.1,1446.89,8.21,10,6,4,1
2021_0316_219_1510,2020-21,2021-03-16 00:00:00+00:00,Telekom Baskets Bonn,FC Bayern Muenchen Basketball,1510,219,85.4,81.4,0.6,95.0,84.0,0.8,-9.599999999999994,-0.20000000000000007,86.3,84.5,0.5,91.0,82.2,0.8,-4.700000000000003,-0.30000000000000004,0.3333333333333333,1.0,-0.6666666666666667,1.0,3.0,4.0,11.0,-7.0,0,0,0.5,1,1461.63,1604.79,-143.16,3,2,1,0
2021_0316_450_10,2020-21,2021-03-16 00:00:00+00:00,ALBA Berlin,SYNTAINICS MBC Weissenfels,10,450,84.2,72.2,0.6,85.8,90.8,0.4,-1.5999999999999943,0.19999999999999996,85.7,71.6,0.8,84.4,93.2,0.2,1.2999999999999972,0.6000000000000001,0.6666666666666666,0.3333333333333333,0.3333333333333333,1.0,-1.0,12.0,-5.0,17.0,0,0,0.5,1,1625.41,1431.65,193.76,2,3,-1,1
2021_0317_19629_40,2020-21,2021-03-17 00:00:00+00:00,Basketball Loewen Braunschweig,Veolia Towers Hamburg,40,19629,89.0,93.0,0.4,82.8,79.2,0.4,6.200000000000003,0.0,84.6,88.2,0.4,85.2,80.7,0.4,-0.6000000000000085,0.0,0.6666666666666666,0.3333333333333333,0.3333333333333333,-1.0,-1.0,-4.0,3.5999999999999943,-7.599999999999994,0,0,0.5,1,1476.21,1511.56,-35.35,3,4,-1,0
2021_0319_1634_2457,2020-21,2021-03-19 00:00:00+00:00,Rasta Vechta,EWE Baskets Oldenburg,2457,1634,81.0,85.6,0.2,94.0,91.6,0.6,-13.0,-0.39999999999999997,79.2,87.3,0.2,94.8,89.8,0.6,-15.599999999999994,-0.39999999999999997,0.3333333333333333,0.3333333333333333,0.0,-3.0,1.0,-4.599999999999994,2.4000000000000057,-7.0,0,1,0.0,1,1394.8,1578.77,-183.96,6,5,1,0
2021_0320_133_2745,2020-21,2021-03-20 00:00:00+00:00,FITOne Wuerzburg Baskets,46ers Giessen,2745,133,83.8,87.6,0.4,82.8,93.8,0.2,1.0,0.2,82.0,89.4,0.3,83.8,95.4,0.2,-1.7999999999999972,0.09999999999999998,0.3333333333333333,0.0,0.3333333333333333,-1.0,-3.0,-3.799999999999997,-11.0,7.200000000000003,1,1,1.0,1,1439.91,1384.87,55.04,5,7,-2,1
2021_0320_450_132,2020-21,2021-03-20 00:00:00+00:00,Bamberg Baskets,SYNTAINICS MBC Weissenfels,132,450,81.6,74.4,0.8,87.6,89.6,0.4,-6.0,0.4,84.8,79.9,0.6,84.6,93.5,0.2,0.20000000000000284,0.39999999999999997,1.0,0.3333333333333333,0.6666666666666667,3.0,-1.0,7.199999999999989,-2.0,9.199999999999989,1,1,1.0,1,1502.53,1428.53,74.0,7,4,3,1
2021_0320_127_41,2020-21,2021-03-20 00:00:00+00:00,MHP Riesen Ludwigsburg,Ratiopharm Ulm,41,127,81.8,69.6,0.8,86.2,78.6,0.6,-4.400000000000006,0.20000000000000007,85.4,73.7,0.9,87.7,80.0,0.6,-2.299999999999997,0.30000000000000004,0.6666666666666666,0.3333333333333333,0.3333333333333333,3.0,1.0,12.200000000000003,7.6000000000000085,4.599999999999994,1,1,1.0,1,1641.61,1536.34,105.28,6,7,-1,1
2021_0320_40_19629,2020-21,2021-03-20 00:00:00+00:00,Veolia Towers Hamburg,Basketball Loewen Braunschweig,19629,40,85.4,79.8,0.6,87.4,89.6,0.4,-2.0,0.19999999999999996,84.7,81.6,0.4,84.3,86.8,0.4,0.4000000000000057,0.0,0.6666666666666666,0.3333333333333333,0.3333333333333333,1.0,-1.0,5.6000000000000085,-2.1999999999999886,7.799999999999997,1,1,1.0,1,1523.4,1464.37,59.03,3,3,0,1
2021_0321_134_1791,2020-21,2021-03-21 00:00:00+00:00,NINERS Chemnitz,Medi Bayreuth,1791,134,79.2,86.2,0.6,90.4,83.4,0.6,-11.200000000000003,0.0,75.4,86.8,0.4,85.6,83.0,0.5,-10.199999999999989,-0.09999999999999998,0.3333333333333333,1.0,-0.6666666666666667,1.0,1.0,-7.0,7.0,-14.0,0,1,0.0,1,1463.84,1462.08,1.76,7,6,1,0
2021_0321_2315_219,2020-21,2021-03-21 00:00:00+00:00,FC Bayern Muenchen Basketball,Merlins Crailsheim,219,2315,94.0,80.8,1.0,80.2,86.0,0.4,13.799999999999997,0.6,88.5,78.6,0.9,85.2,86.9,0.6,3.299999999999997,0.30000000000000004,1.0,0.3333333333333333,0.6666666666666667,5.0,-1.0,13.200000000000003,-5.799999999999997,19.0,0,1,0.0,1,1613.56,1573.93,39.62,5,7,-2,1
2021_0321_3361_10,2020-21,2021-03-21 00:00:00+00:00,ALBA Berlin,Fraport Skyliners Frankfurt,10,3361,90.0,73.4,0.8,77.8,81.6,0.6,12.200000000000003,0.20000000000000007,86.7,72.8,0.8,77.9,80.9,0.5,8.799999999999997,0.30000000000000004,0.6666666666666666,1.0,-0.33333333333333337,3.0,1.0,16.599999999999994,-3.799999999999997,20.39999999999999,1,1,1.0,1,1628.52,1474.03,154.5,5,8,-3,1
2021_0321_214_1510,2020-21,2021-03-21 00:00:00+00:00,Telekom Baskets Bonn,BG Goettingen,1510,214,82.6,83.8,0.4,78.8,95.0,0.2,3.799999999999997,0.2,84.0,83.0,0.5,81.5,90.5,0.4,2.5,0.09999999999999998,0.3333333333333333,0.3333333333333333,0.0,-1.0,-3.0,-1.2000000000000028,-16.200000000000003,15.0,1,1,1.0,1,1452.87,1436.04,16.83,5,7,-2,0
2021_0323_19629_10,2020-21,2021-03-23 00:00:00+00:00,ALBA Berlin,Veolia Towers Hamburg,10,19629,88.8,73.0,0.8,81.2,76.8,0.6,7.599999999999994,0.20000000000000007,87.5,71.3,0.8,85.0,79.4,0.5,2.5,0.30000000000000004,1.0,1.0,0.0,3.0,1.0,15.799999999999997,4.400000000000006,11.399999999999991,0,0,0.5,1,1632.28,1529.11,103.16,2,3,-1,0
2021_0323_219_450,2020-21,2021-03-23 00:00:00+00:00,SYNTAINICS MBC Weissenfels,FC Bayern Muenchen Basketball,450,219,85.0,93.4,0.2,90.4,80.4,1.0,-5.400000000000006,-0.8,84.3,93.1,0.2,89.0,79.0,0.9,-4.700000000000003,-0.7,0.0,1.0,-1.0,-3.0,5.0,-8.400000000000006,10.0,-18.400000000000006,0,1,0.0,1,1423.16,1619.74,-196.58,3,2,1,0
2021_0323_2745_41,2020-21,2021-03-23 00:00:00+00:00,MHP Riesen Ludwigsburg,FITOne Wuerzburg Baskets,41,2745,81.6,71.8,0.8,78.4,85.8,0.4,3.1999999999999886,0.4,85.4,73.9,0.9,81.4,89.5,0.3,4.0,0.6000000000000001,0.6666666666666666,0.3333333333333333,0.3333333333333333,3.0,-1.0,9.799999999999997,-7.3999999999999915,17.19999999999999,1,1,1.0,1,1646.31,1445.72,200.58,3,3,0,1
2021_0324_1791_40,2020-21,2021-03-24 00:00:00+00:00,Basketball Loewen Braunschweig,NINERS Chemnitz,40,1791,81.8,84.0,0.4,75.8,87.8,0.4,6.0,0.0,81.2,85.0,0.3,75.0,87.6,0.4,6.200000000000003,-0.10000000000000003,0.3333333333333333,0.0,0.3333333333333333,-1.0,-1.0,-2.200000000000003,-12.0,9.799999999999997,1,1,1.0,1,1458.65,1450.99,7.66,4,3,1,0
2021_0326_1791_1634,2020-21,2021-03-26 00:00:00+00:00,EWE Baskets Oldenburg,NINERS Chemnitz,1634,1791,96.0,89.4,0.6,76.2,88.0,0.4,19.799999999999997,0.19999999999999996,95.2,88.7,0.6,74.4,86.7,0.4,20.799999999999997,0.19999999999999996,0.6666666666666666,0.3333333333333333,0.3333333333333333,1.0,-1.0,6.599999999999994,-11.799999999999997,18.39999999999999,1,1,1.0,1,1586.4,1464.0,122.4,7,2,5,1
2021_0327_132_127,2020-21,2021-03-27 00:00:00+00:00,Ratiopharm Ulm,Bamberg Baskets,127,132,84.2,81.6,0.4,84.4,77.0,0.8,-0.20000000000000284,-0.4,85.0,79.1,0.5,87.3,80.5,0.7,-2.299999999999997,-0.19999999999999996,0.0,1.0,-1.0,-1.0,3.0,2.6000000000000085,7.400000000000006,-4.799999999999997,0,1,0.0,1,1531.64,1507.91,23.73,7,7,0,0
2021_0327_2315_133,2020-21,2021-03-27 00:00:00+00:00,46ers Giessen,Merlins Crailsheim,133,2315,81.0,88.4,0.2,73.2,85.6,0.2,7.799999999999997,0.0,82.9,93.1,0.2,83.3,86.4,0.5,-0.3999999999999915,-0.3,0.0,0.3333333333333333,-0.3333333333333333,-3.0,-3.0,-7.400000000000006,-12.399999999999991,4.999999999999986,0,1,0.0,1,1379.06,1567.75,-188.69,7,6,1,0
2021_0327_2457_214,2020-21,2021-03-27 00:00:00+00:00,BG Goettingen,Rasta Vechta,214,2457,86.4,96.2,0.4,81.0,89.8,0.2,5.400000000000006,0.2,82.7,90.2,0.5,76.1,88.4,0.1,6.6000000000000085,0.4,0.3333333333333333,0.3333333333333333,0.0,-1.0,-3.0,-9.799999999999997,-8.799999999999997,-1.0,0,1,0.0,1,1449.28,1387.18,62.11,6,8,-2,1
2021_0327_19629_219,2020-21,2021-03-27 00:00:00+00:00,FC Bayern Muenchen Basketball,Veolia Towers Hamburg,219,19629,88.8,78.0,1.0,85.8,77.2,0.8,3.0,0.19999999999999996,88.2,76.4,0.9,84.2,79.9,0.5,4.0,0.4,1.0,1.0,0.0,5.0,3.0,10.799999999999997,8.599999999999994,2.200000000000003,1,1,1.0,1,1627.03,1544.38,82.65,4,4,0,0
2021_0328_41_134,2020-21,2021-03-28 00:00:00+00:00,Medi Bayreuth,MHP Riesen Ludwigsburg,134,41,91.0,79.6,0.8,83.4,72.8,0.8,7.599999999999994,0.0,86.3,80.4,0.6,84.3,73.1,0.9,2.0,-0.30000000000000004,1.0,0.6666666666666666,0.33333333333333337,3.0,3.0,11.400000000000006,10.600000000000009,0.7999999999999972,0,1,0.0,1,1474.93,1649.32,-174.39,7,5,2,0
2021_0328_10_450,2020-21,2021-03-28 00:00:00+00:00,SYNTAINICS MBC Weissenfels,ALBA Berlin,450,10,80.0,91.8,0.2,87.0,75.8,0.6,-7.0,-0.39999999999999997,82.9,92.1,0.2,86.7,73.8,0.7,-3.799999999999997,-0.49999999999999994,0.0,0.6666666666666666,-0.6666666666666666,-3.0,1.0,-11.799999999999997,11.200000000000003,-23.0,0,1,0.0,1,1415.87,1617.02,-201.15,5,5,0,0
2021_0328_40_3361,2020-21,2021-03-28 00:00:00+00:00,Fraport Skyliners Frankfurt,Basketball Loewen Braunschweig,3361,40,76.2,83.0,0.6,79.8,83.2,0.2,-3.5999999999999943,0.39999999999999997,75.5,82.4,0.4,82.1,85.6,0.3,-6.599999999999994,0.10000000000000003,0.6666666666666666,0.0,0.6666666666666666,1.0,-3.0,-6.799999999999997,-3.4000000000000057,-3.3999999999999915,1,1,1.0,1,1470.27,1445.65,24.62,7,4,3,0
2021_0328_2745_1510,2020-21,2021-03-28 00:00:00+00:00,Telekom Baskets Bonn,FITOne Wuerzburg Baskets,1510,2745,83.6,86.4,0.2,77.6,82.8,0.4,6.0,-0.2,85.5,83.9,0.5,80.1,87.8,0.3,5.400000000000006,0.2,0.0,0.3333333333333333,-0.3333333333333333,-3.0,-1.0,-2.8000000000000114,-5.200000000000003,2.3999999999999915,0,1,0.0,1,1439.63,1442.71,-3.09,7,5,2,1
2021_0330_214_1791,2020-21,2021-03-30 00:00:00+00:00,NINERS Chemnitz,BG Goettingen,1791,214,77.6,91.0,0.2,90.8,90.2,0.6,-13.200000000000003,-0.39999999999999997,77.3,86.3,0.4,84.3,90.1,0.5,-7.0,-0.09999999999999998,0.3333333333333333,0.6666666666666666,-0.3333333333333333,-3.0,1.0,-13.400000000000006,0.5999999999999943,-14.0,0,1,0.0,1,1459.65,1454.93,4.72,4,3,1,0
2021_0331_40_1510,2020-21,2021-03-31 00:00:00+00:00,Telekom Baskets Bonn,Basketball Loewen Braunschweig,1510,40,85.0,82.8,0.4,80.0,78.0,0.4,5.0,0.0,85.9,82.8,0.6,83.2,84.9,0.4,2.700000000000003,0.19999999999999996,0.3333333333333333,0.3333333333333333,0.0,-1.0,-1.0,2.200000000000003,2.0,0.20000000000000284,0,0,0.5,1,1446.91,1459.09,-12.18,3,3,0,1
2021_0401_3361_1791,2020-21,2021-04-01 00:00:00+00:00,NINERS Chemnitz,Fraport Skyliners Frankfurt,1791,3361,76.6,85.4,0.2,77.4,83.4,0.6,-0.8000000000000114,-0.39999999999999997,76.7,84.8,0.4,74.7,82.4,0.4,2.0,0.0,0.3333333333333333,0.3333333333333333,0.0,-3.0,1.0,-8.800000000000011,-6.0,-2.8000000000000114,0,1,0.0,1,1446.72,1456.83,-10.11,2,4,-2,1
2021_0401_127_2745,2020-21,2021-04-01 00:00:00+00:00,FITOne Wuerzburg Baskets,Ratiopharm Ulm,2745,127,73.4,82.6,0.2,78.6,84.6,0.2,-5.199999999999989,0.0,79.0,83.7,0.3,84.4,80.3,0.4,-5.400000000000006,-0.10000000000000003,0.3333333333333333,0.0,0.3333333333333333,-3.0,-3.0,-9.199999999999989,-6.0,-3.1999999999999886,0,1,0.0,1,1435.43,1518.22,-82.79,4,5,-1,0
2021_0401_41_450,2020-21,2021-04-01 00:00:00+00:00,SYNTAINICS MBC Weissenfels,MHP Riesen Ludwigsburg,450,41,79.4,95.8,0.0,83.2,73.8,0.8,-3.799999999999997,-0.8,81.4,91.1,0.2,84.1,73.8,0.9,-2.6999999999999886,-0.7,0.0,1.0,-1.0,-5.0,3.0,-16.39999999999999,9.400000000000006,-25.799999999999997,0,1,0.0,1,1408.7,1657.21,-248.51,4,4,0,0
2021_0403_134_2457,2020-21,2021-04-03 00:00:00+00:00,Rasta Vechta,Medi Bayreuth,2457,134,79.0,91.6,0.2,91.0,79.6,0.8,-12.0,-0.6000000000000001,77.0,90.1,0.1,87.2,84.0,0.5,-10.200000000000003,-0.4,0.3333333333333333,0.6666666666666666,-0.3333333333333333,-3.0,3.0,-12.599999999999994,11.400000000000006,-24.0,0,1,0.0,1,1381.53,1467.04,-85.51,7,6,1,0
2021_0403_133_219,2020-21,2021-04-03 00:00:00+00:00,FC Bayern Muenchen Basketball,46ers Giessen,219,133,87.2,80.4,0.8,77.0,90.4,0.0,10.200000000000003,0.8,88.7,77.8,0.8,82.1,93.4,0.2,6.6000000000000085,0.6000000000000001,0.6666666666666666,0.0,0.6666666666666666,3.0,-5.0,6.799999999999997,-13.400000000000006,20.200000000000003,1,1,1.0,1,1612.21,1371.56,240.65,7,7,0,0
2021_0404_132_19629,2020-21,2021-04-04 00:00:00+00:00,Veolia Towers Hamburg,Bamberg Baskets,19629,132,88.8,76.6,1.0,85.6,74.8,1.0,3.200000000000003,0.0,84.1,79.0,0.6,86.3,79.5,0.7,-2.200000000000003,-0.09999999999999998,1.0,1.0,0.0,5.0,5.0,12.200000000000003,10.799999999999997,1.4000000000000057,1,1,1.0,1,1559.2,1521.32,37.87,8,8,0,1
2021_0404_1510_10,2020-21,2021-04-04 00:00:00+00:00,ALBA Berlin,Telekom Baskets Bonn,10,1510,89.4,74.4,0.8,85.4,86.4,0.4,4.0,0.4,85.9,74.3,0.7,85.0,82.4,0.6,0.9000000000000057,0.09999999999999998,0.6666666666666666,0.6666666666666666,0.0,3.0,-1.0,15.0,-1.0,16.0,1,1,1.0,1,1624.18,1454.43,169.75,7,4,3,1
2021_0404_2745_1634,2020-21,2021-04-04 00:00:00+00:00,EWE Baskets Oldenburg,FITOne Wuerzburg Baskets,1634,2745,95.4,90.0,0.6,71.6,83.2,0.2,23.80000000000001,0.39999999999999997,92.6,89.5,0.6,78.4,85.1,0.3,14.199999999999989,0.3,0.6666666666666666,0.0,0.6666666666666666,1.0,-3.0,5.400000000000006,-11.600000000000009,17.000000000000014,1,1,1.0,1,1590.75,1424.94,165.81,9,3,6,1
2021_0404_3361_2315,2020-21,2021-04-04 00:00:00+00:00,Merlins Crailsheim,Fraport Skyliners Frankfurt,2315,3361,81.2,81.0,0.4,75.8,86.2,0.4,5.400000000000006,0.0,83.0,83.8,0.5,72.7,84.1,0.3,10.299999999999997,0.2,0.6666666666666666,0.0,0.6666666666666666,-1.0,-1.0,0.20000000000000284,-10.400000000000006,10.600000000000009,1,1,1.0,1,1575.25,1449.36,125.89,8,3,5,0
2021_0405_450_1791,2020-21,2021-04-05 00:00:00+00:00,NINERS Chemnitz,SYNTAINICS MBC Weissenfels,1791,450,79.0,82.0,0.4,78.6,93.4,0.0,0.4000000000000057,0.4,79.1,84.1,0.5,82.2,92.1,0.2,-3.1000000000000085,0.3,0.3333333333333333,0.0,0.3333333333333333,-1.0,-5.0,-3.0,-14.800000000000011,11.800000000000011,1,1,1.0,1,1454.19,1402.73,51.46,4,4,0,1
2021_0405_214_41,2020-21,2021-04-05 00:00:00+00:00,MHP Riesen Ludwigsburg,BG Goettingen,41,214,82.6,76.6,0.8,84.0,83.0,0.6,-1.4000000000000057,0.20000000000000007,84.5,73.7,0.9,83.6,87.0,0.6,0.9000000000000057,0.30000000000000004,1.0,1.0,0.0,3.0,1.0,6.0,1.0,5.0,1,1,1.0,1,1663.18,1467.85,195.32,4,6,-2,1
2021_0405_127_40,2020-21,2021-04-05 00:00:00+00:00,Basketball Loewen Braunschweig,Ratiopharm Ulm,40,127,80.0,81.4,0.2,78.4,82.2,0.2,1.5999999999999943,0.0,84.5,87.2,0.3,84.0,77.3,0.5,0.5,-0.2,0.3333333333333333,0.3333333333333333,0.0,-3.0,-3.0,-1.4000000000000057,-3.799999999999997,2.3999999999999915,1,1,1.0,1,1451.56,1528.72,-77.16,5,4,1,0
2021_0406_219_134,2020-21,2021-04-06 00:00:00+00:00,Medi Bayreuth,FC Bayern Muenchen Basketball,134,219,91.8,80.2,0.8,84.4,79.0,0.6,7.3999999999999915,0.20000000000000007,87.2,82.7,0.5,89.7,81.5,0.7,-2.5,-0.19999999999999996,0.6666666666666666,0.3333333333333333,0.3333333333333333,3.0,1.0,11.599999999999994,5.400000000000006,6.199999999999989,0,1,0.0,1,1477.46,1594.68,-117.22,3,3,0,0
2021_0407_2315_1510,2020-21,2021-04-07 00:00:00+00:00,Telekom Baskets Bonn,Merlins Crailsheim,1510,2315,84.0,85.2,0.4,81.2,80.6,0.4,2.799999999999997,0.0,84.7,83.3,0.5,81.3,84.8,0.4,3.4000000000000057,0.09999999999999998,0.6666666666666666,0.3333333333333333,0.3333333333333333,-1.0,-1.0,-1.2000000000000028,0.6000000000000085,-1.8000000000000114,0,1,0.0,1,1450.94,1559.53,-108.59,3,3,0,0
2021_0407_2457_19629,2020-21,2021-04-07 00:00:00+00:00,Veolia Towers Hamburg,Rasta Vechta,19629,2457,83.0,73.8,1.0,79.8,93.8,0.2,3.200000000000003,0.8,82.9,76.5,0.7,77.7,90.0,0.1,5.200000000000003,0.6,1.0,0.0,1.0,5.0,-3.0,9.200000000000003,-14.0,23.200000000000003,1,1,1.0,1,1565.42,1371.11,194.31,3,4,-1,1
2021_0407_214_133,2020-21,2021-04-07 00:00:00+00:00,46ers Giessen,BG Goettingen,133,214,79.8,88.8,0.2,82.4,82.4,0.6,-2.6000000000000085,-0.39999999999999997,83.4,92.7,0.3,83.0,87.8,0.5,0.4000000000000057,-0.2,0.3333333333333333,0.6666666666666666,-0.3333333333333333,-3.0,1.0,-9.0,0.0,-9.0,0,1,0.0,1,1389.09,1464.77,-75.68,4,2,2,1
2021_0409_2315_450,2020-21,2021-04-09 00:00:00+00:00,SYNTAINICS MBC Weissenfels,Merlins Crailsheim,450,2315,79.0,91.4,0.0,83.8,78.8,0.6,-4.799999999999997,-0.6,83.3,90.5,0.2,82.7,83.5,0.5,0.5999999999999943,-0.3,0.0,0.6666666666666666,-0.6666666666666666,-5.0,1.0,-12.400000000000006,5.0,-17.400000000000006,0,1,0.0,1,1396.84,1569.28,-172.45,4,2,2,1
2021_0410_10_19629,2020-21,2021-04-10 00:00:00+00:00,Veolia Towers Hamburg,ALBA Berlin,19629,10,83.8,74.0,1.0,87.6,77.8,0.8,-3.799999999999997,0.19999999999999996,84.6,76.9,0.8,85.9,75.0,0.7,-1.3000000000000114,0.10000000000000009,1.0,0.6666666666666666,0.33333333333333337,5.0,3.0,9.799999999999997,9.799999999999997,0.0,1,1,1.0,1,1568.53,1627.68,-59.15,3,6,-3,1
2021_0410_1634_1510,2020-21,2021-04-10 00:00:00+00:00,Telekom Baskets Bonn,EWE Baskets Oldenburg,1510,1634,87.8,87.8,0.4,101.2,83.6,0.8,-13.400000000000006,-0.4,85.2,85.8,0.4,96.7,87.2,0.7,-11.5,-0.29999999999999993,0.3333333333333333,1.0,-0.6666666666666667,-1.0,3.0,0.0,17.60000000000001,-17.60000000000001,0,1,0.0,1,1441.19,1594.31,-153.12,3,6,-3,0
2021_0410_127_133,2020-21,2021-04-10 00:00:00+00:00,46ers Giessen,Ratiopharm Ulm,133,127,84.4,86.2,0.4,81.4,76.8,0.4,3.0,0.0,83.5,91.3,0.3,85.4,74.9,0.6,-1.9000000000000057,-0.3,0.6666666666666666,0.6666666666666666,0.0,-1.0,-1.0,-1.7999999999999972,4.6000000000000085,-6.400000000000006,0,1,0.0,1,1398.39,1539.37,-140.98,3,5,-2,0
2021_0410_2457_1791,2020-21,2021-04-10 00:00:00+00:00,NINERS Chemnitz,Rasta Vechta,1791,2457,81.8,81.8,0.6,80.6,92.8,0.2,1.2000000000000028,0.39999999999999997,78.8,84.8,0.5,78.2,89.9,0.1,0.5999999999999943,0.4,0.6666666666666666,0.0,0.6666666666666666,1.0,-3.0,0.0,-12.200000000000003,12.200000000000003,1,1,1.0,1,1460.09,1368.01,92.08,5,3,2,0
2021_0410_134_132,2020-21,2021-04-10 00:00:00+00:00,Bamberg Baskets,Medi Bayreuth,132,134,83.2,76.6,0.8,84.8,81.2,0.6,-1.5999999999999943,0.20000000000000007,84.7,78.4,0.7,85.4,82.8,0.5,-0.7000000000000028,0.19999999999999996,0.6666666666666666,0.3333333333333333,0.3333333333333333,3.0,1.0,6.6000000000000085,3.5999999999999943,3.000000000000014,0,1,0.0,1,1515.1,1467.95,47.15,6,4,2,1
2021_0411_219_40,2020-21,2021-04-11 00:00:00+00:00,Basketball Loewen Braunschweig,FC Bayern Muenchen Basketball,40,219,75.2,82.8,0.2,85.4,77.6,0.6,-10.200000000000003,-0.39999999999999997,81.3,86.2,0.3,89.7,79.2,0.8,-8.400000000000006,-0.5,0.3333333333333333,0.3333333333333333,0.0,-3.0,1.0,-7.599999999999994,7.800000000000011,-15.400000000000006,0,1,0.0,1,1440.91,1604.18,-163.28,6,5,1,1
2021_0411_214_2745,2020-21,2021-04-11 00:00:00+00:00,FITOne Wuerzburg Baskets,BG Goettingen,2745,214,69.8,88.4,0.2,86.6,84.2,0.6,-16.799999999999997,-0.39999999999999997,76.8,88.0,0.3,82.7,89.6,0.4,-5.900000000000006,-0.10000000000000003,0.0,0.3333333333333333,-0.3333333333333333,-3.0,1.0,-18.60000000000001,2.3999999999999915,-21.0,0,1,0.0,1,1421.38,1455.46,-34.09,7,4,3,0
2021_0413_40_41,2020-21,2021-04-13 00:00:00+00:00,MHP Riesen Ludwigsburg,Basketball Loewen Braunschweig,41,40,89.0,79.2,1.0,79.6,84.6,0.4,9.400000000000006,0.6,85.4,74.4,0.9,80.7,84.3,0.4,4.700000000000003,0.5,1.0,0.3333333333333333,0.6666666666666667,5.0,-1.0,9.799999999999997,-5.0,14.799999999999997,1,1,1.0,1,1666.27,1452.71,213.56,8,2,6,1
2021_0413_1510_219,2020-21,2021-04-13 00:00:00+00:00,FC Bayern Muenchen Basketball,Telekom Baskets Bonn,219,1510,86.2,79.8,0.4,85.4,88.6,0.4,0.7999999999999972,0.0,88.3,80.1,0.7,84.5,87.5,0.3,3.799999999999997,0.39999999999999997,0.3333333333333333,0.0,0.3333333333333333,-1.0,-1.0,6.400000000000006,-3.1999999999999886,9.599999999999994,1,1,1.0,1,1592.38,1432.7,159.68,2,3,-1,1
2021_0413_133_10,2020-21,2021-04-13 00:00:00+00:00,ALBA Berlin,46ers Giessen,10,133,82.0,76.4,0.6,84.4,91.6,0.4,-2.4000000000000057,0.19999999999999996,86.0,74.9,0.7,83.6,92.7,0.3,2.4000000000000057,0.39999999999999997,0.6666666666666666,0.6666666666666666,0.0,1.0,-1.0,5.599999999999994,-7.199999999999989,12.799999999999983,1,1,1.0,1,1618.85,1389.56,229.28,3,3,0,1
2021_0413_450_214,2020-21,2021-04-13 00:00:00+00:00,BG Goettingen,SYNTAINICS MBC Weissenfels,214,450,85.4,79.0,0.6,77.6,86.8,0.2,7.800000000000011,0.39999999999999997,85.9,87.6,0.5,81.3,90.1,0.2,4.6000000000000085,0.3,0.3333333333333333,0.3333333333333333,0.0,1.0,-3.0,6.400000000000006,-9.200000000000003,15.600000000000009,0,1,0.0,1,1467.34,1408.89,58.45,2,4,-2,1
2021_0413_134_127,2020-21,2021-04-13 00:00:00+00:00,Ratiopharm Ulm,Medi Bayreuth,127,134,87.8,74.2,0.6,84.4,85.6,0.4,3.3999999999999915,0.19999999999999996,87.0,76.4,0.6,87.4,84.5,0.5,-0.4000000000000057,0.09999999999999998,1.0,0.3333333333333333,0.6666666666666667,1.0,-1.0,13.599999999999994,-1.1999999999999886,14.799999999999983,1,1,1.0,1,1548.2,1461.95,86.25,3,3,0,1
2021_0414_1791_2315,2020-21,2021-04-14 00:00:00+00:00,Merlins Crailsheim,NINERS Chemnitz,2315,1791,85.6,83.6,0.4,78.2,81.6,0.4,7.3999999999999915,0.0,82.9,84.8,0.4,77.2,84.8,0.4,5.700000000000003,0.0,0.3333333333333333,0.6666666666666666,-0.3333333333333333,-1.0,-1.0,2.0,-3.3999999999999915,5.3999999999999915,1,1,1.0,1,1557.23,1445.06,112.17,5,4,1,1
2021_0414_132_2457,2020-21,2021-04-14 00:00:00+00:00,Rasta Vechta,Bamberg Baskets,2457,132,78.6,91.2,0.2,87.0,81.8,0.8,-8.400000000000006,-0.6000000000000001,79.8,88.4,0.2,84.9,79.2,0.7,-5.1000000000000085,-0.49999999999999994,0.3333333333333333,0.6666666666666666,-0.3333333333333333,-3.0,3.0,-12.600000000000009,5.200000000000003,-17.80000000000001,1,1,1.0,1,1383.04,1521.1,-138.06,4,4,0,0
2021_0414_19629_1634,2020-21,2021-04-14 00:00:00+00:00,EWE Baskets Oldenburg,Veolia Towers Hamburg,1634,19629,104.6,84.8,0.8,84.0,75.0,1.0,20.599999999999994,-0.19999999999999996,98.4,87.1,0.7,82.6,75.9,0.8,15.800000000000011,-0.10000000000000009,1.0,1.0,0.0,3.0,5.0,19.799999999999997,9.0,10.799999999999997,1,1,1.0,1,1602.79,1577.36,25.43,4,4,0,0
2021_0419_1634_132,2020-21,2021-04-19 00:00:00+00:00,Bamberg Baskets,EWE Baskets Oldenburg,132,1634,90.6,80.6,0.8,99.0,79.2,0.8,-8.400000000000006,0.0,86.1,77.5,0.8,96.5,85.4,0.7,-10.400000000000006,0.10000000000000009,0.6666666666666666,0.6666666666666666,0.0,3.0,3.0,10.0,19.799999999999997,-9.799999999999997,0,1,0.0,1,1530.01,1589.33,-59.32,5,5,0,0
2021_0419_1791_19629,2020-21,2021-04-19 00:00:00+00:00,Veolia Towers Hamburg,NINERS Chemnitz,19629,1791,82.0,74.8,1.0,74.4,79.0,0.4,7.599999999999994,0.6,83.9,76.0,0.9,76.0,85.0,0.3,7.900000000000006,0.6000000000000001,1.0,0.3333333333333333,0.6666666666666667,5.0,-1.0,7.200000000000003,-4.599999999999994,11.799999999999997,0,1,0.0,1,1590.82,1440.51,150.31,5,5,0,0
2021_0421_2745_132,2020-21,2021-04-21 00:00:00+00:00,Bamberg Baskets,FITOne Wuerzburg Baskets,132,2745,90.4,82.8,0.6,69.6,93.0,0.0,20.80000000000001,0.6,87.4,79.9,0.7,74.0,89.4,0.2,13.400000000000006,0.49999999999999994,0.6666666666666666,0.0,0.6666666666666666,1.0,-5.0,7.6000000000000085,-23.400000000000006,31.000000000000014,1,1,1.0,1,1518.84,1409.5,109.34,2,10,-8,0
2021_0422_10_40,2020-21,2021-04-22 00:00:00+00:00,Basketball Loewen Braunschweig,ALBA Berlin,40,10,77.2,88.6,0.4,83.6,83.6,0.6,-6.3999999999999915,-0.19999999999999996,78.5,85.9,0.3,86.2,78.3,0.7,-7.700000000000003,-0.39999999999999997,0.3333333333333333,0.6666666666666666,-0.3333333333333333,-1.0,1.0,-11.399999999999991,0.0,-11.399999999999991,0,1,0.0,1,1449.88,1621.46,-171.58,9,9,0,1
2021_0423_19629_2745,2020-21,2021-04-23 00:00:00+00:00,FITOne Wuerzburg Baskets,Veolia Towers Hamburg,2745,19629,71.6,92.2,0.2,83.2,77.2,0.8,-11.600000000000009,-0.6000000000000001,74.6,87.5,0.3,86.0,76.9,0.9,-11.400000000000006,-0.6000000000000001,0.3333333333333333,0.6666666666666666,-0.3333333333333333,-3.0,3.0,-20.60000000000001,6.0,-26.60000000000001,0,1,0.0,1,1424.89,1574.65,-149.76,2,4,-2,0
2021_0424_134_40,2020-21,2021-04-24 00:00:00+00:00,Basketball Loewen Braunschweig,Medi Bayreuth,40,134,78.6,91.4,0.4,86.0,91.0,0.2,-7.400000000000006,0.2,79.3,84.7,0.4,88.5,85.3,0.5,-9.200000000000003,-0.09999999999999998,0.6666666666666666,0.0,0.6666666666666666,-1.0,-3.0,-12.800000000000011,-5.0,-7.800000000000011,1,1,1.0,1,1461.91,1456.85,5.06,2,11,-9,1
2021_0424_2315_2457,2020-21,2021-04-24 00:00:00+00:00,Rasta Vechta,Merlins Crailsheim,2457,2315,79.6,91.8,0.2,87.8,82.4,0.6,-8.200000000000003,-0.39999999999999997,80.3,90.8,0.2,80.5,84.0,0.4,-0.20000000000000284,-0.2,0.3333333333333333,0.6666666666666666,-0.3333333333333333,-3.0,1.0,-12.200000000000003,5.3999999999999915,-17.599999999999994,0,1,0.0,1,1374.13,1561.78,-187.66,10,10,0,0
2021_0424_133_41,2020-21,2021-04-24 00:00:00+00:00,MHP Riesen Ludwigsburg,46ers Giessen,41,133,93.8,78.0,1.0,89.0,97.2,0.4,4.799999999999997,0.6,87.7,74.9,0.9,85.0,92.8,0.3,2.700000000000003,0.6000000000000001,1.0,0.3333333333333333,0.6666666666666667,5.0,-1.0,15.799999999999997,-8.200000000000003,24.0,1,1,1.0,1,1669.09,1386.95,282.14,11,11,0,1
2021_0424_1634_127,2020-21,2021-04-24 00:00:00+00:00,Ratiopharm Ulm,EWE Baskets Oldenburg,127,1634,92.2,76.2,0.8,98.8,84.8,0.8,-6.599999999999994,0.0,88.2,78.9,0.6,97.4,87.1,0.7,-9.200000000000003,-0.09999999999999998,1.0,0.6666666666666666,0.33333333333333337,3.0,3.0,16.0,14.0,2.0,0,1,0.0,1,1553.3,1600.49,-47.19,11,5,6,1
2021_0425_219_10,2020-21,2021-04-25 00:00:00+00:00,ALBA Berlin,FC Bayern Muenchen Basketball,10,219,85.0,83.0,0.6,87.0,80.8,0.4,-2.0,0.19999999999999996,86.0,79.4,0.6,87.9,79.4,0.7,-1.9000000000000057,-0.09999999999999998,0.3333333333333333,0.6666666666666666,-0.3333333333333333,1.0,-1.0,2.0,6.200000000000003,-4.200000000000003,1,1,1.0,1,1609.43,1596.04,13.39,3,12,-9,1
2021_0425_1510_1791,2020-21,2021-04-25 00:00:00+00:00,NINERS Chemnitz,Telekom Baskets Bonn,1791,1510,83.0,84.8,0.6,83.0,91.8,0.2,0.0,0.39999999999999997,79.8,85.1,0.4,84.0,87.3,0.3,-4.200000000000003,0.10000000000000003,0.3333333333333333,0.0,0.3333333333333333,1.0,-3.0,-1.7999999999999972,-8.799999999999997,7.0,1,1,1.0,1,1456.68,1429.04,27.64,6,12,-6,0
2021_0425_3361_450,2020-21,2021-04-25 00:00:00+00:00,SYNTAINICS MBC Weissenfels,Fraport Skyliners Frankfurt,450,3361,81.4,89.6,0.2,75.6,85.2,0.4,5.800000000000011,-0.2,80.7,90.7,0.2,74.3,83.9,0.4,6.400000000000006,-0.2,0.3333333333333333,0.3333333333333333,0.0,-3.0,-1.0,-8.199999999999989,-9.600000000000009,1.40000000000002,0,1,0.0,1,1403.16,1465.08,-61.92,12,21,-9,1
2021_0427_41_3361,2020-21,2021-04-27 00:00:00+00:00,Fraport Skyliners Frankfurt,MHP Riesen Ludwigsburg,3361,41,74.4,85.6,0.2,95.2,79.6,1.0,-20.799999999999997,-0.8,76.1,83.6,0.4,89.3,76.2,0.9,-13.200000000000003,-0.5,0.3333333333333333,1.0,-0.6666666666666667,-3.0,5.0,-11.199999999999989,15.600000000000009,-26.799999999999997,0,1,0.0,1,1456.17,1671.09,-214.92,2,3,-1,0
2021_0429_40_2745,2020-21,2021-04-29 00:00:00+00:00,FITOne Wuerzburg Baskets,Basketball Loewen Braunschweig,2745,40,73.6,94.6,0.2,75.4,85.4,0.6,-1.8000000000000114,-0.39999999999999997,73.5,88.6,0.2,77.7,83.4,0.4,-4.200000000000003,-0.2,0.3333333333333333,0.6666666666666666,-0.3333333333333333,-3.0,1.0,-21.0,-10.0,-11.0,0,1,0.0,1,1416.31,1468.98,-52.66,6,5,1,0
2021_0429_134_19629,2020-21,2021-04-29 00:00:00+00:00,Veolia Towers Hamburg,Medi Bayreuth,19629,134,87.0,81.0,0.8,80.4,87.0,0.2,6.599999999999994,0.6000000000000001,85.0,77.4,0.9,85.7,83.3,0.5,-0.7000000000000028,0.4,0.6666666666666666,0.0,0.6666666666666666,3.0,-3.0,6.0,-6.599999999999994,12.599999999999994,0,1,0.0,1,1583.22,1449.79,133.44,6,5,1,0
2021_0429_127_2315,2020-21,2021-04-29 00:00:00+00:00,Merlins Crailsheim,Ratiopharm Ulm,2315,127,87.0,83.2,0.6,96.0,73.6,1.0,-9.0,-0.4,84.1,82.1,0.5,87.3,79.1,0.6,-3.200000000000003,-0.09999999999999998,0.6666666666666666,1.0,-0.33333333333333337,1.0,5.0,3.799999999999997,22.400000000000006,-18.60000000000001,1,1,1.0,1,1569.31,1561.79,7.52,5,5,0,0
2021_0430_132_41,2020-21,2021-04-30 00:00:00+00:00,MHP Riesen Ludwigsburg,Bamberg Baskets,41,132,97.0,75.0,1.0,88.4,84.4,0.4,8.599999999999994,0.6,90.1,74.4,0.9,87.0,79.6,0.7,3.0999999999999943,0.20000000000000007,1.0,0.3333333333333333,0.6666666666666667,5.0,-1.0,22.0,4.0,18.0,1,1,1.0,1,1677.9,1503.45,174.44,3,9,-6,0
2021_0430_1510_3361,2020-21,2021-04-30 00:00:00+00:00,Fraport Skyliners Frankfurt,Telekom Baskets Bonn,3361,1510,76.2,88.0,0.2,81.4,85.6,0.2,-5.200000000000003,0.0,76.2,85.5,0.4,83.4,86.0,0.3,-7.200000000000003,0.10000000000000003,0.3333333333333333,0.3333333333333333,0.0,-3.0,-3.0,-11.799999999999997,-4.199999999999989,-7.6000000000000085,1,1,1.0,1,1449.36,1442.56,6.81,3,5,-2,0
2021_0430_1791_133,2020-21,2021-04-30 00:00:00+00:00,46ers Giessen,NINERS Chemnitz,133,1791,89.6,94.6,0.4,77.6,86.8,0.4,12.0,0.0,83.3,92.5,0.2,78.3,84.4,0.4,5.0,-0.2,0.0,0.3333333333333333,-0.3333333333333333,-1.0,-1.0,-5.0,-9.200000000000003,4.200000000000003,0,1,0.0,1,1384.96,1443.16,-58.21,6,5,1,1
2021_0430_2457_10,2020-21,2021-04-30 00:00:00+00:00,ALBA Berlin,Rasta Vechta,10,2457,86.4,79.0,0.6,80.0,90.8,0.2,6.400000000000006,0.39999999999999997,87.9,76.7,0.7,79.5,91.2,0.2,8.400000000000006,0.49999999999999994,0.6666666666666666,0.3333333333333333,0.3333333333333333,1.0,-3.0,7.400000000000006,-10.799999999999997,18.200000000000003,1,1,1.0,1,1616.28,1366.6,249.68,5,6,-1,1
2021_0502_40_132,2020-21,2021-05-02 00:00:00+00:00,Bamberg Baskets,Basketball Loewen Braunschweig,132,40,94.4,87.8,0.6,82.0,83.2,0.8,12.400000000000006,-0.20000000000000007,88.8,82.2,0.7,78.6,83.0,0.5,10.200000000000003,0.19999999999999996,0.3333333333333333,1.0,-0.6666666666666667,1.0,3.0,6.6000000000000085,-1.2000000000000028,7.800000000000011,1,1,1.0,1,1520.04,1480.33,39.7,2,3,-1,0
2021_0502_1791_127,2020-21,2021-05-02 00:00:00+00:00,Ratiopharm Ulm,NINERS Chemnitz,127,1791,97.0,76.4,1.0,74.6,89.0,0.2,22.400000000000006,0.8,87.7,79.3,0.6,78.2,85.4,0.4,9.5,0.19999999999999996,1.0,0.3333333333333333,0.6666666666666667,5.0,-3.0,20.599999999999994,-14.400000000000006,35.0,1,1,1.0,1,1574.79,1434.36,140.43,3,2,1,1
2021_0502_2315_19629,2020-21,2021-05-02 00:00:00+00:00,Veolia Towers Hamburg,Merlins Crailsheim,19629,2315,86.0,82.6,0.6,85.8,83.4,0.6,0.20000000000000284,0.0,84.9,78.3,0.8,83.5,82.0,0.5,1.4000000000000057,0.30000000000000004,0.3333333333333333,0.6666666666666666,-0.3333333333333333,1.0,1.0,3.4000000000000057,2.3999999999999915,1.0000000000000142,1,1,1.0,1,1567.36,1556.31,11.05,3,3,0,0
2021_0502_3361_1634,2020-21,2021-05-02 00:00:00+00:00,EWE Baskets Oldenburg,Fraport Skyliners Frankfurt,1634,3361,94.2,85.0,0.6,77.2,89.0,0.2,17.0,0.39999999999999997,94.8,87.5,0.6,77.3,86.2,0.4,17.5,0.19999999999999996,0.3333333333333333,0.0,0.3333333333333333,1.0,-3.0,9.200000000000003,-11.799999999999997,21.0,1,1,1.0,1,1592.0,1436.38,155.62,8,2,6,1
2021_0502_133_2457,2020-21,2021-05-02 00:00:00+00:00,Rasta Vechta,46ers Giessen,2457,133,80.4,88.2,0.2,89.6,90.0,0.4,-9.199999999999989,-0.2,80.1,91.0,0.2,84.7,89.4,0.3,-4.6000000000000085,-0.09999999999999998,0.0,0.3333333333333333,-0.3333333333333333,-3.0,-1.0,-7.799999999999997,-0.4000000000000057,-7.3999999999999915,1,1,1.0,1,1364.24,1393.76,-29.52,2,2,0,0
2021_0502_214_219,2020-21,2021-05-02 00:00:00+00:00,FC Bayern Muenchen Basketball,BG Goettingen,219,214,82.2,82.6,0.4,84.6,80.2,0.6,-2.3999999999999915,-0.19999999999999996,84.7,81.5,0.6,87.7,85.2,0.6,-3.0,0.0,0.3333333333333333,0.6666666666666666,-0.3333333333333333,-1.0,1.0,-0.3999999999999915,4.3999999999999915,-4.799999999999983,1,1,1.0,1,1589.2,1473.07,116.13,7,19,-12,1
2021_0502_41_1510,2020-21,2021-05-02 00:00:00+00:00,Telekom Baskets Bonn,MHP Riesen Ludwigsburg,1510,41,83.4,84.2,0.4,97.0,79.0,0.8,-13.599999999999994,-0.4,83.7,84.7,0.4,89.8,77.8,0.8,-6.099999999999994,-0.4,0.6666666666666666,0.6666666666666666,0.0,-1.0,3.0,-0.7999999999999972,18.0,-18.799999999999997,0,1,0.0,1,1455.54,1661.31,-205.78,2,2,0,0
2021_0502_2745_10,2020-21,2021-05-02 00:00:00+00:00,ALBA Berlin,FITOne Wuerzburg Baskets,10,2745,86.8,80.2,0.6,76.8,95.0,0.2,10.0,0.39999999999999997,87.2,79.0,0.7,74.2,89.1,0.2,13.0,0.49999999999999994,0.6666666666666666,0.3333333333333333,0.3333333333333333,1.0,-3.0,6.599999999999994,-18.200000000000003,24.799999999999997,1,1,1.0,1,1618.63,1404.96,213.67,2,3,-1,1
2021_0502_450_134,2020-21,2021-05-02 00:00:00+00:00,Medi Bayreuth,SYNTAINICS MBC Weissenfels,134,450,79.4,87.8,0.2,81.2,86.2,0.4,-1.7999999999999972,-0.2,85.6,84.0,0.5,80.3,91.0,0.2,5.299999999999997,0.3,0.3333333333333333,0.6666666666666666,-0.3333333333333333,-3.0,-1.0,-8.399999999999991,-5.0,-3.3999999999999915,1,1,1.0,1,1465.65,1412.07,53.58,3,7,-4,1
2021_0504_10_41,2020-21,2021-05-04 00:00:00+00:00,MHP Riesen Ludwigsburg,ALBA Berlin,41,10,96.8,77.4,0.8,93.0,81.0,0.8,3.799999999999997,0.0,92.9,78.3,0.9,87.5,78.7,0.7,5.400000000000006,0.20000000000000007,0.6666666666666666,1.0,-0.33333333333333337,3.0,3.0,19.39999999999999,12.0,7.3999999999999915,1,1,1.0,1,1668.36,1621.46,46.9,2,2,0,0
2021_0504_132_133,2020-21,2021-05-04 00:00:00+00:00,46ers Giessen,Bamberg Baskets,133,132,90.0,90.6,0.4,90.0,87.2,0.4,0.0,0.0,87.2,88.4,0.4,88.5,84.5,0.6,-1.2999999999999972,-0.19999999999999996,0.6666666666666666,0.3333333333333333,0.3333333333333333,-1.0,-1.0,-0.5999999999999943,2.799999999999997,-3.3999999999999915,0,1,0.0,1,1405.76,1506.22,-100.46,2,2,0,0
2021_0504_134_3361,2020-21,2021-05-04 00:00:00+00:00,Fraport Skyliners Frankfurt,Medi Bayreuth,3361,134,73.8,87.6,0.2,86.8,85.2,0.4,-13.0,-0.2,74.8,86.9,0.3,85.8,83.2,0.5,-11.0,-0.2,0.0,0.6666666666666666,-0.6666666666666666,-3.0,-1.0,-13.799999999999997,1.5999999999999943,-15.399999999999991,1,1,1.0,1,1432.65,1471.49,-38.85,2,2,0,0
2021_0504_19629_214,2020-21,2021-05-04 00:00:00+00:00,BG Goettingen,Veolia Towers Hamburg,214,19629,89.0,89.6,0.4,86.8,86.0,0.4,2.200000000000003,0.0,86.5,86.3,0.5,85.4,80.5,0.7,1.0999999999999943,-0.19999999999999996,0.6666666666666666,0.3333333333333333,0.3333333333333333,-1.0,-1.0,-0.5999999999999943,0.7999999999999972,-1.3999999999999915,0,1,0.0,1,1468.6,1554.27,-85.67,2,2,0,0
2021_0505_1510_40,2020-21,2021-05-05 00:00:00+00:00,Basketball Loewen Braunschweig,Telekom Baskets Bonn,40,1510,82.0,81.6,0.8,80.4,83.8,0.4,1.5999999999999943,0.4,80.8,83.1,0.6,84.1,85.8,0.4,-3.299999999999997,0.19999999999999996,1.0,0.6666666666666666,0.33333333333333337,3.0,-1.0,0.4000000000000057,-3.3999999999999915,3.799999999999997,0,1,0.0,1,1494.15,1448.49,45.66,3,3,0,1
2021_0505_1634_2315,2020-21,2021-05-05 00:00:00+00:00,Merlins Crailsheim,EWE Baskets Oldenburg,2315,1634,84.6,81.6,0.6,87.4,83.6,0.6,-2.8000000000000114,0.0,84.2,80.2,0.6,94.3,83.6,0.7,-10.099999999999994,-0.09999999999999998,0.6666666666666666,0.6666666666666666,0.0,1.0,1.0,3.0,3.8000000000000114,-0.8000000000000114,1,1,1.0,1,1569.4,1595.74,-26.33,3,3,0,1
2021_0505_2745_1791,2020-21,2021-05-05 00:00:00+00:00,NINERS Chemnitz,FITOne Wuerzburg Baskets,1791,2745,74.8,89.6,0.2,79.4,91.6,0.2,-4.6000000000000085,0.0,76.5,85.6,0.3,74.6,90.0,0.2,1.9000000000000057,0.09999999999999998,0.0,0.0,0.0,-3.0,-3.0,-14.799999999999997,-12.199999999999989,-2.6000000000000085,0,1,0.0,1,1430.35,1402.14,28.21,3,3,0,1
2021_0505_2457_450,2020-21,2021-05-05 00:00:00+00:00,SYNTAINICS MBC Weissenfels,Rasta Vechta,450,2457,80.4,87.4,0.4,80.4,90.6,0.2,0.0,0.2,79.5,90.4,0.2,80.5,91.7,0.2,-1.0,0.0,0.3333333333333333,0.0,0.3333333333333333,-1.0,-3.0,-7.0,-10.199999999999989,3.1999999999999886,1,1,1.0,1,1406.22,1352.24,53.98,3,3,0,0
2021_0507_132_214,2020-21,2021-05-07 00:00:00+00:00,BG Goettingen,Bamberg Baskets,214,132,91.0,90.2,0.4,89.0,90.0,0.4,2.0,0.0,86.7,86.3,0.5,89.8,85.3,0.6,-3.0999999999999943,-0.09999999999999998,0.3333333333333333,0.6666666666666666,-0.3333333333333333,-1.0,-1.0,0.7999999999999972,-1.0,1.7999999999999972,1,1,1.0,1,1458.18,1516.21,-58.02,3,3,0,1
2021_0507_219_127,2020-21,2021-05-07 00:00:00+00:00,Ratiopharm Ulm,FC Bayern Muenchen Basketball,127,219,95.8,79.0,1.0,83.8,81.6,0.6,12.0,0.4,88.6,77.9,0.7,84.1,80.3,0.6,4.5,0.09999999999999998,1.0,0.6666666666666666,0.33333333333333337,5.0,1.0,16.799999999999997,2.200000000000003,14.599999999999994,0,1,0.0,1,1578.8,1593.67,-14.87,5,5,0,1
2021_0507_2745_3361,2020-21,2021-05-07 00:00:00+00:00,Fraport Skyliners Frankfurt,FITOne Wuerzburg Baskets,3361,2745,67.0,86.8,0.0,81.4,89.2,0.2,-14.400000000000006,-0.2,71.3,86.0,0.2,75.5,91.1,0.1,-4.200000000000003,0.1,0.0,0.0,0.0,-5.0,-3.0,-19.799999999999997,-7.799999999999997,-12.0,0,1,0.0,1,1420.91,1395.67,25.24,3,2,1,1
2021_0509_132_2315,2020-21,2021-05-09 00:00:00+00:00,Merlins Crailsheim,Bamberg Baskets,2315,132,87.2,79.8,0.8,86.0,91.2,0.4,1.2000000000000028,0.4,86.4,81.7,0.6,88.2,87.0,0.5,-1.7999999999999972,0.09999999999999998,0.6666666666666666,0.3333333333333333,0.3333333333333333,3.0,-1.0,7.400000000000006,-5.200000000000003,12.600000000000009,1,1,1.0,1,1577.31,1507.41,69.91,4,2,2,1
2021_0509_1510_127,2020-21,2021-05-09 00:00:00+00:00,Ratiopharm Ulm,Telekom Baskets Bonn,127,1510,93.6,76.0,1.0,78.6,79.6,0.4,15.0,0.6,90.7,75.1,0.8,82.0,84.1,0.4,8.700000000000003,0.4,1.0,0.3333333333333333,0.6666666666666667,5.0,-1.0,17.599999999999994,-1.0,18.599999999999994,1,1,1.0,1,1586.4,1442.45,143.94,2,4,-2,1
2021_0509_1791_10,2020-21,2021-05-09 00:00:00+00:00,ALBA Berlin,NINERS Chemnitz,10,1791,88.4,77.4,0.8,77.0,89.2,0.4,11.400000000000006,0.4,86.0,80.5,0.7,75.7,84.1,0.4,10.299999999999997,0.29999999999999993,1.0,0.3333333333333333,0.6666666666666667,3.0,-1.0,11.0,-12.200000000000003,23.200000000000003,1,1,1.0,1,1635.45,1436.82,198.63,5,4,1,1
2021_0509_3361_19629,2020-21,2021-05-09 00:00:00+00:00,Veolia Towers Hamburg,Fraport Skyliners Frankfurt,19629,3361,89.4,89.4,0.4,70.8,83.8,0.2,18.60000000000001,0.2,85.7,82.1,0.7,72.6,84.7,0.2,13.100000000000009,0.49999999999999994,0.3333333333333333,0.3333333333333333,0.0,-1.0,-3.0,0.0,-13.0,13.0,1,1,1.0,1,1564.68,1427.45,137.23,5,2,3,0
2021_0509_133_40,2020-21,2021-05-09 00:00:00+00:00,Basketball Loewen Braunschweig,46ers Giessen,40,133,84.8,75.8,1.0,92.2,88.6,0.4,-7.400000000000006,0.6,81.0,82.2,0.7,88.3,90.1,0.4,-7.299999999999997,0.29999999999999993,1.0,0.6666666666666666,0.33333333333333337,5.0,-1.0,9.0,3.6000000000000085,5.3999999999999915,1,1,1.0,1,1500.19,1395.77,104.41,4,5,-1,1
2021_0509_214_134,2020-21,2021-05-09 00:00:00+00:00,Medi Bayreuth,BG Goettingen,134,214,85.2,77.4,0.6,96.4,87.4,0.6,-11.200000000000003,0.0,84.8,81.5,0.5,91.5,85.8,0.6,-6.700000000000003,-0.09999999999999998,1.0,0.3333333333333333,0.6666666666666667,1.0,1.0,7.799999999999997,9.0,-1.2000000000000028,0,1,0.0,1,1483.24,1466.98,16.25,5,2,3,1
2021_0509_41_219,2020-21,2021-05-09 00:00:00+00:00,FC Bayern Muenchen Basketball,MHP Riesen Ludwigsburg,219,41,80.0,88.8,0.4,91.0,79.0,0.6,-11.0,-0.19999999999999996,82.7,83.2,0.5,92.4,78.5,0.8,-9.700000000000003,-0.30000000000000004,0.3333333333333333,0.3333333333333333,0.0,-1.0,1.0,-8.799999999999997,12.0,-20.799999999999997,1,1,1.0,1,1586.07,1654.37,-68.29,2,5,-3,0
2021_0509_2745_2457,2020-21,2021-05-09 00:00:00+00:00,Rasta Vechta,FITOne Wuerzburg Baskets,2457,2745,80.8,92.8,0.2,78.2,92.6,0.0,2.5999999999999943,0.2,79.7,92.0,0.2,74.9,92.4,0.1,4.799999999999997,0.1,0.3333333333333333,0.0,0.3333333333333333,-3.0,-5.0,-12.0,-14.399999999999991,2.3999999999999915,0,1,0.0,1,1366.4,1389.12,-22.72,4,2,2,1
2021_0509_450_1634,2020-21,2021-05-09 00:00:00+00:00,EWE Baskets Oldenburg,SYNTAINICS MBC Weissenfels,1634,450,80.8,84.2,0.4,79.6,87.0,0.4,1.2000000000000028,0.0,92.7,84.5,0.6,79.3,89.2,0.2,13.400000000000006,0.39999999999999997,0.3333333333333333,0.3333333333333333,0.0,-1.0,-1.0,-3.4000000000000057,-7.400000000000006,4.0,1,1,1.0,1,1587.83,1392.06,195.77,4,4,0,1
2021_0511_1634_214,2020-21,2021-05-11 00:00:00+00:00,BG Goettingen,EWE Baskets Oldenburg,214,1634,96.2,92.6,0.4,83.4,82.6,0.6,12.799999999999997,-0.19999999999999996,90.8,85.8,0.5,91.2,80.9,0.7,-0.4000000000000057,-0.19999999999999996,0.3333333333333333,0.6666666666666666,-0.3333333333333333,-1.0,1.0,3.6000000000000085,0.8000000000000114,2.799999999999997,0,1,0.0,1,1460.21,1590.91,-130.7,2,2,0,0
2021_0923_10_1510,2021-22,2021-09-23 00:00:00+00:00,Telekom Baskets Bonn,ALBA Berlin,1510,10,80.6,80.6,0.4,90.2,76.2,1.0,-9.600000000000009,-0.6,81.8,86.2,0.3,87.6,79.6,0.8,-5.799999999999997,-0.5,0.0,1.0,-1.0,-1.0,5.0,0.0,14.0,-14.0,0,2,0.0,1,1459.01,1626.7,-167.7,30,30,0,1
2021_0925_2315_2745,2021-22,2021-09-25 00:00:00+00:00,FITOne Wuerzburg Baskets,Merlins Crailsheim,2745,2315,74.0,92.6,0.0,85.6,79.2,0.8,-11.599999999999994,-0.8,73.8,93.6,0.1,86.7,80.8,0.7,-12.900000000000006,-0.6,0.0,1.0,-1.0,-5.0,3.0,-18.599999999999994,6.3999999999999915,-24.999999999999986,1,2,0.5,1,1420.88,1543.05,-122.17,30,30,0,0
2021_0925_450_215,2021-22,2021-09-25 00:00:00+00:00,MLP Academics Heidelberg,SYNTAINICS MBC Weissenfels,215,450,,,,77.6,89.0,0.2,,,,,,77.6,87.9,0.2,,,,0.0,,,-3.0,,-11.400000000000006,,0,0,0.5,1,1500.0,1425.98,74.02,7,30,-23,1
2021_0925_1791_1634,2021-22,2021-09-25 00:00:00+00:00,EWE Baskets Oldenburg,NINERS Chemnitz,1634,1791,83.0,78.2,0.6,73.6,88.0,0.2,9.400000000000006,0.39999999999999997,90.9,81.5,0.7,78.3,86.4,0.4,12.600000000000009,0.29999999999999993,0.6666666666666666,0.3333333333333333,0.3333333333333333,1.0,-3.0,4.799999999999997,-14.400000000000006,19.200000000000003,2,2,1.0,1,1553.02,1455.85,97.17,30,30,0,0
2021_0925_41_19629,2021-22,2021-09-25 00:00:00+00:00,Veolia Towers Hamburg,MHP Riesen Ludwigsburg,19629,41,87.8,89.0,0.4,91.4,78.4,0.6,-3.6000000000000085,-0.19999999999999996,85.5,83.1,0.6,93.3,79.0,0.8,-7.799999999999997,-0.20000000000000007,0.3333333333333333,0.6666666666666666,-0.3333333333333333,-1.0,1.0,-1.2000000000000028,13.0,-14.200000000000003,0,2,0.0,1,1516.36,1586.89,-70.53,30,30,0,0
2021_0926_3361_40,2021-22,2021-09-26 00:00:00+00:00,Basketball Loewen Braunschweig,Fraport Skyliners Frankfurt,40,3361,88.0,77.6,1.0,76.2,80.4,0.4,11.799999999999997,0.6,83.3,84.5,0.7,76.2,84.2,0.3,7.099999999999994,0.39999999999999997,1.0,0.6666666666666666,0.33333333333333337,5.0,-1.0,10.400000000000006,-4.200000000000003,14.600000000000009,1,2,0.5,1,1503.27,1462.26,41.01,30,30,0,1
2021_0926_133_134,2021-22,2021-09-26 00:00:00+00:00,Medi Bayreuth,46ers Giessen,134,133,86.4,76.6,0.8,91.2,88.8,0.4,-4.799999999999997,0.4,86.2,83.8,0.5,90.1,93.0,0.4,-3.8999999999999915,0.09999999999999998,1.0,0.3333333333333333,0.6666666666666667,3.0,-1.0,9.800000000000011,2.4000000000000057,7.400000000000006,0,2,0.0,1,1493.34,1427.37,65.97,30,30,0,0
2021_0926_214_132,2021-22,2021-09-26 00:00:00+00:00,Bamberg Baskets,BG Goettingen,132,214,84.4,90.2,0.4,91.8,95.2,0.2,-7.3999999999999915,0.2,86.4,87.3,0.4,88.2,87.7,0.4,-1.7999999999999972,0.0,0.3333333333333333,0.3333333333333333,0.0,-1.0,-3.0,-5.799999999999997,-3.4000000000000057,-2.3999999999999915,0,2,0.0,1,1506.73,1467.39,39.34,30,30,0,1
2021_0926_219_127,2021-22,2021-09-26 00:00:00+00:00,Ratiopharm Ulm,FC Bayern Muenchen Basketball,127,219,92.6,73.6,1.0,78.8,90.0,0.4,13.799999999999997,0.6,92.4,74.9,0.9,82.5,84.9,0.4,9.900000000000006,0.5,1.0,0.3333333333333333,0.6666666666666667,5.0,-1.0,19.0,-11.200000000000003,30.200000000000003,1,2,0.5,1,1564.27,1571.49,-7.22,30,30,0,1
2021_0928_132_133,2021-22,2021-09-28 00:00:00+00:00,46ers Giessen,Bamberg Baskets,133,132,92.4,85.8,0.6,82.0,86.8,0.4,10.400000000000006,0.19999999999999996,91.0,90.2,0.5,88.2,87.3,0.5,2.799999999999997,0.0,0.3333333333333333,0.3333333333333333,0.0,1.0,-1.0,6.6000000000000085,-4.799999999999997,11.400000000000006,0,2,0.0,1,1441.82,1512.92,-71.11,2,2,0,0
2021_0928_10_3361,2021-22,2021-09-28 00:00:00+00:00,Fraport Skyliners Frankfurt,ALBA Berlin,3361,10,76.8,81.2,0.4,87.4,81.4,0.8,-10.600000000000009,-0.4,77.0,85.1,0.3,86.9,80.2,0.7,-9.900000000000006,-0.39999999999999997,0.6666666666666666,0.6666666666666666,0.0,-1.0,3.0,-4.400000000000006,6.0,-10.400000000000006,0,2,0.0,1,1456.1,1614.78,-158.68,2,5,-3,0
2021_0929_1634_2315,2021-22,2021-09-29 00:00:00+00:00,Merlins Crailsheim,EWE Baskets Oldenburg,2315,1634,88.2,79.8,0.8,83.6,75.4,0.6,4.6000000000000085,0.20000000000000007,87.6,81.5,0.7,88.9,80.2,0.6,-1.3000000000000114,0.09999999999999998,1.0,0.6666666666666666,0.33333333333333337,3.0,1.0,8.400000000000006,8.199999999999989,0.20000000000001705,2,2,1.0,1,1552.41,1537.88,14.52,4,4,0,0
2021_0929_1510_127,2021-22,2021-09-29 00:00:00+00:00,Ratiopharm Ulm,Telekom Baskets Bonn,127,1510,91.2,75.2,1.0,81.0,85.4,0.4,10.200000000000003,0.6,93.6,74.4,1.0,81.2,85.5,0.3,12.399999999999991,0.7,1.0,0.3333333333333333,0.6666666666666667,5.0,-1.0,16.0,-4.400000000000006,20.400000000000006,2,2,1.0,1,1571.66,1470.93,100.73,3,6,-3,0
2021_0929_19629_1791,2021-22,2021-09-29 00:00:00+00:00,NINERS Chemnitz,Veolia Towers Hamburg,1791,19629,77.0,86.4,0.4,86.2,90.0,0.2,-9.200000000000003,0.2,77.3,86.6,0.4,86.6,85.5,0.5,-9.299999999999997,-0.09999999999999998,0.6666666666666666,0.3333333333333333,0.3333333333333333,-1.0,-3.0,-9.400000000000006,-3.799999999999997,-5.6000000000000085,2,2,1.0,1,1470.99,1505.52,-34.53,4,4,0,1
2021_0930_215_41,2021-22,2021-09-30 00:00:00+00:00,MHP Riesen Ludwigsburg,MLP Academics Heidelberg,41,215,87.8,82.0,0.6,85.0,74.0,1.0,2.799999999999997,-0.4,92.4,78.5,0.8,85.0,74.0,1.0,7.400000000000006,-0.19999999999999996,0.6666666666666666,1.0,-0.33333333333333337,1.0,1.0,5.799999999999997,11.0,-5.200000000000003,0,0,0.5,1,1597.74,1505.37,92.37,5,5,0,0
2021_0930_40_450,2021-22,2021-09-30 00:00:00+00:00,SYNTAINICS MBC Weissenfels,Basketball Loewen Braunschweig,450,40,75.4,86.2,0.2,90.4,80.0,1.0,-15.0,-0.8,78.4,87.9,0.2,82.9,82.7,0.8,-4.5,-0.6000000000000001,0.0,1.0,-1.0,-3.0,5.0,-10.799999999999997,10.400000000000006,-21.200000000000003,1,2,0.5,1,1420.61,1509.42,-88.8,5,4,1,1
2021_1008_2745_1634,2021-22,2021-10-08 00:00:00+00:00,EWE Baskets Oldenburg,FITOne Wuerzburg Baskets,1634,2745,83.6,79.4,0.6,74.8,96.8,0.0,8.799999999999997,0.6,85.5,81.5,0.6,75.8,95.9,0.1,9.700000000000003,0.5,0.6666666666666666,0.0,0.6666666666666666,1.0,-5.0,4.199999999999989,-22.0,26.19999999999999,2,2,1.0,1,1551.07,1411.51,139.55,9,13,-4,0
2021_1009_133_215,2021-22,2021-10-09 00:00:00+00:00,MLP Academics Heidelberg,46ers Giessen,215,133,79.0,70.5,1.0,90.8,89.4,0.4,-11.799999999999997,0.6,79.0,70.5,1.0,90.2,89.7,0.4,-11.200000000000003,0.6,1.0,0.3333333333333333,0.6666666666666667,2.0,-1.0,8.5,1.3999999999999915,7.1000000000000085,0,0,0.5,1,1520.4,1430.99,89.42,9,11,-2,1
2021_1009_214_1510,2021-22,2021-10-09 00:00:00+00:00,Telekom Baskets Bonn,BG Goettingen,1510,214,79.2,85.4,0.4,89.0,91.2,0.2,-9.799999999999997,0.2,81.3,84.8,0.4,89.0,90.4,0.3,-7.700000000000003,0.10000000000000003,0.6666666666666666,0.0,0.6666666666666666,-1.0,-3.0,-6.200000000000003,-2.200000000000003,-4.0,1,2,0.5,1,1486.14,1461.2,24.94,10,13,-3,0
2021_1009_1791_134,2021-22,2021-10-09 00:00:00+00:00,Medi Bayreuth,NINERS Chemnitz,134,1791,88.4,78.4,0.8,80.8,83.8,0.6,7.6000000000000085,0.20000000000000007,84.4,82.7,0.5,77.7,86.4,0.4,6.700000000000003,0.09999999999999998,0.6666666666666666,0.6666666666666666,0.0,3.0,1.0,10.0,-3.0,13.0,2,2,1.0,1,1478.9,1479.13,-0.23,13,10,3,1
2021_1009_127_132,2021-22,2021-10-09 00:00:00+00:00,Bamberg Baskets,Ratiopharm Ulm,132,127,84.8,87.2,0.6,87.2,74.8,0.8,-2.4000000000000057,-0.20000000000000007,87.4,87.2,0.5,92.1,75.6,0.9,-4.699999999999989,-0.4,0.6666666666666666,0.6666666666666666,0.0,1.0,3.0,-2.4000000000000057,12.400000000000006,-14.800000000000011,2,2,1.0,1,1523.75,1556.45,-32.69,11,10,1,1
2021_1010_219_40,2021-22,2021-10-10 00:00:00+00:00,Basketball Loewen Braunschweig,FC Bayern Muenchen Basketball,40,219,92.6,85.2,0.8,77.6,93.0,0.2,15.0,0.6000000000000001,87.3,84.2,0.8,82.3,86.9,0.3,5.0,0.5,0.6666666666666666,0.0,0.6666666666666666,3.0,-3.0,7.3999999999999915,-15.400000000000006,22.799999999999997,1,2,0.5,1,1499.74,1564.1,-64.36,10,14,-4,0
2021_1010_3361_19629,2021-22,2021-10-10 00:00:00+00:00,Veolia Towers Hamburg,Fraport Skyliners Frankfurt,19629,3361,86.0,90.0,0.2,77.6,85.0,0.4,8.400000000000006,-0.2,86.0,86.3,0.4,75.7,86.3,0.3,10.299999999999997,0.10000000000000003,0.0,0.3333333333333333,-0.3333333333333333,-3.0,-1.0,-4.0,-7.400000000000006,3.4000000000000057,1,2,0.5,1,1497.38,1447.78,49.6,11,12,-1,1
2021_1010_450_2315,2021-22,2021-10-10 00:00:00+00:00,Merlins Crailsheim,SYNTAINICS MBC Weissenfels,2315,450,88.4,77.6,0.8,80.4,91.2,0.2,8.0,0.6000000000000001,87.1,80.5,0.7,80.8,88.7,0.3,6.299999999999997,0.39999999999999997,0.6666666666666666,0.3333333333333333,0.3333333333333333,3.0,-3.0,10.800000000000011,-10.799999999999997,21.60000000000001,1,2,0.5,1,1539.23,1430.29,108.94,11,10,1,0
2021_1010_41_10,2021-22,2021-10-10 00:00:00+00:00,ALBA Berlin,MHP Riesen Ludwigsburg,10,41,91.2,77.8,0.8,82.6,77.8,0.6,8.600000000000009,0.20000000000000007,89.0,79.0,0.7,89.8,78.4,0.7,-0.7999999999999972,0.0,0.6666666666666666,0.6666666666666666,0.0,3.0,1.0,13.400000000000006,4.799999999999997,8.600000000000009,1,2,0.5,1,1623.11,1582.71,40.4,12,10,2,0
2021_1015_1510_3361,2021-22,2021-10-15 00:00:00+00:00,Fraport Skyliners Frankfurt,Telekom Baskets Bonn,3361,1510,78.8,83.8,0.4,80.8,85.6,0.4,-2.0,0.0,72.9,85.3,0.2,80.6,84.7,0.4,-7.699999999999989,-0.2,0.0,0.6666666666666666,-0.6666666666666666,-1.0,-1.0,-5.0,-4.799999999999997,-0.20000000000000284,1,2,0.5,1,1441.84,1472.69,-30.86,5,6,-1,0
2021_1016_40_1791,2021-22,2021-10-16 00:00:00+00:00,NINERS Chemnitz,Basketball Loewen Braunschweig,1791,40,81.2,84.0,0.6,91.6,89.4,0.6,-10.399999999999991,0.0,78.0,86.8,0.4,86.8,85.5,0.7,-8.799999999999997,-0.29999999999999993,0.6666666666666666,0.3333333333333333,0.3333333333333333,1.0,1.0,-2.799999999999997,2.1999999999999886,-4.999999999999986,1,2,0.5,1,1471.92,1488.72,-16.8,7,6,1,1
2021_1016_214_41,2021-22,2021-10-16 00:00:00+00:00,MHP Riesen Ludwigsburg,BG Goettingen,41,214,79.6,75.6,0.6,88.8,88.8,0.4,-9.200000000000003,0.19999999999999996,88.2,76.5,0.7,89.9,89.5,0.4,-1.7000000000000028,0.29999999999999993,0.6666666666666666,0.3333333333333333,0.3333333333333333,1.0,-1.0,4.0,0.0,4.0,2,2,1.0,1,1596.54,1474.65,121.89,6,7,-1,0
2021_1016_2315_127,2021-22,2021-10-16 00:00:00+00:00,Ratiopharm Ulm,Merlins Crailsheim,127,2315,86.8,79.6,0.6,93.6,85.0,0.6,-6.799999999999997,0.0,91.3,79.3,0.8,89.1,83.3,0.6,2.200000000000003,0.20000000000000007,0.3333333333333333,0.3333333333333333,0.0,1.0,1.0,7.200000000000003,8.599999999999994,-1.3999999999999915,1,2,0.5,1,1548.36,1523.85,24.51,7,6,1,1
2021_1016_450_2745,2021-22,2021-10-16 00:00:00+00:00,FITOne Wuerzburg Baskets,SYNTAINICS MBC Weissenfels,2745,450,77.0,94.6,0.2,89.6,93.6,0.4,-12.599999999999994,-0.2,78.2,93.1,0.2,85.0,90.5,0.4,-6.799999999999997,-0.2,0.3333333333333333,0.6666666666666666,-0.3333333333333333,-3.0,-1.0,-17.599999999999994,-4.0,-13.599999999999994,0,2,0.0,1,1427.49,1445.67,-18.18,8,6,2,0
2021_1017_132_215,2021-22,2021-10-17 00:00:00+00:00,MLP Academics Heidelberg,Bamberg Baskets,215,132,77.66666666666667,69.66666666666667,1.0,83.8,85.8,0.6,-6.133333333333326,0.4,77.66666666666667,69.66666666666667,1.0,86.4,87.9,0.5,-8.733333333333334,0.5,1.0,1.0,0.0,3.0,1.0,8.0,-2.0,10.0,0,0,0.5,1,1525.44,1531.84,-6.4,8,8,0,0
2021_1017_219_133,2021-22,2021-10-17 00:00:00+00:00,46ers Giessen,FC Bayern Muenchen Basketball,133,219,84.4,88.0,0.2,84.4,89.0,0.4,0.0,-0.2,87.2,89.3,0.3,83.3,85.8,0.4,3.9000000000000057,-0.10000000000000003,0.3333333333333333,0.3333333333333333,0.0,-3.0,-1.0,-3.5999999999999943,-4.599999999999994,1.0,1,2,0.5,1,1425.96,1575.12,-149.16,8,7,1,0
2021_1017_19629_134,2021-22,2021-10-17 00:00:00+00:00,Medi Bayreuth,Veolia Towers Hamburg,134,19629,87.6,76.2,0.8,85.0,85.8,0.4,2.5999999999999943,0.4,83.5,82.0,0.5,85.9,85.9,0.4,-2.4000000000000057,0.09999999999999998,0.6666666666666666,0.3333333333333333,0.3333333333333333,3.0,-1.0,11.399999999999991,-0.7999999999999972,12.199999999999989,2,2,1.0,1,1486.1,1503.32,-17.22,8,7,1,0
2021_1017_1634_10,2021-22,2021-10-17 00:00:00+00:00,ALBA Berlin,EWE Baskets Oldenburg,10,1634,83.8,76.8,0.6,86.6,79.4,0.6,-2.799999999999997,0.0,88.4,78.9,0.7,83.7,81.8,0.5,4.700000000000003,0.19999999999999996,0.3333333333333333,0.3333333333333333,0.0,1.0,1.0,7.0,7.199999999999989,-0.19999999999998863,1,2,0.5,1,1609.27,1535.09,74.18,7,9,-2,1
2021_1022_1634_19629,2021-22,2021-10-22 00:00:00+00:00,Veolia Towers Hamburg,EWE Baskets Oldenburg,19629,1634,81.8,81.6,0.4,84.0,83.4,0.4,-2.200000000000003,0.0,85.6,85.5,0.4,83.7,83.0,0.5,1.8999999999999915,-0.09999999999999998,0.6666666666666666,0.3333333333333333,0.3333333333333333,-1.0,-1.0,0.20000000000000284,0.5999999999999943,-0.3999999999999915,1,2,0.5,1,1515.66,1529.72,-14.06,5,5,0,1
2021_1023_134_2315,2021-22,2021-10-23 00:00:00+00:00,Merlins Crailsheim,Medi Bayreuth,2315,134,89.8,89.0,0.4,81.8,77.6,0.6,8.0,-0.19999999999999996,88.5,84.4,0.6,84.3,81.4,0.5,4.200000000000003,0.09999999999999998,0.0,0.3333333333333333,-0.3333333333333333,-1.0,1.0,0.7999999999999972,4.200000000000003,-3.4000000000000057,1,2,0.5,1,1517.28,1473.76,43.52,7,6,1,1
2021_1023_133_450,2021-22,2021-10-23 00:00:00+00:00,SYNTAINICS MBC Weissenfels,46ers Giessen,450,133,92.6,91.4,0.6,79.2,82.4,0.2,13.399999999999991,0.39999999999999997,86.1,89.2,0.5,85.7,85.5,0.3,0.3999999999999915,0.2,1.0,0.0,1.0,1.0,-3.0,1.1999999999999886,-3.200000000000003,4.3999999999999915,2,2,1.0,1,1457.98,1417.36,40.62,7,6,1,0
2021_1023_40_132,2021-22,2021-10-23 00:00:00+00:00,Bamberg Baskets,Basketball Loewen Braunschweig,132,40,81.4,78.2,0.8,91.4,92.4,0.4,-10.0,0.4,83.7,84.7,0.6,88.1,84.1,0.7,-4.3999999999999915,-0.09999999999999998,1.0,0.0,1.0,3.0,-1.0,3.200000000000003,-1.0,4.200000000000003,1,2,0.5,1,1544.47,1481.07,63.4,6,7,-1,0
2021_1023_215_2745,2021-22,2021-10-23 00:00:00+00:00,FITOne Wuerzburg Baskets,MLP Academics Heidelberg,2745,215,75.0,96.8,0.2,75.25,70.25,0.75,-0.25,-0.55,78.2,93.0,0.2,75.25,70.25,0.75,2.950000000000003,-0.55,0.3333333333333333,0.6666666666666666,-0.3333333333333333,-3.0,2.0,-21.799999999999997,5.0,-26.799999999999997,0,0,0.5,1,1415.18,1512.81,-97.63,7,6,1,0
2021_1024_10_214,2021-22,2021-10-24 00:00:00+00:00,BG Goettingen,ALBA Berlin,214,10,83.2,85.8,0.4,86.4,76.0,0.6,-3.200000000000003,-0.19999999999999996,89.8,86.6,0.5,87.4,76.7,0.7,2.3999999999999915,-0.19999999999999996,0.6666666666666666,0.6666666666666666,0.0,-1.0,1.0,-2.5999999999999943,10.400000000000006,-13.0,0,2,0.0,1,1490.29,1614.64,-124.35,8,7,1,1
2021_1024_3361_219,2021-22,2021-10-24 00:00:00+00:00,FC Bayern Muenchen Basketball,Fraport Skyliners Frankfurt,219,3361,78.2,83.8,0.4,75.0,87.8,0.2,3.200000000000003,0.2,81.0,82.7,0.5,72.9,85.8,0.2,8.099999999999994,0.3,0.6666666666666666,0.0,0.6666666666666666,-1.0,-3.0,-5.599999999999994,-12.799999999999997,7.200000000000003,2,2,1.0,1,1583.71,1429.87,153.84,7,9,-2,1
2021_1024_41_1510,2021-22,2021-10-24 00:00:00+00:00,Telekom Baskets Bonn,MHP Riesen Ludwigsburg,1510,41,82.4,83.8,0.6,77.8,75.4,0.6,4.6000000000000085,0.0,80.5,81.7,0.5,84.4,77.2,0.6,-3.9000000000000057,-0.09999999999999998,0.6666666666666666,0.3333333333333333,0.3333333333333333,1.0,1.0,-1.3999999999999915,2.3999999999999915,-3.799999999999983,0,2,0.0,1,1484.66,1580.9,-96.24,9,8,1,0
2021_1024_1791_127,2021-22,2021-10-24 00:00:00+00:00,Ratiopharm Ulm,NINERS Chemnitz,127,1791,85.8,81.0,0.6,83.0,84.2,0.6,2.799999999999997,0.0,89.7,78.5,0.8,80.0,86.7,0.5,9.700000000000003,0.30000000000000004,0.3333333333333333,0.6666666666666666,-0.3333333333333333,1.0,1.0,4.799999999999997,-1.2000000000000028,6.0,2,2,1.0,1,1554.92,1479.57,75.35,8,8,0,1
2021_1029_19629_215,2021-22,2021-10-29 00:00:00+00:00,MLP Academics Heidelberg,Veolia Towers Hamburg,215,19629,75.4,70.4,0.8,79.8,77.8,0.6,-4.3999999999999915,0.20000000000000007,75.4,70.4,0.8,83.8,83.4,0.5,-8.399999999999991,0.30000000000000004,0.6666666666666666,1.0,-0.33333333333333337,3.0,1.0,5.0,2.0,3.0,0,0,0.5,1,1522.87,1523.23,-0.36,6,7,-1,0
2021_1030_450_41,2021-22,2021-10-30 00:00:00+00:00,MHP Riesen Ludwigsburg,SYNTAINICS MBC Weissenfels,41,450,77.8,77.2,0.6,94.4,94.0,0.6,-16.60000000000001,0.0,84.6,77.8,0.6,86.0,91.5,0.4,-1.4000000000000057,0.19999999999999996,0.6666666666666666,0.6666666666666666,0.0,1.0,1.0,0.5999999999999943,0.4000000000000057,0.19999999999998863,2,2,1.0,1,1591.01,1444.14,146.87,6,7,-1,1
2021_1030_127_3361,2021-22,2021-10-30 00:00:00+00:00,Fraport Skyliners Frankfurt,Ratiopharm Ulm,3361,127,65.8,85.6,0.0,83.2,80.4,0.6,-17.400000000000006,-0.6,71.0,83.0,0.2,87.9,77.0,0.8,-16.900000000000006,-0.6000000000000001,0.0,0.6666666666666666,-0.6666666666666666,-5.0,1.0,-19.799999999999997,2.799999999999997,-22.599999999999994,0,2,0.0,1,1426.11,1560.26,-134.16,6,6,0,1
2021_1030_1510_1791,2021-22,2021-10-30 00:00:00+00:00,NINERS Chemnitz,Telekom Baskets Bonn,1791,1510,82.4,82.2,0.6,83.4,83.2,0.6,-1.0,0.0,78.0,85.1,0.4,82.0,81.9,0.5,-4.0,-0.09999999999999998,0.3333333333333333,0.3333333333333333,0.0,1.0,1.0,0.20000000000000284,0.20000000000000284,0.0,1,2,0.5,1,1474.23,1474.55,-0.32,6,6,0,0
2021_1030_2315_40,2021-22,2021-10-30 00:00:00+00:00,Basketball Loewen Braunschweig,Merlins Crailsheim,40,2315,88.8,91.0,0.4,91.6,89.8,0.4,-2.799999999999997,0.0,88.4,84.3,0.7,88.6,84.5,0.6,-0.19999999999998863,0.09999999999999998,0.3333333333333333,0.3333333333333333,0.0,-1.0,-1.0,-2.200000000000003,1.7999999999999972,-4.0,0,2,0.0,1,1495.45,1523.37,-27.92,7,7,0,0
2021_1031_134_219,2021-22,2021-10-31 00:00:00+00:00,FC Bayern Muenchen Basketball,Medi Bayreuth,219,134,81.0,74.2,0.6,80.6,83.2,0.4,0.4000000000000057,0.19999999999999996,80.5,81.5,0.5,82.9,80.3,0.5,-2.4000000000000057,0.0,1.0,0.3333333333333333,0.6666666666666667,1.0,-1.0,6.799999999999997,-2.6000000000000085,9.400000000000006,2,2,1.0,1,1587.48,1467.67,119.81,7,8,-1,1
2021_1031_214_1634,2021-22,2021-10-31 00:00:00+00:00,EWE Baskets Oldenburg,BG Goettingen,1634,214,79.8,83.8,0.2,77.2,77.8,0.6,2.5999999999999943,-0.39999999999999997,81.4,81.0,0.4,86.7,85.2,0.5,-5.299999999999997,-0.09999999999999998,0.0,1.0,-1.0,-3.0,1.0,-4.0,-0.5999999999999943,-3.4000000000000057,2,2,1.0,1,1522.14,1500.99,21.16,9,7,2,0
2021_1031_2745_133,2021-22,2021-10-31 00:00:00+00:00,46ers Giessen,FITOne Wuerzburg Baskets,133,2745,81.0,78.0,0.4,76.0,93.0,0.2,5.0,0.2,86.1,83.4,0.4,77.1,92.8,0.1,9.0,0.30000000000000004,0.3333333333333333,0.3333333333333333,0.0,-1.0,-3.0,3.0,-17.0,20.0,0,2,0.0,1,1431.2,1405.11,26.09,8,8,0,0
2021_1031_132_10,2021-22,2021-10-31 00:00:00+00:00,ALBA Berlin,Bamberg Baskets,10,132,80.0,72.8,0.4,84.2,80.8,0.8,-4.200000000000003,-0.4,85.1,74.5,0.7,84.3,85.5,0.6,0.7999999999999972,0.09999999999999998,0.3333333333333333,0.6666666666666666,-0.3333333333333333,-1.0,3.0,7.200000000000003,3.4000000000000057,3.799999999999997,1,2,0.5,1,1603.94,1530.09,73.85,7,8,-1,1
2021_1102_2745_219,2021-22,2021-11-02 00:00:00+00:00,FC Bayern Muenchen Basketball,FITOne Wuerzburg Baskets,219,2745,83.0,71.6,0.8,80.0,87.8,0.4,3.0,0.4,80.9,80.8,0.6,77.0,90.2,0.2,3.9000000000000057,0.39999999999999997,1.0,0.3333333333333333,0.6666666666666667,3.0,-1.0,11.400000000000006,-7.799999999999997,19.200000000000003,2,2,1.0,1,1591.88,1418.59,173.29,2,2,0,0
2021_1105_41_1791,2021-22,2021-11-05 00:00:00+00:00,NINERS Chemnitz,MHP Riesen Ludwigsburg,1791,41,80.0,81.8,0.4,77.8,75.8,0.6,2.200000000000003,-0.19999999999999996,78.5,84.1,0.4,82.8,78.9,0.6,-4.299999999999997,-0.19999999999999996,0.3333333333333333,0.6666666666666666,-0.3333333333333333,-1.0,1.0,-1.7999999999999972,2.0,-3.799999999999997,0,2,0.0,1,1461.44,1594.9,-133.46,6,6,0,1
2021_1106_133_2315,2021-22,2021-11-06 00:00:00+00:00,Merlins Crailsheim,46ers Giessen,2315,133,87.8,91.0,0.4,77.6,79.6,0.2,10.200000000000003,0.2,88.0,85.4,0.6,85.0,82.7,0.4,3.0,0.19999999999999996,0.6666666666666666,0.3333333333333333,0.3333333333333333,-1.0,-3.0,-3.200000000000003,-2.0,-1.2000000000000028,2,2,1.0,1,1535.42,1417.72,117.69,7,6,1,1
2021_1106_215_134,2021-22,2021-11-06 00:00:00+00:00,Medi Bayreuth,MLP Academics Heidelberg,134,215,76.4,81.6,0.2,73.4,71.8,0.6,3.0,-0.39999999999999997,81.4,79.1,0.5,75.33333333333333,72.16666666666667,0.6666666666666666,6.066666666666677,-0.16666666666666663,0.0,0.3333333333333333,-0.3333333333333333,-3.0,1.0,-5.199999999999989,1.6000000000000085,-6.799999999999997,0,0,0.5,1,1463.27,1510.08,-46.81,6,8,-2,1
2021_1106_40_127,2021-22,2021-11-06 00:00:00+00:00,Ratiopharm Ulm,Basketball Loewen Braunschweig,127,40,82.0,81.4,0.4,89.0,94.2,0.2,-7.0,0.2,86.6,78.3,0.7,89.7,87.1,0.6,-3.1000000000000085,0.09999999999999998,0.6666666666666666,0.3333333333333333,0.3333333333333333,-1.0,-3.0,0.5999999999999943,-5.200000000000003,5.799999999999997,1,2,0.5,1,1549.28,1483.41,65.88,7,7,0,1
2021_1106_1510_2745,2021-22,2021-11-06 00:00:00+00:00,FITOne Wuerzburg Baskets,Telekom Baskets Bonn,2745,1510,81.2,79.6,0.6,81.0,79.4,0.6,0.20000000000000284,0.0,78.0,88.2,0.3,81.0,82.4,0.5,-3.0,-0.2,0.6666666666666666,0.6666666666666666,0.0,1.0,1.0,1.6000000000000085,1.5999999999999943,1.4210854715202004e-14,1,2,0.5,1,1435.15,1487.34,-52.19,4,7,-3,0
2021_1107_10_450,2021-22,2021-11-07 00:00:00+00:00,SYNTAINICS MBC Weissenfels,ALBA Berlin,450,10,95.6,94.6,0.6,83.0,73.0,0.6,12.599999999999994,0.0,85.5,90.4,0.4,85.2,77.2,0.7,0.29999999999999716,-0.29999999999999993,0.3333333333333333,0.6666666666666666,-0.3333333333333333,1.0,1.0,1.0,10.0,-9.0,0,2,0.0,1,1440.25,1609.32,-169.06,8,7,1,0
2021_1107_3361_132,2021-22,2021-11-07 00:00:00+00:00,Bamberg Baskets,Fraport Skyliners Frankfurt,132,3361,85.6,85.8,0.6,68.2,83.8,0.2,17.39999999999999,0.39999999999999997,83.8,86.3,0.5,72.5,82.5,0.3,11.299999999999997,0.2,0.3333333333333333,0.3333333333333333,0.0,1.0,-3.0,-0.20000000000000284,-15.599999999999994,15.399999999999991,2,2,1.0,1,1524.71,1437.09,87.62,7,8,-1,1
2021_1107_19629_214,2021-22,2021-11-07 00:00:00+00:00,BG Goettingen,Veolia Towers Hamburg,214,19629,80.8,75.2,0.8,78.6,75.2,0.8,2.200000000000003,0.0,86.3,85.2,0.5,82.4,82.6,0.5,3.8999999999999915,0.0,1.0,1.0,0.0,3.0,3.0,5.599999999999994,3.3999999999999915,2.200000000000003,0,2,0.0,1,1514.34,1536.03,-21.68,7,9,-2,0
2021_1107_219_1634,2021-22,2021-11-07 00:00:00+00:00,EWE Baskets Oldenburg,FC Bayern Muenchen Basketball,1634,219,81.2,87.0,0.2,80.4,72.4,0.8,0.7999999999999972,-0.6000000000000001,82.4,81.2,0.4,79.0,82.7,0.5,3.4000000000000057,-0.09999999999999998,0.0,0.6666666666666666,-0.6666666666666666,-3.0,3.0,-5.799999999999997,8.0,-13.799999999999997,1,2,0.5,1,1508.79,1575.32,-66.52,7,5,2,0
2021_1112_1634_132,2021-22,2021-11-12 00:00:00+00:00,Bamberg Baskets,EWE Baskets Oldenburg,132,1634,83.2,82.8,0.6,80.8,89.8,0.0,2.4000000000000057,0.6,84.0,85.0,0.6,82.2,84.6,0.3,1.7999999999999972,0.3,0.3333333333333333,0.0,0.3333333333333333,1.0,-5.0,0.4000000000000057,-9.0,9.400000000000006,0,2,0.0,1,1529.78,1497.83,31.95,5,5,0,0
2021_1119_132_1510,2021-22,2021-11-19 00:00:00+00:00,Telekom Baskets Bonn,Bamberg Baskets,1510,132,83.2,80.6,0.6,78.6,83.6,0.4,4.6000000000000085,0.19999999999999996,81.2,83.0,0.5,81.2,84.7,0.5,0.0,0.0,0.6666666666666666,0.3333333333333333,0.3333333333333333,1.0,-1.0,2.6000000000000085,-5.0,7.6000000000000085,0,2,0.0,1,1498.71,1516.16,-17.45,13,7,6,1
2021_1120_40_41,2021-22,2021-11-20 00:00:00+00:00,MHP Riesen Ludwigsburg,Basketball Loewen Braunschweig,41,40,79.2,76.4,0.6,84.0,91.0,0.2,-4.799999999999997,0.39999999999999997,80.9,77.1,0.6,88.3,88.1,0.5,-7.3999999999999915,0.09999999999999998,0.6666666666666666,0.3333333333333333,0.3333333333333333,1.0,-3.0,2.799999999999997,-7.0,9.799999999999997,2,2,1.0,1,1583.94,1477.85,106.09,15,14,1,1
2021_1120_134_450,2021-22,2021-11-20 00:00:00+00:00,SYNTAINICS MBC Weissenfels,Medi Bayreuth,450,134,88.8,92.8,0.4,79.4,81.8,0.4,9.399999999999991,0.0,84.6,92.0,0.3,83.9,80.1,0.6,0.6999999999999886,-0.3,0.0,0.3333333333333333,-0.3333333333333333,-1.0,-1.0,-4.0,-2.3999999999999915,-1.6000000000000085,0,2,0.0,1,1432.21,1471.75,-39.54,13,14,-1,0
2021_1120_2315_19629,2021-22,2021-11-20 00:00:00+00:00,Veolia Towers Hamburg,Merlins Crailsheim,19629,2315,78.8,66.4,1.0,92.8,88.6,0.6,-14.0,0.4,82.4,78.2,0.6,90.6,83.1,0.7,-8.199999999999989,-0.09999999999999998,1.0,1.0,0.0,5.0,1.0,12.399999999999991,4.200000000000003,8.199999999999989,1,2,0.5,1,1548.24,1539.86,8.38,13,14,-1,0
2021_1120_1634_133,2021-22,2021-11-20 00:00:00+00:00,46ers Giessen,EWE Baskets Oldenburg,133,1634,74.2,82.6,0.2,80.6,86.0,0.2,-6.3999999999999915,0.0,82.5,86.0,0.3,83.6,82.7,0.4,-1.0999999999999943,-0.10000000000000003,0.3333333333333333,0.3333333333333333,0.0,-3.0,-3.0,-8.399999999999991,-5.400000000000006,-2.999999999999986,1,2,0.5,1,1413.28,1511.46,-98.18,14,8,6,1
2021_1121_1791_215,2021-22,2021-11-21 00:00:00+00:00,MLP Academics Heidelberg,NINERS Chemnitz,215,1791,76.2,76.2,0.4,77.2,80.2,0.4,-1.0,0.0,77.0,74.57142857142857,0.5714285714285714,79.0,82.0,0.5,-2.0,0.0714285714285714,0.3333333333333333,0.3333333333333333,0.0,-1.0,-1.0,0.0,-3.0,3.0,0,0,0.5,1,1501.6,1472.4,29.2,15,16,-1,0
2021_1121_214_219,2021-22,2021-11-21 00:00:00+00:00,FC Bayern Muenchen Basketball,BG Goettingen,219,214,79.8,72.4,0.8,74.8,75.4,0.8,5.0,0.0,82.1,80.7,0.6,81.9,83.3,0.5,0.19999999999998863,0.09999999999999998,0.6666666666666666,0.6666666666666666,0.0,3.0,3.0,7.3999999999999915,-0.6000000000000085,8.0,2,2,1.0,1,1586.28,1502.13,84.15,14,14,0,1
2021_1121_2745_3361,2021-22,2021-11-21 00:00:00+00:00,Fraport Skyliners Frankfurt,FITOne Wuerzburg Baskets,3361,2745,70.0,79.0,0.2,79.0,79.4,0.4,-9.0,-0.2,73.8,82.0,0.3,78.0,87.0,0.3,-4.200000000000003,0.0,0.3333333333333333,0.6666666666666666,-0.3333333333333333,-3.0,-1.0,-9.0,-0.4000000000000057,-8.599999999999994,1,2,0.5,1,1432.02,1423.78,8.23,14,15,-1,1
2021_1121_127_10,2021-22,2021-11-21 00:00:00+00:00,ALBA Berlin,Ratiopharm Ulm,10,127,81.2,74.8,0.6,85.4,81.4,0.6,-4.200000000000003,0.0,86.2,76.3,0.7,86.3,78.1,0.7,-0.09999999999999432,0.0,0.6666666666666666,0.6666666666666666,0.0,1.0,1.0,6.400000000000006,4.0,2.4000000000000057,2,2,1.0,1,1617.35,1554.84,62.51,14,15,-1,1
2021_1203_133_127,2021-22,2021-12-03 00:00:00+00:00,Ratiopharm Ulm,46ers Giessen,127,133,82.0,76.8,0.6,75.6,82.0,0.4,6.400000000000006,0.19999999999999996,84.4,78.2,0.6,80.0,85.0,0.3,4.400000000000006,0.3,0.3333333333333333,0.3333333333333333,0.0,1.0,-1.0,5.200000000000003,-6.400000000000006,11.600000000000009,2,2,1.0,1,1549.21,1423.23,125.98,12,13,-1,1
2021_1204_132_134,2021-22,2021-12-04 00:00:00+00:00,Medi Bayreuth,Bamberg Baskets,134,132,82.2,81.0,0.4,80.2,90.0,0.2,2.0,0.2,84.9,78.6,0.6,80.8,84.1,0.5,4.1000000000000085,0.09999999999999998,0.6666666666666666,0.3333333333333333,0.3333333333333333,-1.0,-3.0,1.2000000000000028,-9.799999999999997,11.0,1,2,0.5,1,1483.48,1508.49,-25.01,14,15,-1,1
2021_1204_215_214,2021-22,2021-12-04 00:00:00+00:00,BG Goettingen,MLP Academics Heidelberg,214,215,70.0,75.2,0.6,74.0,76.0,0.2,-4.0,0.39999999999999997,79.4,82.0,0.5,75.375,73.625,0.5,4.025000000000006,0.0,0.3333333333333333,0.0,0.3333333333333333,1.0,-3.0,-5.200000000000003,-2.0,-3.200000000000003,0,0,0.5,1,1496.98,1488.04,8.93,13,13,0,1
2021_1204_1510_1634,2021-22,2021-12-04 00:00:00+00:00,EWE Baskets Oldenburg,Telekom Baskets Bonn,1634,1510,80.2,82.6,0.2,87.0,78.6,0.8,-6.799999999999997,-0.6000000000000001,82.1,83.0,0.3,83.9,82.1,0.6,-1.8000000000000114,-0.3,0.3333333333333333,1.0,-0.6666666666666667,-3.0,3.0,-2.3999999999999915,8.400000000000006,-10.799999999999997,2,2,1.0,1,1501.51,1506.38,-4.87,14,15,-1,0
2021_1204_450_219,2021-22,2021-12-04 00:00:00+00:00,FC Bayern Muenchen Basketball,SYNTAINICS MBC Weissenfels,219,450,81.6,72.8,0.8,79.2,90.6,0.2,2.3999999999999915,0.6000000000000001,79.9,78.3,0.6,84.4,92.1,0.3,-4.5,0.3,0.6666666666666666,0.0,0.6666666666666666,3.0,-3.0,8.799999999999997,-11.399999999999991,20.19999999999999,2,2,1.0,1,1591.42,1420.49,170.93,13,14,-1,1
2021_1205_3361_2315,2021-22,2021-12-05 00:00:00+00:00,Merlins Crailsheim,Fraport Skyliners Frankfurt,2315,3361,88.6,80.0,0.8,73.8,79.8,0.4,14.799999999999997,0.4,91.1,82.5,0.7,76.3,81.8,0.4,14.799999999999997,0.29999999999999993,1.0,0.6666666666666666,0.33333333333333337,3.0,-1.0,8.599999999999994,-6.0,14.599999999999994,1,2,0.5,1,1552.88,1439.0,113.89,15,14,1,0
2021_1205_19629_40,2021-22,2021-12-05 00:00:00+00:00,Basketball Loewen Braunschweig,Veolia Towers Hamburg,40,19629,84.0,90.0,0.2,78.6,71.6,0.8,5.400000000000006,-0.6000000000000001,87.8,89.7,0.4,81.8,78.7,0.6,6.0,-0.19999999999999996,0.0,0.6666666666666666,-0.6666666666666666,-3.0,3.0,-6.0,7.0,-13.0,0,2,0.0,1,1473.17,1535.22,-62.05,15,15,0,0
2021_1205_41_2745,2021-22,2021-12-05 00:00:00+00:00,FITOne Wuerzburg Baskets,MHP Riesen Ludwigsburg,2745,41,80.0,77.0,0.4,82.6,80.0,0.6,-2.5999999999999943,-0.19999999999999996,77.5,86.9,0.3,81.1,77.8,0.6,-3.5999999999999943,-0.3,0.3333333333333333,0.6666666666666666,-0.3333333333333333,-1.0,1.0,3.0,2.5999999999999943,0.4000000000000057,0,2,0.0,1,1416.8,1588.62,-171.82,14,15,-1,0
2021_1205_10_1791,2021-22,2021-12-05 00:00:00+00:00,NINERS Chemnitz,ALBA Berlin,1791,10,76.2,75.8,0.6,83.0,73.2,0.8,-6.799999999999997,-0.20000000000000007,78.7,79.9,0.6,83.4,75.0,0.7,-4.700000000000003,-0.09999999999999998,0.6666666666666666,1.0,-0.33333333333333337,1.0,3.0,0.4000000000000057,9.799999999999997,-9.399999999999991,0,2,0.0,1,1485.95,1622.99,-137.04,14,14,0,0
2021_1206_219_215,2021-22,2021-12-06 00:00:00+00:00,MLP Academics Heidelberg,FC Bayern Muenchen Basketball,215,219,76.4,80.8,0.2,82.4,76.4,0.8,-6.0,-0.6000000000000001,75.88888888888889,76.11111111111111,0.4444444444444444,81.7,75.3,0.7,-5.811111111111117,-0.25555555555555554,0.0,1.0,-1.0,-3.0,3.0,-4.3999999999999915,6.0,-10.399999999999991,0,0,0.5,1,1481.08,1594.9,-113.82,2,2,0,0
2021_1210_1510_215,2021-22,2021-12-10 00:00:00+00:00,MLP Academics Heidelberg,Telekom Baskets Bonn,215,1510,75.4,82.0,0.0,85.4,78.6,0.8,-10.0,-0.8,75.4,76.2,0.4,83.9,81.2,0.7,-8.5,-0.29999999999999993,0.0,1.0,-1.0,-5.0,3.0,-6.599999999999994,6.800000000000011,-13.400000000000006,0,0,0.5,1,1471.48,1519.05,-47.57,4,6,-2,0
2021_1211_134_3361,2021-22,2021-12-11 00:00:00+00:00,Fraport Skyliners Frankfurt,Medi Bayreuth,3361,134,74.6,77.2,0.6,85.6,82.4,0.6,-11.0,0.0,74.8,82.5,0.4,83.7,80.0,0.6,-8.900000000000006,-0.19999999999999996,0.6666666666666666,1.0,-0.33333333333333337,1.0,1.0,-2.6000000000000085,3.1999999999999886,-5.799999999999997,1,2,0.5,1,1454.48,1491.35,-36.87,6,7,-1,0
2021_1211_1791_133,2021-22,2021-12-11 00:00:00+00:00,46ers Giessen,NINERS Chemnitz,133,1791,78.0,85.2,0.4,70.0,75.6,0.4,8.0,0.0,78.6,83.8,0.3,76.5,79.9,0.5,2.0999999999999943,-0.2,0.3333333333333333,0.6666666666666666,-0.3333333333333333,-1.0,-1.0,-7.200000000000003,-5.599999999999994,-1.6000000000000085,1,2,0.5,1,1418.95,1477.01,-58.07,8,6,2,0
2021_1211_2315_41,2021-22,2021-12-11 00:00:00+00:00,MHP Riesen Ludwigsburg,Merlins Crailsheim,41,2315,85.4,78.0,0.8,89.0,77.4,0.8,-3.5999999999999943,0.0,81.6,76.7,0.7,89.4,83.2,0.6,-7.800000000000011,0.09999999999999998,0.6666666666666666,0.6666666666666666,0.0,3.0,3.0,7.400000000000006,11.599999999999994,-4.199999999999989,1,2,0.5,1,1596.58,1537.4,59.18,6,6,0,0
2021_1211_214_450,2021-22,2021-12-11 00:00:00+00:00,SYNTAINICS MBC Weissenfels,BG Goettingen,450,214,73.8,92.4,0.0,73.6,77.4,0.6,0.20000000000000284,-0.6,83.2,91.9,0.3,78.4,81.6,0.5,4.799999999999997,-0.2,0.0,0.3333333333333333,-0.3333333333333333,-5.0,1.0,-18.60000000000001,-3.8000000000000114,-14.799999999999997,1,2,0.5,1,1417.02,1503.94,-86.92,7,7,0,0
2021_1212_2745_40,2021-22,2021-12-12 00:00:00+00:00,Basketball Loewen Braunschweig,FITOne Wuerzburg Baskets,40,2745,85.6,92.0,0.2,79.4,78.4,0.4,6.199999999999989,-0.2,88.5,92.2,0.3,77.7,85.7,0.3,10.799999999999997,0.0,0.0,0.0,0.0,-3.0,-1.0,-6.400000000000006,1.0,-7.400000000000006,2,2,1.0,1,1462.08,1408.84,53.24,7,7,0,1
2021_1212_127_19629,2021-22,2021-12-12 00:00:00+00:00,Veolia Towers Hamburg,Ratiopharm Ulm,19629,127,83.8,76.0,0.8,80.8,77.8,0.6,3.0,0.20000000000000007,82.8,78.8,0.6,83.3,79.4,0.6,-0.5,0.0,0.6666666666666666,0.6666666666666666,0.0,3.0,1.0,7.799999999999997,3.0,4.799999999999997,0,2,0.0,1,1546.31,1553.49,-7.18,7,9,-2,0
2021_1212_10_219,2021-22,2021-12-12 00:00:00+00:00,FC Bayern Muenchen Basketball,ALBA Berlin,219,10,80.4,75.0,0.8,81.2,70.8,0.8,-0.7999999999999972,0.0,81.7,73.3,0.8,83.8,73.4,0.7,-2.0999999999999943,0.10000000000000009,1.0,1.0,0.0,3.0,3.0,5.400000000000006,10.400000000000006,-5.0,0,2,0.0,1,1604.5,1631.93,-27.43,6,7,-1,1
2021_1215_41_3361,2021-22,2021-12-15 00:00:00+00:00,Fraport Skyliners Frankfurt,MHP Riesen Ludwigsburg,3361,41,79.0,78.6,0.6,79.4,75.2,0.6,-0.4000000000000057,0.0,72.4,82.1,0.3,78.6,76.2,0.6,-6.199999999999989,-0.3,0.6666666666666666,0.6666666666666666,0.0,1.0,1.0,0.4000000000000057,4.200000000000003,-3.799999999999997,0,2,0.0,1,1442.68,1582.29,-139.61,4,4,0,0
2021_1217_40_134,2021-22,2021-12-17 00:00:00+00:00,Medi Bayreuth,Basketball Loewen Braunschweig,134,40,87.8,79.6,0.8,85.0,92.4,0.2,2.799999999999997,0.6000000000000001,84.2,81.4,0.6,86.9,91.7,0.3,-2.700000000000003,0.3,1.0,0.3333333333333333,0.6666666666666667,3.0,-3.0,8.200000000000003,-7.400000000000006,15.600000000000009,0,2,0.0,1,1503.15,1467.94,35.21,6,5,1,0
2021_1218_2745_19629,2021-22,2021-12-18 00:00:00+00:00,Veolia Towers Hamburg,FITOne Wuerzburg Baskets,19629,2745,82.8,76.2,0.6,80.2,82.0,0.2,2.5999999999999943,0.39999999999999997,81.3,77.0,0.6,80.1,84.9,0.3,1.2000000000000028,0.3,0.3333333333333333,0.0,0.3333333333333333,1.0,-3.0,6.599999999999994,-1.7999999999999972,8.399999999999991,2,2,1.0,1,1533.7,1402.99,130.71,6,6,0,1
2021_1218_133_1510,2021-22,2021-12-18 00:00:00+00:00,Telekom Baskets Bonn,46ers Giessen,1510,133,85.6,74.4,1.0,73.0,85.4,0.2,12.599999999999994,0.8,84.5,78.8,0.8,77.0,81.7,0.3,7.5,0.5,1.0,0.3333333333333333,0.6666666666666667,5.0,-3.0,11.199999999999989,-12.400000000000006,23.599999999999994,2,2,1.0,1,1530.55,1407.75,122.8,8,7,1,1
2021_1218_214_2315,2021-22,2021-12-18 00:00:00+00:00,Merlins Crailsheim,BG Goettingen,2315,214,86.2,74.8,0.8,78.8,83.6,0.6,7.400000000000006,0.20000000000000007,88.9,82.3,0.6,78.0,80.7,0.6,10.900000000000006,0.0,0.6666666666666666,0.6666666666666666,0.0,3.0,1.0,11.400000000000006,-4.799999999999997,16.200000000000003,2,2,1.0,1,1551.69,1514.32,37.37,7,7,0,0
2021_1218_1791_132,2021-22,2021-12-18 00:00:00+00:00,Bamberg Baskets,NINERS Chemnitz,132,1791,80.2,89.4,0.2,70.8,74.4,0.6,9.400000000000006,-0.39999999999999997,82.2,85.1,0.5,76.6,78.3,0.6,5.6000000000000085,-0.09999999999999998,0.0,0.6666666666666666,-0.6666666666666666,-3.0,1.0,-9.200000000000003,-3.6000000000000085,-5.599999999999994,1,2,0.5,1,1500.61,1488.22,12.4,14,7,7,0
2021_1218_1634_127,2021-22,2021-12-18 00:00:00+00:00,Ratiopharm Ulm,EWE Baskets Oldenburg,127,1634,80.2,77.0,0.6,80.0,82.4,0.2,0.20000000000000284,0.39999999999999997,81.7,78.7,0.6,79.9,83.1,0.2,1.7999999999999972,0.39999999999999997,0.6666666666666666,0.3333333333333333,0.3333333333333333,1.0,-3.0,3.200000000000003,-2.4000000000000057,5.6000000000000085,1,2,0.5,1,1566.1,1488.84,77.26,6,14,-8,1
2021_1219_3361_450,2021-22,2021-12-19 00:00:00+00:00,SYNTAINICS MBC Weissenfels,Fraport Skyliners Frankfurt,450,3361,75.6,90.6,0.0,74.8,81.6,0.4,0.7999999999999972,-0.4,85.0,92.3,0.3,71.5,82.7,0.3,13.5,0.0,0.0,0.3333333333333333,-0.3333333333333333,-5.0,-1.0,-15.0,-6.799999999999997,-8.200000000000003,1,2,0.5,1,1406.64,1433.82,-27.17,8,4,4,1
2021_1219_215_10,2021-22,2021-12-19 00:00:00+00:00,ALBA Berlin,MLP Academics Heidelberg,10,215,84.0,73.8,0.8,74.4,83.2,0.0,9.599999999999994,0.8,82.0,73.3,0.6,73.9,77.5,0.3,8.099999999999994,0.3,0.6666666666666666,0.0,0.6666666666666666,3.0,-5.0,10.200000000000003,-8.799999999999997,19.0,0,0,0.5,1,1623.99,1459.98,164.01,7,9,-2,1
2021_1219_219_41,2021-22,2021-12-19 00:00:00+00:00,MHP Riesen Ludwigsburg,FC Bayern Muenchen Basketball,41,219,80.8,72.6,0.6,82.4,71.6,1.0,-1.6000000000000085,-0.4,79.3,74.2,0.6,81.4,72.0,0.9,-2.1000000000000085,-0.30000000000000004,0.6666666666666666,1.0,-0.33333333333333337,1.0,5.0,8.200000000000003,10.800000000000011,-2.6000000000000085,1,2,0.5,1,1591.16,1612.44,-21.28,4,7,-3,0
2021_1222_134_1510,2021-22,2021-12-22 00:00:00+00:00,Telekom Baskets Bonn,Medi Bayreuth,1510,134,91.0,80.0,1.0,84.6,82.0,0.8,6.400000000000006,0.19999999999999996,86.0,79.7,0.8,80.5,81.8,0.5,5.5,0.30000000000000004,1.0,0.6666666666666666,0.33333333333333337,5.0,3.0,11.0,2.5999999999999943,8.400000000000006,0,2,0.0,1,1534.89,1489.44,45.45,4,5,-1,1
2021_1223_2315_132,2021-22,2021-12-23 00:00:00+00:00,Bamberg Baskets,Merlins Crailsheim,132,2315,81.2,90.4,0.2,83.0,73.4,0.6,-1.7999999999999972,-0.39999999999999997,83.4,88.1,0.4,85.4,82.2,0.5,-2.0,-0.09999999999999998,0.0,0.3333333333333333,-0.3333333333333333,-3.0,1.0,-9.200000000000003,9.599999999999994,-18.799999999999997,0,2,0.0,1,1487.49,1537.93,-50.44,5,5,0,0
2021_1223_40_133,2021-22,2021-12-23 00:00:00+00:00,46ers Giessen,Basketball Loewen Braunschweig,133,40,78.2,89.6,0.2,86.8,86.4,0.4,-8.599999999999994,-0.2,77.9,84.6,0.2,87.9,90.3,0.3,-10.0,-0.09999999999999998,0.0,0.6666666666666666,-0.6666666666666666,-3.0,-1.0,-11.399999999999991,0.3999999999999915,-11.799999999999983,0,2,0.0,1,1403.4,1481.64,-78.24,5,6,-1,0
2021_1226_19629_133,2021-22,2021-12-26 00:00:00+00:00,46ers Giessen,Veolia Towers Hamburg,133,19629,78.0,83.0,0.2,86.6,78.8,0.6,-8.599999999999994,-0.39999999999999997,76.1,82.8,0.2,82.6,77.0,0.7,-6.5,-0.49999999999999994,0.0,0.6666666666666666,-0.6666666666666666,-3.0,1.0,-5.0,7.799999999999997,-12.799999999999997,0,2,0.0,1,1392.78,1537.89,-145.11,3,8,-5,0
2021_1226_1510_450,2021-22,2021-12-26 00:00:00+00:00,SYNTAINICS MBC Weissenfels,Telekom Baskets Bonn,450,1510,77.4,86.6,0.2,92.8,78.4,1.0,-15.399999999999991,-0.8,86.5,90.6,0.4,88.0,79.5,0.8,-1.5,-0.4,0.3333333333333333,1.0,-0.6666666666666667,-3.0,5.0,-9.199999999999989,14.399999999999991,-23.59999999999998,0,2,0.0,1,1414.58,1540.93,-126.36,7,4,3,0
2021_1226_2315_219,2021-22,2021-12-26 00:00:00+00:00,FC Bayern Muenchen Basketball,Merlins Crailsheim,219,2315,79.6,71.2,1.0,80.8,75.2,0.6,-1.2000000000000028,0.4,79.7,71.8,0.9,86.8,81.9,0.6,-7.099999999999994,0.30000000000000004,1.0,0.6666666666666666,0.33333333333333337,5.0,1.0,8.399999999999991,5.599999999999994,2.799999999999997,1,2,0.5,1,1624.67,1549.35,75.32,7,3,4,0
2021_1227_134_10,2021-22,2021-12-27 00:00:00+00:00,ALBA Berlin,Medi Bayreuth,10,134,80.4,72.2,0.8,81.0,83.8,0.6,-0.5999999999999943,0.20000000000000007,81.7,72.6,0.7,80.2,82.8,0.5,1.5,0.19999999999999996,0.6666666666666666,0.3333333333333333,0.3333333333333333,3.0,1.0,8.200000000000003,-2.799999999999997,11.0,2,2,1.0,1,1627.58,1483.4,144.18,8,5,3,1
2021_1227_3361_1791,2021-22,2021-12-27 00:00:00+00:00,NINERS Chemnitz,Fraport Skyliners Frankfurt,1791,3361,78.6,78.0,0.8,74.0,84.0,0.4,4.599999999999994,0.4,79.3,79.9,0.6,72.0,81.5,0.3,7.299999999999997,0.3,0.6666666666666666,0.0,0.6666666666666666,3.0,-1.0,0.5999999999999943,-10.0,10.599999999999994,1,2,0.5,1,1501.34,1425.88,75.46,9,8,1,1
2021_1227_215_127,2021-22,2021-12-27 00:00:00+00:00,Ratiopharm Ulm,MLP Academics Heidelberg,127,215,83.4,77.2,0.8,73.2,82.0,0.0,10.200000000000003,0.8,82.7,79.3,0.6,74.7,79.1,0.2,8.0,0.39999999999999997,1.0,0.0,1.0,3.0,-5.0,6.200000000000003,-8.799999999999997,15.0,0,0,0.5,1,1571.4,1456.39,115.0,9,8,1,1
2021_1227_132_41,2021-22,2021-12-27 00:00:00+00:00,MHP Riesen Ludwigsburg,Bamberg Baskets,41,132,81.6,73.2,0.6,81.6,94.6,0.0,0.0,0.6,80.4,74.8,0.6,82.4,88.7,0.3,-2.0,0.3,0.3333333333333333,0.0,0.3333333333333333,1.0,-5.0,8.399999999999991,-13.0,21.39999999999999,1,2,0.5,1,1578.93,1476.07,102.86,8,4,4,1
2021_1227_2745_214,2021-22,2021-12-27 00:00:00+00:00,BG Goettingen,FITOne Wuerzburg Baskets,214,2745,76.4,81.8,0.6,79.8,88.0,0.0,-3.3999999999999915,0.6,78.6,78.5,0.7,80.5,83.8,0.3,-1.9000000000000057,0.39999999999999997,1.0,0.0,1.0,1.0,-5.0,-5.3999999999999915,-8.200000000000003,2.8000000000000114,2,2,1.0,1,1528.08,1398.8,129.28,9,9,0,1
2021_1229_450_132,2021-22,2021-12-29 00:00:00+00:00,Bamberg Baskets,SYNTAINICS MBC Weissenfels,132,450,83.6,94.8,0.0,81.0,91.2,0.2,2.5999999999999943,-0.2,81.1,89.2,0.2,84.9,92.0,0.3,-3.8000000000000114,-0.09999999999999998,0.0,0.3333333333333333,-0.3333333333333333,-5.0,-3.0,-11.200000000000003,-10.200000000000003,-1.0,2,2,1.0,1,1471.32,1405.33,65.99,2,3,-1,1
2021_1229_1510_40,2021-22,2021-12-29 00:00:00+00:00,Basketball Loewen Braunschweig,Telekom Baskets Bonn,40,1510,85.8,82.2,0.6,95.8,80.4,1.0,-10.0,-0.4,84.9,86.6,0.4,91.4,79.5,0.9,-6.5,-0.5,1.0,1.0,0.0,1.0,5.0,3.5999999999999943,15.399999999999991,-11.799999999999997,1,2,0.5,1,1492.27,1550.17,-57.91,6,3,3,0
2021_1229_41_133,2021-22,2021-12-29 00:00:00+00:00,46ers Giessen,MHP Riesen Ludwigsburg,133,41,79.4,89.4,0.0,81.0,73.4,0.6,-1.5999999999999943,-0.6,77.5,85.7,0.2,81.8,76.7,0.6,-4.299999999999997,-0.39999999999999997,0.0,0.6666666666666666,-0.6666666666666666,-5.0,1.0,-10.0,7.599999999999994,-17.599999999999994,0,2,0.0,1,1384.07,1583.68,-199.61,3,2,1,0
2021_1230_3361_215,2021-22,2021-12-30 00:00:00+00:00,MLP Academics Heidelberg,Fraport Skyliners Frankfurt,215,3361,76.2,85.4,0.0,73.0,84.8,0.2,3.200000000000003,-0.2,75.1,80.7,0.1,73.4,82.3,0.3,1.6999999999999886,-0.19999999999999998,0.0,0.0,0.0,-5.0,-3.0,-9.200000000000003,-11.799999999999997,2.5999999999999943,0,0,0.5,1,1451.89,1420.54,31.35,3,3,0,0
2021_1230_127_214,2021-22,2021-12-30 00:00:00+00:00,BG Goettingen,Ratiopharm Ulm,214,127,84.4,81.0,0.8,82.2,77.8,0.8,2.200000000000003,0.0,79.6,78.2,0.8,83.8,79.6,0.7,-4.200000000000003,0.10000000000000009,1.0,1.0,0.0,3.0,3.0,3.4000000000000057,4.400000000000006,-1.0,0,2,0.0,1,1532.3,1575.89,-43.6,3,3,0,1
2021_1230_1791_2315,2021-22,2021-12-30 00:00:00+00:00,Merlins Crailsheim,NINERS Chemnitz,2315,1791,78.2,74.2,0.6,79.8,78.8,0.8,-1.5999999999999943,-0.20000000000000007,83.4,77.1,0.7,78.5,79.5,0.6,4.900000000000006,0.09999999999999998,0.6666666666666666,1.0,-0.33333333333333337,1.0,3.0,4.0,1.0,3.0,2,2,1.0,1,1564.0,1506.68,57.32,4,3,1,1
2021_1231_10_2745,2021-22,2021-12-31 00:00:00+00:00,FITOne Wuerzburg Baskets,ALBA Berlin,2745,10,79.8,87.8,0.0,83.8,73.6,0.8,-4.0,-0.8,79.4,83.6,0.2,82.5,74.2,0.7,-3.0999999999999943,-0.49999999999999994,0.0,0.6666666666666666,-0.6666666666666666,-5.0,3.0,-8.0,10.200000000000003,-18.200000000000003,0,2,0.0,1,1394.58,1631.52,-236.94,4,4,0,0
2022_0102_1791_450,2021-22,2022-01-02 00:00:00+00:00,SYNTAINICS MBC Weissenfels,NINERS Chemnitz,450,1791,84.6,90.8,0.2,82.8,84.4,0.6,1.7999999999999972,-0.39999999999999997,81.9,90.7,0.2,79.5,80.1,0.6,2.4000000000000057,-0.39999999999999997,0.3333333333333333,0.6666666666666666,-0.3333333333333333,-3.0,1.0,-6.200000000000003,-1.6000000000000085,-4.599999999999994,0,2,0.0,1,1399.78,1500.92,-101.15,4,3,1,0
2022_0102_2315_1510,2021-22,2022-01-02 00:00:00+00:00,Telekom Baskets Bonn,Merlins Crailsheim,1510,2315,98.0,81.8,1.0,82.0,74.6,0.8,16.0,0.19999999999999996,91.7,80.2,0.9,85.5,76.0,0.8,6.200000000000003,0.09999999999999998,1.0,1.0,0.0,5.0,3.0,16.200000000000003,7.400000000000006,8.799999999999997,0,2,0.0,1,1561.38,1569.76,-8.38,4,3,1,0
2022_0102_133_3361,2021-22,2022-01-02 00:00:00+00:00,Fraport Skyliners Frankfurt,46ers Giessen,3361,133,74.4,86.6,0.2,81.6,91.2,0.0,-7.199999999999989,0.2,74.5,81.9,0.4,79.8,88.2,0.2,-5.299999999999997,0.2,0.3333333333333333,0.0,0.3333333333333333,-3.0,-5.0,-12.199999999999989,-9.600000000000009,-2.59999999999998,1,2,0.5,1,1434.15,1376.86,57.29,3,4,-1,1
2022_0102_214_40,2021-22,2022-01-02 00:00:00+00:00,Basketball Loewen Braunschweig,BG Goettingen,40,214,86.4,81.8,0.6,88.8,82.2,1.0,-2.3999999999999915,-0.4,85.2,85.9,0.4,79.4,78.7,0.8,5.799999999999997,-0.4,0.6666666666666666,1.0,-0.33333333333333337,1.0,5.0,4.6000000000000085,6.599999999999994,-1.9999999999999858,0,2,0.0,1,1481.06,1540.69,-59.62,4,3,1,1
2022_0102_19629_10,2021-22,2022-01-02 00:00:00+00:00,ALBA Berlin,Veolia Towers Hamburg,10,19629,88.8,72.6,0.8,90.8,86.0,0.6,-2.0,0.20000000000000007,85.9,72.9,0.8,84.8,76.2,0.8,1.1000000000000085,0.0,1.0,0.6666666666666666,0.33333333333333337,3.0,1.0,16.200000000000003,4.799999999999997,11.400000000000006,0,2,0.0,1,1637.77,1546.6,91.17,2,7,-5,1
2022_0102_2745_134,2021-22,2022-01-02 00:00:00+00:00,Medi Bayreuth,FITOne Wuerzburg Baskets,134,2745,76.8,92.0,0.4,76.4,90.4,0.0,0.3999999999999915,0.4,79.5,86.5,0.4,78.2,83.7,0.2,1.2999999999999972,0.2,0.0,0.0,0.0,-1.0,-5.0,-15.200000000000003,-14.0,-1.2000000000000028,1,2,0.5,1,1479.46,1388.33,91.13,6,2,4,1
2022_0102_127_41,2021-22,2022-01-02 00:00:00+00:00,MHP Riesen Ludwigsburg,Ratiopharm Ulm,41,127,83.6,77.2,0.6,86.2,81.2,0.8,-2.6000000000000085,-0.20000000000000007,84.5,77.6,0.7,84.1,79.0,0.7,0.4000000000000057,0.0,0.6666666666666666,0.6666666666666666,0.0,1.0,3.0,6.3999999999999915,5.0,1.3999999999999915,2,2,1.0,1,1590.88,1567.5,23.38,4,3,1,0
2022_0105_134_214,2021-22,2022-01-05 00:00:00+00:00,BG Goettingen,Medi Bayreuth,214,134,86.6,84.8,0.8,77.0,91.2,0.4,9.599999999999994,0.4,80.1,81.1,0.7,81.3,86.8,0.5,-1.2000000000000028,0.19999999999999996,0.6666666666666666,0.3333333333333333,0.3333333333333333,3.0,-1.0,1.7999999999999972,-14.200000000000003,16.0,1,2,0.5,1,1531.84,1484.45,47.39,3,3,0,0
2022_0105_19629_132,2021-22,2022-01-05 00:00:00+00:00,Bamberg Baskets,Veolia Towers Hamburg,132,19629,87.2,92.0,0.2,92.2,85.6,0.6,-5.0,-0.39999999999999997,83.7,91.0,0.2,85.4,78.6,0.7,-1.7000000000000028,-0.49999999999999994,0.3333333333333333,0.6666666666666666,-0.3333333333333333,-3.0,1.0,-4.799999999999997,6.6000000000000085,-11.400000000000006,0,2,0.0,1,1476.88,1541.6,-64.72,7,3,4,1
2022_0107_215_2315,2021-22,2022-01-07 00:00:00+00:00,Merlins Crailsheim,MLP Academics Heidelberg,2315,215,83.8,77.6,0.8,76.6,83.6,0.0,7.200000000000003,0.8,85.0,76.2,0.8,76.5,82.2,0.1,8.5,0.7000000000000001,1.0,0.0,1.0,3.0,-5.0,6.200000000000003,-7.0,13.200000000000003,0,0,0.5,1,1582.34,1438.28,144.05,5,8,-3,0
2022_0108_133_214,2021-22,2022-01-08 00:00:00+00:00,BG Goettingen,46ers Giessen,214,133,82.8,81.8,0.6,82.4,92.8,0.0,0.3999999999999915,0.6,80.8,82.7,0.6,77.7,89.1,0.1,3.0999999999999943,0.5,0.3333333333333333,0.0,0.3333333333333333,1.0,-5.0,1.0,-10.399999999999991,11.399999999999991,1,2,0.5,1,1517.84,1371.1,146.74,3,6,-3,1
2022_0108_41_134,2021-22,2022-01-08 00:00:00+00:00,Medi Bayreuth,MHP Riesen Ludwigsburg,134,41,75.0,91.2,0.4,84.6,78.4,0.6,-9.599999999999994,-0.19999999999999996,81.4,85.4,0.6,82.0,76.8,0.6,-0.5999999999999943,0.0,0.6666666666666666,0.6666666666666666,0.0,-1.0,1.0,-16.200000000000003,6.199999999999989,-22.39999999999999,0,2,0.0,1,1498.46,1577.48,-79.02,3,6,-3,0
2022_0108_450_127,2021-22,2022-01-08 00:00:00+00:00,Ratiopharm Ulm,SYNTAINICS MBC Weissenfels,127,450,84.4,79.2,0.8,85.8,92.6,0.2,-1.3999999999999915,0.6000000000000001,82.6,78.5,0.7,79.8,92.5,0.1,2.799999999999997,0.6,0.6666666666666666,0.0,0.6666666666666666,3.0,-3.0,5.200000000000003,-6.799999999999997,12.0,2,2,1.0,1,1580.91,1389.81,191.1,6,6,0,1
2022_0109_219_1791,2021-22,2022-01-09 00:00:00+00:00,NINERS Chemnitz,FC Bayern Muenchen Basketball,1791,219,88.6,82.6,0.8,77.2,73.4,0.8,11.399999999999991,0.0,79.3,79.1,0.6,79.4,73.1,0.8,-0.10000000000000853,-0.20000000000000007,0.6666666666666666,0.6666666666666666,0.0,3.0,3.0,6.0,3.799999999999997,2.200000000000003,1,2,0.5,1,1510.89,1610.01,-99.12,7,14,-7,1
2022_0109_1510_19629,2021-22,2022-01-09 00:00:00+00:00,Veolia Towers Hamburg,Telekom Baskets Bonn,19629,1510,86.6,84.6,0.4,95.8,84.0,0.8,-9.200000000000003,-0.4,85.2,80.3,0.6,90.7,79.2,0.9,-5.5,-0.30000000000000004,0.3333333333333333,0.6666666666666666,-0.3333333333333333,-1.0,3.0,2.0,11.799999999999997,-9.799999999999997,1,2,0.5,1,1532.62,1548.8,-16.19,4,7,-3,1
2022_0112_1791_214,2021-22,2022-01-12 00:00:00+00:00,BG Goettingen,NINERS Chemnitz,214,1791,83.6,81.8,0.6,85.2,80.2,0.8,-1.6000000000000085,-0.20000000000000007,80.0,81.8,0.6,78.0,77.3,0.7,2.0,-0.09999999999999998,0.3333333333333333,0.6666666666666666,-0.3333333333333333,1.0,3.0,1.7999999999999972,5.0,-3.200000000000003,2,2,1.0,1,1521.73,1520.87,0.87,4,3,1,0
2022_0114_19629_450,2021-22,2022-01-14 00:00:00+00:00,SYNTAINICS MBC Weissenfels,Veolia Towers Hamburg,450,19629,82.8,92.2,0.2,90.2,85.0,0.6,-7.400000000000006,-0.39999999999999997,79.2,91.4,0.1,86.5,80.6,0.6,-7.299999999999997,-0.5,0.0,0.3333333333333333,-0.3333333333333333,-3.0,1.0,-9.400000000000006,5.200000000000003,-14.600000000000009,0,2,0.0,1,1386.66,1540.25,-153.59,6,5,1,0
2022_0115_40_215,2021-22,2022-01-15 00:00:00+00:00,MLP Academics Heidelberg,Basketball Loewen Braunschweig,215,40,82.4,86.2,0.2,86.6,78.2,0.8,-4.199999999999989,-0.6000000000000001,78.9,84.1,0.1,86.1,85.1,0.5,-7.199999999999989,-0.4,0.3333333333333333,0.6666666666666666,-0.3333333333333333,-3.0,3.0,-3.799999999999997,8.399999999999991,-12.199999999999989,0,0,0.5,1,1454.34,1489.91,-35.56,8,13,-5,1
2022_0115_1634_41,2021-22,2022-01-15 00:00:00+00:00,MHP Riesen Ludwigsburg,EWE Baskets Oldenburg,41,1634,83.0,78.4,0.6,80.8,82.6,0.2,2.200000000000003,0.39999999999999997,81.9,75.5,0.6,81.0,84.8,0.2,0.9000000000000057,0.39999999999999997,0.6666666666666666,0.0,0.6666666666666666,1.0,-3.0,4.599999999999994,-1.7999999999999972,6.3999999999999915,2,2,1.0,1,1588.08,1483.54,104.54,7,28,-21,1
2022_0116_219_1510,2021-22,2022-01-16 00:00:00+00:00,Telekom Baskets Bonn,FC Bayern Muenchen Basketball,1510,219,91.2,83.4,0.6,73.4,72.8,0.6,17.799999999999997,0.0,91.1,81.7,0.8,77.9,74.6,0.7,13.199999999999989,0.10000000000000009,0.3333333333333333,0.3333333333333333,0.0,1.0,1.0,7.799999999999997,0.6000000000000085,7.199999999999989,0,2,0.0,1,1541.17,1600.04,-58.87,7,7,0,0
2022_0116_127_134,2021-22,2022-01-16 00:00:00+00:00,Medi Bayreuth,Ratiopharm Ulm,134,127,76.0,88.8,0.4,86.6,79.4,0.8,-10.599999999999994,-0.4,80.3,85.4,0.6,83.4,78.2,0.7,-3.1000000000000085,-0.09999999999999998,0.6666666666666666,0.6666666666666666,0.0,-1.0,3.0,-12.799999999999997,7.199999999999989,-19.999999999999986,0,2,0.0,1,1487.86,1584.06,-96.21,8,8,0,0
2022_0118_450_1634,2021-22,2022-01-18 00:00:00+00:00,EWE Baskets Oldenburg,SYNTAINICS MBC Weissenfels,1634,450,76.2,79.8,0.2,80.2,95.4,0.0,-4.0,0.2,78.5,84.8,0.1,78.8,91.0,0.1,-0.29999999999999716,0.0,0.0,0.0,0.0,-3.0,-5.0,-3.5999999999999943,-15.200000000000003,11.600000000000009,2,2,1.0,1,1478.83,1378.19,100.64,3,4,-1,0
2022_0121_134_40,2021-22,2022-01-21 00:00:00+00:00,Basketball Loewen Braunschweig,Medi Bayreuth,40,134,85.6,79.6,0.6,78.0,88.0,0.4,7.599999999999994,0.19999999999999996,85.3,86.0,0.4,79.5,85.9,0.5,5.799999999999997,-0.09999999999999998,0.3333333333333333,0.3333333333333333,0.0,1.0,-1.0,6.0,-10.0,16.0,3,3,1.0,1,1481.74,1477.75,3.99,6,5,1,0
2022_0122_10_41,2021-22,2022-01-22 00:00:00+00:00,MHP Riesen Ludwigsburg,ALBA Berlin,41,10,83.2,74.0,0.8,89.8,76.2,0.8,-6.599999999999994,0.0,82.4,73.6,0.7,85.5,73.5,0.8,-3.0999999999999943,-0.10000000000000009,0.6666666666666666,1.0,-0.33333333333333337,3.0,3.0,9.200000000000003,13.599999999999994,-4.3999999999999915,2,3,0.6666666666666666,1,1592.79,1642.76,-49.97,7,20,-13,1
2022_0122_2315_1634,2021-22,2022-01-22 00:00:00+00:00,EWE Baskets Oldenburg,Merlins Crailsheim,1634,2315,75.2,83.0,0.0,86.6,81.0,0.8,-11.399999999999991,-0.8,77.9,84.5,0.1,84.8,77.2,0.7,-6.8999999999999915,-0.6,0.0,0.6666666666666666,-0.6666666666666666,-5.0,3.0,-7.799999999999997,5.599999999999994,-13.399999999999991,1,3,0.3333333333333333,1,1463.62,1566.28,-102.66,4,15,-11,0
2022_0122_133_19629,2021-22,2022-01-22 00:00:00+00:00,Veolia Towers Hamburg,46ers Giessen,19629,133,87.0,82.6,0.6,78.6,89.6,0.0,8.400000000000006,0.6,86.8,80.7,0.6,78.4,89.6,0.1,8.399999999999991,0.5,0.6666666666666666,0.0,0.6666666666666666,1.0,-5.0,4.400000000000006,-11.0,15.400000000000006,3,3,1.0,1,1548.72,1367.21,181.51,8,14,-6,0
2022_0122_127_1791,2021-22,2022-01-22 00:00:00+00:00,NINERS Chemnitz,Ratiopharm Ulm,1791,127,81.4,78.6,0.8,85.8,77.8,0.8,-4.3999999999999915,0.0,80.0,78.3,0.8,84.6,77.5,0.8,-4.599999999999994,0.0,1.0,1.0,0.0,3.0,3.0,2.8000000000000114,8.0,-5.199999999999989,0,3,0.0,1,1533.69,1594.17,-60.48,10,6,4,0
2022_0123_1510_132,2021-22,2022-01-23 00:00:00+00:00,Bamberg Baskets,Telekom Baskets Bonn,132,1510,87.8,89.6,0.4,88.2,89.2,0.4,-0.4000000000000057,0.0,84.0,89.5,0.3,90.5,83.8,0.7,-6.5,-0.39999999999999997,0.6666666666666666,0.0,0.6666666666666666,-1.0,-1.0,-1.7999999999999972,-1.0,-0.7999999999999972,2,3,0.6666666666666666,1,1485.87,1529.99,-44.12,18,7,11,0
2022_0123_215_219,2021-22,2022-01-23 00:00:00+00:00,FC Bayern Muenchen Basketball,MLP Academics Heidelberg,219,215,78.0,74.8,0.6,87.0,85.2,0.4,-9.0,0.19999999999999996,79.2,74.9,0.7,80.7,84.2,0.2,-1.5,0.49999999999999994,0.3333333333333333,0.6666666666666666,-0.3333333333333333,1.0,-1.0,3.200000000000003,1.7999999999999972,1.4000000000000057,1,1,1.0,1,1611.21,1462.51,148.7,7,8,-1,1
2022_0123_450_214,2021-22,2022-01-23 00:00:00+00:00,BG Goettingen,SYNTAINICS MBC Weissenfels,214,450,83.6,83.4,0.4,79.6,88.8,0.2,4.0,0.2,84.0,82.2,0.6,80.3,90.0,0.2,3.700000000000003,0.39999999999999997,0.3333333333333333,0.3333333333333333,0.0,-1.0,-3.0,0.19999999999998863,-9.200000000000003,9.399999999999991,2,3,0.6666666666666666,1,1508.91,1393.4,115.51,11,5,6,0
2022_0125_40_1634,2021-22,2022-01-25 00:00:00+00:00,EWE Baskets Oldenburg,Basketball Loewen Braunschweig,1634,40,78.0,87.4,0.0,84.2,86.0,0.4,-6.200000000000003,-0.4,79.1,85.0,0.1,85.5,86.2,0.4,-6.400000000000006,-0.30000000000000004,0.0,0.3333333333333333,-0.3333333333333333,-5.0,-1.0,-9.400000000000006,-1.7999999999999972,-7.6000000000000085,2,2,1.0,1,1453.7,1468.83,-15.14,3,4,-1,0
2022_0126_132_2745,2021-22,2022-01-26 00:00:00+00:00,FITOne Wuerzburg Baskets,Bamberg Baskets,2745,132,78.8,91.4,0.0,85.2,87.4,0.4,-6.400000000000006,-0.4,79.1,84.9,0.2,83.2,88.9,0.3,-4.1000000000000085,-0.09999999999999998,0.0,0.6666666666666666,-0.6666666666666666,-5.0,-1.0,-12.600000000000009,-2.200000000000003,-10.400000000000006,1,2,0.5,1,1383.33,1474.27,-90.94,24,3,21,0
2022_0128_1791_3361,2021-22,2022-01-28 00:00:00+00:00,Fraport Skyliners Frankfurt,NINERS Chemnitz,3361,1791,78.0,85.4,0.4,78.6,78.4,0.6,-0.5999999999999943,-0.19999999999999996,78.5,82.0,0.5,79.2,78.6,0.7,-0.7000000000000028,-0.19999999999999996,0.6666666666666666,0.6666666666666666,0.0,-1.0,1.0,-7.400000000000006,0.19999999999998863,-7.599999999999994,1,3,0.3333333333333333,1,1439.91,1522.56,-82.65,26,6,20,0
2022_0129_19629_127,2021-22,2022-01-29 00:00:00+00:00,Ratiopharm Ulm,Veolia Towers Hamburg,127,19629,84.4,75.6,0.8,80.8,86.2,0.4,3.6000000000000085,0.4,83.3,76.7,0.8,85.8,86.1,0.5,-2.5,0.30000000000000004,1.0,0.6666666666666666,0.33333333333333337,3.0,-1.0,8.800000000000011,-5.400000000000006,14.200000000000017,3,3,1.0,1,1605.31,1532.02,73.28,7,7,0,1
2022_0130_219_134,2021-22,2022-01-30 00:00:00+00:00,Medi Bayreuth,FC Bayern Muenchen Basketball,134,219,81.0,84.6,0.6,80.4,74.2,0.6,0.5999999999999943,0.0,78.9,88.3,0.5,81.4,72.9,0.8,-2.5,-0.30000000000000004,0.3333333333333333,0.6666666666666666,-0.3333333333333333,1.0,1.0,-3.5999999999999943,6.200000000000003,-9.799999999999997,0,3,0.0,1,1490.65,1615.07,-124.42,9,7,2,0
2022_0130_1634_1510,2021-22,2022-01-30 00:00:00+00:00,Telekom Baskets Bonn,EWE Baskets Oldenburg,1510,1634,84.2,87.4,0.4,78.4,90.6,0.0,5.799999999999997,0.4,90.0,83.9,0.7,79.2,86.5,0.1,10.799999999999997,0.6,0.3333333333333333,0.0,0.3333333333333333,-1.0,-5.0,-3.200000000000003,-12.199999999999989,8.999999999999986,1,3,0.3333333333333333,1,1541.58,1441.3,100.28,7,5,2,1
2022_0130_2745_10,2021-22,2022-01-30 00:00:00+00:00,ALBA Berlin,FITOne Wuerzburg Baskets,10,2745,90.2,75.4,0.8,77.2,93.4,0.0,13.0,0.8,87.1,74.6,0.8,78.7,87.7,0.1,8.399999999999991,0.7000000000000001,0.6666666666666666,0.0,0.6666666666666666,3.0,-5.0,14.799999999999997,-16.200000000000003,31.0,3,3,1.0,1,1634.19,1373.07,261.12,8,4,4,1
2022_0202_1634_215,2021-22,2022-02-02 00:00:00+00:00,MLP Academics Heidelberg,EWE Baskets Oldenburg,215,1634,84.8,87.0,0.4,73.6,89.2,0.0,11.200000000000003,0.4,79.0,84.5,0.2,77.2,85.9,0.1,1.7999999999999972,0.1,0.6666666666666666,0.0,0.6666666666666666,-1.0,-5.0,-2.200000000000003,-15.600000000000009,13.400000000000006,0,0,0.5,1,1458.65,1436.5,22.15,10,3,7,0
2022_0203_40_2745,2021-22,2022-02-03 00:00:00+00:00,FITOne Wuerzburg Baskets,Basketball Loewen Braunschweig,2745,40,73.6,89.8,0.0,88.8,87.8,0.4,-15.200000000000003,-0.4,76.7,88.9,0.0,87.3,85.0,0.5,-10.599999999999994,-0.5,0.0,0.3333333333333333,-0.3333333333333333,-5.0,-1.0,-16.200000000000003,1.0,-17.200000000000003,0,3,0.0,1,1370.85,1481.23,-110.38,4,9,-5,0
2022_0205_134_19629,2021-22,2022-02-05 00:00:00+00:00,Veolia Towers Hamburg,Medi Bayreuth,19629,134,82.8,86.8,0.4,75.4,85.2,0.4,7.3999999999999915,0.0,87.5,86.2,0.5,76.2,88.2,0.4,11.299999999999997,0.09999999999999998,0.3333333333333333,0.3333333333333333,0.0,-1.0,-1.0,-4.0,-9.799999999999997,5.799999999999997,1,3,0.3333333333333333,1,1526.63,1481.36,45.28,7,6,1,0
2022_0205_215_1791,2021-22,2022-02-05 00:00:00+00:00,NINERS Chemnitz,MLP Academics Heidelberg,1791,215,79.6,77.2,0.8,83.6,92.0,0.4,-4.0,0.4,81.2,80.8,0.7,79.9,88.7,0.2,1.2999999999999972,0.49999999999999994,0.6666666666666666,0.3333333333333333,0.3333333333333333,3.0,-1.0,2.3999999999999915,-8.400000000000006,10.799999999999997,1,1,1.0,1,1533.06,1445.27,87.78,8,3,5,1
2022_0206_40_219,2021-22,2022-02-06 00:00:00+00:00,FC Bayern Muenchen Basketball,Basketball Loewen Braunschweig,219,40,81.2,70.6,0.6,88.2,85.0,0.6,-7.0,0.0,80.4,70.9,0.8,87.3,83.4,0.6,-6.8999999999999915,0.20000000000000007,1.0,0.6666666666666666,0.33333333333333337,1.0,1.0,10.600000000000009,3.200000000000003,7.400000000000006,2,3,0.6666666666666666,1,1624.37,1490.93,133.44,7,3,4,1
2022_0206_1510_10,2021-22,2022-02-06 00:00:00+00:00,ALBA Berlin,Telekom Baskets Bonn,10,1510,90.0,73.2,0.8,84.2,83.8,0.4,5.799999999999997,0.4,85.2,72.7,0.8,91.1,82.8,0.7,-5.8999999999999915,0.10000000000000009,0.6666666666666666,0.6666666666666666,0.0,3.0,-1.0,16.799999999999997,0.4000000000000057,16.39999999999999,2,3,0.6666666666666666,1,1636.41,1546.38,90.03,7,7,0,1
2022_0206_3361_41,2021-22,2022-02-06 00:00:00+00:00,MHP Riesen Ludwigsburg,Fraport Skyliners Frankfurt,41,3361,80.8,72.8,0.8,81.8,83.8,0.4,-1.0,0.4,80.9,73.1,0.7,78.3,82.7,0.4,2.6000000000000085,0.29999999999999993,1.0,0.6666666666666666,0.33333333333333337,3.0,-1.0,8.0,-2.0,10.0,3,3,1.0,1,1601.36,1429.41,171.95,15,9,6,1
2022_0206_2745_132,2021-22,2022-02-06 00:00:00+00:00,Bamberg Baskets,FITOne Wuerzburg Baskets,132,2745,88.8,84.4,0.6,72.8,88.6,0.0,16.0,0.6,85.2,89.5,0.3,76.3,88.2,0.0,8.900000000000006,0.3,0.6666666666666666,0.0,0.6666666666666666,1.0,-5.0,4.3999999999999915,-15.799999999999997,20.19999999999999,2,3,0.6666666666666666,1,1484.53,1361.15,123.39,11,3,8,0
2022_0207_127_1634,2021-22,2022-02-07 00:00:00+00:00,EWE Baskets Oldenburg,Ratiopharm Ulm,1634,127,84.0,88.0,0.2,85.4,76.0,1.0,-1.4000000000000057,-0.8,80.1,83.9,0.2,85.8,78.6,0.9,-5.700000000000003,-0.7,0.3333333333333333,1.0,-0.6666666666666667,-3.0,5.0,-4.0,9.400000000000006,-13.400000000000006,1,3,0.3333333333333333,1,1449.88,1610.69,-160.81,5,9,-4,0
2022_0209_3361_1634,2021-22,2022-02-09 00:00:00+00:00,EWE Baskets Oldenburg,Fraport Skyliners Frankfurt,1634,3361,83.2,87.8,0.2,82.4,82.0,0.4,0.7999999999999972,-0.2,79.2,85.4,0.1,78.2,83.0,0.4,1.0,-0.30000000000000004,0.3333333333333333,0.3333333333333333,0.0,-3.0,-1.0,-4.599999999999994,0.4000000000000057,-5.0,2,2,1.0,1,1441.61,1425.96,15.66,2,3,-1,1
2022_0211_19629_2745,2021-22,2022-02-11 00:00:00+00:00,FITOne Wuerzburg Baskets,Veolia Towers Hamburg,2745,19629,78.6,87.2,0.2,82.0,87.4,0.4,-3.4000000000000057,-0.2,77.5,88.8,0.1,84.3,86.0,0.4,-6.799999999999997,-0.30000000000000004,0.3333333333333333,0.0,0.3333333333333333,-3.0,-1.0,-8.600000000000009,-5.400000000000006,-3.200000000000003,0,3,0.0,1,1376.82,1512.68,-135.86,5,6,-1,0
2022_0212_134_215,2021-22,2022-02-12 00:00:00+00:00,MLP Academics Heidelberg,Medi Bayreuth,215,134,80.4,90.8,0.4,78.4,85.0,0.4,2.0,0.0,78.5,87.2,0.2,76.7,88.1,0.4,1.7999999999999972,-0.2,0.0,0.6666666666666666,-0.6666666666666666,-1.0,-1.0,-10.399999999999991,-6.599999999999994,-3.799999999999997,0,1,0.0,1,1440.21,1495.31,-55.1,7,7,0,0
2022_0212_133_132,2021-22,2022-02-12 00:00:00+00:00,Bamberg Baskets,46ers Giessen,132,133,90.4,84.8,0.6,84.8,90.0,0.2,5.6000000000000085,0.39999999999999997,87.0,89.8,0.3,81.4,86.5,0.2,5.599999999999994,0.09999999999999998,0.3333333333333333,0.3333333333333333,0.0,1.0,-3.0,5.6000000000000085,-5.200000000000003,10.800000000000011,3,3,1.0,1,1468.87,1383.91,84.96,6,21,-15,1
2022_0212_214_127,2021-22,2022-02-12 00:00:00+00:00,Ratiopharm Ulm,BG Goettingen,127,214,87.0,78.4,1.0,82.6,84.8,0.2,4.400000000000006,0.8,85.7,78.8,0.9,85.7,83.5,0.6,0.0,0.30000000000000004,1.0,0.3333333333333333,0.6666666666666667,5.0,-3.0,8.599999999999994,-2.200000000000003,10.799999999999997,2,3,0.6666666666666666,1,1618.96,1493.39,125.57,5,20,-15,0
2022_0212_1791_41,2021-22,2022-02-12 00:00:00+00:00,MHP Riesen Ludwigsburg,NINERS Chemnitz,41,1791,77.6,69.6,0.8,77.6,75.6,0.8,0.0,0.0,80.6,73.4,0.7,83.1,79.1,0.8,-2.5,-0.10000000000000009,1.0,0.6666666666666666,0.33333333333333337,3.0,3.0,8.0,2.0,6.0,2,3,0.6666666666666666,1,1604.82,1538.12,66.69,6,7,-1,0
2022_0213_219_3361,2021-22,2022-02-13 00:00:00+00:00,Fraport Skyliners Frankfurt,FC Bayern Muenchen Basketball,3361,219,87.4,87.6,0.4,85.8,71.6,0.8,1.6000000000000085,-0.4,80.2,86.2,0.3,81.5,72.5,0.8,-1.2999999999999972,-0.5,0.0,1.0,-1.0,-1.0,3.0,-0.19999999999998863,14.200000000000003,-14.399999999999991,0,3,0.0,1,1419.17,1628.51,-209.34,4,7,-3,0
2022_0213_10_2315,2021-22,2022-02-13 00:00:00+00:00,Merlins Crailsheim,ALBA Berlin,2315,10,87.4,82.4,0.8,86.0,72.8,0.8,1.4000000000000057,0.0,84.1,78.8,0.7,84.9,73.2,0.8,-0.8000000000000114,-0.10000000000000009,0.6666666666666666,0.6666666666666666,0.0,3.0,3.0,5.0,13.200000000000003,-8.200000000000003,0,2,0.0,1,1576.2,1641.43,-65.23,22,7,15,0
2022_0213_40_1510,2021-22,2022-02-13 00:00:00+00:00,Telekom Baskets Bonn,Basketball Loewen Braunschweig,1510,40,84.4,85.4,0.4,86.0,86.2,0.4,-1.5999999999999943,0.0,90.1,84.7,0.6,86.3,82.2,0.6,3.799999999999997,0.0,0.6666666666666666,0.6666666666666666,0.0,-1.0,-1.0,-1.0,-0.20000000000000284,-0.7999999999999972,2,3,0.6666666666666666,1,1541.37,1486.79,54.57,7,7,0,1
2022_0213_1634_450,2021-22,2022-02-13 00:00:00+00:00,SYNTAINICS MBC Weissenfels,EWE Baskets Oldenburg,450,1634,81.0,85.8,0.4,88.0,89.0,0.4,-7.0,0.0,82.8,88.3,0.3,83.0,88.2,0.2,-0.20000000000000284,0.09999999999999998,0.6666666666666666,0.6666666666666666,0.0,-1.0,-1.0,-4.799999999999997,-1.0,-3.799999999999997,1,3,0.3333333333333333,1,1408.91,1448.4,-39.49,21,4,17,0
2022_0215_1791_219,2021-22,2022-02-15 00:00:00+00:00,FC Bayern Muenchen Basketball,NINERS Chemnitz,219,1791,87.6,69.2,1.0,79.4,74.2,0.8,8.199999999999989,0.19999999999999996,80.5,71.0,0.8,82.3,77.2,0.8,-1.7999999999999972,0.0,1.0,1.0,0.0,5.0,3.0,18.39999999999999,5.200000000000003,13.199999999999989,1,3,0.3333333333333333,1,1635.46,1552.58,82.88,2,3,-1,0
2022_0215_127_40,2021-22,2022-02-15 00:00:00+00:00,Basketball Loewen Braunschweig,Ratiopharm Ulm,40,127,85.0,86.6,0.4,86.6,81.6,0.8,-1.5999999999999943,-0.4,85.3,83.1,0.5,86.6,80.5,0.8,-1.2999999999999972,-0.30000000000000004,0.3333333333333333,0.6666666666666666,-0.3333333333333333,-1.0,3.0,-1.5999999999999943,5.0,-6.599999999999994,1,3,0.3333333333333333,1,1480.97,1603.25,-122.28,2,3,-1,1
2022_0215_2315_133,2021-22,2022-02-15 00:00:00+00:00,46ers Giessen,Merlins Crailsheim,133,2315,86.2,87.6,0.2,86.8,90.0,0.6,-0.5999999999999943,-0.39999999999999997,82.8,88.5,0.1,82.5,82.1,0.6,0.29999999999999716,-0.5,0.3333333333333333,0.3333333333333333,0.0,-3.0,1.0,-1.3999999999999915,-3.200000000000003,1.8000000000000114,0,3,0.0,1,1378.78,1565.21,-186.43,3,2,1,0
2022_0215_3361_10,2021-22,2022-02-15 00:00:00+00:00,ALBA Berlin,Fraport Skyliners Frankfurt,10,3361,88.0,75.4,0.8,80.6,85.6,0.2,7.400000000000006,0.6000000000000001,88.4,74.0,0.8,77.5,86.1,0.2,10.900000000000006,0.6000000000000001,1.0,0.0,1.0,3.0,-3.0,12.599999999999994,-5.0,17.599999999999994,3,3,1.0,1,1652.43,1412.21,240.22,2,2,0,1
2022_0216_215_450,2021-22,2022-02-16 00:00:00+00:00,SYNTAINICS MBC Weissenfels,MLP Academics Heidelberg,450,215,84.8,89.6,0.4,76.2,89.8,0.2,8.599999999999994,0.2,85.3,91.1,0.3,79.3,88.0,0.2,6.0,0.09999999999999998,0.6666666666666666,0.0,0.6666666666666666,-1.0,-3.0,-4.799999999999997,-13.599999999999994,8.799999999999997,0,1,0.0,1,1397.19,1428.92,-31.74,3,4,-1,0
2022_0216_41_214,2021-22,2022-02-16 00:00:00+00:00,BG Goettingen,MHP Riesen Ludwigsburg,214,41,83.8,83.6,0.4,75.6,68.8,0.8,8.200000000000003,-0.4,85.2,84.2,0.6,80.1,73.6,0.7,5.1000000000000085,-0.09999999999999998,0.3333333333333333,0.6666666666666666,-0.3333333333333333,-1.0,3.0,0.20000000000000284,6.799999999999997,-6.599999999999994,1,3,0.3333333333333333,1,1509.1,1590.36,-81.25,4,4,0,0
2022_0216_1634_134,2021-22,2022-02-16 00:00:00+00:00,Medi Bayreuth,EWE Baskets Oldenburg,134,1634,82.0,83.4,0.6,94.4,88.8,0.6,-12.400000000000006,0.0,79.0,86.1,0.5,86.4,89.7,0.3,-7.400000000000006,0.2,0.6666666666666666,0.6666666666666666,0.0,1.0,1.0,-1.4000000000000057,5.6000000000000085,-7.000000000000014,0,2,0.0,1,1506.59,1460.13,46.47,4,3,1,1
2022_0216_2745_1510,2021-22,2022-02-16 00:00:00+00:00,Telekom Baskets Bonn,FITOne Wuerzburg Baskets,1510,2745,87.4,82.4,0.6,83.2,92.2,0.2,4.200000000000003,0.39999999999999997,89.3,82.9,0.6,81.0,91.8,0.1,8.299999999999997,0.5,0.6666666666666666,0.3333333333333333,0.3333333333333333,1.0,-3.0,5.0,-9.0,14.0,2,3,0.6666666666666666,1,1547.19,1367.85,179.34,3,5,-2,0
2022_0218_127_2745,2021-22,2022-02-18 00:00:00+00:00,FITOne Wuerzburg Baskets,Ratiopharm Ulm,2745,127,86.2,90.8,0.4,80.0,81.0,0.6,6.200000000000003,-0.19999999999999996,81.7,92.1,0.2,82.9,79.4,0.7,-1.2000000000000028,-0.49999999999999994,0.6666666666666666,0.3333333333333333,0.3333333333333333,-1.0,1.0,-4.599999999999994,-1.0,-3.5999999999999943,0,2,0.0,1,1384.51,1592.61,-208.1,2,3,-1,0
2022_0302_219_19629,2021-22,2022-03-02 00:00:00+00:00,Veolia Towers Hamburg,FC Bayern Muenchen Basketball,19629,219,86.2,92.0,0.4,79.2,68.4,0.8,7.0,-0.4,88.2,88.5,0.5,78.6,71.6,0.7,9.600000000000009,-0.19999999999999996,0.3333333333333333,0.6666666666666666,-0.3333333333333333,-1.0,3.0,-5.799999999999997,10.799999999999997,-16.599999999999994,1,2,0.5,1,1521.65,1620.63,-98.98,19,15,4,0
2022_0304_2745_127,2021-22,2022-03-04 00:00:00+00:00,Ratiopharm Ulm,FITOne Wuerzburg Baskets,127,2745,83.0,84.6,0.6,89.4,92.8,0.4,-6.400000000000006,0.19999999999999996,83.7,80.1,0.7,81.5,91.3,0.2,2.200000000000003,0.49999999999999994,0.3333333333333333,0.3333333333333333,0.0,1.0,-1.0,-1.5999999999999943,-3.3999999999999915,1.7999999999999972,3,3,1.0,1,1599.59,1377.52,222.07,14,14,0,1
2022_0305_1510_2315,2021-22,2022-03-05 00:00:00+00:00,Merlins Crailsheim,Telekom Baskets Bonn,2315,1510,85.8,89.8,0.6,89.2,81.0,0.6,-3.4000000000000057,0.0,83.9,82.2,0.7,88.7,85.1,0.5,-4.799999999999997,0.19999999999999996,0.6666666666666666,0.3333333333333333,0.3333333333333333,1.0,1.0,-4.0,8.200000000000003,-12.200000000000003,3,3,1.0,1,1572.77,1530.53,42.24,18,17,1,0
2022_0305_19629_1634,2021-22,2022-03-05 00:00:00+00:00,EWE Baskets Oldenburg,Veolia Towers Hamburg,1634,19629,100.4,93.2,0.6,84.4,94.0,0.2,16.0,0.39999999999999997,87.0,91.2,0.3,85.7,88.3,0.4,1.2999999999999972,-0.10000000000000003,0.6666666666666666,0.3333333333333333,0.3333333333333333,1.0,-3.0,7.200000000000003,-9.599999999999994,16.799999999999997,1,3,0.3333333333333333,1,1454.11,1511.62,-57.51,17,3,14,0
2022_0305_450_134,2021-22,2022-03-05 00:00:00+00:00,Medi Bayreuth,SYNTAINICS MBC Weissenfels,134,450,88.0,84.0,0.8,83.8,90.6,0.4,4.200000000000003,0.4,83.0,86.0,0.6,83.3,91.4,0.3,-0.29999999999999716,0.3,1.0,0.3333333333333333,0.6666666666666667,3.0,-1.0,4.0,-6.799999999999997,10.799999999999997,3,3,1.0,1,1512.61,1385.25,127.37,17,17,0,0
2022_0306_219_132,2021-22,2022-03-06 00:00:00+00:00,Bamberg Baskets,FC Bayern Muenchen Basketball,132,219,89.2,85.4,0.6,78.0,69.4,0.8,11.200000000000003,-0.20000000000000007,88.2,88.7,0.4,79.2,71.8,0.7,9.0,-0.29999999999999993,0.6666666666666666,0.6666666666666666,0.0,1.0,3.0,3.799999999999997,8.599999999999994,-4.799999999999997,0,2,0.0,1,1473.99,1630.66,-156.67,22,4,18,0
2022_0306_133_41,2021-22,2022-03-06 00:00:00+00:00,MHP Riesen Ludwigsburg,46ers Giessen,41,133,75.4,71.2,0.8,85.0,85.8,0.2,-9.599999999999994,0.6000000000000001,79.2,74.8,0.7,83.3,88.5,0.1,-4.099999999999994,0.6,0.6666666666666666,0.3333333333333333,0.3333333333333333,3.0,-3.0,4.200000000000003,-0.7999999999999972,5.0,3,3,1.0,1,1600.89,1371.22,229.68,18,19,-1,1
2022_0306_214_1791,2021-22,2022-03-06 00:00:00+00:00,NINERS Chemnitz,BG Goettingen,1791,214,77.4,68.6,0.8,85.2,85.8,0.4,-7.799999999999997,0.4,79.4,73.6,0.8,84.0,83.8,0.5,-4.599999999999994,0.30000000000000004,1.0,0.3333333333333333,0.6666666666666667,3.0,-1.0,8.800000000000011,-0.5999999999999943,9.400000000000006,1,3,0.3333333333333333,1,1567.41,1498.57,68.84,19,18,1,0
2022_0308_132_1634,2021-22,2022-03-08 00:00:00+00:00,EWE Baskets Oldenburg,Bamberg Baskets,1634,132,95.6,98.8,0.4,84.2,87.0,0.4,11.399999999999991,0.0,89.8,93.4,0.3,86.0,88.3,0.4,3.799999999999997,-0.10000000000000003,0.3333333333333333,0.3333333333333333,0.0,-1.0,-1.0,-3.200000000000003,-2.799999999999997,-0.4000000000000057,3,3,1.0,1,1442.89,1465.61,-22.72,3,2,1,1
2022_0308_1510_219,2021-22,2022-03-08 00:00:00+00:00,FC Bayern Muenchen Basketball,Telekom Baskets Bonn,219,1510,78.0,69.8,0.8,90.4,84.0,0.6,-12.400000000000006,0.20000000000000007,79.6,70.2,0.7,87.3,85.7,0.5,-7.700000000000003,0.19999999999999996,0.6666666666666666,0.6666666666666666,0.0,3.0,1.0,8.200000000000003,6.400000000000006,1.7999999999999972,3,3,1.0,1,1639.05,1544.41,94.64,2,3,-1,0
2022_0309_134_133,2021-22,2022-03-09 00:00:00+00:00,46ers Giessen,Medi Bayreuth,133,134,81.0,83.0,0.2,85.4,86.6,0.6,-4.400000000000006,-0.39999999999999997,81.7,87.9,0.1,83.2,85.6,0.6,-1.5,-0.5,0.0,0.6666666666666666,-0.6666666666666666,-3.0,1.0,-2.0,-1.1999999999999886,-0.8000000000000114,3,3,1.0,1,1368.61,1496.87,-128.26,3,4,-1,1
2022_0309_3361_214,2021-22,2022-03-09 00:00:00+00:00,BG Goettingen,Fraport Skyliners Frankfurt,214,3361,85.8,84.4,0.4,73.8,84.2,0.0,12.0,0.4,84.7,83.1,0.5,75.9,84.8,0.2,8.799999999999997,0.3,0.6666666666666666,0.0,0.6666666666666666,-1.0,-5.0,1.3999999999999915,-10.400000000000006,11.799999999999997,0,2,0.0,1,1513.08,1409.74,103.33,3,22,-19,1
2022_0312_19629_1510,2021-22,2022-03-12 00:00:00+00:00,Telekom Baskets Bonn,Veolia Towers Hamburg,1510,19629,91.8,83.2,0.6,90.0,91.0,0.4,1.7999999999999972,0.19999999999999996,88.0,83.5,0.5,85.4,88.6,0.4,2.5999999999999943,0.09999999999999998,0.6666666666666666,0.6666666666666666,0.0,1.0,-1.0,8.599999999999994,-1.0,9.599999999999994,1,3,0.3333333333333333,1,1559.49,1522.84,36.65,4,7,-3,1
2022_0312_214_134,2021-22,2022-03-12 00:00:00+00:00,Medi Bayreuth,BG Goettingen,134,214,91.2,89.0,0.6,83.2,80.0,0.6,8.0,0.0,83.3,87.1,0.5,83.4,81.7,0.5,-0.10000000000000853,0.0,0.3333333333333333,0.6666666666666666,-0.3333333333333333,1.0,1.0,2.200000000000003,3.200000000000003,-1.0,2,3,0.6666666666666666,1,1486.05,1517.81,-31.76,3,3,0,0
2022_0312_215_40,2021-22,2022-03-12 00:00:00+00:00,Basketball Loewen Braunschweig,MLP Academics Heidelberg,40,215,82.2,79.6,0.6,76.4,87.4,0.2,5.799999999999997,0.39999999999999997,83.2,82.8,0.5,81.7,86.3,0.3,1.5,0.2,0.3333333333333333,0.3333333333333333,0.0,1.0,-3.0,2.6000000000000085,-11.0,13.600000000000009,0,1,0.0,1,1491.61,1440.86,50.75,25,24,1,0
2022_0312_41_132,2021-22,2022-03-12 00:00:00+00:00,Bamberg Baskets,MHP Riesen Ludwigsburg,132,41,84.6,89.2,0.4,74.8,71.6,0.8,9.799999999999997,-0.4,84.9,88.3,0.4,79.0,72.8,0.8,5.900000000000006,-0.4,0.3333333333333333,0.6666666666666666,-0.3333333333333333,-1.0,3.0,-4.6000000000000085,3.200000000000003,-7.800000000000011,1,3,0.3333333333333333,1,1457.8,1603.5,-145.7,4,6,-2,0
2022_0312_2745_2315,2021-22,2022-03-12 00:00:00+00:00,Merlins Crailsheim,FITOne Wuerzburg Baskets,2315,2745,88.8,94.8,0.4,89.6,94.4,0.4,-0.7999999999999972,0.0,86.3,86.2,0.6,81.2,91.5,0.2,5.099999999999994,0.39999999999999997,0.3333333333333333,0.3333333333333333,0.0,-1.0,-1.0,-6.0,-4.800000000000011,-1.1999999999999886,2,3,0.6666666666666666,1,1558.89,1374.82,184.07,7,8,-1,0
2022_0313_133_10,2021-22,2022-03-13 00:00:00+00:00,ALBA Berlin,46ers Giessen,10,133,84.8,70.6,0.8,84.8,83.4,0.4,0.0,0.4,87.3,73.4,0.8,81.7,86.5,0.2,5.599999999999994,0.6000000000000001,1.0,0.3333333333333333,0.6666666666666667,3.0,-1.0,14.200000000000003,1.3999999999999915,12.800000000000011,2,2,1.0,1,1654.9,1379.42,275.48,26,4,22,1
2022_0313_1634_1791,2021-22,2022-03-13 00:00:00+00:00,NINERS Chemnitz,EWE Baskets Oldenburg,1791,1634,77.6,71.2,0.8,101.2,98.2,0.6,-23.60000000000001,0.20000000000000007,78.1,74.8,0.7,92.2,93.0,0.4,-14.100000000000009,0.29999999999999993,0.6666666666666666,0.3333333333333333,0.3333333333333333,3.0,1.0,6.3999999999999915,3.0,3.3999999999999915,1,3,0.3333333333333333,1,1552.9,1450.7,102.2,7,5,2,0
2022_0313_450_3361,2021-22,2022-03-13 00:00:00+00:00,Fraport Skyliners Frankfurt,SYNTAINICS MBC Weissenfels,3361,450,69.6,81.4,0.0,89.6,90.0,0.6,-20.0,-0.6,75.7,82.6,0.2,84.9,92.7,0.3,-9.200000000000003,-0.09999999999999998,0.0,0.3333333333333333,-0.3333333333333333,-5.0,1.0,-11.800000000000011,-0.4000000000000057,-11.400000000000006,1,3,0.3333333333333333,1,1405.01,1400.99,4.01,4,8,-4,0
2022_0316_3361_2745,2021-22,2022-03-16 00:00:00+00:00,FITOne Wuerzburg Baskets,Fraport Skyliners Frankfurt,2745,3361,89.8,91.4,0.4,70.4,81.6,0.0,19.39999999999999,0.4,84.2,89.3,0.3,76.4,81.8,0.2,7.799999999999997,0.09999999999999998,0.3333333333333333,0.0,0.3333333333333333,-1.0,-5.0,-1.6000000000000085,-11.199999999999989,9.59999999999998,1,3,0.3333333333333333,1,1391.55,1392.1,-0.54,4,3,1,1
2022_0316_10_40,2021-22,2022-03-16 00:00:00+00:00,Basketball Loewen Braunschweig,ALBA Berlin,40,10,79.0,80.2,0.4,86.6,67.0,1.0,-7.599999999999994,-0.6,83.9,84.0,0.4,88.4,71.2,0.9,-4.5,-0.5,0.3333333333333333,1.0,-0.6666666666666667,-1.0,5.0,-1.2000000000000028,19.599999999999994,-20.799999999999997,1,2,0.5,1,1477.52,1656.97,-179.44,4,3,1,0
2022_0317_450_133,2021-22,2022-03-17 00:00:00+00:00,46ers Giessen,SYNTAINICS MBC Weissenfels,133,450,76.4,85.6,0.2,88.4,88.6,0.6,-12.0,-0.39999999999999997,80.6,87.8,0.2,84.0,88.7,0.4,-3.4000000000000057,-0.2,0.3333333333333333,0.6666666666666666,-0.3333333333333333,-3.0,1.0,-9.199999999999989,-0.19999999999998863,-9.0,1,3,0.3333333333333333,1,1377.36,1413.9,-36.54,4,4,0,0
2022_0318_1510_134,2021-22,2022-03-18 00:00:00+00:00,Medi Bayreuth,Telekom Baskets Bonn,134,1510,91.4,93.2,0.4,93.4,80.0,0.8,-2.0,-0.4,84.9,89.1,0.4,88.9,82.7,0.6,-4.0,-0.19999999999999996,0.0,1.0,-1.0,-1.0,3.0,-1.7999999999999972,13.400000000000006,-15.200000000000003,2,3,0.6666666666666666,1,1474.11,1565.75,-91.63,6,6,0,0
2022_0319_1634_214,2021-22,2022-03-19 00:00:00+00:00,BG Goettingen,EWE Baskets Oldenburg,214,1634,85.0,79.6,0.8,97.6,95.0,0.6,-12.599999999999994,0.20000000000000007,83.8,82.2,0.5,92.8,92.0,0.5,-9.0,0.0,1.0,0.6666666666666666,0.33333333333333337,3.0,1.0,5.400000000000006,2.5999999999999943,2.8000000000000114,1,3,0.3333333333333333,1,1529.75,1465.94,63.81,7,6,1,0
2022_0319_2745_215,2021-22,2022-03-19 00:00:00+00:00,MLP Academics Heidelberg,FITOne Wuerzburg Baskets,215,2745,78.6,84.6,0.4,83.0,81.0,0.6,-4.400000000000006,-0.19999999999999996,81.7,85.8,0.4,83.1,86.6,0.4,-1.3999999999999915,0.0,0.6666666666666666,0.6666666666666666,0.0,-1.0,1.0,-6.0,2.0,-8.0,1,1,1.0,1,1454.95,1398.77,56.18,7,3,4,0
2022_0319_19629_41,2021-22,2022-03-19 00:00:00+00:00,MHP Riesen Ludwigsburg,Veolia Towers Hamburg,41,19629,78.6,71.8,0.8,86.6,89.8,0.4,-8.0,0.4,79.7,72.3,0.8,84.7,88.3,0.4,-5.0,0.4,1.0,0.3333333333333333,0.6666666666666667,3.0,-1.0,6.799999999999997,-3.200000000000003,10.0,3,3,1.0,1,1612.19,1516.58,95.61,7,7,0,1
2022_0320_132_450,2021-22,2022-03-20 00:00:00+00:00,SYNTAINICS MBC Weissenfels,Bamberg Baskets,450,132,88.0,89.8,0.6,80.4,92.6,0.2,7.599999999999994,0.39999999999999997,84.5,87.8,0.5,84.6,88.5,0.4,-0.09999999999999432,0.09999999999999998,1.0,0.0,1.0,1.0,-3.0,-1.7999999999999972,-12.199999999999989,10.399999999999991,0,3,0.0,1,1425.71,1449.11,-23.4,3,8,-5,0
2022_0320_40_3361,2021-22,2022-03-20 00:00:00+00:00,Fraport Skyliners Frankfurt,Basketball Loewen Braunschweig,3361,40,62.0,73.4,0.0,79.0,84.2,0.2,-17.0,-0.2,74.7,80.5,0.2,83.6,84.6,0.4,-8.899999999999991,-0.2,0.0,0.3333333333333333,-0.3333333333333333,-5.0,-3.0,-11.400000000000006,-5.200000000000003,-6.200000000000003,1,3,0.3333333333333333,1,1384.88,1469.77,-84.89,4,4,0,1
2022_0323_214_215,2021-22,2022-03-23 00:00:00+00:00,MLP Academics Heidelberg,BG Goettingen,215,214,79.4,82.2,0.4,83.8,79.4,0.6,-4.3999999999999915,-0.19999999999999996,81.5,87.1,0.4,83.8,81.5,0.5,-2.299999999999997,-0.09999999999999998,0.6666666666666666,0.6666666666666666,0.0,-1.0,1.0,-2.799999999999997,4.3999999999999915,-7.199999999999989,0,1,0.0,1,1440.73,1515.36,-74.62,4,4,0,1
2022_0323_134_1634,2021-22,2022-03-23 00:00:00+00:00,EWE Baskets Oldenburg,Medi Bayreuth,1634,134,92.8,93.4,0.6,87.4,94.6,0.2,5.3999999999999915,0.39999999999999997,93.6,91.1,0.6,84.7,89.0,0.4,8.899999999999991,0.19999999999999996,1.0,0.0,1.0,1.0,-3.0,-0.6000000000000085,-7.199999999999989,6.59999999999998,2,3,0.6666666666666666,1,1480.34,1463.87,16.46,4,5,-1,1
2022_0324_1791_19629,2021-22,2022-03-24 00:00:00+00:00,Veolia Towers Hamburg,NINERS Chemnitz,19629,1791,87.4,87.6,0.4,77.6,72.4,0.6,9.800000000000011,-0.19999999999999996,84.7,87.5,0.4,78.6,74.8,0.7,6.1000000000000085,-0.29999999999999993,0.3333333333333333,0.3333333333333333,0.0,-1.0,1.0,-0.19999999999998863,5.199999999999989,-5.399999999999977,0,3,0.0,1,1511.68,1537.66,-25.98,5,11,-6,1
2022_0325_3361_127,2021-22,2022-03-25 00:00:00+00:00,Ratiopharm Ulm,Fraport Skyliners Frankfurt,127,3361,82.4,81.8,0.6,65.8,72.4,0.2,16.60000000000001,0.39999999999999997,83.9,78.9,0.8,73.2,79.0,0.2,10.700000000000003,0.6000000000000001,0.6666666666666666,0.3333333333333333,0.3333333333333333,1.0,-3.0,0.6000000000000085,-6.6000000000000085,7.200000000000017,2,3,0.6666666666666666,1,1602.3,1394.45,207.85,21,5,16,1
2022_0326_134_132,2021-22,2022-03-26 00:00:00+00:00,Bamberg Baskets,Medi Bayreuth,132,134,80.0,90.2,0.4,79.4,90.4,0.0,0.5999999999999943,0.4,85.2,87.5,0.5,83.7,87.2,0.4,1.5,0.09999999999999998,0.3333333333333333,0.0,0.3333333333333333,-1.0,-5.0,-10.200000000000003,-11.0,0.7999999999999972,1,3,0.3333333333333333,1,1461.28,1457.11,4.17,6,3,3,1
2022_0326_133_1634,2021-22,2022-03-26 00:00:00+00:00,EWE Baskets Oldenburg,46ers Giessen,1634,133,88.6,85.4,0.8,76.4,85.4,0.2,12.199999999999989,0.6000000000000001,94.5,89.3,0.7,81.3,86.5,0.2,13.200000000000003,0.49999999999999994,1.0,0.3333333333333333,0.6666666666666667,3.0,-3.0,3.1999999999999886,-9.0,12.199999999999989,1,3,0.3333333333333333,1,1487.11,1365.55,121.56,3,9,-6,0
2022_0326_215_19629,2021-22,2022-03-26 00:00:00+00:00,Veolia Towers Hamburg,MLP Academics Heidelberg,19629,215,82.6,84.0,0.4,82.6,80.0,0.6,0.0,-0.19999999999999996,84.4,88.0,0.4,81.5,85.4,0.5,2.9000000000000057,-0.09999999999999998,0.3333333333333333,0.6666666666666666,-0.3333333333333333,-1.0,1.0,-1.4000000000000057,2.5999999999999943,-4.0,1,1,1.0,1,1519.58,1450.0,69.58,2,3,-1,1
2022_0326_450_1510,2021-22,2022-03-26 00:00:00+00:00,Telekom Baskets Bonn,SYNTAINICS MBC Weissenfels,1510,450,91.6,77.6,0.8,85.0,85.2,0.6,6.599999999999994,0.20000000000000007,89.5,80.0,0.7,84.9,87.4,0.5,4.599999999999994,0.19999999999999996,1.0,0.6666666666666666,0.33333333333333337,3.0,1.0,14.0,-0.20000000000000284,14.200000000000003,3,3,1.0,1,1575.99,1413.54,162.45,8,6,2,1
2022_0327_219_2315,2021-22,2022-03-27 00:00:00+00:00,Merlins Crailsheim,FC Bayern Muenchen Basketball,2315,219,85.6,93.0,0.4,72.0,72.6,0.6,13.599999999999994,-0.19999999999999996,86.1,87.0,0.6,78.9,72.1,0.7,7.199999999999989,-0.09999999999999998,0.3333333333333333,0.6666666666666666,-0.3333333333333333,-1.0,1.0,-7.400000000000006,-0.5999999999999943,-6.800000000000011,2,3,0.6666666666666666,1,1542.15,1623.97,-81.81,15,19,-4,0
2022_0327_1791_10,2021-22,2022-03-27 00:00:00+00:00,ALBA Berlin,NINERS Chemnitz,10,1791,89.2,69.0,1.0,78.4,77.0,0.4,10.799999999999997,0.6,89.6,71.1,0.9,78.0,76.3,0.6,11.599999999999994,0.30000000000000004,1.0,0.0,1.0,5.0,-1.0,20.200000000000003,1.4000000000000057,18.799999999999997,3,3,1.0,1,1664.72,1529.76,134.96,11,3,8,0
2022_0327_214_2745,2021-22,2022-03-27 00:00:00+00:00,FITOne Wuerzburg Baskets,BG Goettingen,2745,214,83.8,78.4,0.6,82.0,78.6,0.6,1.7999999999999972,0.0,85.0,84.6,0.5,83.6,82.2,0.5,1.4000000000000057,0.0,1.0,0.3333333333333333,0.6666666666666667,1.0,1.0,5.3999999999999915,3.4000000000000057,1.9999999999999858,0,3,0.0,1,1412.98,1506.09,-93.1,8,4,4,1
2022_0327_41_40,2021-22,2022-03-27 00:00:00+00:00,Basketball Loewen Braunschweig,MHP Riesen Ludwigsburg,40,41,76.0,80.4,0.2,78.4,72.6,0.8,-2.4000000000000057,-0.6000000000000001,81.0,83.3,0.3,78.0,71.1,0.8,3.0,-0.5,0.0,1.0,-1.0,-3.0,3.0,-4.400000000000006,5.800000000000011,-10.200000000000017,0,3,0.0,1,1460.21,1617.09,-156.89,7,8,-1,0
2022_0329_215_3361,2021-22,2022-03-29 00:00:00+00:00,Fraport Skyliners Frankfurt,MLP Academics Heidelberg,3361,215,66.2,70.2,0.2,82.0,83.0,0.6,-15.799999999999997,-0.39999999999999997,70.0,77.2,0.1,79.1,86.4,0.4,-9.099999999999994,-0.30000000000000004,0.3333333333333333,0.3333333333333333,0.0,-3.0,1.0,-4.0,-1.0,-3.0,1,1,1.0,1,1391.54,1444.53,-52.99,4,3,1,0
2022_0329_132_2315,2021-22,2022-03-29 00:00:00+00:00,Merlins Crailsheim,Bamberg Baskets,2315,132,79.0,94.4,0.2,78.4,86.6,0.4,0.5999999999999943,-0.2,83.2,88.4,0.5,83.8,86.0,0.5,-0.5999999999999943,0.0,0.0,0.6666666666666666,-0.6666666666666666,-3.0,-1.0,-15.400000000000006,-8.199999999999989,-7.200000000000017,3,3,1.0,1,1531.63,1468.36,63.26,2,3,-1,0
2022_0330_41_450,2021-22,2022-03-30 00:00:00+00:00,SYNTAINICS MBC Weissenfels,MHP Riesen Ludwigsburg,450,41,88.0,84.4,0.6,85.2,72.2,1.0,2.799999999999997,-0.4,85.9,87.5,0.5,80.4,70.5,0.9,5.5,-0.4,0.3333333333333333,1.0,-0.6666666666666667,1.0,5.0,3.5999999999999943,13.0,-9.400000000000006,0,3,0.0,1,1409.92,1625.47,-215.55,4,3,1,0
2022_0401_19629_2315,2021-22,2022-04-01 00:00:00+00:00,Merlins Crailsheim,Veolia Towers Hamburg,2315,19629,80.4,91.4,0.2,87.6,82.0,0.6,-7.199999999999989,-0.39999999999999997,83.6,90.7,0.4,86.0,88.0,0.4,-2.4000000000000057,0.0,0.0,0.6666666666666666,-0.6666666666666666,-3.0,1.0,-11.0,5.599999999999994,-16.599999999999994,2,3,0.6666666666666666,1,1517.25,1525.06,-7.81,3,6,-3,0
2022_0402_1510_41,2021-22,2022-04-02 00:00:00+00:00,MHP Riesen Ludwigsburg,Telekom Baskets Bonn,41,1510,83.4,71.4,1.0,91.6,76.0,1.0,-8.199999999999989,0.0,79.4,71.3,0.9,90.4,78.5,0.8,-11.0,0.09999999999999998,1.0,1.0,0.0,5.0,5.0,12.0,15.599999999999994,-3.5999999999999943,3,3,1.0,1,1632.26,1579.6,52.66,3,7,-4,0
2022_0402_215_133,2021-22,2022-04-02 00:00:00+00:00,46ers Giessen,MLP Academics Heidelberg,133,215,77.8,83.0,0.4,77.4,82.0,0.6,0.3999999999999915,-0.19999999999999996,81.4,84.4,0.3,76.9,84.7,0.4,4.5,-0.10000000000000003,0.3333333333333333,0.6666666666666666,-0.3333333333333333,-1.0,1.0,-5.200000000000003,-4.599999999999994,-0.6000000000000085,0,1,0.0,1,1381.18,1455.88,-74.69,7,4,3,0
2022_0402_127_450,2021-22,2022-04-02 00:00:00+00:00,SYNTAINICS MBC Weissenfels,Ratiopharm Ulm,450,127,82.0,83.6,0.4,77.4,77.8,0.6,4.599999999999994,-0.19999999999999996,85.8,86.8,0.5,82.2,78.1,0.8,3.5999999999999943,-0.30000000000000004,0.0,1.0,-1.0,-1.0,1.0,-1.5999999999999943,-0.3999999999999915,-1.2000000000000028,0,3,0.0,1,1403.13,1605.21,-202.08,3,8,-5,0
2022_0402_1634_219,2021-22,2022-04-02 00:00:00+00:00,FC Bayern Muenchen Basketball,EWE Baskets Oldenburg,219,1634,76.2,74.8,0.6,86.6,82.8,0.8,-10.399999999999991,-0.20000000000000007,81.9,72.0,0.8,91.1,90.8,0.6,-9.199999999999989,0.20000000000000007,0.6666666666666666,0.6666666666666666,0.0,1.0,3.0,1.4000000000000057,3.799999999999997,-2.3999999999999915,2,3,0.6666666666666666,1,1634.49,1471.47,163.02,6,7,-1,0
2022_0403_132_3361,2021-22,2022-04-03 00:00:00+00:00,Fraport Skyliners Frankfurt,Bamberg Baskets,3361,132,66.2,69.8,0.2,84.2,86.2,0.6,-18.0,-0.39999999999999997,67.9,75.6,0.1,84.2,86.6,0.5,-16.299999999999997,-0.4,0.3333333333333333,1.0,-0.6666666666666667,-3.0,1.0,-3.5999999999999943,-2.0,-1.5999999999999943,0,3,0.0,1,1380.2,1482.75,-102.55,5,5,0,0
2022_0403_40_214,2021-22,2022-04-03 00:00:00+00:00,BG Goettingen,Basketball Loewen Braunschweig,214,40,79.2,82.6,0.4,75.0,79.4,0.2,4.200000000000003,0.2,82.5,83.5,0.4,80.0,83.0,0.3,2.5,0.10000000000000003,0.0,0.0,0.0,-1.0,-3.0,-3.3999999999999915,-4.400000000000006,1.0000000000000142,2,3,0.6666666666666666,1,1496.28,1451.83,44.46,7,7,0,0
2022_0403_2745_1791,2021-22,2022-04-03 00:00:00+00:00,NINERS Chemnitz,FITOne Wuerzburg Baskets,1791,2745,79.8,78.6,0.4,84.4,75.2,0.8,-4.6000000000000085,-0.4,79.6,76.4,0.6,86.9,84.0,0.6,-7.300000000000011,0.0,0.3333333333333333,1.0,-0.6666666666666667,-1.0,3.0,1.2000000000000028,9.200000000000003,-8.0,1,2,0.5,1,1545.65,1422.78,122.87,7,7,0,0
2022_0404_10_134,2021-22,2022-04-04 00:00:00+00:00,Medi Bayreuth,ALBA Berlin,134,10,77.4,86.2,0.0,84.2,69.8,0.8,-6.799999999999997,-0.8,81.4,86.4,0.3,85.1,71.3,0.8,-3.6999999999999886,-0.5,0.0,0.6666666666666666,-0.6666666666666666,-5.0,3.0,-8.799999999999997,14.400000000000006,-23.200000000000003,0,3,0.0,1,1450.02,1648.83,-198.81,9,8,1,0
2022_0406_2315_450,2021-22,2022-04-06 00:00:00+00:00,SYNTAINICS MBC Weissenfels,Merlins Crailsheim,450,2315,82.2,85.2,0.2,75.6,97.8,0.0,6.6000000000000085,0.2,85.3,86.9,0.4,80.7,93.8,0.3,4.599999999999994,0.10000000000000003,0.0,0.0,0.0,-3.0,-5.0,-3.0,-22.200000000000003,19.200000000000003,2,3,0.6666666666666666,1,1395.98,1504.65,-108.67,4,5,-1,1
2022_0406_214_3361,2021-22,2022-04-06 00:00:00+00:00,Fraport Skyliners Frankfurt,BG Goettingen,3361,214,65.6,68.6,0.2,77.4,89.8,0.2,-11.800000000000011,0.0,68.0,75.1,0.1,80.3,84.9,0.4,-12.299999999999997,-0.30000000000000004,0.0,0.0,0.0,-3.0,-3.0,-3.0,-12.399999999999991,9.399999999999991,2,3,0.6666666666666666,1,1370.27,1482.35,-112.08,3,3,0,0
2022_0408_132_1791,2021-22,2022-04-08 00:00:00+00:00,NINERS Chemnitz,Bamberg Baskets,1791,132,78.6,83.2,0.2,82.6,79.4,0.8,-4.0,-0.6000000000000001,78.0,75.9,0.5,83.6,84.3,0.6,-5.599999999999994,-0.09999999999999998,0.3333333333333333,1.0,-0.6666666666666667,-3.0,3.0,-4.6000000000000085,3.1999999999999886,-7.799999999999997,2,3,0.6666666666666666,1,1529.99,1492.67,37.32,5,5,0,1
2022_0409_134_2745,2021-22,2022-04-09 00:00:00+00:00,FITOne Wuerzburg Baskets,Medi Bayreuth,2745,134,85.4,71.8,1.0,70.2,84.6,0.0,15.200000000000003,1.0,87.5,83.1,0.7,80.7,86.8,0.3,6.799999999999997,0.39999999999999997,1.0,0.0,1.0,5.0,-5.0,13.600000000000009,-14.399999999999991,28.0,1,3,0.3333333333333333,1,1438.44,1442.79,-4.34,6,5,1,1
2022_0409_2315_215,2021-22,2022-04-09 00:00:00+00:00,MLP Academics Heidelberg,Merlins Crailsheim,215,2315,80.2,82.6,0.6,74.4,96.2,0.0,5.799999999999997,0.6,79.4,83.6,0.5,81.6,95.5,0.2,-2.1999999999999886,0.3,0.6666666666666666,0.0,0.6666666666666666,1.0,-5.0,-2.3999999999999915,-21.799999999999997,19.400000000000006,1,1,1.0,1,1466.6,1494.4,-27.8,7,3,4,0
2022_0409_41_127,2021-22,2022-04-09 00:00:00+00:00,Ratiopharm Ulm,MHP Riesen Ludwigsburg,127,41,76.6,76.0,0.8,85.8,79.0,0.8,-9.200000000000003,0.0,81.6,78.8,0.8,80.3,75.3,0.8,1.2999999999999972,0.0,1.0,0.6666666666666666,0.33333333333333337,3.0,3.0,0.5999999999999943,6.799999999999997,-6.200000000000003,1,3,0.3333333333333333,1,1612.35,1618.13,-5.78,7,7,0,0
2022_0409_1634_40,2021-22,2022-04-09 00:00:00+00:00,Basketball Loewen Braunschweig,EWE Baskets Oldenburg,40,1634,79.6,80.4,0.2,86.6,81.2,0.8,-7.0,-0.6000000000000001,80.9,80.0,0.4,93.9,89.7,0.7,-13.0,-0.29999999999999993,0.3333333333333333,0.6666666666666666,-0.3333333333333333,-3.0,3.0,-0.8000000000000114,5.3999999999999915,-6.200000000000003,1,3,0.3333333333333333,1,1465.76,1487.87,-22.1,6,7,-1,0
2022_0410_3361_1510,2021-22,2022-04-10 00:00:00+00:00,Telekom Baskets Bonn,Fraport Skyliners Frankfurt,1510,3361,90.8,74.4,1.0,67.8,70.0,0.2,23.0,0.8,90.6,79.2,0.8,64.9,71.7,0.1,25.69999999999999,0.7000000000000001,1.0,0.0,1.0,5.0,-3.0,16.39999999999999,-2.200000000000003,18.599999999999994,2,3,0.6666666666666666,1,1593.73,1360.62,233.11,8,4,4,1
2022_0410_133_219,2021-22,2022-04-10 00:00:00+00:00,FC Bayern Muenchen Basketball,46ers Giessen,219,133,79.6,80.6,0.6,82.2,86.8,0.4,-2.6000000000000085,0.19999999999999996,79.4,74.5,0.7,81.6,84.9,0.3,-2.1999999999999886,0.39999999999999997,0.3333333333333333,0.3333333333333333,0.0,1.0,-1.0,-1.0,-4.599999999999994,3.5999999999999943,2,3,0.6666666666666666,1,1618.09,1370.46,247.64,8,8,0,1
2022_0410_214_19629,2021-22,2022-04-10 00:00:00+00:00,Veolia Towers Hamburg,BG Goettingen,19629,214,90.0,77.6,0.6,74.2,86.0,0.2,15.799999999999997,0.39999999999999997,90.0,84.3,0.5,79.6,82.8,0.5,10.400000000000006,0.0,1.0,0.3333333333333333,0.6666666666666667,1.0,-3.0,12.400000000000006,-11.799999999999997,24.200000000000003,3,3,1.0,1,1537.65,1492.0,45.65,9,4,5,0
2022_0410_450_10,2021-22,2022-04-10 00:00:00+00:00,ALBA Berlin,SYNTAINICS MBC Weissenfels,10,450,80.4,65.6,0.8,82.6,85.4,0.2,-2.1999999999999886,0.6000000000000001,84.2,70.5,0.8,85.3,87.6,0.4,-1.0999999999999943,0.4,0.6666666666666666,0.3333333333333333,0.3333333333333333,3.0,-3.0,14.800000000000011,-2.8000000000000114,17.600000000000023,3,3,1.0,1,1656.06,1406.23,249.83,6,4,2,1
2022_0412_10_1634,2021-22,2022-04-12 00:00:00+00:00,EWE Baskets Oldenburg,ALBA Berlin,1634,10,86.2,79.0,0.8,85.0,67.6,0.8,1.2000000000000028,0.0,91.9,87.0,0.7,84.9,69.1,0.8,7.0,-0.10000000000000009,0.6666666666666666,0.6666666666666666,0.0,3.0,3.0,7.200000000000003,17.400000000000006,-10.200000000000003,1,3,0.3333333333333333,1,1500.07,1658.41,-158.34,3,2,1,0
2022_0412_40_2315,2021-22,2022-04-12 00:00:00+00:00,Merlins Crailsheim,Basketball Loewen Braunschweig,2315,40,77.0,92.4,0.2,79.2,82.2,0.2,-2.200000000000003,0.0,81.3,92.7,0.3,79.1,81.2,0.3,2.200000000000003,0.0,0.3333333333333333,0.3333333333333333,0.0,-3.0,-3.0,-15.400000000000006,-3.0,-12.400000000000006,3,3,1.0,1,1506.45,1453.56,52.9,3,3,0,1
2022_0412_127_215,2021-22,2022-04-12 00:00:00+00:00,MLP Academics Heidelberg,Ratiopharm Ulm,215,127,79.2,80.6,0.6,77.0,75.2,0.8,2.200000000000003,-0.20000000000000007,79.3,81.4,0.5,78.5,78.1,0.7,0.7999999999999972,-0.19999999999999996,0.6666666666666666,0.6666666666666666,0.0,1.0,3.0,-1.3999999999999915,1.7999999999999972,-3.1999999999999886,0,1,0.0,1,1454.55,1599.7,-145.15,3,3,0,0
2022_0413_132_214,2021-22,2022-04-13 00:00:00+00:00,BG Goettingen,Bamberg Baskets,214,132,73.8,84.8,0.4,83.2,78.2,0.8,-9.400000000000006,-0.4,78.8,82.1,0.5,81.8,85.4,0.5,-3.0,0.0,0.6666666666666666,0.6666666666666666,0.0,-1.0,3.0,-11.0,5.0,-16.0,2,3,0.6666666666666666,1,1505.97,1486.43,19.53,3,5,-2,0
2022_0413_219_450,2021-22,2022-04-13 00:00:00+00:00,SYNTAINICS MBC Weissenfels,FC Bayern Muenchen Basketball,450,219,80.2,87.0,0.2,81.4,82.6,0.6,-1.2000000000000028,-0.39999999999999997,82.6,86.1,0.4,79.7,76.0,0.7,2.8999999999999915,-0.29999999999999993,0.3333333333333333,0.6666666666666666,-0.3333333333333333,-3.0,1.0,-6.799999999999997,-1.1999999999999886,-5.6000000000000085,0,3,0.0,1,1403.88,1620.48,-216.6,3,3,0,0
2022_0413_134_1791,2021-22,2022-04-13 00:00:00+00:00,NINERS Chemnitz,Medi Bayreuth,1791,134,82.6,81.0,0.4,67.4,82.8,0.0,15.199999999999989,0.4,80.1,76.1,0.6,79.4,88.0,0.2,0.6999999999999886,0.39999999999999997,0.6666666666666666,0.0,0.6666666666666666,-1.0,-5.0,1.5999999999999943,-15.399999999999991,16.999999999999986,0,3,0.0,1,1536.23,1435.47,100.76,5,4,1,1
2022_0413_1510_133,2021-22,2022-04-13 00:00:00+00:00,46ers Giessen,Telekom Baskets Bonn,133,1510,80.2,88.0,0.2,94.0,81.4,1.0,-13.799999999999997,-0.8,82.5,85.7,0.3,92.9,82.3,0.8,-10.400000000000006,-0.5,0.3333333333333333,1.0,-0.6666666666666667,-3.0,5.0,-7.799999999999997,12.599999999999994,-20.39999999999999,0,3,0.0,1,1368.07,1596.3,-228.22,3,3,0,0
2022_0413_19629_3361,2021-22,2022-04-13 00:00:00+00:00,Fraport Skyliners Frankfurt,Veolia Towers Hamburg,3361,19629,72.6,79.0,0.0,91.4,77.2,0.6,-18.80000000000001,-0.6,69.2,75.7,0.1,89.0,83.5,0.5,-19.799999999999997,-0.4,0.0,0.6666666666666666,-0.6666666666666666,-5.0,1.0,-6.400000000000006,14.200000000000003,-20.60000000000001,1,3,0.3333333333333333,1,1358.06,1523.69,-165.63,3,3,0,0
2022_0415_10_127,2021-22,2022-04-15 00:00:00+00:00,Ratiopharm Ulm,ALBA Berlin,127,10,76.6,72.8,0.8,86.6,73.2,0.8,-10.0,0.0,79.8,78.7,0.7,86.6,70.1,0.9,-6.799999999999997,-0.20000000000000007,0.6666666666666666,1.0,-0.33333333333333337,3.0,3.0,3.799999999999997,13.399999999999991,-9.599999999999994,0,3,0.0,1,1608.41,1666.75,-58.34,3,3,0,0
2022_0416_40_19629,2021-22,2022-04-16 00:00:00+00:00,Veolia Towers Hamburg,Basketball Loewen Braunschweig,19629,40,90.0,73.0,0.8,80.0,80.6,0.2,10.0,0.6000000000000001,88.7,80.3,0.6,79.5,82.4,0.2,9.200000000000003,0.39999999999999997,0.6666666666666666,0.3333333333333333,0.3333333333333333,3.0,-3.0,17.0,-0.5999999999999943,17.599999999999994,3,3,1.0,1,1531.82,1447.69,84.13,3,4,-1,1
2022_0416_2315_134,2021-22,2022-04-16 00:00:00+00:00,Medi Bayreuth,Merlins Crailsheim,134,2315,68.2,82.2,0.0,81.6,90.6,0.4,-13.399999999999991,-0.4,77.8,88.4,0.1,80.3,92.5,0.3,-2.5,-0.19999999999999998,0.0,0.6666666666666666,-0.6666666666666666,-5.0,-1.0,-14.0,-9.0,-5.0,1,3,0.3333333333333333,1,1430.68,1512.32,-81.63,3,4,-1,0
2022_0416_133_2745,2021-22,2022-04-16 00:00:00+00:00,FITOne Wuerzburg Baskets,46ers Giessen,2745,133,83.8,72.4,1.0,83.0,86.8,0.2,0.7999999999999972,0.8,86.8,81.9,0.7,79.7,86.2,0.2,7.099999999999994,0.49999999999999994,1.0,0.0,1.0,5.0,-3.0,11.399999999999991,-3.799999999999997,15.199999999999989,3,3,1.0,1,1445.76,1361.61,84.15,7,3,4,1
2022_0416_41_219,2021-22,2022-04-16 00:00:00+00:00,FC Bayern Muenchen Basketball,MHP Riesen Ludwigsburg,219,41,82.0,85.8,0.6,81.6,76.0,0.8,0.4000000000000057,-0.20000000000000007,80.0,77.8,0.7,80.1,73.9,0.8,-0.09999999999999432,-0.10000000000000009,0.6666666666666666,0.6666666666666666,0.0,1.0,3.0,-3.799999999999997,5.599999999999994,-9.399999999999991,2,3,0.6666666666666666,1,1627.24,1630.78,-3.54,3,7,-4,1
2022_0417_132_127,2021-22,2022-04-17 00:00:00+00:00,Ratiopharm Ulm,Bamberg Baskets,127,132,73.6,73.2,0.6,83.4,80.0,0.8,-9.800000000000011,-0.20000000000000007,78.0,77.5,0.6,81.7,85.1,0.6,-3.700000000000003,0.0,0.3333333333333333,0.6666666666666666,-0.3333333333333333,1.0,3.0,0.3999999999999915,3.4000000000000057,-3.000000000000014,0,3,0.0,1,1597.22,1499.74,97.48,2,4,-2,0
2022_0417_214_10,2021-22,2022-04-17 00:00:00+00:00,ALBA Berlin,BG Goettingen,10,214,83.2,71.8,0.8,77.2,86.0,0.4,6.0,0.4,86.2,70.4,0.9,79.6,82.3,0.5,6.6000000000000085,0.4,1.0,0.6666666666666666,0.33333333333333337,3.0,-1.0,11.400000000000006,-8.799999999999997,20.200000000000003,2,3,0.6666666666666666,1,1677.94,1492.65,185.29,2,4,-2,1
2022_0417_450_1791,2021-22,2022-04-17 00:00:00+00:00,NINERS Chemnitz,SYNTAINICS MBC Weissenfels,1791,450,81.8,76.4,0.6,78.8,86.2,0.2,3.0,0.39999999999999997,79.7,74.4,0.6,83.4,85.3,0.4,-3.700000000000003,0.19999999999999996,0.6666666666666666,0.3333333333333333,0.3333333333333333,1.0,-3.0,5.3999999999999915,-7.400000000000006,12.799999999999997,3,3,1.0,1,1541.02,1397.11,143.91,4,4,0,1
2022_0418_215_1510,2021-22,2022-04-18 00:00:00+00:00,Telekom Baskets Bonn,MLP Academics Heidelberg,1510,215,92.6,81.2,1.0,77.6,84.6,0.4,15.0,0.6,93.0,80.6,0.9,80.1,82.3,0.5,12.900000000000006,0.4,1.0,0.3333333333333333,0.6666666666666667,5.0,-1.0,11.399999999999991,-7.0,18.39999999999999,1,1,1.0,1,1602.77,1445.85,156.92,5,6,-1,1
2022_0418_1634_3361,2021-22,2022-04-18 00:00:00+00:00,Fraport Skyliners Frankfurt,EWE Baskets Oldenburg,3361,1634,72.6,80.4,0.0,86.2,80.4,0.6,-13.600000000000009,-0.6,69.4,75.3,0.1,89.5,86.9,0.6,-20.099999999999994,-0.5,0.0,0.6666666666666666,-0.6666666666666666,-5.0,1.0,-7.800000000000011,5.799999999999997,-13.600000000000009,0,3,0.0,1,1349.92,1491.73,-141.81,5,6,-1,1
2022_0420_133_40,2021-22,2022-04-20 00:00:00+00:00,Basketball Loewen Braunschweig,46ers Giessen,40,133,82.4,84.6,0.2,84.6,90.6,0.2,-2.1999999999999886,0.0,79.2,82.5,0.2,80.5,88.0,0.2,-1.2999999999999972,0.0,0.0,0.0,0.0,-3.0,-3.0,-2.1999999999999886,-6.0,3.8000000000000114,3,3,1.0,1,1442.55,1356.46,86.09,4,4,0,1
2022_0420_1791_2745,2021-22,2022-04-20 00:00:00+00:00,FITOne Wuerzburg Baskets,NINERS Chemnitz,2745,1791,92.0,79.6,1.0,84.0,76.4,0.8,8.0,0.19999999999999996,87.5,80.3,0.8,81.2,76.7,0.6,6.299999999999997,0.20000000000000007,1.0,1.0,0.0,5.0,3.0,12.400000000000006,7.599999999999994,4.800000000000011,2,3,0.6666666666666666,1,1450.9,1544.96,-94.06,4,3,1,0
2022_0420_2315_10,2021-22,2022-04-20 00:00:00+00:00,ALBA Berlin,Merlins Crailsheim,10,2315,88.8,72.8,1.0,83.4,89.4,0.6,5.3999999999999915,0.4,86.5,71.3,0.9,81.9,90.4,0.4,4.599999999999994,0.5,1.0,1.0,0.0,5.0,1.0,16.0,-6.0,22.0,3,3,1.0,1,1681.19,1522.84,158.34,3,4,-1,1
2022_0422_134_127,2021-22,2022-04-22 00:00:00+00:00,Ratiopharm Ulm,Medi Bayreuth,127,134,84.2,84.6,0.4,71.0,85.4,0.0,13.200000000000003,0.4,80.8,81.2,0.5,75.2,87.9,0.0,5.599999999999994,0.5,0.3333333333333333,0.0,0.3333333333333333,-1.0,-5.0,-0.3999999999999915,-14.400000000000006,14.000000000000014,3,3,1.0,1,1582.08,1420.16,161.92,5,6,-1,1
2022_0422_10_132,2021-22,2022-04-22 00:00:00+00:00,Bamberg Baskets,ALBA Berlin,132,10,89.6,88.6,0.8,87.0,76.2,1.0,2.5999999999999943,-0.19999999999999996,84.0,87.6,0.6,83.7,70.9,0.9,0.29999999999999716,-0.30000000000000004,0.6666666666666666,1.0,-0.33333333333333337,3.0,5.0,1.0,10.799999999999997,-9.799999999999997,1,3,0.3333333333333333,1,1514.88,1684.87,-169.99,5,2,3,0
2022_0423_1791_40,2021-22,2022-04-23 00:00:00+00:00,Basketball Loewen Braunschweig,NINERS Chemnitz,40,1791,84.4,79.8,0.4,85.4,80.0,0.8,-1.0,-0.4,79.7,79.6,0.3,82.6,79.3,0.6,-2.8999999999999915,-0.3,0.3333333333333333,1.0,-0.6666666666666667,-1.0,3.0,4.6000000000000085,5.400000000000006,-0.7999999999999972,1,3,0.3333333333333333,1,1447.65,1555.13,-107.48,3,3,0,1
2022_0423_215_1634,2021-22,2022-04-23 00:00:00+00:00,EWE Baskets Oldenburg,MLP Academics Heidelberg,1634,215,85.2,83.8,0.4,76.6,81.0,0.4,8.600000000000009,0.0,86.9,84.6,0.6,79.3,82.0,0.5,7.6000000000000085,0.09999999999999998,0.3333333333333333,0.0,0.3333333333333333,-1.0,-1.0,1.4000000000000057,-4.400000000000006,5.800000000000011,1,1,1.0,1,1480.54,1442.14,38.4,5,5,0,1
2022_0423_41_2315,2021-22,2022-04-23 00:00:00+00:00,Merlins Crailsheim,MHP Riesen Ludwigsburg,2315,41,84.8,82.4,0.6,77.4,76.4,0.6,7.3999999999999915,0.0,80.2,90.1,0.3,77.9,74.5,0.7,2.299999999999997,-0.39999999999999997,0.6666666666666666,0.3333333333333333,0.3333333333333333,1.0,1.0,2.3999999999999915,1.0,1.3999999999999915,2,3,0.6666666666666666,1,1519.16,1623.48,-104.33,3,7,-4,0
2022_0423_2745_450,2021-22,2022-04-23 00:00:00+00:00,SYNTAINICS MBC Weissenfels,FITOne Wuerzburg Baskets,450,2745,81.6,90.0,0.2,89.0,81.8,0.8,-7.400000000000006,-0.6000000000000001,81.8,86.8,0.3,86.4,80.1,0.7,-4.6000000000000085,-0.39999999999999997,0.0,0.6666666666666666,-0.6666666666666666,-3.0,3.0,-8.400000000000006,7.200000000000003,-15.600000000000009,3,3,1.0,1,1393.17,1440.73,-47.56,6,3,3,0
2022_0424_1510_214,2021-22,2022-04-24 00:00:00+00:00,BG Goettingen,Telekom Baskets Bonn,214,1510,79.2,86.6,0.4,91.8,82.4,1.0,-12.599999999999994,-0.6,79.2,84.6,0.4,91.7,80.0,0.9,-12.5,-0.5,0.3333333333333333,1.0,-0.6666666666666667,-1.0,5.0,-7.3999999999999915,9.399999999999991,-16.799999999999983,2,3,0.6666666666666666,1,1489.41,1606.48,-117.07,7,6,1,0
2022_0424_3361_133,2021-22,2022-04-24 00:00:00+00:00,46ers Giessen,Fraport Skyliners Frankfurt,133,3361,80.2,92.0,0.0,77.2,80.0,0.2,3.0,-0.2,79.0,87.5,0.2,71.7,74.9,0.2,7.299999999999997,0.0,0.0,0.3333333333333333,-0.3333333333333333,-5.0,-3.0,-11.799999999999997,-2.799999999999997,-9.0,1,3,0.3333333333333333,1,1351.36,1361.12,-9.77,4,6,-2,1
2022_0424_19629_219,2021-22,2022-04-24 00:00:00+00:00,FC Bayern Muenchen Basketball,Veolia Towers Hamburg,219,19629,85.2,78.2,0.8,90.6,71.8,0.8,-5.3999999999999915,0.0,78.6,75.4,0.7,86.6,77.9,0.6,-8.0,0.09999999999999998,1.0,0.6666666666666666,0.33333333333333337,3.0,3.0,7.0,18.799999999999997,-11.799999999999997,2,3,0.6666666666666666,1,1634.53,1536.97,97.57,8,8,0,0
2022_0426_2745_41,2021-22,2022-04-26 00:00:00+00:00,MHP Riesen Ludwigsburg,FITOne Wuerzburg Baskets,41,2745,74.8,77.0,0.6,89.6,83.8,0.8,-14.799999999999997,-0.20000000000000007,80.0,74.6,0.8,87.0,79.5,0.8,-7.0,0.0,0.6666666666666666,0.6666666666666666,0.0,1.0,3.0,-2.200000000000003,5.799999999999997,-8.0,3,3,1.0,1,1633.36,1452.23,181.13,3,3,0,0
2022_0426_2315_214,2021-22,2022-04-26 00:00:00+00:00,BG Goettingen,Merlins Crailsheim,214,2315,81.6,82.0,0.4,81.8,79.2,0.6,-0.20000000000000284,-0.19999999999999996,79.5,85.9,0.3,78.1,87.7,0.3,1.4000000000000057,0.0,0.0,0.3333333333333333,-0.3333333333333333,-1.0,1.0,-0.4000000000000057,2.5999999999999943,-3.0,1,3,0.3333333333333333,1,1479.9,1509.28,-29.38,2,3,-1,0
2022_0427_10_19629,2021-22,2022-04-27 00:00:00+00:00,Veolia Towers Hamburg,ALBA Berlin,19629,10,88.0,73.2,0.8,85.8,74.4,1.0,2.200000000000003,-0.19999999999999996,87.8,77.6,0.7,85.4,71.0,0.9,2.3999999999999915,-0.20000000000000007,1.0,1.0,0.0,3.0,5.0,14.799999999999997,11.399999999999991,3.4000000000000057,2,3,0.6666666666666666,1,1552.11,1692.89,-140.78,3,5,-2,0
2022_0428_134_41,2021-22,2022-04-28 00:00:00+00:00,MHP Riesen Ludwigsburg,Medi Bayreuth,41,134,76.6,80.4,0.4,71.4,84.6,0.0,5.199999999999989,0.4,80.0,75.9,0.7,74.4,85.4,0.0,5.599999999999994,0.7,0.3333333333333333,0.0,0.3333333333333333,-1.0,-5.0,-3.8000000000000114,-13.199999999999989,9.399999999999977,3,3,1.0,1,1616.67,1416.53,200.14,2,6,-4,1
2022_0429_2315_3361,2021-22,2022-04-29 00:00:00+00:00,Fraport Skyliners Frankfurt,Merlins Crailsheim,3361,2315,77.8,80.2,0.2,81.6,80.8,0.6,-3.799999999999997,-0.39999999999999997,71.7,74.4,0.2,79.3,86.6,0.4,-7.599999999999994,-0.2,0.3333333333333333,0.3333333333333333,0.0,-3.0,1.0,-2.4000000000000057,0.7999999999999972,-3.200000000000003,2,3,0.6666666666666666,1,1353.66,1521.29,-167.62,5,3,2,1
2022_0429_133_1791,2021-22,2022-04-29 00:00:00+00:00,NINERS Chemnitz,46ers Giessen,1791,133,84.8,79.2,0.8,79.2,88.0,0.2,5.599999999999994,0.6000000000000001,81.7,81.2,0.5,80.7,87.4,0.3,1.0,0.2,0.6666666666666666,0.3333333333333333,0.3333333333333333,3.0,-3.0,5.599999999999994,-8.799999999999997,14.399999999999991,2,3,0.6666666666666666,1,1544.92,1358.82,186.1,6,5,1,1
2022_0429_215_132,2021-22,2022-04-29 00:00:00+00:00,Bamberg Baskets,MLP Academics Heidelberg,132,215,82.8,90.2,0.6,80.4,87.0,0.2,2.3999999999999915,0.39999999999999997,83.5,88.2,0.6,78.9,84.5,0.4,4.599999999999994,0.19999999999999996,0.6666666666666666,0.0,0.6666666666666666,1.0,-3.0,-7.400000000000006,-6.599999999999994,-0.8000000000000114,1,1,1.0,1,1506.87,1435.92,70.95,7,6,1,1
2022_0429_1634_2745,2021-22,2022-04-29 00:00:00+00:00,FITOne Wuerzburg Baskets,EWE Baskets Oldenburg,2745,1634,91.8,86.8,0.8,89.2,84.2,0.6,2.5999999999999943,0.20000000000000007,88.6,79.3,0.9,87.9,83.5,0.7,0.6999999999999886,0.20000000000000007,0.6666666666666666,0.3333333333333333,0.3333333333333333,3.0,1.0,5.0,5.0,0.0,1,3,0.3333333333333333,1,1468.92,1486.75,-17.83,3,6,-3,0
2022_0429_450_40,2021-22,2022-04-29 00:00:00+00:00,Basketball Loewen Braunschweig,SYNTAINICS MBC Weissenfels,40,450,79.6,80.6,0.4,82.4,91.8,0.2,-2.8000000000000114,0.2,79.6,80.5,0.3,82.3,88.5,0.2,-2.700000000000003,0.09999999999999998,0.6666666666666666,0.0,0.6666666666666666,-1.0,-3.0,-1.0,-9.399999999999991,8.399999999999991,1,3,0.3333333333333333,1,1457.87,1381.67,76.19,6,6,0,0
2022_0429_127_1510,2021-22,2022-04-29 00:00:00+00:00,Telekom Baskets Bonn,Ratiopharm Ulm,1510,127,89.4,80.6,1.0,83.6,82.8,0.4,5.800000000000011,0.6,90.5,78.3,1.0,80.1,79.4,0.6,10.400000000000006,0.4,1.0,0.3333333333333333,0.6666666666666667,5.0,-1.0,8.800000000000011,0.7999999999999972,8.000000000000014,1,3,0.3333333333333333,1,1615.99,1585.7,30.28,5,7,-2,1
2022_0501_10_215,2021-22,2022-05-01 00:00:00+00:00,MLP Academics Heidelberg,ALBA Berlin,215,10,77.6,89.6,0.0,86.6,73.4,1.0,-9.0,-1.0,78.9,86.1,0.3,86.6,73.3,0.9,-7.699999999999989,-0.6000000000000001,0.0,1.0,-1.0,-5.0,5.0,-12.0,13.199999999999989,-25.19999999999999,0,1,0.0,1,1430.48,1701.72,-271.24,2,4,-2,0
2022_0501_132_40,2021-22,2022-05-01 00:00:00+00:00,Basketball Loewen Braunschweig,Bamberg Baskets,40,132,80.2,80.8,0.4,86.6,92.0,0.6,-6.3999999999999915,-0.19999999999999996,79.7,81.5,0.3,84.6,85.7,0.7,-4.8999999999999915,-0.39999999999999997,0.6666666666666666,0.6666666666666666,0.0,-1.0,1.0,-0.5999999999999943,-5.400000000000006,4.800000000000011,2,3,0.6666666666666666,1,1443.19,1512.31,-69.12,2,2,0,0
2022_0501_219_2745,2021-22,2022-05-01 00:00:00+00:00,FITOne Wuerzburg Baskets,FC Bayern Muenchen Basketball,2745,219,92.6,94.0,0.6,83.2,82.8,0.6,9.399999999999991,0.0,88.2,83.2,0.8,79.7,78.8,0.6,8.5,0.20000000000000007,0.6666666666666666,0.6666666666666666,0.0,1.0,1.0,-1.4000000000000057,0.4000000000000057,-1.8000000000000114,1,3,0.3333333333333333,1,1456.6,1619.39,-162.79,2,7,-5,0
2022_0501_1791_1510,2021-22,2022-05-01 00:00:00+00:00,Telekom Baskets Bonn,NINERS Chemnitz,1510,1791,87.0,77.8,1.0,85.2,77.4,0.8,1.7999999999999972,0.19999999999999996,88.9,76.1,1.0,83.9,79.2,0.6,5.0,0.4,1.0,0.6666666666666666,0.33333333333333337,5.0,3.0,9.200000000000003,7.799999999999997,1.4000000000000057,2,3,0.6666666666666666,1,1622.4,1548.15,74.25,2,2,0,0
2022_0501_3361_134,2021-22,2022-05-01 00:00:00+00:00,Medi Bayreuth,Fraport Skyliners Frankfurt,134,3361,78.2,85.8,0.0,79.6,79.0,0.4,-1.3999999999999915,-0.4,74.2,85.2,0.0,73.7,74.5,0.3,0.5,-0.3,0.0,0.6666666666666666,-0.6666666666666666,-5.0,-1.0,-7.599999999999994,0.5999999999999943,-8.199999999999989,2,3,0.6666666666666666,1,1413.51,1365.58,47.93,3,2,1,0
2022_0501_214_133,2021-22,2022-05-01 00:00:00+00:00,46ers Giessen,BG Goettingen,133,214,76.2,87.2,0.2,82.4,84.8,0.2,-6.200000000000003,0.0,78.2,87.6,0.2,78.3,85.4,0.2,-0.09999999999999432,0.0,0.3333333333333333,0.0,0.3333333333333333,-3.0,-3.0,-11.0,-2.3999999999999915,-8.600000000000009,1,3,0.3333333333333333,1,1355.59,1467.9,-112.31,2,5,-3,1
2022_0501_41_1634,2021-22,2022-05-01 00:00:00+00:00,EWE Baskets Oldenburg,MHP Riesen Ludwigsburg,1634,41,90.6,86.6,0.6,77.6,78.4,0.6,13.0,0.0,88.6,83.9,0.7,81.7,78.7,0.7,6.8999999999999915,0.0,0.6666666666666666,0.6666666666666666,0.0,1.0,1.0,4.0,-0.8000000000000114,4.800000000000011,0,3,0.0,1,1499.07,1619.69,-120.61,2,3,-1,1
2022_0501_450_19629,2021-22,2022-05-01 00:00:00+00:00,Veolia Towers Hamburg,SYNTAINICS MBC Weissenfels,19629,450,81.6,79.8,0.6,82.0,89.6,0.2,-0.4000000000000057,0.39999999999999997,85.8,78.7,0.6,82.3,87.5,0.2,3.5,0.39999999999999997,0.6666666666666666,0.3333333333333333,0.3333333333333333,1.0,-3.0,1.7999999999999972,-7.599999999999994,9.399999999999991,3,3,1.0,1,1543.28,1396.35,146.93,4,2,2,1
2022_0501_127_2315,2021-22,2022-05-01 00:00:00+00:00,Merlins Crailsheim,Ratiopharm Ulm,2315,127,78.2,80.2,0.4,86.2,85.0,0.4,-8.0,0.0,79.9,85.4,0.4,81.6,80.1,0.6,-1.6999999999999886,-0.19999999999999996,0.3333333333333333,0.3333333333333333,0.0,-1.0,-1.0,-2.0,1.2000000000000028,-3.200000000000003,1,3,0.3333333333333333,1,1509.36,1579.29,-69.92,2,2,0,0
2022_0504_10_133,2021-22,2022-05-04 00:00:00+00:00,46ers Giessen,ALBA Berlin,133,10,79.8,89.0,0.4,93.0,72.8,1.0,-13.200000000000003,-0.6,81.4,87.9,0.3,88.1,72.3,0.9,-6.699999999999989,-0.6000000000000001,0.6666666666666666,1.0,-0.33333333333333337,-1.0,5.0,-9.200000000000003,20.200000000000003,-29.400000000000006,0,3,0.0,1,1365.94,1707.15,-341.21,3,3,0,0
2022_0506_127_219,2021-22,2022-05-06 00:00:00+00:00,FC Bayern Muenchen Basketball,Ratiopharm Ulm,219,127,86.6,73.0,0.8,88.2,88.2,0.4,-1.6000000000000085,0.4,83.1,76.8,0.7,82.4,80.5,0.6,0.6999999999999886,0.09999999999999998,0.6666666666666666,0.6666666666666666,0.0,3.0,-1.0,13.599999999999994,0.0,13.599999999999994,1,3,0.3333333333333333,1,1627.6,1590.15,37.45,5,5,0,1
2022_0507_2315_1791,2021-22,2022-05-07 00:00:00+00:00,NINERS Chemnitz,Merlins Crailsheim,1791,2315,86.6,77.2,0.8,78.2,83.2,0.2,8.399999999999991,0.6000000000000001,84.2,76.8,0.7,80.8,86.3,0.4,3.4000000000000057,0.29999999999999993,0.6666666666666666,0.3333333333333333,0.3333333333333333,3.0,-3.0,9.399999999999991,-5.0,14.399999999999991,0,3,0.0,1,1562.78,1498.5,64.28,6,6,0,0
2022_0508_127_133,2021-22,2022-05-08 00:00:00+00:00,46ers Giessen,Ratiopharm Ulm,133,127,76.4,88.8,0.4,86.6,88.0,0.4,-10.199999999999989,0.0,80.5,89.7,0.3,80.1,80.6,0.5,0.4000000000000057,-0.2,0.3333333333333333,0.3333333333333333,0.0,-1.0,-1.0,-12.399999999999991,-1.4000000000000057,-10.999999999999986,0,3,0.0,1,1361.95,1583.91,-221.96,4,2,2,0
2022_0508_219_214,2021-22,2022-05-08 00:00:00+00:00,BG Goettingen,FC Bayern Muenchen Basketball,214,219,83.2,86.8,0.0,83.0,69.0,0.8,0.20000000000000284,-0.8,78.5,85.8,0.2,82.2,75.8,0.7,-3.700000000000003,-0.49999999999999994,0.0,0.6666666666666666,-0.6666666666666666,-5.0,3.0,-3.5999999999999943,14.0,-17.599999999999994,0,3,0.0,1,1457.54,1633.84,-176.3,7,2,5,0
2022_0508_132_19629,2021-22,2022-05-08 00:00:00+00:00,Veolia Towers Hamburg,Bamberg Baskets,19629,132,85.8,74.6,0.8,87.6,87.8,0.8,-1.7999999999999972,0.0,88.6,75.9,0.7,85.4,83.0,0.8,3.1999999999999886,-0.10000000000000009,0.6666666666666666,0.6666666666666666,0.0,3.0,3.0,11.200000000000003,-0.20000000000000284,11.400000000000006,2,3,0.6666666666666666,1,1547.17,1523.2,23.97,7,7,0,0
2022_0928_10_19629,2022-23,2022-09-28 00:00:00+00:00,Veolia Towers Hamburg,ALBA Berlin,19629,10,85.6,78.4,0.6,96.4,71.6,1.0,-10.800000000000011,-0.4,87.8,75.7,0.7,92.6,72.2,1.0,-4.799999999999997,-0.30000000000000004,0.3333333333333333,1.0,-0.6666666666666667,1.0,5.0,7.199999999999989,24.80000000000001,-17.600000000000023,2,4,0.5,1,1505.59,1678.29,-172.7,30,30,0,0
2022_0930_134_3361,2022-23,2022-09-30 00:00:00+00:00,Fraport Skyliners Frankfurt,Medi Bayreuth,3361,134,76.8,70.6,0.6,76.8,85.6,0.0,0.0,0.6,74.7,74.8,0.3,72.1,84.2,0.0,2.6000000000000085,0.3,0.6666666666666666,0.0,0.6666666666666666,1.0,-5.0,6.200000000000003,-8.799999999999997,15.0,2,4,0.5,1,1419.73,1433.0,-13.26,30,30,0,0
2022_1001_219_127,2022-23,2022-10-01 00:00:00+00:00,Ratiopharm Ulm,FC Bayern Muenchen Basketball,127,219,81.4,79.2,0.6,83.2,66.2,0.8,-1.7999999999999972,-0.20000000000000007,82.8,81.9,0.5,82.6,76.0,0.7,0.20000000000000284,-0.19999999999999996,0.6666666666666666,1.0,-0.33333333333333337,1.0,3.0,2.200000000000003,17.0,-14.799999999999997,2,4,0.5,1,1541.09,1602.98,-61.89,30,30,0,0
2022_1001_19629_450,2022-23,2022-10-01 00:00:00+00:00,SYNTAINICS MBC Weissenfels,Veolia Towers Hamburg,450,19629,80.2,90.8,0.2,82.8,78.8,0.4,-2.5999999999999943,-0.2,80.2,88.9,0.2,86.7,75.3,0.6,-6.5,-0.39999999999999997,0.3333333333333333,0.3333333333333333,0.0,-3.0,-1.0,-10.599999999999994,4.0,-14.599999999999994,0,4,0.0,1,1428.31,1497.65,-69.35,30,3,27,0
2022_1001_2745_1510,2022-23,2022-10-01 00:00:00+00:00,Telekom Baskets Bonn,FITOne Wuerzburg Baskets,1510,2745,78.2,76.6,0.8,82.0,93.0,0.4,-3.799999999999997,0.4,86.1,79.0,0.9,87.0,86.3,0.7,-0.9000000000000057,0.20000000000000007,0.6666666666666666,0.3333333333333333,0.3333333333333333,3.0,-1.0,1.6000000000000085,-11.0,12.600000000000009,2,4,0.5,1,1587.06,1465.59,121.46,30,30,0,1
2022_1002_132_10,2022-23,2022-10-02 00:00:00+00:00,ALBA Berlin,Bamberg Baskets,10,132,97.0,73.2,1.0,85.4,83.8,0.8,11.599999999999994,0.19999999999999996,92.0,74.7,1.0,84.4,81.9,0.8,7.599999999999994,0.19999999999999996,1.0,1.0,0.0,5.0,3.0,23.799999999999997,1.6000000000000085,22.19999999999999,3,4,0.75,1,1686.23,1512.46,173.76,4,30,-26,1
2022_1002_215_41,2022-23,2022-10-02 00:00:00+00:00,MHP Riesen Ludwigsburg,MLP Academics Heidelberg,41,215,80.0,86.6,0.4,77.2,94.2,0.0,2.799999999999997,0.4,80.8,81.3,0.6,78.2,87.4,0.3,2.5999999999999943,0.3,0.3333333333333333,0.0,0.3333333333333333,-1.0,-5.0,-6.599999999999994,-17.0,10.400000000000006,0,1,0.0,1,1580.91,1444.94,135.96,30,30,0,1
2022_1002_2315_1634,2022-23,2022-10-02 00:00:00+00:00,EWE Baskets Oldenburg,Merlins Crailsheim,1634,2315,93.0,88.6,0.6,83.2,86.2,0.4,9.799999999999997,0.19999999999999996,89.6,83.8,0.7,84.0,84.3,0.5,5.599999999999994,0.19999999999999996,1.0,0.3333333333333333,0.6666666666666667,1.0,-1.0,4.400000000000006,-3.0,7.400000000000006,1,4,0.25,1,1506.44,1508.6,-2.16,30,30,0,1
2022_1003_40_2745,2022-23,2022-10-03 00:00:00+00:00,FITOne Wuerzburg Baskets,Basketball Loewen Braunschweig,2745,40,79.8,94.6,0.4,77.0,80.2,0.4,2.799999999999997,0.0,84.4,88.2,0.6,78.5,80.4,0.3,5.900000000000006,0.3,0.0,0.3333333333333333,-0.3333333333333333,-1.0,-1.0,-14.799999999999997,-3.200000000000003,-11.599999999999994,0,4,0.0,1,1461.22,1454.87,6.35,2,30,-28,1
2022_1003_3361_219,2022-23,2022-10-03 00:00:00+00:00,FC Bayern Muenchen Basketball,Fraport Skyliners Frankfurt,219,3361,85.2,70.6,0.8,81.6,73.6,0.6,3.6000000000000085,0.20000000000000007,85.2,74.4,0.8,77.1,77.0,0.3,8.100000000000009,0.5,1.0,0.6666666666666666,0.33333333333333337,3.0,1.0,14.600000000000009,8.0,6.6000000000000085,4,4,1.0,1,1614.08,1407.29,206.79,2,3,-1,1
2022_1004_132_2315,2022-23,2022-10-04 00:00:00+00:00,Merlins Crailsheim,Bamberg Baskets,2315,132,84.6,89.8,0.4,78.4,79.0,0.6,6.199999999999989,-0.19999999999999996,83.2,84.5,0.5,84.0,83.8,0.7,-0.7999999999999972,-0.19999999999999996,0.3333333333333333,0.6666666666666666,-0.3333333333333333,-1.0,1.0,-5.200000000000003,-0.5999999999999943,-4.6000000000000085,3,4,0.75,1,1501.35,1509.03,-7.69,2,2,0,1
2022_1005_127_214,2022-23,2022-10-05 00:00:00+00:00,BG Goettingen,Ratiopharm Ulm,214,127,78.6,86.6,0.0,81.4,82.0,0.4,-2.8000000000000114,-0.4,77.9,86.3,0.2,82.5,82.4,0.4,-4.599999999999994,-0.2,0.0,0.3333333333333333,-0.3333333333333333,-5.0,-1.0,-8.0,-0.5999999999999943,-7.400000000000006,2,4,0.5,1,1466.47,1530.0,-63.53,30,4,26,1
2022_1005_1634_134,2022-23,2022-10-05 00:00:00+00:00,Medi Bayreuth,EWE Baskets Oldenburg,134,1634,79.6,85.4,0.2,94.8,86.6,0.8,-15.200000000000003,-0.6000000000000001,73.9,83.8,0.1,90.5,83.5,0.7,-16.599999999999994,-0.6,0.3333333333333333,1.0,-0.6666666666666667,-3.0,3.0,-5.800000000000011,8.200000000000003,-14.000000000000014,1,4,0.25,1,1445.44,1513.7,-68.26,5,3,2,0
2022_1007_2315_214,2022-23,2022-10-07 00:00:00+00:00,BG Goettingen,Merlins Crailsheim,214,2315,80.0,85.0,0.2,84.2,90.2,0.4,-4.200000000000003,-0.2,79.6,85.8,0.3,82.9,85.5,0.5,-3.3000000000000114,-0.2,0.3333333333333333,0.6666666666666666,-0.3333333333333333,-3.0,-1.0,-5.0,-6.0,1.0,1,4,0.25,1,1475.42,1508.75,-33.33,2,3,-1,1
2022_1008_134_19629,2022-23,2022-10-08 00:00:00+00:00,Veolia Towers Hamburg,Medi Bayreuth,19629,134,83.6,77.0,0.4,77.0,82.6,0.2,6.599999999999994,0.2,85.8,75.1,0.6,74.0,84.0,0.1,11.799999999999997,0.5,0.3333333333333333,0.3333333333333333,0.0,-1.0,-3.0,6.599999999999994,-5.599999999999994,12.199999999999989,1,4,0.25,1,1508.53,1434.53,74.0,7,3,4,1
2022_1008_2745_450,2022-23,2022-10-08 00:00:00+00:00,SYNTAINICS MBC Weissenfels,FITOne Wuerzburg Baskets,450,2745,79.4,91.8,0.2,79.2,93.8,0.4,0.20000000000000284,-0.2,79.1,89.0,0.2,84.4,88.8,0.6,-5.300000000000011,-0.39999999999999997,0.3333333333333333,0.3333333333333333,0.0,-3.0,-1.0,-12.399999999999991,-14.599999999999994,2.200000000000003,3,4,0.75,1,1417.43,1468.25,-50.83,7,5,2,1
2022_1008_1510_132,2022-23,2022-10-08 00:00:00+00:00,Bamberg Baskets,Telekom Baskets Bonn,132,1510,83.4,78.0,0.6,81.8,76.4,0.8,1.6000000000000085,-0.20000000000000007,83.1,84.1,0.6,87.2,78.8,0.9,-4.1000000000000085,-0.30000000000000004,0.3333333333333333,0.6666666666666666,-0.3333333333333333,1.0,3.0,5.400000000000006,5.3999999999999915,1.4210854715202004e-14,2,4,0.5,1,1501.63,1591.42,-89.79,4,7,-3,0
2022_1008_215_3361,2022-23,2022-10-08 00:00:00+00:00,Fraport Skyliners Frankfurt,MLP Academics Heidelberg,3361,215,78.8,76.4,0.4,79.6,96.2,0.0,-0.7999999999999972,0.4,78.0,78.2,0.3,78.6,90.4,0.2,-0.5999999999999943,0.09999999999999998,0.3333333333333333,0.0,0.3333333333333333,-1.0,-5.0,2.3999999999999915,-16.60000000000001,19.0,1,2,0.5,1,1404.37,1440.85,-36.49,5,6,-1,0
2022_1009_40_41,2022-23,2022-10-09 00:00:00+00:00,MHP Riesen Ludwigsburg,Basketball Loewen Braunschweig,41,40,88.4,88.4,0.6,77.6,79.6,0.4,10.800000000000011,0.19999999999999996,82.9,82.4,0.6,80.0,82.1,0.3,2.9000000000000057,0.3,0.6666666666666666,0.0,0.6666666666666666,1.0,-1.0,0.0,-2.0,2.0,4,4,1.0,1,1585.0,1447.84,137.16,7,6,1,1
2022_1009_1634_10,2022-23,2022-10-09 00:00:00+00:00,ALBA Berlin,EWE Baskets Oldenburg,10,1634,97.2,77.8,1.0,96.2,83.4,1.0,1.0,0.0,91.5,76.1,1.0,90.7,83.6,0.7,0.7999999999999972,0.30000000000000004,1.0,1.0,0.0,5.0,5.0,19.400000000000006,12.799999999999997,6.6000000000000085,3,4,0.75,1,1689.65,1524.61,165.04,7,4,3,1
2022_1009_1774_127,2022-23,2022-10-09 00:00:00+00:00,Ratiopharm Ulm,Rostock Seawolves,127,1774,83.4,83.6,0.4,,,,,,84.8,84.3,0.4,,,,,,0.3333333333333333,,,-1.0,,-0.19999999999998863,,,0,0,0.5,1,1521.04,1500.0,21.04,4,7,-3,0
2022_1009_219_1791,2022-23,2022-10-09 00:00:00+00:00,NINERS Chemnitz,FC Bayern Muenchen Basketball,1791,219,86.0,78.4,0.6,85.2,68.0,1.0,0.7999999999999972,-0.4,85.0,77.4,0.7,84.2,75.4,0.8,0.7999999999999972,-0.10000000000000009,0.6666666666666666,1.0,-0.33333333333333337,1.0,5.0,7.599999999999994,17.200000000000003,-9.600000000000009,3,4,0.75,1,1516.02,1617.0,-100.98,30,6,24,0
2022_1012_41_1774,2022-23,2022-10-12 00:00:00+00:00,Rostock Seawolves,MHP Riesen Ludwigsburg,1774,41,85.0,80.0,1.0,89.0,86.6,0.6,-4.0,0.4,85.0,80.0,1.0,81.9,81.8,0.6,3.0999999999999943,0.4,1.0,0.6666666666666666,0.33333333333333337,1.0,1.0,5.0,2.4000000000000057,2.5999999999999943,0,0,0.5,1,1513.35,1589.06,-75.71,3,3,0,1
2022_1018_1774_40,2022-23,2022-10-18 00:00:00+00:00,Basketball Loewen Braunschweig,Rostock Seawolves,40,1774,74.4,82.4,0.2,93.5,87.5,1.0,-19.099999999999994,-0.8,79.4,81.1,0.3,93.5,87.5,1.0,-14.099999999999994,-0.7,0.0,1.0,-1.0,-3.0,2.0,-8.0,6.0,-14.0,0,0,0.5,1,1443.77,1522.65,-78.88,9,6,3,0
2022_1021_1634_127,2022-23,2022-10-21 00:00:00+00:00,Ratiopharm Ulm,EWE Baskets Oldenburg,127,1634,79.4,82.6,0.2,93.4,83.2,0.8,-14.0,-0.6000000000000001,83.8,85.4,0.3,91.3,83.7,0.7,-7.5,-0.39999999999999997,0.0,0.6666666666666666,-0.6666666666666666,-3.0,3.0,-3.1999999999999886,10.200000000000003,-13.399999999999991,3,4,0.75,1,1507.69,1521.04,-13.34,12,12,0,0
2022_1022_40_1510,2022-23,2022-10-22 00:00:00+00:00,Telekom Baskets Bonn,Basketball Loewen Braunschweig,1510,40,82.2,77.4,0.8,78.0,90.8,0.0,4.200000000000003,0.8,87.0,79.9,0.9,78.8,85.7,0.2,8.200000000000003,0.7,0.6666666666666666,0.0,0.6666666666666666,3.0,-5.0,4.799999999999997,-12.799999999999997,17.599999999999994,3,4,0.75,1,1601.72,1433.16,168.55,14,4,10,1
2022_1022_450_3361,2022-23,2022-10-22 00:00:00+00:00,Fraport Skyliners Frankfurt,SYNTAINICS MBC Weissenfels,3361,450,81.8,79.8,0.4,85.0,95.2,0.4,-3.200000000000003,0.0,79.8,80.0,0.3,83.3,92.6,0.3,-3.5,0.0,0.0,0.3333333333333333,-0.3333333333333333,-1.0,-1.0,2.0,-10.200000000000003,12.200000000000003,1,4,0.25,1,1392.56,1426.02,-33.46,14,14,0,1
2022_1022_1791_2745,2022-23,2022-10-22 00:00:00+00:00,FITOne Wuerzburg Baskets,NINERS Chemnitz,2745,1791,83.4,100.0,0.2,83.2,79.6,0.4,0.20000000000000284,-0.2,87.6,93.4,0.5,84.3,79.8,0.6,3.299999999999997,-0.09999999999999998,0.3333333333333333,0.3333333333333333,0.0,-3.0,-1.0,-16.599999999999994,3.6000000000000085,-20.200000000000003,2,4,0.5,1,1459.66,1506.05,-46.39,14,13,1,1
2022_1022_19629_219,2022-23,2022-10-22 00:00:00+00:00,FC Bayern Muenchen Basketball,Veolia Towers Hamburg,219,19629,84.4,71.4,1.0,86.4,73.6,0.6,-2.0,0.4,85.5,72.2,0.9,84.0,76.7,0.6,1.5,0.30000000000000004,1.0,0.6666666666666666,0.33333333333333337,5.0,1.0,13.0,12.800000000000011,0.19999999999998863,2,4,0.5,1,1626.97,1513.91,113.06,13,14,-1,0
2022_1023_10_215,2022-23,2022-10-23 00:00:00+00:00,MLP Academics Heidelberg,ALBA Berlin,215,10,84.0,97.8,0.2,95.8,77.8,1.0,-11.799999999999997,-0.8,80.3,89.4,0.3,91.2,75.6,1.0,-10.900000000000006,-0.7,0.3333333333333333,1.0,-0.6666666666666667,-3.0,5.0,-13.799999999999997,18.0,-31.799999999999997,0,2,0.0,1,1452.66,1693.23,-240.56,15,14,1,0
2022_1023_134_2315,2022-23,2022-10-23 00:00:00+00:00,Merlins Crailsheim,Medi Bayreuth,2315,134,85.6,90.2,0.4,78.2,85.6,0.2,7.3999999999999915,0.2,81.9,85.2,0.4,74.8,85.1,0.1,7.1000000000000085,0.30000000000000004,0.3333333333333333,0.3333333333333333,0.0,-1.0,-3.0,-4.6000000000000085,-7.3999999999999915,2.799999999999983,3,4,0.75,1,1500.65,1429.16,71.49,16,15,1,0
2022_1023_214_1774,2022-23,2022-10-23 00:00:00+00:00,Rostock Seawolves,BG Goettingen,1774,214,99.0,90.0,1.0,81.0,84.8,0.4,18.0,0.6,99.0,90.0,1.0,81.3,83.4,0.4,17.700000000000003,0.6,1.0,0.6666666666666666,0.33333333333333337,3.0,-1.0,9.0,-3.799999999999997,12.799999999999997,0,0,0.5,1,1533.26,1483.53,49.73,5,16,-11,1
2022_1023_41_132,2022-23,2022-10-23 00:00:00+00:00,Bamberg Baskets,MHP Riesen Ludwigsburg,132,41,79.8,78.6,0.4,90.8,88.6,0.6,-11.0,-0.19999999999999996,83.2,85.3,0.5,83.7,84.5,0.5,-0.5,0.0,0.0,0.6666666666666666,-0.6666666666666666,-1.0,1.0,1.2000000000000028,2.200000000000003,-1.0,1,4,0.25,1,1491.34,1579.76,-88.42,15,11,4,0
2022_1028_132_19629,2022-23,2022-10-28 00:00:00+00:00,Veolia Towers Hamburg,Bamberg Baskets,19629,132,82.4,77.8,0.6,78.6,83.4,0.2,3.8000000000000114,0.39999999999999997,84.1,76.2,0.7,83.1,85.6,0.5,1.0,0.19999999999999996,1.0,0.0,1.0,1.0,-3.0,4.6000000000000085,-4.800000000000011,9.40000000000002,2,4,0.5,1,1529.37,1481.0,48.37,6,5,1,1
2022_1029_1510_214,2022-23,2022-10-29 00:00:00+00:00,BG Goettingen,Telekom Baskets Bonn,214,1510,83.4,86.6,0.4,82.4,76.6,0.8,1.0,-0.4,82.9,85.7,0.3,85.9,78.6,0.9,-3.0,-0.6000000000000001,0.6666666666666666,1.0,-0.33333333333333337,-1.0,3.0,-3.1999999999999886,5.800000000000011,-9.0,2,4,0.5,1,1477.59,1605.23,-127.64,6,7,-1,0
2022_1029_127_134,2022-23,2022-10-29 00:00:00+00:00,Medi Bayreuth,Ratiopharm Ulm,134,127,80.6,82.4,0.4,81.0,83.4,0.2,-0.4000000000000057,0.2,79.4,84.1,0.2,83.8,85.7,0.3,-4.3999999999999915,-0.09999999999999998,0.3333333333333333,0.0,0.3333333333333333,-1.0,-3.0,-1.8000000000000114,-2.4000000000000057,0.5999999999999943,0,4,0.0,1,1443.73,1495.25,-51.52,6,8,-2,0
2022_1029_1791_450,2022-23,2022-10-29 00:00:00+00:00,SYNTAINICS MBC Weissenfels,NINERS Chemnitz,450,1791,83.2,92.6,0.4,85.8,81.4,0.4,-2.5999999999999943,0.0,82.8,92.2,0.3,85.3,80.3,0.6,-2.5,-0.3,0.3333333333333333,0.0,0.3333333333333333,-1.0,-1.0,-9.399999999999991,4.3999999999999915,-13.799999999999983,0,4,0.0,1,1417.91,1497.58,-79.67,7,7,0,0
2022_1029_215_1634,2022-23,2022-10-29 00:00:00+00:00,EWE Baskets Oldenburg,MLP Academics Heidelberg,1634,215,87.0,80.4,0.8,80.0,94.4,0.2,7.0,0.6000000000000001,88.8,83.5,0.7,80.2,90.7,0.2,8.599999999999994,0.49999999999999994,0.6666666666666666,0.3333333333333333,0.3333333333333333,3.0,-3.0,6.599999999999994,-14.400000000000006,21.0,2,2,1.0,1,1533.48,1446.5,86.98,8,6,2,0
2022_1030_219_2315,2022-23,2022-10-30 00:00:00+00:00,Merlins Crailsheim,FC Bayern Muenchen Basketball,2315,219,83.0,90.0,0.4,84.6,74.6,0.8,-1.5999999999999943,-0.4,80.6,86.6,0.3,83.8,71.8,0.8,-3.200000000000003,-0.5,0.3333333333333333,0.6666666666666666,-0.3333333333333333,-1.0,3.0,-7.0,10.0,-17.0,2,4,0.5,1,1486.08,1611.51,-125.43,7,8,-1,0
2022_1030_3361_40,2022-23,2022-10-30 00:00:00+00:00,Basketball Loewen Braunschweig,Fraport Skyliners Frankfurt,40,3361,76.6,88.4,0.0,81.4,81.2,0.4,-4.800000000000011,-0.4,78.4,84.6,0.2,80.5,80.1,0.4,-2.0999999999999943,-0.2,0.0,0.3333333333333333,-0.3333333333333333,-5.0,-1.0,-11.800000000000011,0.20000000000000284,-12.000000000000014,2,4,0.5,1,1429.65,1400.67,28.98,8,8,0,1
2022_1030_2745_41,2022-23,2022-10-30 00:00:00+00:00,MHP Riesen Ludwigsburg,FITOne Wuerzburg Baskets,41,2745,90.6,86.8,0.6,83.2,93.6,0.4,7.3999999999999915,0.19999999999999996,84.1,82.6,0.6,87.9,93.8,0.5,-3.8000000000000114,0.09999999999999998,0.6666666666666666,0.6666666666666666,0.0,1.0,-1.0,3.799999999999997,-10.399999999999991,14.199999999999989,3,4,0.75,1,1590.09,1468.13,121.97,7,8,-1,1
2022_1030_1774_10,2022-23,2022-10-30 00:00:00+00:00,ALBA Berlin,Rostock Seawolves,10,1774,89.4,77.8,1.0,98.0,90.5,1.0,-8.599999999999994,0.0,91.2,75.3,1.0,98.0,90.5,1.0,-6.799999999999997,0.0,1.0,1.0,0.0,5.0,4.0,11.600000000000009,7.5,4.1000000000000085,0,0,0.5,1,1699.39,1539.2,160.19,7,7,0,1
2022_1105_214_2745,2022-23,2022-11-05 00:00:00+00:00,FITOne Wuerzburg Baskets,BG Goettingen,2745,214,89.0,93.0,0.4,83.0,87.4,0.4,6.0,0.0,85.5,93.0,0.4,83.1,87.1,0.2,2.4000000000000057,0.2,0.3333333333333333,0.3333333333333333,0.0,-1.0,-1.0,-4.0,-4.400000000000006,0.4000000000000057,1,4,0.25,1,1463.77,1468.38,-4.61,6,7,-1,0
2022_1105_127_1791,2022-23,2022-11-05 00:00:00+00:00,NINERS Chemnitz,Ratiopharm Ulm,1791,127,87.2,85.2,0.4,81.0,83.8,0.2,6.200000000000003,0.2,86.2,81.3,0.6,81.2,81.5,0.4,5.0,0.19999999999999996,0.3333333333333333,0.3333333333333333,0.0,-1.0,-3.0,2.0,-2.799999999999997,4.799999999999997,0,4,0.0,1,1508.16,1506.64,1.53,7,7,0,1
2022_1105_1510_215,2022-23,2022-11-05 00:00:00+00:00,MLP Academics Heidelberg,Telekom Baskets Bonn,215,1510,84.2,94.4,0.4,84.2,78.8,0.8,0.0,-0.4,80.9,92.0,0.2,85.6,78.3,0.9,-4.699999999999989,-0.7,0.6666666666666666,1.0,-0.33333333333333337,-1.0,3.0,-10.200000000000003,5.400000000000006,-15.600000000000009,0,2,0.0,1,1461.42,1614.44,-153.02,7,7,0,0
2022_1105_2315_450,2022-23,2022-11-05 00:00:00+00:00,SYNTAINICS MBC Weissenfels,Merlins Crailsheim,450,2315,82.8,96.4,0.2,79.4,89.0,0.2,3.3999999999999915,0.0,82.4,93.0,0.2,81.3,87.6,0.3,1.1000000000000085,-0.09999999999999998,0.3333333333333333,0.0,0.3333333333333333,-3.0,-3.0,-13.600000000000009,-9.599999999999994,-4.000000000000014,3,4,0.75,1,1407.33,1476.81,-69.48,7,6,1,0
2022_1106_3361_1634,2022-23,2022-11-06 00:00:00+00:00,EWE Baskets Oldenburg,Fraport Skyliners Frankfurt,1634,3361,85.4,83.6,0.6,76.8,79.4,0.2,8.600000000000009,0.39999999999999997,89.2,86.1,0.6,76.8,75.0,0.4,12.400000000000006,0.19999999999999996,0.3333333333333333,0.3333333333333333,0.0,1.0,-3.0,1.8000000000000114,-2.6000000000000085,4.40000000000002,3,4,0.75,1,1518.57,1394.22,124.35,8,7,1,1
2022_1106_41_19629,2022-23,2022-11-06 00:00:00+00:00,Veolia Towers Hamburg,MHP Riesen Ludwigsburg,19629,41,84.2,75.6,0.8,91.2,83.6,0.8,-7.0,0.0,84.9,77.0,0.7,85.6,85.1,0.6,-0.6999999999999886,0.09999999999999998,1.0,0.6666666666666666,0.33333333333333337,3.0,3.0,8.600000000000009,7.6000000000000085,1.0,0,4,0.0,1,1535.34,1594.45,-59.11,9,7,2,0
2022_1106_1774_132,2022-23,2022-11-06 00:00:00+00:00,Bamberg Baskets,Rostock Seawolves,132,1774,76.4,85.2,0.0,92.4,93.2,0.8,-16.0,-0.8,80.9,84.5,0.4,92.4,93.2,0.8,-11.5,-0.4,0.0,0.6666666666666666,-0.6666666666666666,-5.0,3.0,-8.799999999999997,-0.7999999999999972,-8.0,0,0,0.5,1,1475.03,1535.54,-60.51,9,7,2,1
2022_1106_219_134,2022-23,2022-11-06 00:00:00+00:00,Medi Bayreuth,FC Bayern Muenchen Basketball,134,219,81.2,83.6,0.4,84.8,77.2,0.8,-3.5999999999999943,-0.4,79.0,84.6,0.2,84.0,71.7,0.8,-5.0,-0.6000000000000001,0.3333333333333333,0.6666666666666666,-0.3333333333333333,-1.0,3.0,-2.3999999999999915,7.599999999999994,-9.999999999999986,0,4,0.0,1,1432.34,1620.77,-188.43,8,7,1,0
2022_1118_1791_2315,2022-23,2022-11-18 00:00:00+00:00,Merlins Crailsheim,NINERS Chemnitz,2315,1791,86.8,90.4,0.4,89.0,90.2,0.4,-2.200000000000003,0.0,85.7,90.1,0.4,87.8,83.7,0.6,-2.0999999999999943,-0.19999999999999996,0.3333333333333333,0.6666666666666666,-0.3333333333333333,-1.0,-1.0,-3.6000000000000085,-1.2000000000000028,-2.4000000000000057,4,4,1.0,1,1487.68,1515.32,-27.64,13,13,0,0
2022_1119_19629_1510,2022-23,2022-11-19 00:00:00+00:00,Telekom Baskets Bonn,Veolia Towers Hamburg,1510,19629,90.2,73.8,1.0,87.0,80.0,0.8,3.200000000000003,0.19999999999999996,84.2,75.2,0.9,84.9,79.4,0.6,-0.7000000000000028,0.30000000000000004,1.0,0.6666666666666666,0.33333333333333337,5.0,3.0,16.400000000000006,7.0,9.400000000000006,2,4,0.5,1,1622.92,1524.17,98.75,14,13,1,1
2022_1119_2745_1774,2022-23,2022-11-19 00:00:00+00:00,Rostock Seawolves,FITOne Wuerzburg Baskets,1774,2745,92.6,96.6,0.6,89.6,90.2,0.4,3.0,0.19999999999999996,91.33333333333333,93.83333333333333,0.6666666666666666,84.7,92.4,0.4,6.633333333333326,0.2666666666666666,0.3333333333333333,0.3333333333333333,0.0,1.0,-1.0,-4.0,-0.6000000000000085,-3.3999999999999915,0,0,0.5,1,1526.67,1451.09,75.58,13,14,-1,0
2022_1119_132_3361,2022-23,2022-11-19 00:00:00+00:00,Fraport Skyliners Frankfurt,Bamberg Baskets,3361,132,74.4,78.2,0.2,79.8,84.4,0.2,-5.3999999999999915,0.0,78.0,75.9,0.4,79.1,81.7,0.4,-1.0999999999999943,0.0,0.3333333333333333,0.3333333333333333,0.0,-3.0,-3.0,-3.799999999999997,-4.6000000000000085,0.8000000000000114,0,4,0.0,1,1389.91,1483.9,-93.99,13,13,0,0
2022_1119_134_40,2022-23,2022-11-19 00:00:00+00:00,Basketball Loewen Braunschweig,Medi Bayreuth,40,134,75.2,83.4,0.2,78.2,83.4,0.2,-3.0,0.0,76.1,81.8,0.3,78.9,84.4,0.2,-2.8000000000000114,0.09999999999999998,0.3333333333333333,0.3333333333333333,0.0,-3.0,-3.0,-8.200000000000003,-5.200000000000003,-3.0,3,4,0.75,1,1436.1,1424.83,11.26,20,13,7,1
2022_1119_450_219,2022-23,2022-11-19 00:00:00+00:00,FC Bayern Muenchen Basketball,SYNTAINICS MBC Weissenfels,219,450,83.6,74.8,0.8,91.8,100.0,0.2,-8.200000000000003,0.6000000000000001,84.4,72.7,0.8,86.0,95.4,0.2,-1.5999999999999943,0.6000000000000001,0.6666666666666666,0.0,0.6666666666666666,3.0,-3.0,8.799999999999997,-8.200000000000003,17.0,4,4,1.0,1,1628.28,1396.45,231.83,13,14,-1,1
2022_1120_215_127,2022-23,2022-11-20 00:00:00+00:00,Ratiopharm Ulm,MLP Academics Heidelberg,127,215,83.6,86.2,0.2,83.2,92.0,0.4,0.3999999999999915,-0.2,82.5,84.1,0.3,80.2,93.1,0.2,2.299999999999997,0.09999999999999998,0.3333333333333333,0.3333333333333333,0.0,-3.0,-1.0,-2.6000000000000085,-8.799999999999997,6.199999999999989,2,2,1.0,1,1499.48,1452.93,46.55,15,15,0,1
2022_1120_1634_214,2022-23,2022-11-20 00:00:00+00:00,BG Goettingen,EWE Baskets Oldenburg,214,1634,86.6,84.8,0.6,81.8,81.2,0.6,4.799999999999997,0.0,82.6,85.7,0.3,88.3,83.9,0.7,-5.700000000000003,-0.39999999999999997,0.3333333333333333,0.6666666666666666,-0.3333333333333333,1.0,1.0,1.7999999999999972,0.5999999999999943,1.2000000000000028,1,4,0.25,1,1481.06,1522.88,-41.82,15,14,1,0
2022_1120_10_41,2022-23,2022-11-20 00:00:00+00:00,MHP Riesen Ludwigsburg,ALBA Berlin,41,10,91.8,84.8,0.8,88.4,75.8,1.0,3.3999999999999915,-0.19999999999999996,90.1,86.6,0.7,92.4,73.7,1.0,-2.3000000000000114,-0.30000000000000004,1.0,1.0,0.0,3.0,5.0,7.0,12.600000000000009,-5.6000000000000085,3,4,0.75,1,1605.62,1703.04,-97.42,14,21,-7,0
2022_1125_40_1634,2022-23,2022-11-25 00:00:00+00:00,EWE Baskets Oldenburg,Basketball Loewen Braunschweig,1634,40,85.2,81.8,0.6,74.2,80.8,0.4,11.0,0.19999999999999996,90.7,82.6,0.8,75.9,80.2,0.4,14.799999999999997,0.4,0.6666666666666666,0.6666666666666666,0.0,1.0,-1.0,3.4000000000000057,-6.599999999999994,10.0,3,4,0.75,1,1534.54,1443.0,91.54,5,6,-1,1
2022_1126_450_134,2022-23,2022-11-26 00:00:00+00:00,Medi Bayreuth,SYNTAINICS MBC Weissenfels,134,450,79.0,83.6,0.2,90.8,98.2,0.2,-11.799999999999997,0.0,78.0,83.1,0.2,85.1,95.0,0.2,-7.099999999999994,0.0,0.0,0.0,0.0,-3.0,-3.0,-4.599999999999994,-7.400000000000006,2.8000000000000114,3,4,0.75,1,1417.93,1393.87,24.06,7,7,0,0
2022_1126_2315_19629,2022-23,2022-11-26 00:00:00+00:00,Veolia Towers Hamburg,Merlins Crailsheim,19629,2315,83.2,85.4,0.6,88.8,95.2,0.2,-5.599999999999994,0.39999999999999997,83.4,81.2,0.5,86.5,92.7,0.3,-3.0999999999999943,0.2,0.3333333333333333,0.3333333333333333,0.0,1.0,-3.0,-2.200000000000003,-6.400000000000006,4.200000000000003,2,4,0.5,1,1519.34,1475.63,43.71,7,8,-1,0
2022_1126_41_1510,2022-23,2022-11-26 00:00:00+00:00,Telekom Baskets Bonn,MHP Riesen Ludwigsburg,1510,41,91.2,74.0,1.0,94.0,91.4,0.6,-2.799999999999997,0.4,86.5,75.2,0.9,91.5,89.0,0.6,-5.0,0.30000000000000004,1.0,0.6666666666666666,0.33333333333333337,5.0,1.0,17.200000000000003,2.5999999999999943,14.600000000000009,1,4,0.25,1,1627.75,1595.55,32.2,7,6,1,0
2022_1127_3361_127,2022-23,2022-11-27 00:00:00+00:00,Ratiopharm Ulm,Fraport Skyliners Frankfurt,127,3361,88.0,86.8,0.4,76.2,81.6,0.2,11.799999999999997,0.2,85.7,85.2,0.4,77.5,79.0,0.3,8.200000000000003,0.10000000000000003,0.6666666666666666,0.0,0.6666666666666666,-1.0,-3.0,1.2000000000000028,-5.3999999999999915,6.599999999999994,3,4,0.75,1,1505.49,1379.73,125.76,7,8,-1,1
2022_1127_214_10,2022-23,2022-11-27 00:00:00+00:00,ALBA Berlin,BG Goettingen,10,214,92.0,78.4,1.0,83.0,86.6,0.4,9.0,0.6,94.5,75.8,1.0,81.5,85.8,0.3,13.0,0.7,1.0,0.3333333333333333,0.6666666666666667,5.0,-1.0,13.599999999999994,-3.5999999999999943,17.19999999999999,3,4,0.75,1,1713.12,1469.4,243.71,7,7,0,0
2022_1127_1774_215,2022-23,2022-11-27 00:00:00+00:00,MLP Academics Heidelberg,Rostock Seawolves,215,1774,85.2,93.2,0.4,89.6,97.0,0.4,-4.3999999999999915,0.0,82.4,94.7,0.2,90.71428571428571,94.28571428571429,0.5714285714285714,-8.314285714285703,-0.3714285714285714,0.3333333333333333,0.0,0.3333333333333333,-1.0,-1.0,-8.0,-7.400000000000006,-0.5999999999999943,0,0,0.5,1,1446.92,1512.01,-65.1,7,8,-1,1
2022_1127_219_2745,2022-23,2022-11-27 00:00:00+00:00,FITOne Wuerzburg Baskets,FC Bayern Muenchen Basketball,2745,219,91.2,91.2,0.4,83.4,73.8,0.8,7.799999999999997,-0.4,85.2,92.5,0.4,84.3,70.9,0.9,0.9000000000000057,-0.5,0.3333333333333333,1.0,-0.6666666666666667,-1.0,3.0,0.0,9.600000000000009,-9.600000000000009,1,4,0.25,1,1465.75,1630.86,-165.11,8,8,0,0
2022_1127_1791_132,2022-23,2022-11-27 00:00:00+00:00,Bamberg Baskets,NINERS Chemnitz,132,1791,83.4,84.2,0.4,91.6,90.0,0.6,-8.199999999999989,-0.19999999999999996,83.4,81.1,0.5,88.8,84.2,0.6,-5.3999999999999915,-0.09999999999999998,0.6666666666666666,1.0,-0.33333333333333337,-1.0,1.0,-0.7999999999999972,1.5999999999999943,-2.3999999999999915,1,4,0.25,1,1494.07,1527.38,-33.3,8,9,-1,1
2022_1206_219_1634,2022-23,2022-12-06 00:00:00+00:00,EWE Baskets Oldenburg,FC Bayern Muenchen Basketball,1634,219,85.8,79.2,0.8,82.4,73.6,0.8,3.3999999999999915,0.0,89.6,81.2,0.8,83.4,72.5,0.9,6.199999999999989,-0.09999999999999998,1.0,1.0,0.0,3.0,3.0,6.599999999999994,8.800000000000011,-2.200000000000017,2,4,0.5,1,1539.52,1639.01,-99.49,11,9,2,0
2022_1206_40_10,2022-23,2022-12-06 00:00:00+00:00,ALBA Berlin,Basketball Loewen Braunschweig,10,40,93.0,81.6,0.8,76.2,81.6,0.4,16.799999999999997,0.4,95.1,79.7,0.9,75.3,82.0,0.3,19.799999999999997,0.6000000000000001,0.6666666666666666,0.6666666666666666,0.0,3.0,-1.0,11.400000000000006,-5.3999999999999915,16.799999999999997,2,3,0.6666666666666666,1,1695.55,1438.02,257.53,9,11,-2,1
2022_1206_1791_215,2022-23,2022-12-06 00:00:00+00:00,MLP Academics Heidelberg,NINERS Chemnitz,215,1791,84.8,92.0,0.4,91.8,90.0,0.6,-7.0,-0.19999999999999996,84.4,94.9,0.3,87.5,84.8,0.5,-3.0999999999999943,-0.2,0.3333333333333333,0.6666666666666666,-0.3333333333333333,-1.0,1.0,-7.200000000000003,1.7999999999999972,-9.0,0,2,0.0,1,1455.91,1519.27,-63.36,9,9,0,0
2022_1209_2745_3361,2022-23,2022-12-09 00:00:00+00:00,Fraport Skyliners Frankfurt,FITOne Wuerzburg Baskets,3361,2745,74.6,82.4,0.2,83.2,84.4,0.4,-8.600000000000009,-0.2,78.2,81.1,0.3,83.3,92.2,0.3,-5.099999999999994,0.0,0.0,0.3333333333333333,-0.3333333333333333,-3.0,-1.0,-7.800000000000011,-1.2000000000000028,-6.6000000000000085,2,4,0.5,1,1375.45,1457.61,-82.16,12,12,0,0
2022_1210_41_214,2022-23,2022-12-10 00:00:00+00:00,BG Goettingen,MHP Riesen Ludwigsburg,214,41,86.0,90.2,0.4,91.8,87.0,0.8,-5.799999999999997,-0.4,83.5,87.5,0.4,91.3,87.8,0.7,-7.799999999999997,-0.29999999999999993,0.6666666666666666,0.6666666666666666,0.0,-1.0,3.0,-4.200000000000003,4.799999999999997,-9.0,1,4,0.25,1,1486.97,1609.18,-122.21,13,14,-1,0
2022_1210_127_2315,2022-23,2022-12-10 00:00:00+00:00,Merlins Crailsheim,Ratiopharm Ulm,2315,127,91.8,95.8,0.4,91.4,86.2,0.6,0.3999999999999915,-0.19999999999999996,88.7,93.0,0.4,85.4,84.4,0.4,3.299999999999997,0.0,0.6666666666666666,0.6666666666666666,0.0,-1.0,1.0,-4.0,5.200000000000003,-9.200000000000003,1,4,0.25,1,1489.55,1509.78,-20.23,14,13,1,0
2022_1210_10_134,2022-23,2022-12-10 00:00:00+00:00,Medi Bayreuth,ALBA Berlin,134,10,79.8,83.8,0.2,94.2,83.4,0.8,-14.400000000000006,-0.6000000000000001,79.0,84.7,0.2,95.0,80.6,0.9,-16.0,-0.7,0.0,0.6666666666666666,-0.6666666666666666,-3.0,3.0,-4.0,10.799999999999997,-14.799999999999997,0,4,0.0,1,1404.51,1697.81,-293.31,14,4,10,0
2022_1210_215_40,2022-23,2022-12-10 00:00:00+00:00,Basketball Loewen Braunschweig,MLP Academics Heidelberg,40,215,75.2,78.6,0.4,86.4,93.8,0.4,-11.200000000000003,0.0,76.6,84.7,0.2,83.2,94.1,0.3,-6.6000000000000085,-0.09999999999999998,0.3333333333333333,0.3333333333333333,0.0,-1.0,-1.0,-3.3999999999999915,-7.3999999999999915,4.0,0,2,0.0,1,1435.75,1444.86,-9.11,4,4,0,0
2022_1211_132_450,2022-23,2022-12-11 00:00:00+00:00,SYNTAINICS MBC Weissenfels,Bamberg Baskets,450,132,86.6,92.2,0.2,85.8,82.4,0.6,0.7999999999999972,-0.39999999999999997,85.8,93.7,0.3,82.8,80.5,0.5,3.0,-0.2,0.3333333333333333,1.0,-0.6666666666666667,-3.0,1.0,-5.6000000000000085,3.3999999999999915,-9.0,0,4,0.0,1,1407.3,1502.18,-94.88,15,14,1,1
2022_1211_19629_1791,2022-23,2022-12-11 00:00:00+00:00,NINERS Chemnitz,Veolia Towers Hamburg,1791,19629,93.0,88.4,0.8,81.0,88.0,0.4,12.0,0.4,89.4,84.9,0.6,83.7,80.8,0.5,5.700000000000003,0.09999999999999998,0.6666666666666666,0.0,0.6666666666666666,3.0,-1.0,4.599999999999994,-7.0,11.599999999999994,3,4,0.75,1,1530.32,1505.42,24.9,5,15,-10,1
2022_1211_1634_1774,2022-23,2022-12-11 00:00:00+00:00,Rostock Seawolves,EWE Baskets Oldenburg,1774,1634,84.4,96.2,0.2,85.0,80.8,0.6,-0.5999999999999943,-0.39999999999999997,89.875,93.875,0.5,86.0,80.6,0.7,3.875,-0.19999999999999996,0.0,0.6666666666666666,-0.6666666666666666,-3.0,1.0,-11.799999999999997,4.200000000000003,-16.0,0,0,0.5,1,1503.01,1529.51,-26.5,14,5,9,0
2022_1211_1510_219,2022-23,2022-12-11 00:00:00+00:00,FC Bayern Muenchen Basketball,Telekom Baskets Bonn,219,1510,83.0,72.8,1.0,90.4,75.6,0.8,-7.400000000000006,0.19999999999999996,83.8,73.7,0.9,86.3,76.5,0.8,-2.5,0.09999999999999998,1.0,0.6666666666666666,0.33333333333333337,5.0,3.0,10.200000000000003,14.800000000000011,-4.6000000000000085,3,4,0.75,1,1649.02,1614.12,34.9,5,15,-10,0
2022_1216_1791_134,2022-23,2022-12-16 00:00:00+00:00,Medi Bayreuth,NINERS Chemnitz,134,1791,76.6,86.6,0.0,94.2,86.8,0.8,-17.60000000000001,-0.8,78.6,84.5,0.2,90.7,86.0,0.6,-12.100000000000009,-0.39999999999999997,0.0,0.6666666666666666,-0.6666666666666666,-5.0,3.0,-10.0,7.400000000000006,-17.400000000000006,3,4,0.75,1,1399.56,1536.88,-137.32,6,5,1,0
2022_1217_2315_1510,2022-23,2022-12-17 00:00:00+00:00,Telekom Baskets Bonn,Merlins Crailsheim,1510,2315,90.2,74.8,0.8,92.4,94.2,0.4,-2.200000000000003,0.4,86.3,75.7,0.8,87.7,92.1,0.4,-1.4000000000000057,0.4,0.6666666666666666,0.3333333333333333,0.3333333333333333,3.0,-1.0,15.400000000000006,-1.7999999999999972,17.200000000000003,1,4,0.25,1,1627.82,1477.29,150.53,6,7,-1,1
2022_1217_450_215,2022-23,2022-12-17 00:00:00+00:00,MLP Academics Heidelberg,SYNTAINICS MBC Weissenfels,215,450,85.0,90.8,0.4,90.8,94.4,0.4,-5.799999999999997,0.0,84.6,92.6,0.4,87.0,93.5,0.4,-2.4000000000000057,0.0,0.6666666666666666,0.6666666666666666,0.0,-1.0,-1.0,-5.799999999999997,-3.6000000000000085,-2.1999999999999886,2,2,1.0,1,1457.42,1417.15,40.27,7,6,1,0
2022_1217_214_132,2022-23,2022-12-17 00:00:00+00:00,Bamberg Baskets,BG Goettingen,132,214,88.2,83.6,0.6,82.8,89.2,0.4,5.400000000000006,0.19999999999999996,83.4,83.5,0.4,83.1,87.9,0.4,0.30000000000001137,0.0,0.6666666666666666,0.3333333333333333,0.3333333333333333,1.0,-1.0,4.6000000000000085,-6.400000000000006,11.000000000000014,2,4,0.5,1,1492.32,1477.61,14.71,6,7,-1,0
2022_1217_1634_2745,2022-23,2022-12-17 00:00:00+00:00,FITOne Wuerzburg Baskets,EWE Baskets Oldenburg,2745,1634,83.6,82.6,0.4,86.0,78.4,0.8,-2.4000000000000057,-0.4,83.4,88.1,0.4,85.7,81.0,0.7,-2.299999999999997,-0.29999999999999993,0.6666666666666666,0.6666666666666666,0.0,-1.0,3.0,1.0,7.599999999999994,-6.599999999999994,1,4,0.25,1,1468.12,1541.59,-73.47,8,6,2,1
2022_1217_219_40,2022-23,2022-12-17 00:00:00+00:00,Basketball Loewen Braunschweig,FC Bayern Muenchen Basketball,40,219,76.6,81.8,0.4,79.0,73.0,0.8,-2.4000000000000057,-0.4,76.6,85.1,0.2,81.9,75.1,0.8,-5.300000000000011,-0.6000000000000001,0.0,0.6666666666666666,-0.6666666666666666,-1.0,3.0,-5.200000000000003,6.0,-11.200000000000003,1,4,0.25,1,1423.19,1635.33,-212.13,7,6,1,0
2022_1217_3361_41,2022-23,2022-12-17 00:00:00+00:00,MHP Riesen Ludwigsburg,Fraport Skyliners Frankfurt,41,3361,91.4,86.6,0.8,73.2,84.6,0.0,18.200000000000003,0.8,91.0,86.7,0.7,77.3,82.9,0.2,13.700000000000003,0.49999999999999994,0.6666666666666666,0.0,0.6666666666666666,3.0,-5.0,4.800000000000011,-11.399999999999991,16.200000000000003,4,4,1.0,1,1618.54,1364.94,253.61,7,8,-1,0
2022_1218_127_10,2022-23,2022-12-18 00:00:00+00:00,ALBA Berlin,Ratiopharm Ulm,10,127,96.8,86.0,0.8,95.0,86.0,0.8,1.7999999999999972,0.0,93.1,81.9,0.9,88.0,84.7,0.5,5.099999999999994,0.4,0.6666666666666666,1.0,-0.33333333333333337,3.0,3.0,10.799999999999997,9.0,1.7999999999999972,4,4,1.0,1,1702.76,1522.04,180.72,8,8,0,1
2022_1218_1774_19629,2022-23,2022-12-18 00:00:00+00:00,Veolia Towers Hamburg,Rostock Seawolves,19629,1774,81.0,93.2,0.2,83.4,97.6,0.0,-2.4000000000000057,0.2,81.7,85.5,0.4,89.88888888888889,94.44444444444444,0.4444444444444444,-8.188888888888883,-0.0444444444444444,0.0,0.0,0.0,-3.0,-5.0,-12.200000000000003,-14.199999999999989,1.9999999999999858,0,0,0.5,1,1498.87,1490.93,7.94,7,7,0,0
2022_1222_214_134,2022-23,2022-12-22 00:00:00+00:00,Medi Bayreuth,BG Goettingen,134,214,77.4,85.8,0.0,84.8,86.2,0.6,-7.3999999999999915,-0.6,79.3,84.7,0.2,83.9,86.8,0.5,-4.6000000000000085,-0.3,0.0,0.6666666666666666,-0.6666666666666666,-5.0,1.0,-8.399999999999991,-1.4000000000000057,-6.999999999999986,2,4,0.5,1,1390.63,1490.8,-100.17,6,5,1,0
2022_1223_2315_1774,2022-23,2022-12-23 00:00:00+00:00,Rostock Seawolves,Merlins Crailsheim,1774,2315,85.8,92.0,0.2,93.6,96.4,0.4,-7.799999999999997,-0.2,89.1,92.6,0.5,86.5,92.7,0.3,2.5999999999999943,0.2,0.3333333333333333,0.3333333333333333,0.0,-3.0,-1.0,-6.200000000000003,-2.8000000000000114,-3.3999999999999915,0,0,0.5,1,1503.94,1473.47,30.47,5,6,-1,1
2022_1226_40_214,2022-23,2022-12-26 00:00:00+00:00,BG Goettingen,Basketball Loewen Braunschweig,214,40,88.4,89.2,0.6,80.0,89.4,0.2,8.400000000000006,0.39999999999999997,87.5,87.0,0.6,77.6,86.4,0.2,9.900000000000006,0.39999999999999997,0.6666666666666666,0.0,0.6666666666666666,1.0,-3.0,-0.7999999999999972,-9.400000000000006,8.600000000000009,2,4,0.5,1,1500.79,1416.31,84.48,4,9,-5,1
2022_1226_2745_2315,2022-23,2022-12-26 00:00:00+00:00,Merlins Crailsheim,FITOne Wuerzburg Baskets,2315,2745,88.0,96.6,0.2,82.2,80.2,0.6,5.799999999999997,-0.39999999999999997,87.4,93.5,0.3,85.6,86.6,0.5,1.8000000000000114,-0.2,0.0,0.6666666666666666,-0.6666666666666666,-3.0,1.0,-8.599999999999994,2.0,-10.599999999999994,2,4,0.5,1,1467.05,1477.36,-10.3,3,9,-6,0
2022_1226_1510_1791,2022-23,2022-12-26 00:00:00+00:00,NINERS Chemnitz,Telekom Baskets Bonn,1791,1510,91.2,83.6,0.8,91.2,74.4,0.8,0.0,0.0,90.1,86.9,0.6,87.7,76.6,0.8,2.3999999999999915,-0.20000000000000007,1.0,0.6666666666666666,0.33333333333333337,3.0,3.0,7.6000000000000085,16.799999999999997,-9.199999999999989,2,4,0.5,1,1545.81,1631.65,-85.84,10,9,1,0
2022_1226_3361_1774,2022-23,2022-12-26 00:00:00+00:00,Rostock Seawolves,Fraport Skyliners Frankfurt,1774,3361,89.2,90.8,0.4,79.8,88.4,0.2,9.400000000000006,0.2,90.9,93.7,0.5,78.3,83.9,0.2,12.600000000000009,0.3,0.6666666666666666,0.3333333333333333,0.3333333333333333,-1.0,-3.0,-1.5999999999999943,-8.600000000000009,7.000000000000014,0,0,0.5,1,1510.35,1382.63,127.72,3,9,-6,0
2022_1226_134_132,2022-23,2022-12-26 00:00:00+00:00,Bamberg Baskets,Medi Bayreuth,132,134,90.8,87.4,0.6,81.6,89.6,0.0,9.200000000000003,0.6,83.6,86.3,0.3,79.9,86.5,0.1,3.6999999999999886,0.19999999999999998,0.3333333333333333,0.0,0.3333333333333333,1.0,-5.0,3.3999999999999915,-8.0,11.399999999999991,2,4,0.5,1,1479.14,1380.63,98.5,9,4,5,0
2022_1227_10_450,2022-23,2022-12-27 00:00:00+00:00,SYNTAINICS MBC Weissenfels,ALBA Berlin,450,10,91.4,91.8,0.6,98.0,88.6,0.8,-6.599999999999994,-0.20000000000000007,87.1,94.1,0.4,93.2,82.2,0.9,-6.1000000000000085,-0.5,1.0,1.0,0.0,1.0,3.0,-0.3999999999999915,9.400000000000006,-9.799999999999997,0,4,0.0,1,1430.98,1706.07,-275.09,10,9,1,0
2022_1227_19629_1634,2022-23,2022-12-27 00:00:00+00:00,EWE Baskets Oldenburg,Veolia Towers Hamburg,1634,19629,86.0,80.2,0.6,81.0,96.4,0.0,5.0,0.6,83.9,80.7,0.6,82.6,86.0,0.4,1.3000000000000114,0.19999999999999996,0.3333333333333333,0.0,0.3333333333333333,1.0,-5.0,5.799999999999997,-15.400000000000006,21.200000000000003,1,4,0.25,1,1532.35,1485.86,46.49,10,9,1,1
2022_1227_215_219,2022-23,2022-12-27 00:00:00+00:00,FC Bayern Muenchen Basketball,MLP Academics Heidelberg,219,215,82.2,75.0,0.8,89.0,89.6,0.4,-6.799999999999997,0.4,82.9,74.9,0.8,86.1,90.8,0.4,-3.1999999999999886,0.4,0.6666666666666666,0.3333333333333333,0.3333333333333333,3.0,-1.0,7.200000000000003,-0.5999999999999943,7.799999999999997,2,2,1.0,1,1642.21,1443.59,198.62,10,10,0,1
2022_1227_41_127,2022-23,2022-12-27 00:00:00+00:00,Ratiopharm Ulm,MHP Riesen Ludwigsburg,127,41,94.0,93.4,0.6,89.6,87.8,0.6,4.400000000000006,0.0,87.5,88.6,0.4,90.4,85.7,0.7,-2.9000000000000057,-0.29999999999999993,0.6666666666666666,0.6666666666666666,0.0,1.0,1.0,0.5999999999999943,1.7999999999999972,-1.2000000000000028,1,4,0.25,1,1518.72,1600.85,-82.13,9,10,-1,0
2022_1229_134_214,2022-23,2022-12-29 00:00:00+00:00,BG Goettingen,Medi Bayreuth,214,134,89.0,83.4,0.8,84.8,91.4,0.2,4.200000000000003,0.6000000000000001,86.0,85.0,0.6,81.9,87.5,0.2,4.099999999999994,0.39999999999999997,1.0,0.3333333333333333,0.6666666666666667,3.0,-3.0,5.599999999999994,-6.6000000000000085,12.200000000000003,3,5,0.6,1,1505.93,1395.8,110.14,3,3,0,1
2022_1229_1510_3361,2022-23,2022-12-29 00:00:00+00:00,Fraport Skyliners Frankfurt,Telekom Baskets Bonn,3361,1510,86.0,89.6,0.4,87.6,76.0,0.8,-1.5999999999999943,-0.4,80.2,83.9,0.3,88.9,74.9,0.9,-8.700000000000003,-0.6000000000000001,0.6666666666666666,1.0,-0.33333333333333337,-1.0,3.0,-3.5999999999999943,11.599999999999994,-15.199999999999989,1,4,0.25,1,1398.38,1642.05,-243.67,3,3,0,0
2022_1230_450_41,2022-23,2022-12-30 00:00:00+00:00,MHP Riesen Ludwigsburg,SYNTAINICS MBC Weissenfels,41,450,86.4,86.2,0.6,83.0,85.2,0.6,3.4000000000000057,0.0,89.1,85.5,0.7,87.4,92.6,0.4,1.6999999999999886,0.29999999999999993,0.6666666666666666,0.6666666666666666,0.0,1.0,1.0,0.20000000000000284,-2.200000000000003,2.4000000000000057,4,4,1.0,1,1611.37,1425.64,185.73,3,3,0,0
2022_1230_127_40,2022-23,2022-12-30 00:00:00+00:00,Basketball Loewen Braunschweig,Ratiopharm Ulm,40,127,77.4,89.8,0.0,92.2,91.0,0.6,-14.799999999999997,-0.6,75.8,85.3,0.2,87.9,88.6,0.4,-12.100000000000009,-0.2,0.0,0.3333333333333333,-0.3333333333333333,-5.0,1.0,-12.399999999999991,1.2000000000000028,-13.599999999999994,2,4,0.5,1,1411.17,1508.21,-97.03,4,3,1,0
2022_1230_132_215,2022-23,2022-12-30 00:00:00+00:00,MLP Academics Heidelberg,Bamberg Baskets,215,132,86.4,85.8,0.4,88.6,88.6,0.4,-2.1999999999999886,0.0,85.8,89.5,0.4,84.2,86.5,0.3,1.5999999999999943,0.10000000000000003,0.3333333333333333,0.0,0.3333333333333333,-1.0,-1.0,0.6000000000000085,0.0,0.6000000000000085,0,2,0.0,1,1440.55,1463.97,-23.42,3,4,-1,0
2022_1230_19629_2745,2022-23,2022-12-30 00:00:00+00:00,FITOne Wuerzburg Baskets,Veolia Towers Hamburg,2745,19629,84.8,79.4,0.8,81.6,95.0,0.0,3.200000000000003,0.8,87.2,84.8,0.6,84.3,87.5,0.4,2.9000000000000057,0.19999999999999996,1.0,0.0,1.0,3.0,-5.0,5.3999999999999915,-13.400000000000006,18.799999999999997,0,4,0.0,1,1489.88,1479.84,10.04,4,3,1,0
2023_0103_10_3361,2022-23,2023-01-03 00:00:00+00:00,Fraport Skyliners Frankfurt,ALBA Berlin,3361,10,82.6,87.4,0.4,95.4,82.4,0.8,-12.800000000000011,-0.4,79.4,84.5,0.3,93.7,80.4,0.9,-14.299999999999997,-0.6000000000000001,0.6666666666666666,1.0,-0.33333333333333337,-1.0,3.0,-4.800000000000011,13.0,-17.80000000000001,0,4,0.0,1,1392.29,1711.42,-319.13,5,7,-2,0
2023_0103_127_1510,2022-23,2023-01-03 00:00:00+00:00,Telekom Baskets Bonn,Ratiopharm Ulm,1510,127,85.2,74.8,0.8,90.0,89.2,0.6,-4.799999999999997,0.20000000000000007,88.2,74.4,0.9,89.0,88.0,0.5,-0.7999999999999972,0.4,1.0,0.3333333333333333,0.6666666666666667,3.0,1.0,10.400000000000006,0.7999999999999972,9.600000000000009,2,4,0.5,1,1648.14,1518.29,129.85,5,4,1,1
2023_0103_1634_1791,2022-23,2023-01-03 00:00:00+00:00,NINERS Chemnitz,EWE Baskets Oldenburg,1791,1634,84.6,80.8,0.6,86.6,84.2,0.6,-2.0,0.0,88.1,85.4,0.6,85.9,83.0,0.6,2.1999999999999886,0.0,0.6666666666666666,0.6666666666666666,0.0,1.0,1.0,3.799999999999997,2.3999999999999915,1.4000000000000057,1,4,0.25,1,1535.4,1538.37,-2.97,8,7,1,0
2023_0103_1774_219,2022-23,2023-01-03 00:00:00+00:00,FC Bayern Muenchen Basketball,Rostock Seawolves,219,1774,83.2,77.8,0.8,88.4,91.6,0.4,-5.200000000000003,0.4,83.3,75.8,0.8,89.0,94.3,0.4,-5.700000000000003,0.4,0.6666666666666666,0.6666666666666666,0.0,3.0,-1.0,5.400000000000006,-3.1999999999999886,8.599999999999994,0,0,0.5,1,1645.25,1494.6,150.65,7,8,-1,1
2023_0104_40_2315,2022-23,2023-01-04 00:00:00+00:00,Merlins Crailsheim,Basketball Loewen Braunschweig,2315,40,84.8,92.8,0.2,79.6,92.0,0.0,5.200000000000003,0.2,86.8,94.0,0.2,77.9,86.8,0.2,8.899999999999991,0.0,0.0,0.0,0.0,-3.0,-5.0,-8.0,-12.400000000000006,4.400000000000006,4,4,1.0,1,1454.53,1401.09,53.44,9,5,4,1
2023_0104_214_450,2022-23,2023-01-04 00:00:00+00:00,SYNTAINICS MBC Weissenfels,BG Goettingen,450,214,83.0,82.0,0.8,88.8,79.0,0.8,-5.799999999999997,0.0,86.9,90.1,0.5,87.4,84.6,0.6,-0.5,-0.09999999999999998,0.6666666666666666,1.0,-0.33333333333333337,3.0,3.0,1.0,9.799999999999997,-8.799999999999997,2,4,0.5,1,1442.4,1510.53,-68.13,5,6,-1,0
2023_0104_215_19629,2022-23,2023-01-04 00:00:00+00:00,Veolia Towers Hamburg,MLP Academics Heidelberg,19629,215,86.4,89.4,0.2,83.0,89.2,0.2,3.4000000000000057,0.0,84.8,87.4,0.4,83.9,90.6,0.3,0.8999999999999915,0.10000000000000003,0.3333333333333333,0.0,0.3333333333333333,-3.0,-3.0,-3.0,-6.200000000000003,3.200000000000003,2,2,1.0,1,1492.91,1428.38,64.53,5,5,0,1
2023_0104_2745_132,2022-23,2023-01-04 00:00:00+00:00,Bamberg Baskets,FITOne Wuerzburg Baskets,132,2745,88.8,86.8,0.4,80.0,81.2,0.6,8.799999999999997,-0.19999999999999996,86.1,85.5,0.4,85.6,86.2,0.5,0.5,-0.09999999999999998,0.3333333333333333,0.6666666666666666,-0.3333333333333333,-1.0,1.0,2.0,-1.2000000000000028,3.200000000000003,2,4,0.5,1,1476.14,1476.82,-0.67,5,5,0,1
2023_0106_1510_1774,2022-23,2023-01-06 00:00:00+00:00,Rostock Seawolves,Telekom Baskets Bonn,1774,1510,84.6,89.0,0.4,89.4,76.4,1.0,-4.800000000000011,-0.6,84.5,92.6,0.3,89.9,76.0,0.9,-5.400000000000006,-0.6000000000000001,0.3333333333333333,1.0,-0.6666666666666667,-1.0,5.0,-4.400000000000006,13.0,-17.400000000000006,0,0,0.5,1,1490.77,1652.34,-161.57,3,3,0,0
2023_0107_132_1634,2022-23,2023-01-07 00:00:00+00:00,EWE Baskets Oldenburg,Bamberg Baskets,1634,132,86.4,85.2,0.6,87.0,86.4,0.4,-0.5999999999999943,0.19999999999999996,86.1,82.2,0.7,86.4,84.4,0.5,-0.30000000000001137,0.19999999999999996,0.6666666666666666,0.6666666666666666,0.0,1.0,-1.0,1.2000000000000028,0.5999999999999943,0.6000000000000085,4,4,1.0,1,1551.09,1483.36,67.73,4,3,1,0
2023_0107_450_40,2022-23,2023-01-07 00:00:00+00:00,Basketball Loewen Braunschweig,SYNTAINICS MBC Weissenfels,40,450,79.8,93.2,0.0,82.4,84.6,0.6,-2.6000000000000085,-0.6,77.5,85.9,0.2,84.5,88.4,0.4,-7.0,-0.2,0.0,0.3333333333333333,-0.3333333333333333,-5.0,1.0,-13.400000000000006,-2.1999999999999886,-11.200000000000017,1,4,0.25,1,1395.24,1431.48,-36.25,3,3,0,0
2023_0107_2315_215,2022-23,2023-01-07 00:00:00+00:00,MLP Academics Heidelberg,Merlins Crailsheim,215,2315,84.0,89.2,0.2,86.6,94.2,0.2,-2.5999999999999943,0.0,85.2,91.5,0.3,89.2,95.0,0.3,-4.0,0.0,0.0,0.3333333333333333,-0.3333333333333333,-3.0,-3.0,-5.200000000000003,-7.6000000000000085,2.4000000000000057,1,2,0.5,1,1422.79,1460.38,-37.59,3,3,0,0
2023_0107_19629_127,2022-23,2023-01-07 00:00:00+00:00,Ratiopharm Ulm,Veolia Towers Hamburg,127,19629,89.0,93.0,0.4,87.0,87.6,0.4,2.0,0.0,90.2,89.6,0.5,84.0,87.8,0.4,6.200000000000003,0.09999999999999998,0.3333333333333333,0.6666666666666666,-0.3333333333333333,-1.0,-1.0,-4.0,-0.5999999999999943,-3.4000000000000057,4,4,1.0,1,1514.09,1498.5,15.59,4,3,1,1
2023_0108_134_2745,2022-23,2023-01-08 00:00:00+00:00,FITOne Wuerzburg Baskets,Medi Bayreuth,2745,134,80.0,80.4,0.6,82.8,91.2,0.2,-2.799999999999997,0.39999999999999997,81.6,82.4,0.5,81.3,87.5,0.2,0.29999999999999716,0.3,0.3333333333333333,0.3333333333333333,0.0,1.0,-3.0,-0.4000000000000057,-8.400000000000006,8.0,2,4,0.5,1,1469.6,1391.2,78.4,4,10,-6,1
2023_0108_1791_41,2022-23,2023-01-08 00:00:00+00:00,MHP Riesen Ludwigsburg,NINERS Chemnitz,41,1791,81.4,80.2,0.6,85.8,79.8,0.6,-4.3999999999999915,0.0,87.7,85.8,0.6,88.8,84.9,0.6,-1.0999999999999943,0.0,0.3333333333333333,0.3333333333333333,0.0,1.0,1.0,1.2000000000000028,6.0,-4.799999999999997,2,4,0.5,1,1594.6,1522.68,71.93,9,5,4,0
2023_0108_3361_214,2022-23,2023-01-08 00:00:00+00:00,BG Goettingen,Fraport Skyliners Frankfurt,214,3361,92.8,79.6,1.0,81.0,87.8,0.4,11.799999999999997,0.6,87.8,84.4,0.7,77.8,85.1,0.3,10.0,0.39999999999999997,1.0,0.3333333333333333,0.6666666666666667,5.0,-1.0,13.200000000000003,-6.799999999999997,20.0,2,4,0.5,1,1521.44,1387.88,133.56,4,5,-1,0
2023_0108_219_10,2022-23,2023-01-08 00:00:00+00:00,ALBA Berlin,FC Bayern Muenchen Basketball,10,219,96.2,78.0,1.0,82.2,76.2,0.8,14.0,0.19999999999999996,94.6,79.8,0.9,82.3,74.9,0.8,12.299999999999997,0.09999999999999998,1.0,1.0,0.0,5.0,3.0,18.200000000000003,6.0,12.200000000000003,2,3,0.6666666666666666,1,1715.84,1649.07,66.77,5,5,0,1
2023_0114_40_132,2022-23,2023-01-14 00:00:00+00:00,Bamberg Baskets,Basketball Loewen Braunschweig,132,40,86.8,82.4,0.6,75.8,86.8,0.0,11.0,0.6,87.5,83.0,0.6,76.2,84.3,0.2,11.299999999999997,0.39999999999999997,1.0,0.0,1.0,1.0,-5.0,4.3999999999999915,-11.0,15.399999999999991,2,4,0.5,1,1497.84,1383.42,114.42,7,7,0,1
2023_0114_127_2745,2022-23,2023-01-14 00:00:00+00:00,FITOne Wuerzburg Baskets,Ratiopharm Ulm,2745,127,82.2,82.6,0.6,86.8,90.0,0.4,-4.599999999999994,0.19999999999999996,82.9,82.6,0.5,90.9,88.0,0.6,-8.0,-0.09999999999999998,0.3333333333333333,0.6666666666666666,-0.3333333333333333,1.0,-1.0,-0.3999999999999915,-3.200000000000003,2.8000000000000114,0,4,0.0,1,1474.88,1520.88,-46.0,6,7,-1,1
2023_0114_1634_450,2022-23,2023-01-14 00:00:00+00:00,SYNTAINICS MBC Weissenfels,EWE Baskets Oldenburg,450,1634,75.4,78.4,0.6,86.6,86.8,0.6,-11.199999999999989,0.0,83.1,86.4,0.5,85.8,83.8,0.6,-2.700000000000003,-0.09999999999999998,0.6666666666666666,0.6666666666666666,0.0,1.0,1.0,-3.0,-0.20000000000000284,-2.799999999999997,1,4,0.25,1,1443.3,1536.61,-93.31,7,7,0,0
2023_0115_10_1510,2022-23,2023-01-15 00:00:00+00:00,Telekom Baskets Bonn,ALBA Berlin,1510,10,93.6,77.0,1.0,93.2,75.8,1.0,0.3999999999999915,0.0,91.9,75.9,0.9,93.7,79.6,0.9,-1.7999999999999972,0.0,1.0,1.0,0.0,5.0,5.0,16.599999999999994,17.400000000000006,-0.8000000000000114,1,4,0.25,1,1660.59,1721.37,-60.78,9,7,2,0
2023_0115_3361_2315,2022-23,2023-01-15 00:00:00+00:00,Merlins Crailsheim,Fraport Skyliners Frankfurt,2315,3361,91.0,94.6,0.4,82.2,85.2,0.6,8.799999999999997,-0.19999999999999996,91.7,94.4,0.4,77.7,84.9,0.3,14.0,0.10000000000000003,0.6666666666666666,0.3333333333333333,0.3333333333333333,-1.0,1.0,-3.5999999999999943,-3.0,-0.5999999999999943,1,4,0.25,1,1472.16,1403.74,68.41,8,7,1,1
2023_0115_214_19629,2022-23,2023-01-15 00:00:00+00:00,Veolia Towers Hamburg,BG Goettingen,19629,214,83.8,82.8,0.4,88.8,79.4,0.8,-5.0,-0.4,82.4,88.0,0.3,86.8,82.8,0.7,-4.3999999999999915,-0.39999999999999997,0.6666666666666666,0.6666666666666666,0.0,-1.0,3.0,1.0,9.399999999999991,-8.399999999999991,3,4,0.75,1,1491.71,1505.58,-13.87,8,7,1,0
2023_0115_215_134,2022-23,2023-01-15 00:00:00+00:00,Medi Bayreuth,MLP Academics Heidelberg,134,215,82.8,92.8,0.2,83.6,93.8,0.0,-0.7999999999999972,0.2,79.7,89.7,0.1,84.3,92.3,0.2,-4.599999999999994,-0.1,0.3333333333333333,0.0,0.3333333333333333,-3.0,-5.0,-10.0,-10.200000000000003,0.20000000000000284,2,2,1.0,1,1385.93,1411.01,-25.09,7,8,-1,0
2023_0115_41_219,2022-23,2023-01-15 00:00:00+00:00,FC Bayern Muenchen Basketball,MHP Riesen Ludwigsburg,219,41,81.8,76.8,0.6,80.6,82.0,0.4,1.2000000000000028,0.19999999999999996,82.4,74.8,0.8,86.2,84.5,0.6,-3.799999999999997,0.20000000000000007,0.6666666666666666,0.3333333333333333,0.3333333333333333,1.0,-1.0,5.0,-1.4000000000000057,6.400000000000006,3,4,0.75,1,1643.53,1580.02,63.51,7,7,0,0
2023_0118_1774_1791,2022-23,2023-01-18 00:00:00+00:00,NINERS Chemnitz,Rostock Seawolves,1791,1774,86.2,80.2,0.6,80.8,89.0,0.4,5.400000000000006,0.19999999999999996,89.6,84.3,0.7,82.1,93.3,0.2,7.5,0.49999999999999994,0.3333333333333333,0.0,0.3333333333333333,1.0,-1.0,6.0,-8.200000000000003,14.200000000000003,0,0,0.5,1,1537.26,1482.53,54.73,10,12,-2,1
2023_0118_132_40,2022-23,2023-01-18 00:00:00+00:00,Basketball Loewen Braunschweig,Bamberg Baskets,40,132,76.8,84.4,0.0,88.0,80.0,0.8,-11.200000000000003,-0.8,78.4,86.9,0.1,89.4,83.7,0.7,-11.0,-0.6,0.0,1.0,-1.0,-5.0,3.0,-7.6000000000000085,8.0,-15.600000000000009,2,5,0.4,1,1378.92,1502.35,-123.44,4,4,0,1
2023_0120_134_1774,2022-23,2023-01-20 00:00:00+00:00,Rostock Seawolves,Medi Bayreuth,1774,134,80.6,93.0,0.2,87.6,97.4,0.2,-7.0,0.0,83.2,92.5,0.2,82.5,91.6,0.1,0.7000000000000028,0.1,0.0,0.0,0.0,-3.0,-3.0,-12.400000000000006,-9.800000000000011,-2.5999999999999943,0,0,0.5,1,1476.71,1373.8,102.9,2,5,-3,1
2023_0121_1791_3361,2022-23,2023-01-21 00:00:00+00:00,Fraport Skyliners Frankfurt,NINERS Chemnitz,3361,1791,78.2,86.8,0.4,84.6,80.2,0.6,-6.3999999999999915,-0.19999999999999996,79.0,87.6,0.3,89.4,83.5,0.7,-10.400000000000006,-0.39999999999999997,0.3333333333333333,0.6666666666666666,-0.3333333333333333,-1.0,1.0,-8.599999999999994,4.3999999999999915,-12.999999999999986,1,4,0.25,1,1398.24,1543.08,-144.83,6,3,3,0
2023_0121_19629_40,2022-23,2023-01-21 00:00:00+00:00,Basketball Loewen Braunschweig,Veolia Towers Hamburg,40,19629,82.4,85.4,0.2,85.0,84.6,0.4,-2.5999999999999943,-0.2,79.9,87.6,0.1,83.0,90.5,0.2,-3.0999999999999943,-0.1,0.3333333333333333,0.3333333333333333,0.0,-3.0,-1.0,-3.0,0.4000000000000057,-3.4000000000000057,0,4,0.0,1,1389.59,1479.28,-89.69,3,6,-3,1
2023_0121_1510_1634,2022-23,2023-01-21 00:00:00+00:00,EWE Baskets Oldenburg,Telekom Baskets Bonn,1634,1510,88.4,82.4,0.6,89.0,76.6,0.8,-0.5999999999999943,-0.20000000000000007,87.2,80.4,0.7,90.1,75.5,0.8,-2.8999999999999915,-0.10000000000000009,0.6666666666666666,0.6666666666666666,0.0,1.0,3.0,6.0,12.400000000000006,-6.400000000000006,2,4,0.5,1,1546.8,1649.47,-102.66,7,6,1,0
2023_0121_2315_41,2022-23,2023-01-21 00:00:00+00:00,MHP Riesen Ludwigsburg,Merlins Crailsheim,41,2315,81.8,80.4,0.4,92.0,89.2,0.6,-10.200000000000003,-0.19999999999999996,86.6,83.5,0.6,92.8,92.8,0.5,-6.200000000000003,0.09999999999999998,0.3333333333333333,1.0,-0.6666666666666667,-1.0,1.0,1.3999999999999915,2.799999999999997,-1.4000000000000057,2,4,0.5,1,1594.41,1477.65,116.76,6,6,0,0
2023_0122_450_127,2022-23,2023-01-22 00:00:00+00:00,Ratiopharm Ulm,SYNTAINICS MBC Weissenfels,127,450,87.0,86.2,0.4,70.6,83.0,0.4,16.400000000000006,0.0,90.5,89.8,0.5,81.0,87.4,0.5,9.5,0.0,0.3333333333333333,0.3333333333333333,0.0,-1.0,-1.0,0.7999999999999972,-12.400000000000006,13.200000000000003,4,4,1.0,1,1512.42,1433.11,79.31,8,8,0,1
2023_0122_132_219,2022-23,2023-01-22 00:00:00+00:00,FC Bayern Muenchen Basketball,Bamberg Baskets,219,132,81.8,80.4,0.6,87.4,80.0,0.8,-5.6000000000000085,-0.20000000000000007,80.4,76.7,0.7,88.0,84.3,0.6,-7.599999999999994,0.09999999999999998,0.3333333333333333,0.6666666666666666,-0.3333333333333333,1.0,3.0,1.3999999999999915,7.400000000000006,-6.000000000000014,3,3,1.0,1,1629.14,1491.68,137.46,7,4,3,1
2023_0123_2745_10,2022-23,2023-01-23 00:00:00+00:00,ALBA Berlin,FITOne Wuerzburg Baskets,10,2745,91.2,74.4,1.0,84.6,84.0,0.6,6.6000000000000085,0.4,94.0,80.2,0.9,83.4,82.1,0.6,10.599999999999994,0.30000000000000004,1.0,0.6666666666666666,0.33333333333333337,5.0,1.0,16.799999999999997,0.5999999999999943,16.200000000000003,4,4,1.0,1,1732.5,1483.33,249.16,8,9,-1,1
2023_0128_10_2315,2022-23,2023-01-28 00:00:00+00:00,Merlins Crailsheim,ALBA Berlin,2315,10,95.0,86.0,0.8,85.0,73.0,1.0,10.0,-0.19999999999999996,91.5,91.3,0.5,91.5,80.8,0.9,0.0,-0.4,1.0,1.0,0.0,3.0,5.0,9.0,12.0,-3.0,0,4,0.0,1,1493.19,1734.86,-241.67,7,5,2,0
2023_0128_215_2745,2022-23,2023-01-28 00:00:00+00:00,FITOne Wuerzburg Baskets,MLP Academics Heidelberg,2745,215,82.4,84.2,0.4,88.0,95.6,0.2,-5.599999999999994,0.2,83.6,81.8,0.6,88.5,92.6,0.3,-4.900000000000006,0.3,0.6666666666666666,0.3333333333333333,0.3333333333333333,-1.0,-3.0,-1.7999999999999972,-7.599999999999994,5.799999999999997,1,2,0.5,1,1480.97,1423.14,57.83,5,13,-8,0
2023_0128_1774_450,2022-23,2023-01-28 00:00:00+00:00,SYNTAINICS MBC Weissenfels,Rostock Seawolves,450,1774,76.0,84.0,0.4,78.4,91.4,0.2,-2.4000000000000057,0.2,79.5,84.6,0.5,83.8,91.1,0.3,-4.299999999999997,0.2,0.3333333333333333,0.3333333333333333,0.0,-1.0,-3.0,-8.0,-13.0,5.0,0,0,0.5,1,1427.85,1481.45,-53.6,6,8,-2,0
2023_0128_41_1634,2022-23,2023-01-28 00:00:00+00:00,EWE Baskets Oldenburg,MHP Riesen Ludwigsburg,1634,41,88.8,88.2,0.6,83.2,83.2,0.4,5.599999999999994,0.19999999999999996,87.4,84.2,0.6,86.4,85.5,0.5,1.0,0.09999999999999998,0.3333333333333333,0.3333333333333333,0.0,1.0,-1.0,0.5999999999999943,0.0,0.5999999999999943,1,4,0.25,1,1536.88,1578.87,-41.99,7,7,0,1
2023_0128_127_132,2022-23,2023-01-28 00:00:00+00:00,Bamberg Baskets,Ratiopharm Ulm,132,127,84.6,84.0,0.6,88.4,86.2,0.6,-3.8000000000000114,0.0,86.7,85.4,0.5,90.3,88.6,0.6,-3.5999999999999943,-0.09999999999999998,0.3333333333333333,0.6666666666666666,-0.3333333333333333,1.0,1.0,0.5999999999999943,2.200000000000003,-1.6000000000000085,4,4,1.0,1,1487.62,1517.67,-30.05,6,6,0,0
2023_0129_219_214,2022-23,2023-01-29 00:00:00+00:00,BG Goettingen,FC Bayern Muenchen Basketball,214,219,87.0,78.0,0.8,81.2,82.2,0.6,5.799999999999997,0.20000000000000007,87.7,83.6,0.7,81.7,78.6,0.7,6.0,0.0,0.6666666666666666,0.3333333333333333,0.3333333333333333,3.0,1.0,9.0,-1.0,10.0,0,4,0.0,1,1518.01,1633.21,-115.2,14,7,7,0
2023_0129_134_1510,2022-23,2023-01-29 00:00:00+00:00,Telekom Baskets Bonn,Medi Bayreuth,1510,134,94.6,77.8,0.8,86.4,95.8,0.2,8.199999999999989,0.6000000000000001,91.1,76.9,0.8,84.0,92.7,0.1,7.099999999999994,0.7000000000000001,0.6666666666666666,0.0,0.6666666666666666,3.0,-3.0,16.799999999999997,-9.399999999999991,26.19999999999999,2,4,0.5,1,1659.39,1369.06,290.33,8,9,-1,1
2023_0129_3361_19629,2022-23,2023-01-29 00:00:00+00:00,Veolia Towers Hamburg,Fraport Skyliners Frankfurt,19629,3361,82.6,83.8,0.4,73.2,88.0,0.2,9.399999999999991,0.2,82.1,89.4,0.2,79.6,88.8,0.3,2.5,-0.09999999999999998,0.0,0.3333333333333333,-0.3333333333333333,-1.0,-3.0,-1.2000000000000028,-14.799999999999997,13.599999999999994,3,4,0.75,1,1469.57,1389.53,80.05,8,8,0,0
2023_0129_40_1791,2022-23,2023-01-29 00:00:00+00:00,NINERS Chemnitz,Basketball Loewen Braunschweig,1791,40,85.6,80.0,0.6,83.4,83.0,0.4,2.1999999999999886,0.19999999999999996,88.4,81.8,0.7,81.5,87.5,0.2,6.900000000000006,0.49999999999999994,1.0,0.6666666666666666,0.33333333333333337,1.0,-1.0,5.599999999999994,0.4000000000000057,5.199999999999989,2,4,0.5,1,1551.79,1399.29,152.5,8,8,0,0
2023_0201_3361_215,2022-23,2023-02-01 00:00:00+00:00,MLP Academics Heidelberg,Fraport Skyliners Frankfurt,215,3361,90.0,94.6,0.4,79.4,88.8,0.4,10.599999999999994,0.0,88.2,90.2,0.4,81.0,88.1,0.4,7.200000000000003,0.0,0.6666666666666666,0.3333333333333333,0.3333333333333333,-1.0,-1.0,-4.599999999999994,-9.399999999999991,4.799999999999997,2,3,0.6666666666666666,1,1437.39,1404.29,33.1,4,3,1,1
2023_0203_19629_1774,2022-23,2023-02-03 00:00:00+00:00,Rostock Seawolves,Veolia Towers Hamburg,1774,19629,77.6,86.6,0.4,82.0,88.6,0.2,-4.400000000000006,0.2,83.0,89.1,0.4,84.2,89.0,0.2,-1.2000000000000028,0.2,0.6666666666666666,0.0,0.6666666666666666,-1.0,-3.0,-9.0,-6.599999999999994,-2.4000000000000057,1,1,1.0,1,1492.78,1454.81,37.97,6,5,1,1
2023_0203_2745_1791,2022-23,2023-02-03 00:00:00+00:00,NINERS Chemnitz,FITOne Wuerzburg Baskets,1791,2745,85.2,79.6,0.6,84.2,83.6,0.4,1.0,0.19999999999999996,84.9,80.2,0.6,82.1,82.4,0.5,2.8000000000000114,0.09999999999999998,0.6666666666666666,0.3333333333333333,0.3333333333333333,1.0,-1.0,5.6000000000000085,0.6000000000000085,5.0,2,5,0.4,1,1535.58,1466.72,68.87,5,6,-1,0
2023_0205_132_214,2022-23,2023-02-05 00:00:00+00:00,BG Goettingen,Bamberg Baskets,214,132,86.2,86.2,0.6,86.2,90.8,0.4,0.0,0.19999999999999996,87.6,84.8,0.7,86.6,88.6,0.4,1.0,0.29999999999999993,0.3333333333333333,0.0,0.3333333333333333,1.0,-1.0,0.0,-4.599999999999994,4.599999999999994,3,5,0.6,1,1508.44,1475.63,32.81,7,8,-1,0
2023_0205_40_450,2022-23,2023-02-05 00:00:00+00:00,SYNTAINICS MBC Weissenfels,Basketball Loewen Braunschweig,450,40,77.6,86.6,0.2,80.8,77.0,0.6,-3.200000000000003,-0.39999999999999997,80.3,84.3,0.5,80.3,85.1,0.3,0.0,0.2,0.0,1.0,-1.0,-3.0,1.0,-9.0,3.799999999999997,-12.799999999999997,4,5,0.8,1,1416.53,1415.5,1.02,8,7,1,1
2023_0205_219_1510,2022-23,2023-02-05 00:00:00+00:00,Telekom Baskets Bonn,FC Bayern Muenchen Basketball,1510,219,95.6,78.8,0.8,84.8,80.4,0.6,10.799999999999997,0.20000000000000007,90.4,76.8,0.8,84.0,79.1,0.7,6.400000000000006,0.10000000000000009,0.6666666666666666,0.6666666666666666,0.0,3.0,1.0,16.799999999999997,4.3999999999999915,12.400000000000006,2,5,0.4,1,1661.3,1642.77,18.53,7,7,0,1
2023_0205_134_127,2022-23,2023-02-05 00:00:00+00:00,Ratiopharm Ulm,Medi Bayreuth,127,134,90.8,86.2,0.6,82.2,97.4,0.0,8.599999999999994,0.6,90.4,87.7,0.6,83.5,94.4,0.1,6.900000000000006,0.5,0.6666666666666666,0.0,0.6666666666666666,1.0,-5.0,4.599999999999994,-15.200000000000003,19.799999999999997,5,5,1.0,1,1529.66,1367.15,162.51,8,7,1,1
2023_0205_2315_1791,2022-23,2023-02-05 00:00:00+00:00,NINERS Chemnitz,Merlins Crailsheim,1791,2315,83.8,78.4,0.6,94.8,88.6,0.8,-11.0,-0.20000000000000007,84.8,79.1,0.6,89.8,90.7,0.5,-5.0,0.09999999999999998,0.3333333333333333,0.6666666666666666,-0.3333333333333333,1.0,3.0,5.3999999999999915,6.200000000000003,-0.8000000000000114,1,5,0.2,1,1521.07,1487.06,34.01,2,8,-6,1
2023_0205_215_10,2022-23,2023-02-05 00:00:00+00:00,ALBA Berlin,MLP Academics Heidelberg,10,215,87.8,76.4,1.0,94.0,90.8,0.6,-6.200000000000003,0.4,91.6,79.4,0.9,88.5,90.0,0.4,3.0999999999999943,0.5,1.0,1.0,0.0,5.0,1.0,11.399999999999991,3.200000000000003,8.199999999999989,3,3,1.0,1,1741.0,1443.74,297.26,8,4,4,1
2023_0205_41_3361,2022-23,2023-02-05 00:00:00+00:00,Fraport Skyliners Frankfurt,MHP Riesen Ludwigsburg,3361,41,81.0,87.8,0.4,80.0,81.4,0.2,1.0,0.2,81.0,87.8,0.4,83.2,83.8,0.4,-2.200000000000003,0.0,0.3333333333333333,0.3333333333333333,0.0,-1.0,-3.0,-6.799999999999997,-1.4000000000000057,-5.3999999999999915,1,5,0.2,1,1397.94,1570.53,-172.58,4,8,-4,0
2023_0205_1774_1634,2022-23,2023-02-05 00:00:00+00:00,EWE Baskets Oldenburg,Rostock Seawolves,1634,1774,84.6,83.4,0.6,82.8,87.2,0.6,1.7999999999999972,0.0,85.6,83.8,0.6,83.7,88.1,0.5,1.8999999999999915,0.09999999999999998,0.6666666666666666,1.0,-0.33333333333333337,1.0,1.0,1.1999999999999886,-4.400000000000006,5.599999999999994,1,1,1.0,1,1545.22,1499.01,46.22,8,2,6,1
2023_0206_2745_19629,2022-23,2023-02-06 00:00:00+00:00,Veolia Towers Hamburg,FITOne Wuerzburg Baskets,19629,2745,80.8,90.2,0.0,85.0,82.6,0.6,-4.200000000000003,-0.6,83.9,88.9,0.2,82.5,81.5,0.6,1.4000000000000057,-0.39999999999999997,0.0,0.3333333333333333,-0.3333333333333333,-5.0,1.0,-9.400000000000006,2.4000000000000057,-11.800000000000011,5,5,1.0,1,1448.59,1481.23,-32.64,3,3,0,0
2023_0209_214_215,2022-23,2023-02-09 00:00:00+00:00,MLP Academics Heidelberg,BG Goettingen,215,214,94.6,92.2,0.6,85.6,90.6,0.4,9.0,0.19999999999999996,89.3,90.7,0.4,87.2,84.8,0.6,2.0999999999999943,-0.19999999999999996,0.6666666666666666,0.3333333333333333,0.3333333333333333,1.0,-1.0,2.3999999999999915,-5.0,7.3999999999999915,1,2,0.5,1,1441.89,1494.8,-52.9,4,4,0,0
2023_0211_214_2315,2022-23,2023-02-11 00:00:00+00:00,Merlins Crailsheim,BG Goettingen,2315,214,90.4,86.8,0.6,83.8,88.2,0.4,6.6000000000000085,0.19999999999999996,88.5,90.5,0.4,88.3,83.9,0.7,0.20000000000000284,-0.29999999999999993,0.3333333333333333,0.3333333333333333,0.0,1.0,-1.0,3.6000000000000085,-4.400000000000006,8.000000000000014,3,5,0.6,1,1480.74,1506.14,-25.41,6,2,4,0
2023_0211_19629_134,2022-23,2023-02-11 00:00:00+00:00,Medi Bayreuth,Veolia Towers Hamburg,134,19629,80.4,94.4,0.0,79.0,92.2,0.0,1.4000000000000057,0.0,81.6,92.8,0.1,81.4,87.5,0.2,0.19999999999998863,-0.1,0.0,0.0,0.0,-5.0,-5.0,-14.0,-13.200000000000003,-0.7999999999999972,3,5,0.6,1,1363.53,1436.67,-73.14,6,5,1,0
2023_0211_41_40,2022-23,2023-02-11 00:00:00+00:00,Basketball Loewen Braunschweig,MHP Riesen Ludwigsburg,40,41,83.6,82.2,0.6,86.0,83.8,0.4,-2.4000000000000057,0.19999999999999996,79.7,84.5,0.3,83.7,82.0,0.5,-4.0,-0.2,0.6666666666666666,0.3333333333333333,0.3333333333333333,1.0,-1.0,1.3999999999999915,2.200000000000003,-0.8000000000000114,0,5,0.0,1,1408.33,1578.47,-170.14,6,6,0,0
2023_0211_127_215,2022-23,2023-02-11 00:00:00+00:00,MLP Academics Heidelberg,Ratiopharm Ulm,215,127,92.2,89.2,0.6,88.4,78.8,0.8,3.799999999999997,-0.20000000000000007,87.9,91.5,0.3,88.7,85.9,0.6,-0.7999999999999972,-0.3,0.3333333333333333,1.0,-0.6666666666666667,1.0,3.0,3.0,9.600000000000009,-6.6000000000000085,0,3,0.0,1,1430.55,1533.27,-102.73,2,6,-4,0
2023_0211_10_1634,2022-23,2023-02-11 00:00:00+00:00,EWE Baskets Oldenburg,ALBA Berlin,1634,10,84.0,81.8,0.6,86.8,78.8,1.0,-2.799999999999997,-0.4,85.2,83.5,0.6,91.5,78.4,1.0,-6.299999999999997,-0.4,0.6666666666666666,1.0,-0.33333333333333337,1.0,5.0,2.200000000000003,8.0,-5.799999999999997,1,5,0.2,1,1551.25,1742.84,-191.59,6,6,0,0
2023_0212_1774_1510,2022-23,2023-02-12 00:00:00+00:00,Telekom Baskets Bonn,Rostock Seawolves,1510,1774,90.8,75.0,0.8,83.2,83.4,0.6,7.599999999999994,0.20000000000000007,90.1,75.7,0.9,82.0,86.2,0.5,8.099999999999994,0.4,1.0,0.6666666666666666,0.33333333333333337,3.0,1.0,15.799999999999997,-0.20000000000000284,16.0,1,1,1.0,1,1668.02,1492.98,175.03,7,7,0,1
2023_0212_1791_219,2022-23,2023-02-12 00:00:00+00:00,FC Bayern Muenchen Basketball,NINERS Chemnitz,219,1791,83.8,82.8,0.4,82.4,78.2,0.6,1.3999999999999915,-0.19999999999999996,83.0,79.5,0.6,84.3,79.2,0.6,-1.2999999999999972,0.0,0.6666666666666666,0.3333333333333333,0.3333333333333333,-1.0,1.0,1.0,4.200000000000003,-3.200000000000003,2,5,0.4,1,1636.05,1527.39,108.66,7,7,0,1
2023_0212_3361_132,2022-23,2023-02-12 00:00:00+00:00,Bamberg Baskets,Fraport Skyliners Frankfurt,132,3361,87.4,93.6,0.4,81.6,92.0,0.2,5.800000000000011,0.2,87.1,88.0,0.5,81.9,88.6,0.4,5.199999999999989,0.09999999999999998,0.3333333333333333,0.3333333333333333,0.0,-1.0,-3.0,-6.199999999999989,-10.400000000000006,4.200000000000017,5,5,1.0,1,1489.28,1390.0,99.27,7,7,0,1
2023_0212_450_2745,2022-23,2023-02-12 00:00:00+00:00,FITOne Wuerzburg Baskets,SYNTAINICS MBC Weissenfels,2745,450,83.2,77.2,0.6,76.8,82.0,0.4,6.400000000000006,0.19999999999999996,82.7,79.9,0.6,79.6,83.3,0.5,3.1000000000000085,0.09999999999999998,0.6666666666666666,0.3333333333333333,0.3333333333333333,1.0,-1.0,6.0,-5.200000000000003,11.200000000000003,1,5,0.2,1,1493.14,1423.7,69.44,6,7,-1,0
2023_0214_132_127,2022-23,2023-02-14 00:00:00+00:00,Ratiopharm Ulm,Bamberg Baskets,127,132,90.8,82.6,0.8,90.4,93.6,0.4,0.3999999999999915,0.4,88.8,86.3,0.6,89.2,86.8,0.6,-0.4000000000000057,0.0,1.0,0.6666666666666666,0.33333333333333337,3.0,-1.0,8.200000000000003,-3.1999999999999886,11.399999999999991,1,5,0.2,1,1543.2,1494.1,49.1,3,2,1,0
2023_0214_219_19629,2022-23,2023-02-14 00:00:00+00:00,Veolia Towers Hamburg,FC Bayern Muenchen Basketball,19629,219,79.8,88.8,0.2,83.8,78.4,0.6,-4.0,-0.39999999999999997,82.4,86.7,0.3,82.8,77.6,0.6,-0.3999999999999915,-0.3,0.3333333333333333,0.6666666666666666,-0.3333333333333333,-3.0,1.0,-9.0,5.3999999999999915,-14.399999999999991,3,5,0.6,1,1447.44,1640.68,-193.24,3,2,1,1
2023_0214_134_41,2022-23,2023-02-14 00:00:00+00:00,MHP Riesen Ludwigsburg,Medi Bayreuth,41,134,88.6,84.4,0.6,78.6,91.8,0.0,10.0,0.6,84.6,83.2,0.5,80.7,92.3,0.1,3.8999999999999915,0.4,0.6666666666666666,0.0,0.6666666666666666,1.0,-5.0,4.199999999999989,-13.200000000000003,17.39999999999999,4,4,1.0,1,1586.48,1352.76,233.71,3,3,0,1
2023_0214_2315_10,2022-23,2023-02-14 00:00:00+00:00,ALBA Berlin,Merlins Crailsheim,10,2315,88.6,79.2,1.0,85.8,86.6,0.4,2.799999999999997,0.6,90.9,77.5,1.0,88.4,90.6,0.4,2.5,0.6,1.0,0.0,1.0,5.0,-1.0,9.399999999999991,-0.7999999999999972,10.199999999999989,5,5,1.0,1,1750.26,1468.62,281.64,3,3,0,1
2023_0214_1634_3361,2022-23,2023-02-14 00:00:00+00:00,Fraport Skyliners Frankfurt,EWE Baskets Oldenburg,3361,1634,83.8,94.4,0.2,84.6,81.8,0.6,-0.7999999999999972,-0.39999999999999997,81.0,90.6,0.3,85.6,84.3,0.6,-4.599999999999994,-0.3,0.0,0.6666666666666666,-0.6666666666666666,-3.0,1.0,-10.600000000000009,2.799999999999997,-13.400000000000006,1,5,0.2,1,1385.18,1543.82,-158.64,2,3,-1,0
2023_0215_40_1774,2022-23,2023-02-15 00:00:00+00:00,Rostock Seawolves,Basketball Loewen Braunschweig,1774,40,79.4,79.6,0.6,85.4,83.8,0.6,-6.0,0.0,80.0,86.3,0.4,81.1,84.1,0.3,-1.0999999999999943,0.10000000000000003,0.3333333333333333,0.3333333333333333,0.0,1.0,1.0,-0.19999999999998863,1.6000000000000085,-1.7999999999999972,1,1,1.0,1,1489.58,1400.32,89.25,3,4,-1,1
2023_0215_1510_450,2022-23,2023-02-15 00:00:00+00:00,SYNTAINICS MBC Weissenfels,Telekom Baskets Bonn,450,1510,83.8,86.8,0.4,86.4,73.2,0.8,-2.6000000000000085,-0.4,79.6,82.6,0.5,90.0,75.1,0.9,-10.400000000000006,-0.4,0.6666666666666666,1.0,-0.33333333333333337,-1.0,3.0,-3.0,13.200000000000003,-16.200000000000003,0,4,0.0,1,1438.22,1671.42,-233.2,3,3,0,0
2023_0215_1791_214,2022-23,2023-02-15 00:00:00+00:00,BG Goettingen,NINERS Chemnitz,214,1791,87.2,88.4,0.6,74.8,77.8,0.4,12.400000000000006,0.19999999999999996,88.0,83.9,0.7,79.7,79.0,0.5,8.299999999999997,0.19999999999999996,0.6666666666666666,0.3333333333333333,0.3333333333333333,1.0,-1.0,-1.2000000000000028,-3.0,1.7999999999999972,3,4,0.75,1,1518.26,1522.77,-4.51,4,3,1,1
2023_0215_2745_215,2022-23,2023-02-15 00:00:00+00:00,MLP Academics Heidelberg,FITOne Wuerzburg Baskets,215,2745,87.6,87.4,0.4,81.6,80.0,0.4,6.0,0.0,87.8,91.5,0.3,83.1,82.0,0.5,4.700000000000003,-0.2,0.0,0.6666666666666666,-0.6666666666666666,-1.0,-1.0,0.19999999999998863,1.5999999999999943,-1.4000000000000057,2,3,0.6666666666666666,1,1420.62,1478.62,-57.99,4,3,1,0
2023_0302_1510_2315,2022-23,2023-03-02 00:00:00+00:00,Merlins Crailsheim,Telekom Baskets Bonn,2315,1510,85.2,90.4,0.2,89.4,68.4,1.0,-4.200000000000003,-0.8,88.6,89.8,0.4,89.2,72.5,0.9,-0.6000000000000085,-0.5,0.0,1.0,-1.0,-3.0,5.0,-5.200000000000003,21.0,-26.200000000000003,3,5,0.6,1,1466.62,1677.77,-211.15,16,15,1,0
2023_0303_19629_132,2022-23,2023-03-03 00:00:00+00:00,Bamberg Baskets,Veolia Towers Hamburg,132,19629,93.2,90.6,0.6,81.0,84.4,0.4,12.200000000000003,0.19999999999999996,90.3,85.3,0.7,81.8,84.1,0.4,8.5,0.29999999999999993,1.0,0.6666666666666666,0.33333333333333337,1.0,-1.0,2.6000000000000085,-3.4000000000000057,6.000000000000014,2,5,0.4,1,1508.14,1460.06,48.08,17,17,0,1
2023_0303_2745_127,2022-23,2023-03-03 00:00:00+00:00,Ratiopharm Ulm,FITOne Wuerzburg Baskets,127,2745,89.4,83.8,0.8,84.4,78.4,0.6,5.0,0.20000000000000007,88.2,85.0,0.6,83.4,81.3,0.5,4.799999999999997,0.09999999999999998,0.6666666666666666,0.6666666666666666,0.0,3.0,1.0,5.6000000000000085,6.0,-0.3999999999999915,4,5,0.8,1,1529.15,1489.82,39.33,17,16,1,1
2023_0304_1791_40,2022-23,2023-03-04 00:00:00+00:00,Basketball Loewen Braunschweig,NINERS Chemnitz,40,1791,81.2,84.6,0.4,74.2,80.0,0.2,7.0,0.2,81.8,85.0,0.3,79.9,80.0,0.4,1.8999999999999915,-0.10000000000000003,0.0,0.3333333333333333,-0.3333333333333333,-1.0,-3.0,-3.3999999999999915,-5.799999999999997,2.4000000000000057,3,5,0.6,1,1395.29,1515.45,-120.16,17,17,0,1
2023_0304_450_1774,2022-23,2023-03-04 00:00:00+00:00,Rostock Seawolves,SYNTAINICS MBC Weissenfels,1774,450,78.4,77.2,0.6,81.6,83.4,0.4,-3.1999999999999886,0.19999999999999996,78.4,84.3,0.4,76.1,83.2,0.4,2.3000000000000114,0.0,0.3333333333333333,0.6666666666666666,-0.3333333333333333,1.0,-1.0,1.2000000000000028,-1.8000000000000114,3.000000000000014,1,1,1.0,1,1494.61,1431.88,62.73,17,17,0,0
2023_0304_10_219,2022-23,2023-03-04 00:00:00+00:00,FC Bayern Muenchen Basketball,ALBA Berlin,219,10,84.2,77.0,0.6,90.6,81.0,1.0,-6.3999999999999915,-0.4,83.0,78.7,0.6,90.9,77.7,1.0,-7.900000000000006,-0.4,0.3333333333333333,1.0,-0.6666666666666667,1.0,5.0,7.200000000000003,9.599999999999994,-2.3999999999999915,1,4,0.25,1,1628.06,1752.26,-124.21,18,18,0,1
2023_0305_1634_2315,2022-23,2023-03-05 00:00:00+00:00,Merlins Crailsheim,EWE Baskets Oldenburg,2315,1634,80.6,93.2,0.0,80.4,84.0,0.6,0.19999999999998863,-0.6,87.8,89.6,0.4,84.4,83.2,0.6,3.3999999999999915,-0.19999999999999996,0.0,0.6666666666666666,-0.6666666666666666,-5.0,1.0,-12.600000000000009,-3.5999999999999943,-9.000000000000014,3,5,0.6,1,1459.71,1552.15,-92.44,3,19,-16,0
2023_0305_41_215,2022-23,2023-03-05 00:00:00+00:00,MLP Academics Heidelberg,MHP Riesen Ludwigsburg,215,41,83.2,89.0,0.2,91.0,89.6,0.6,-7.799999999999997,-0.39999999999999997,86.6,91.8,0.3,86.4,85.0,0.5,0.19999999999998863,-0.2,0.0,1.0,-1.0,-3.0,1.0,-5.799999999999997,1.4000000000000057,-7.200000000000003,1,2,0.5,1,1409.42,1589.03,-179.61,18,19,-1,0
2023_0305_3361_1510,2022-23,2023-03-05 00:00:00+00:00,Telekom Baskets Bonn,Fraport Skyliners Frankfurt,1510,3361,88.0,69.2,1.0,84.4,94.0,0.2,3.5999999999999943,0.8,91.3,73.5,0.9,78.8,91.0,0.2,12.5,0.7,1.0,0.0,1.0,5.0,-3.0,18.799999999999997,-9.599999999999994,28.39999999999999,4,5,0.8,1,1684.67,1376.86,307.82,3,19,-16,1
2023_0308_41_134,2022-23,2023-03-08 00:00:00+00:00,Medi Bayreuth,MHP Riesen Ludwigsburg,134,41,77.2,92.0,0.0,95.8,85.8,0.8,-18.599999999999994,-0.8,82.4,94.7,0.1,89.5,84.5,0.6,-7.099999999999994,-0.5,0.0,1.0,-1.0,-5.0,3.0,-14.799999999999997,10.0,-24.799999999999997,0,5,0.0,1,1350.21,1596.78,-246.57,22,3,19,0
2023_0310_215_214,2022-23,2023-03-10 00:00:00+00:00,BG Goettingen,MLP Academics Heidelberg,214,215,86.4,89.2,0.6,81.8,94.8,0.0,4.6000000000000085,0.6,86.7,83.6,0.7,87.9,92.8,0.3,-1.2000000000000028,0.39999999999999997,1.0,0.0,1.0,1.0,-5.0,-2.799999999999997,-13.0,10.200000000000003,2,3,0.6666666666666666,1,1525.58,1401.67,123.9,23,5,18,0
2023_0311_10_1791,2022-23,2023-03-11 00:00:00+00:00,NINERS Chemnitz,ALBA Berlin,1791,10,74.6,81.0,0.2,89.0,81.0,0.8,-14.400000000000006,-0.6000000000000001,79.9,80.3,0.4,87.0,77.0,0.9,-7.099999999999994,-0.5,0.0,0.6666666666666666,-0.6666666666666666,-3.0,3.0,-6.400000000000006,8.0,-14.400000000000006,1,4,0.25,1,1504.87,1741.57,-236.7,7,7,0,0
2023_0311_19629_41,2022-23,2023-03-11 00:00:00+00:00,MHP Riesen Ludwigsburg,Veolia Towers Hamburg,41,19629,102.0,89.4,1.0,79.0,82.6,0.4,23.0,0.6,91.0,85.4,0.6,80.5,85.6,0.3,10.5,0.3,1.0,0.6666666666666666,0.33333333333333337,5.0,-1.0,12.599999999999994,-3.5999999999999943,16.19999999999999,5,5,1.0,1,1602.79,1454.09,148.71,3,8,-5,1
2023_0311_450_132,2022-23,2023-03-11 00:00:00+00:00,Bamberg Baskets,SYNTAINICS MBC Weissenfels,132,450,93.4,88.4,0.8,84.6,80.8,0.6,8.800000000000011,0.20000000000000007,89.0,86.2,0.7,80.3,82.4,0.5,8.700000000000003,0.19999999999999996,1.0,0.6666666666666666,0.33333333333333337,3.0,1.0,5.0,3.799999999999997,1.2000000000000028,4,5,0.8,1,1514.12,1446.25,67.88,8,7,1,1
2023_0311_127_3361,2022-23,2023-03-11 00:00:00+00:00,Fraport Skyliners Frankfurt,Ratiopharm Ulm,3361,127,77.2,93.0,0.0,87.6,78.8,0.8,-10.399999999999991,-0.8,78.3,90.9,0.2,88.0,82.5,0.7,-9.700000000000003,-0.49999999999999994,0.0,0.6666666666666666,-0.6666666666666666,-5.0,3.0,-15.799999999999997,8.799999999999997,-24.599999999999994,1,5,0.2,1,1375.11,1535.34,-160.23,6,8,-2,0
2023_0312_134_219,2022-23,2023-03-12 00:00:00+00:00,FC Bayern Muenchen Basketball,Medi Bayreuth,219,134,80.6,73.8,0.6,79.2,94.0,0.0,1.3999999999999915,0.6,80.9,78.0,0.6,82.8,94.9,0.1,-1.8999999999999915,0.5,0.6666666666666666,0.0,0.6666666666666666,1.0,-5.0,6.799999999999997,-14.799999999999997,21.599999999999994,5,5,1.0,1,1638.75,1344.19,294.56,8,4,4,1
2023_0312_1510_2745,2022-23,2023-03-12 00:00:00+00:00,FITOne Wuerzburg Baskets,Telekom Baskets Bonn,2745,1510,80.4,76.2,0.6,86.8,67.2,1.0,-6.3999999999999915,-0.4,82.3,79.9,0.5,91.2,73.0,0.9,-8.900000000000006,-0.4,0.3333333333333333,1.0,-0.6666666666666667,1.0,5.0,4.200000000000003,19.599999999999994,-15.399999999999991,2,5,0.4,1,1483.63,1686.42,-202.79,9,7,2,0
2023_0312_1634_40,2022-23,2023-03-12 00:00:00+00:00,Basketball Loewen Braunschweig,EWE Baskets Oldenburg,40,1634,79.4,82.6,0.4,83.4,79.6,0.8,-4.0,-0.4,81.4,82.8,0.4,86.1,83.9,0.7,-4.699999999999989,-0.29999999999999993,0.3333333333333333,0.6666666666666666,-0.3333333333333333,-1.0,3.0,-3.1999999999999886,3.8000000000000114,-7.0,1,5,0.2,1,1405.87,1562.37,-156.5,8,7,1,0
2023_0312_1774_2315,2022-23,2023-03-12 00:00:00+00:00,Merlins Crailsheim,Rostock Seawolves,2315,1774,82.4,92.0,0.0,78.2,82.2,0.4,4.200000000000003,-0.4,88.6,90.3,0.4,77.9,84.4,0.4,10.699999999999989,0.0,0.0,0.3333333333333333,-0.3333333333333333,-5.0,-1.0,-9.599999999999994,-4.0,-5.599999999999994,0,1,0.0,1,1449.5,1480.24,-30.74,7,8,-1,0
2023_0314_450_10,2022-23,2023-03-14 00:00:00+00:00,ALBA Berlin,SYNTAINICS MBC Weissenfels,10,450,89.2,83.8,0.8,88.2,84.8,0.6,1.0,0.20000000000000007,88.5,80.1,0.9,82.9,85.7,0.4,5.599999999999994,0.5,0.6666666666666666,0.3333333333333333,0.3333333333333333,3.0,1.0,5.400000000000006,3.4000000000000057,2.0,5,5,1.0,1,1747.82,1440.73,307.09,3,3,0,1
2023_0317_2745_134,2022-23,2023-03-17 00:00:00+00:00,Medi Bayreuth,FITOne Wuerzburg Baskets,134,2745,80.8,91.2,0.0,79.6,80.2,0.4,1.2000000000000028,-0.4,81.5,94.3,0.0,82.3,81.4,0.5,-0.7999999999999972,-0.5,0.0,0.3333333333333333,-0.3333333333333333,-5.0,-1.0,-10.400000000000006,-0.6000000000000085,-9.799999999999997,2,5,0.4,1,1342.32,1476.5,-134.18,5,5,0,0
2023_0318_132_1774,2022-23,2023-03-18 00:00:00+00:00,Rostock Seawolves,Bamberg Baskets,1774,132,77.2,81.8,0.4,95.8,86.0,1.0,-18.599999999999994,-0.6,80.0,84.5,0.5,91.0,88.4,0.7,-11.0,-0.19999999999999996,0.6666666666666666,1.0,-0.33333333333333337,-1.0,5.0,-4.599999999999994,9.799999999999997,-14.399999999999991,0,1,0.0,1,1492.21,1519.63,-27.43,6,7,-1,1
2023_0318_2315_127,2022-23,2023-03-18 00:00:00+00:00,Ratiopharm Ulm,Merlins Crailsheim,127,2315,85.0,77.2,0.8,82.4,92.8,0.0,2.5999999999999943,0.8,87.9,81.7,0.7,86.4,89.8,0.3,1.5,0.39999999999999997,0.6666666666666666,0.0,0.6666666666666666,3.0,-5.0,7.799999999999997,-10.399999999999991,18.19999999999999,4,5,0.8,1,1543.62,1437.53,106.09,7,6,1,0
2023_0319_41_10,2022-23,2023-03-19 00:00:00+00:00,ALBA Berlin,MHP Riesen Ludwigsburg,10,41,87.8,82.0,0.8,99.4,88.6,1.0,-11.600000000000009,-0.19999999999999996,87.3,80.4,0.9,92.7,86.2,0.7,-5.400000000000006,0.20000000000000007,0.6666666666666666,1.0,-0.33333333333333337,3.0,5.0,5.799999999999997,10.800000000000011,-5.000000000000014,2,5,0.4,1,1749.58,1606.65,142.93,5,8,-3,1
2023_0319_40_215,2022-23,2023-03-19 00:00:00+00:00,MLP Academics Heidelberg,Basketball Loewen Braunschweig,215,40,81.4,90.8,0.2,78.4,85.0,0.2,3.0,0.0,88.0,91.5,0.4,79.6,81.0,0.4,8.400000000000006,0.0,0.3333333333333333,0.3333333333333333,0.0,-3.0,-3.0,-9.399999999999991,-6.599999999999994,-2.799999999999997,3,3,1.0,1,1417.35,1397.48,19.87,9,7,2,0
2023_0319_219_450,2022-23,2023-03-19 00:00:00+00:00,SYNTAINICS MBC Weissenfels,FC Bayern Muenchen Basketball,450,219,85.8,87.6,0.4,75.6,74.8,0.6,10.200000000000003,-0.19999999999999996,81.3,84.8,0.4,80.2,77.6,0.6,1.0999999999999943,-0.19999999999999996,0.3333333333333333,0.6666666666666666,-0.3333333333333333,-1.0,1.0,-1.7999999999999972,0.7999999999999972,-2.5999999999999943,0,5,0.0,1,1438.98,1640.62,-201.64,5,7,-2,0
2023_0319_3361_1791,2022-23,2023-03-19 00:00:00+00:00,NINERS Chemnitz,Fraport Skyliners Frankfurt,1791,3361,78.0,85.8,0.2,76.6,93.0,0.0,1.4000000000000057,0.2,80.9,82.1,0.4,78.8,90.4,0.2,2.1000000000000085,0.2,0.0,0.0,0.0,-3.0,-5.0,-7.799999999999997,-16.400000000000006,8.600000000000009,4,5,0.8,1,1498.61,1366.83,131.79,8,8,0,0
2023_0319_1634_19629,2022-23,2023-03-19 00:00:00+00:00,Veolia Towers Hamburg,EWE Baskets Oldenburg,19629,1634,78.2,81.0,0.4,85.0,80.0,0.8,-6.799999999999997,-0.4,79.5,85.6,0.2,84.8,81.7,0.7,-5.299999999999997,-0.49999999999999994,0.3333333333333333,1.0,-0.6666666666666667,-1.0,3.0,-2.799999999999997,5.0,-7.799999999999997,3,5,0.6,1,1450.23,1570.76,-120.53,8,7,1,0
2023_0322_132_1791,2022-23,2023-03-22 00:00:00+00:00,NINERS Chemnitz,Bamberg Baskets,1791,132,78.4,87.8,0.0,94.4,86.4,0.8,-16.0,-0.8,80.4,83.0,0.3,90.9,90.0,0.6,-10.5,-0.3,0.0,0.6666666666666666,-0.6666666666666666,-5.0,3.0,-9.399999999999991,8.0,-17.39999999999999,3,5,0.6,1,1482.78,1511.69,-28.91,3,4,-1,0
2023_0324_134_1634,2022-23,2023-03-24 00:00:00+00:00,EWE Baskets Oldenburg,Medi Bayreuth,1634,134,87.8,77.0,0.8,85.8,94.4,0.0,2.0,0.8,85.9,79.4,0.7,83.1,94.4,0.0,2.8000000000000114,0.7,1.0,0.0,1.0,3.0,-5.0,10.799999999999997,-8.600000000000009,19.400000000000006,4,5,0.8,1,1580.17,1333.3,246.87,5,7,-2,0
2023_0325_1774_2745,2022-23,2023-03-25 00:00:00+00:00,FITOne Wuerzburg Baskets,Rostock Seawolves,2745,1774,80.8,86.8,0.4,81.4,83.4,0.6,-0.6000000000000085,-0.19999999999999996,82.0,82.0,0.5,82.3,83.4,0.6,-0.29999999999999716,-0.09999999999999998,0.3333333333333333,0.6666666666666666,-0.3333333333333333,-1.0,1.0,-6.0,-2.0,-4.0,1,1,1.0,1,1485.52,1500.15,-14.63,8,7,1,1
2023_0325_19629_3361,2022-23,2023-03-25 00:00:00+00:00,Fraport Skyliners Frankfurt,Veolia Towers Hamburg,3361,19629,78.2,90.6,0.2,78.6,81.8,0.4,-0.3999999999999915,-0.2,79.9,91.3,0.2,78.8,87.0,0.2,1.1000000000000085,0.0,0.3333333333333333,0.0,0.3333333333333333,-3.0,-1.0,-12.399999999999991,-3.200000000000003,-9.199999999999989,2,5,0.4,1,1382.66,1440.82,-58.16,6,6,0,0
2023_0325_450_214,2022-23,2023-03-25 00:00:00+00:00,BG Goettingen,SYNTAINICS MBC Weissenfels,214,450,86.4,85.0,0.6,79.4,88.4,0.2,7.0,0.39999999999999997,86.3,85.6,0.6,81.6,87.6,0.3,4.700000000000003,0.3,0.6666666666666666,0.0,0.6666666666666666,1.0,-3.0,1.4000000000000057,-9.0,10.400000000000006,3,5,0.6,1,1509.9,1431.83,78.07,15,6,9,1
2023_0325_127_41,2022-23,2023-03-25 00:00:00+00:00,MHP Riesen Ludwigsburg,Ratiopharm Ulm,41,127,96.2,86.8,0.8,82.6,79.6,0.6,13.600000000000009,0.20000000000000007,92.4,85.6,0.7,85.5,79.2,0.7,6.900000000000006,0.0,0.6666666666666666,0.6666666666666666,0.0,3.0,1.0,9.400000000000006,3.0,6.400000000000006,4,5,0.8,1,1602.69,1528.3,74.39,6,7,-1,0
2023_0326_10_132,2022-23,2023-03-26 00:00:00+00:00,Bamberg Baskets,ALBA Berlin,132,10,93.4,86.4,0.8,86.6,81.2,0.8,6.800000000000011,0.0,91.9,90.0,0.6,87.6,80.2,0.9,4.300000000000011,-0.30000000000000004,0.6666666666666666,1.0,-0.33333333333333337,3.0,3.0,7.0,5.3999999999999915,1.6000000000000085,1,5,0.2,1,1523.71,1753.54,-229.83,4,7,-3,0
2023_0326_40_219,2022-23,2023-03-26 00:00:00+00:00,FC Bayern Muenchen Basketball,Basketball Loewen Braunschweig,219,40,78.4,72.6,0.8,81.6,83.6,0.4,-3.1999999999999886,0.4,81.1,77.7,0.6,82.6,82.9,0.5,-1.5,0.09999999999999998,1.0,0.6666666666666666,0.33333333333333337,3.0,-1.0,5.800000000000011,-2.0,7.800000000000011,4,5,0.8,1,1647.78,1410.8,236.98,7,7,0,1
2023_0326_1791_1510,2022-23,2023-03-26 00:00:00+00:00,Telekom Baskets Bonn,NINERS Chemnitz,1510,1791,90.2,67.2,1.0,83.4,91.0,0.0,6.799999999999997,1.0,90.5,71.1,0.9,79.1,84.4,0.2,11.400000000000006,0.7,1.0,0.0,1.0,5.0,-5.0,23.0,-7.599999999999994,30.599999999999994,3,5,0.6,1,1693.54,1470.77,222.78,14,4,10,1
2023_0326_215_2315,2022-23,2023-03-26 00:00:00+00:00,Merlins Crailsheim,MLP Academics Heidelberg,2315,215,81.8,88.0,0.2,81.6,91.2,0.2,0.20000000000000284,0.0,83.8,87.3,0.3,86.9,90.2,0.4,-3.1000000000000085,-0.10000000000000003,0.3333333333333333,0.3333333333333333,0.0,-3.0,-3.0,-6.200000000000003,-9.600000000000009,3.4000000000000057,2,3,0.6666666666666666,1,1452.85,1404.03,48.82,8,7,1,0
2023_0329_1510_41,2022-23,2023-03-29 00:00:00+00:00,MHP Riesen Ludwigsburg,Telekom Baskets Bonn,41,1510,89.8,86.6,0.6,91.0,70.6,1.0,-1.2000000000000028,-0.4,90.4,88.1,0.6,88.7,71.9,0.9,1.7000000000000028,-0.30000000000000004,0.3333333333333333,1.0,-0.6666666666666667,1.0,5.0,3.200000000000003,20.400000000000006,-17.200000000000003,4,5,0.8,1,1588.05,1696.24,-108.19,4,3,1,0
2023_0401_1510_19629,2022-23,2023-04-01 00:00:00+00:00,Veolia Towers Hamburg,Telekom Baskets Bonn,19629,1510,78.2,81.0,0.4,91.0,74.2,1.0,-12.799999999999997,-0.6,79.0,84.9,0.3,90.2,71.3,1.0,-11.200000000000003,-0.7,0.3333333333333333,1.0,-0.6666666666666667,-1.0,5.0,-2.799999999999997,16.799999999999997,-19.599999999999994,2,5,0.4,1,1452.02,1706.01,-253.99,7,3,4,0
2023_0401_132_2745,2022-23,2023-04-01 00:00:00+00:00,FITOne Wuerzburg Baskets,Bamberg Baskets,2745,132,79.4,81.6,0.6,87.4,87.8,0.6,-8.0,0.0,80.5,80.8,0.5,90.3,89.2,0.6,-9.799999999999997,-0.09999999999999998,0.6666666666666666,0.3333333333333333,0.3333333333333333,1.0,1.0,-2.1999999999999886,-0.3999999999999915,-1.7999999999999972,2,5,0.4,1,1493.11,1517.28,-24.17,7,6,1,1
2023_0401_2315_40,2022-23,2023-04-01 00:00:00+00:00,Basketball Loewen Braunschweig,Merlins Crailsheim,40,2315,75.8,79.8,0.4,81.2,88.4,0.2,-5.400000000000006,0.2,80.6,81.8,0.5,83.2,89.4,0.2,-2.6000000000000085,0.3,0.3333333333333333,0.3333333333333333,0.0,-1.0,-3.0,-4.0,-7.200000000000003,3.200000000000003,0,5,0.0,1,1408.29,1438.81,-30.53,6,6,0,0
2023_0401_214_127,2022-23,2023-04-01 00:00:00+00:00,Ratiopharm Ulm,BG Goettingen,127,214,82.8,78.0,0.6,86.6,82.4,0.8,-3.799999999999997,-0.20000000000000007,86.8,80.3,0.7,86.1,86.5,0.6,0.7000000000000028,0.09999999999999998,0.6666666666666666,0.6666666666666666,0.0,1.0,3.0,4.799999999999997,4.199999999999989,0.6000000000000085,2,5,0.4,1,1542.94,1515.18,27.76,7,7,0,1
2023_0402_1634_215,2022-23,2023-04-02 00:00:00+00:00,MLP Academics Heidelberg,EWE Baskets Oldenburg,215,1634,83.4,89.2,0.4,86.6,76.2,0.8,-3.1999999999999886,-0.4,85.5,88.3,0.4,85.6,79.0,0.7,-0.09999999999999432,-0.29999999999999993,0.6666666666666666,0.6666666666666666,0.0,-1.0,3.0,-5.799999999999997,10.399999999999991,-16.19999999999999,1,3,0.3333333333333333,1,1418.07,1562.56,-144.49,7,9,-2,1
2023_0402_219_41,2022-23,2023-04-02 00:00:00+00:00,MHP Riesen Ludwigsburg,FC Bayern Muenchen Basketball,41,219,82.6,87.4,0.4,77.4,73.6,0.8,5.199999999999989,-0.4,89.2,86.6,0.6,80.6,76.0,0.7,8.600000000000009,-0.09999999999999998,0.0,1.0,-1.0,-1.0,3.0,-4.800000000000011,3.8000000000000114,-8.600000000000023,2,5,0.4,1,1578.29,1650.29,-72.01,4,7,-3,0
2023_0402_134_450,2022-23,2023-04-02 00:00:00+00:00,SYNTAINICS MBC Weissenfels,Medi Bayreuth,450,134,84.4,88.8,0.2,88.0,92.2,0.2,-3.5999999999999943,0.0,83.0,86.1,0.3,83.3,92.0,0.1,-0.29999999999999716,0.19999999999999998,0.0,0.3333333333333333,-0.3333333333333333,-3.0,-3.0,-4.3999999999999915,-4.200000000000003,-0.19999999999998863,2,5,0.4,1,1426.55,1350.91,75.64,8,9,-1,0
2023_0402_1791_1774,2022-23,2023-04-02 00:00:00+00:00,Rostock Seawolves,NINERS Chemnitz,1774,1791,83.4,83.2,0.6,82.0,89.8,0.0,1.4000000000000057,0.6,81.4,81.4,0.6,78.1,84.9,0.1,3.3000000000000114,0.5,0.6666666666666666,0.0,0.6666666666666666,1.0,-5.0,0.20000000000000284,-7.799999999999997,8.0,0,1,0.0,1,1492.56,1468.07,24.49,8,7,1,1
2023_0402_3361_10,2022-23,2023-04-02 00:00:00+00:00,ALBA Berlin,Fraport Skyliners Frankfurt,10,3361,85.2,77.6,0.8,75.6,87.4,0.2,9.600000000000009,0.6000000000000001,87.9,79.3,0.9,79.7,90.9,0.2,8.200000000000003,0.7,1.0,0.3333333333333333,0.6666666666666667,3.0,-3.0,7.6000000000000085,-11.800000000000011,19.40000000000002,5,5,1.0,1,1759.97,1371.46,388.51,7,8,-1,1
2023_0404_127_219,2022-23,2023-04-04 00:00:00+00:00,FC Bayern Muenchen Basketball,Ratiopharm Ulm,219,127,81.2,70.2,1.0,89.0,78.8,0.8,-7.799999999999997,0.19999999999999996,82.7,73.6,0.8,89.2,81.3,0.8,-6.5,0.0,1.0,0.6666666666666666,0.33333333333333337,5.0,3.0,11.0,10.200000000000003,0.7999999999999972,3,5,0.6,1,1661.1,1549.42,111.68,2,3,-1,1
2023_0404_214_19629,2022-23,2023-04-04 00:00:00+00:00,Veolia Towers Hamburg,BG Goettingen,19629,214,73.6,82.2,0.2,89.4,87.8,0.6,-15.800000000000011,-0.39999999999999997,77.3,83.3,0.3,86.6,88.0,0.5,-9.299999999999997,-0.2,0.3333333333333333,0.3333333333333333,0.0,-3.0,1.0,-8.600000000000009,1.6000000000000085,-10.200000000000017,3,5,0.6,1,1446.18,1508.7,-62.52,3,3,0,1
2023_0405_2315_134,2022-23,2023-04-05 00:00:00+00:00,Medi Bayreuth,Merlins Crailsheim,134,2315,88.2,87.4,0.4,83.2,85.8,0.4,5.0,0.0,82.7,89.7,0.2,81.9,89.5,0.2,0.7999999999999972,0.0,0.6666666666666666,0.6666666666666666,0.0,-1.0,-1.0,0.7999999999999972,-2.5999999999999943,3.3999999999999915,2,5,0.4,1,1365.57,1450.79,-85.21,3,4,-1,0
2023_0405_10_2745,2022-23,2023-04-05 00:00:00+00:00,FITOne Wuerzburg Baskets,ALBA Berlin,2745,10,82.6,87.2,0.6,86.8,74.6,1.0,-4.200000000000003,-0.4,83.5,82.8,0.6,87.9,77.8,0.9,-4.400000000000006,-0.30000000000000004,1.0,1.0,0.0,1.0,5.0,-4.6000000000000085,12.200000000000003,-16.80000000000001,0,5,0.0,1,1500.97,1761.1,-260.13,4,3,1,0
2023_0408_40_134,2022-23,2023-04-08 00:00:00+00:00,Medi Bayreuth,Basketball Loewen Braunschweig,134,40,84.2,82.6,0.4,79.2,81.0,0.4,5.0,0.0,81.7,88.3,0.2,80.2,82.8,0.4,1.5,-0.2,0.6666666666666666,0.3333333333333333,0.3333333333333333,-1.0,-1.0,1.6000000000000085,-1.7999999999999972,3.4000000000000057,1,5,0.2,1,1355.15,1396.31,-41.16,3,7,-4,0
2023_0408_41_2315,2022-23,2023-04-08 00:00:00+00:00,Merlins Crailsheim,MHP Riesen Ludwigsburg,2315,41,81.6,81.6,0.6,76.6,86.6,0.2,5.0,0.39999999999999997,82.0,86.8,0.3,89.3,88.0,0.6,-7.299999999999997,-0.3,0.6666666666666666,0.0,0.6666666666666666,1.0,-3.0,0.0,-10.0,10.0,3,5,0.6,1,1461.21,1567.48,-106.27,3,6,-3,0
2023_0408_1634_1510,2022-23,2023-04-08 00:00:00+00:00,Telekom Baskets Bonn,EWE Baskets Oldenburg,1510,1634,86.0,70.8,1.0,84.2,80.2,0.6,1.7999999999999972,0.4,87.0,70.0,1.0,82.3,82.1,0.6,4.700000000000003,0.4,1.0,0.3333333333333333,0.6666666666666667,5.0,1.0,15.200000000000003,4.0,11.200000000000003,3,5,0.6,1,1711.84,1551.29,160.56,7,6,1,1
2023_0408_450_1791,2022-23,2023-04-08 00:00:00+00:00,NINERS Chemnitz,SYNTAINICS MBC Weissenfels,1791,450,81.2,87.4,0.0,80.8,92.2,0.0,0.4000000000000057,0.0,77.9,84.2,0.1,82.7,86.5,0.3,-4.799999999999997,-0.19999999999999998,0.0,0.0,0.0,-5.0,-5.0,-6.200000000000003,-11.400000000000006,5.200000000000003,5,5,1.0,1,1461.5,1411.88,49.62,6,6,0,1
2023_0409_10_214,2022-23,2023-04-09 00:00:00+00:00,BG Goettingen,ALBA Berlin,214,10,85.2,91.6,0.4,81.8,65.8,1.0,3.4000000000000057,-0.6,86.2,90.0,0.5,85.5,74.8,0.9,0.7000000000000028,-0.4,0.3333333333333333,1.0,-0.6666666666666667,-1.0,5.0,-6.3999999999999915,16.0,-22.39999999999999,2,5,0.4,1,1499.77,1766.79,-267.02,5,4,1,0
2023_0409_215_132,2022-23,2023-04-09 00:00:00+00:00,Bamberg Baskets,MLP Academics Heidelberg,132,215,89.6,92.4,0.4,89.0,86.2,0.6,0.5999999999999943,-0.19999999999999996,91.5,90.4,0.6,86.1,87.6,0.4,5.400000000000006,0.19999999999999996,0.3333333333333333,0.6666666666666666,-0.3333333333333333,-1.0,1.0,-2.8000000000000114,2.799999999999997,-5.6000000000000085,3,3,1.0,1,1509.43,1429.35,80.09,8,7,1,0
2023_0409_1774_3361,2022-23,2023-04-09 00:00:00+00:00,Fraport Skyliners Frankfurt,Rostock Seawolves,3361,1774,72.0,85.8,0.2,80.2,82.8,0.6,-8.200000000000003,-0.39999999999999997,78.2,89.9,0.2,79.3,80.0,0.6,-1.0999999999999943,-0.39999999999999997,0.3333333333333333,0.6666666666666666,-0.3333333333333333,-3.0,1.0,-13.799999999999997,-2.5999999999999943,-11.200000000000003,1,1,1.0,1,1370.33,1499.12,-128.8,7,7,0,1
2023_0409_127_19629,2022-23,2023-04-09 00:00:00+00:00,Veolia Towers Hamburg,Ratiopharm Ulm,19629,127,76.6,78.8,0.4,84.4,81.8,0.6,-7.800000000000011,-0.19999999999999996,77.8,80.7,0.4,86.0,80.3,0.7,-8.200000000000003,-0.29999999999999993,0.6666666666666666,0.6666666666666666,0.0,-1.0,1.0,-2.200000000000003,2.6000000000000085,-4.800000000000011,0,5,0.0,1,1455.11,1544.85,-89.75,5,5,0,0
2023_0410_2745_219,2022-23,2023-04-10 00:00:00+00:00,FC Bayern Muenchen Basketball,FITOne Wuerzburg Baskets,219,2745,81.4,67.8,1.0,79.6,86.0,0.6,1.8000000000000114,0.4,81.0,70.8,0.8,80.0,81.1,0.6,1.0,0.20000000000000007,1.0,0.6666666666666666,0.33333333333333337,5.0,1.0,13.600000000000009,-6.400000000000006,20.000000000000014,4,5,0.8,1,1665.66,1495.27,170.39,6,5,1,1
2023_0411_1791_10,2022-23,2023-04-11 00:00:00+00:00,ALBA Berlin,NINERS Chemnitz,10,1791,82.6,66.0,1.0,78.2,81.6,0.2,4.3999999999999915,0.8,85.2,74.0,0.9,78.1,83.7,0.2,7.1000000000000085,0.7,1.0,0.3333333333333333,0.6666666666666667,5.0,-3.0,16.599999999999994,-3.3999999999999915,19.999999999999986,4,5,0.8,1,1772.32,1467.45,304.88,2,3,-1,1
2023_0411_214_1634,2022-23,2023-04-11 00:00:00+00:00,EWE Baskets Oldenburg,BG Goettingen,1634,214,80.6,80.4,0.4,83.4,92.6,0.2,-2.8000000000000114,0.2,82.0,80.0,0.6,84.9,90.9,0.4,-2.9000000000000057,0.19999999999999996,0.0,0.0,0.0,-1.0,-3.0,0.19999999999998863,-9.199999999999989,9.399999999999977,4,5,0.8,1,1547.64,1494.24,53.39,3,2,1,0
2023_0412_132_41,2022-23,2023-04-12 00:00:00+00:00,MHP Riesen Ludwigsburg,Bamberg Baskets,41,132,76.4,86.6,0.2,89.8,95.2,0.2,-13.399999999999991,0.0,87.9,87.6,0.6,92.8,90.6,0.6,-4.8999999999999915,0.0,0.3333333333333333,0.0,0.3333333333333333,-3.0,-3.0,-10.199999999999989,-5.400000000000006,-4.799999999999983,4,5,0.8,1,1577.3,1494.67,82.64,4,3,1,0
2023_0414_215_1774,2022-23,2023-04-14 00:00:00+00:00,Rostock Seawolves,MLP Academics Heidelberg,1774,215,80.0,82.2,0.6,93.4,84.0,0.8,-13.400000000000006,-0.20000000000000007,79.1,82.2,0.5,87.6,89.4,0.4,-8.5,0.09999999999999998,0.3333333333333333,1.0,-0.6666666666666667,1.0,3.0,-2.200000000000003,9.400000000000006,-11.600000000000009,0,1,0.0,1,1488.29,1444.11,44.18,5,5,0,0
2023_0415_1510_134,2022-23,2023-04-15 00:00:00+00:00,Medi Bayreuth,Telekom Baskets Bonn,134,1510,86.2,86.8,0.4,85.8,73.8,1.0,0.4000000000000057,-0.6,83.5,89.0,0.2,86.3,70.5,1.0,-2.799999999999997,-0.8,0.3333333333333333,1.0,-0.6666666666666667,-1.0,5.0,-0.5999999999999943,12.0,-12.599999999999994,2,5,0.4,1,1343.47,1715.49,-372.02,7,7,0,0
2023_0415_1791_1634,2022-23,2023-04-15 00:00:00+00:00,EWE Baskets Oldenburg,NINERS Chemnitz,1634,1791,83.4,87.0,0.2,75.4,79.0,0.2,8.0,0.0,84.2,83.5,0.5,76.9,83.4,0.1,7.299999999999997,0.4,0.0,0.3333333333333333,-0.3333333333333333,-3.0,-3.0,-3.5999999999999943,-3.5999999999999943,0.0,4,5,0.8,1,1533.49,1465.67,67.81,4,4,0,1
2023_0415_2315_2745,2022-23,2023-04-15 00:00:00+00:00,FITOne Wuerzburg Baskets,Merlins Crailsheim,2745,2315,74.8,80.6,0.6,81.2,80.8,0.6,-6.400000000000006,0.0,77.2,80.4,0.5,81.8,86.8,0.3,-4.599999999999994,0.2,0.3333333333333333,0.6666666666666666,-0.3333333333333333,1.0,1.0,-5.799999999999997,0.4000000000000057,-6.200000000000003,3,5,0.6,1,1491.79,1451.39,40.4,5,7,-2,1
2023_0415_214_41,2022-23,2023-04-15 00:00:00+00:00,MHP Riesen Ludwigsburg,BG Goettingen,41,214,75.6,86.2,0.2,89.8,95.2,0.4,-14.200000000000003,-0.2,85.9,86.5,0.5,88.1,90.1,0.5,-2.1999999999999886,0.0,0.3333333333333333,0.3333333333333333,0.0,-3.0,-1.0,-10.600000000000009,-5.400000000000006,-5.200000000000003,4,5,0.8,1,1562.48,1508.39,54.09,3,4,-1,0
2023_0416_40_127,2022-23,2023-04-16 00:00:00+00:00,Ratiopharm Ulm,Basketball Loewen Braunschweig,127,40,88.0,81.6,0.6,82.8,84.2,0.4,5.200000000000003,0.19999999999999996,86.5,79.4,0.7,81.1,83.4,0.4,5.400000000000006,0.29999999999999993,0.6666666666666666,0.3333333333333333,0.3333333333333333,1.0,-1.0,6.400000000000006,-1.4000000000000057,7.800000000000011,3,5,0.6,1,1555.15,1407.99,147.16,7,8,-1,0
2023_0416_219_132,2022-23,2023-04-16 00:00:00+00:00,Bamberg Baskets,FC Bayern Muenchen Basketball,132,219,88.4,91.0,0.4,78.8,61.8,1.0,9.600000000000009,-0.6,91.4,88.7,0.6,77.2,68.3,0.8,14.200000000000003,-0.20000000000000007,0.3333333333333333,1.0,-0.6666666666666667,-1.0,5.0,-2.5999999999999943,17.0,-19.599999999999994,0,4,0.0,1,1509.49,1669.14,-159.66,4,6,-2,0
2023_0416_3361_450,2022-23,2023-04-16 00:00:00+00:00,SYNTAINICS MBC Weissenfels,Fraport Skyliners Frankfurt,450,3361,76.2,87.6,0.0,79.6,83.6,0.4,-3.3999999999999915,-0.4,82.2,86.2,0.3,78.4,88.3,0.2,3.799999999999997,0.09999999999999998,0.0,0.3333333333333333,-0.3333333333333333,-5.0,-1.0,-11.399999999999991,-4.0,-7.3999999999999915,3,5,0.6,1,1405.94,1381.15,24.79,8,7,1,0
2023_0416_19629_10,2022-23,2023-04-16 00:00:00+00:00,ALBA Berlin,Veolia Towers Hamburg,10,19629,81.2,64.6,1.0,76.8,84.6,0.4,4.400000000000006,0.6,83.9,72.9,0.9,77.5,82.8,0.4,6.400000000000006,0.5,1.0,0.3333333333333333,0.6666666666666667,5.0,-1.0,16.60000000000001,-7.799999999999997,24.400000000000006,3,5,0.6,1,1774.1,1444.81,329.28,5,7,-2,1
2023_0418_134_1791,2022-23,2023-04-18 00:00:00+00:00,NINERS Chemnitz,Medi Bayreuth,1791,134,76.6,78.2,0.2,76.8,84.8,0.4,-0.20000000000000284,-0.2,80.0,84.6,0.1,81.3,89.6,0.2,-1.2999999999999972,-0.1,0.3333333333333333,0.0,0.3333333333333333,-3.0,-1.0,-1.6000000000000085,-8.0,6.3999999999999915,2,5,0.4,1,1460.16,1340.02,120.14,3,3,0,1
2023_0418_1774_214,2022-23,2023-04-18 00:00:00+00:00,BG Goettingen,Rostock Seawolves,214,1774,88.6,94.8,0.4,77.8,82.0,0.4,10.799999999999997,0.0,87.6,88.6,0.6,77.5,81.9,0.4,10.099999999999994,0.19999999999999996,0.6666666666666666,0.3333333333333333,0.3333333333333333,-1.0,-1.0,-6.200000000000003,-4.200000000000003,-2.0,0,1,0.0,1,1522.56,1474.37,48.19,3,4,-1,0
2023_0418_2745_1634,2022-23,2023-04-18 00:00:00+00:00,EWE Baskets Oldenburg,FITOne Wuerzburg Baskets,1634,2745,82.8,93.2,0.2,72.8,79.8,0.6,10.0,-0.39999999999999997,85.3,85.1,0.5,76.8,83.3,0.5,8.5,0.0,0.3333333333333333,0.3333333333333333,0.0,-3.0,1.0,-10.400000000000006,-7.0,-3.4000000000000057,3,5,0.6,1,1539.0,1497.96,41.04,3,3,0,1
2023_0419_10_40,2022-23,2023-04-19 00:00:00+00:00,Basketball Loewen Braunschweig,ALBA Berlin,40,10,85.0,81.0,0.6,81.0,63.8,1.0,4.0,-0.4,81.7,83.0,0.4,83.1,70.7,0.9,-1.3999999999999915,-0.5,0.6666666666666666,1.0,-0.33333333333333337,1.0,5.0,4.0,17.200000000000003,-13.200000000000003,1,4,0.25,1,1424.11,1775.65,-351.55,3,3,0,0
2023_0419_219_3361,2022-23,2023-04-19 00:00:00+00:00,Fraport Skyliners Frankfurt,FC Bayern Muenchen Basketball,3361,219,78.0,77.8,0.6,76.0,63.0,1.0,2.0,-0.4,77.3,85.4,0.3,77.2,67.8,0.9,0.09999999999999432,-0.6000000000000001,0.6666666666666666,1.0,-0.33333333333333337,1.0,5.0,0.20000000000000284,13.0,-12.799999999999997,0,5,0.0,1,1394.6,1677.44,-282.85,3,3,0,0
2023_0419_19629_215,2022-23,2023-04-19 00:00:00+00:00,MLP Academics Heidelberg,Veolia Towers Hamburg,215,19629,92.2,84.2,0.8,77.8,82.4,0.4,14.400000000000006,0.4,86.8,87.5,0.5,78.2,82.1,0.4,8.599999999999994,0.09999999999999998,1.0,0.3333333333333333,0.6666666666666667,3.0,-1.0,8.0,-4.6000000000000085,12.600000000000009,0,3,0.0,1,1458.04,1443.25,14.78,5,3,2,0
2023_0421_1791_127,2022-23,2023-04-21 00:00:00+00:00,Ratiopharm Ulm,NINERS Chemnitz,127,1791,87.8,83.2,0.6,81.2,79.2,0.4,6.599999999999994,0.19999999999999996,85.2,81.4,0.6,81.6,84.5,0.2,3.6000000000000085,0.39999999999999997,0.3333333333333333,0.3333333333333333,0.0,1.0,-1.0,4.599999999999994,2.0,2.5999999999999943,4,5,0.8,1,1539.03,1464.55,74.48,5,3,2,0
2023_0422_214_40,2022-23,2023-04-22 00:00:00+00:00,Basketball Loewen Braunschweig,BG Goettingen,40,214,82.8,81.6,0.4,85.4,92.0,0.4,-2.6000000000000085,0.0,82.2,82.6,0.4,87.4,89.9,0.5,-5.200000000000003,-0.09999999999999998,0.6666666666666666,0.6666666666666666,0.0,-1.0,-1.0,1.2000000000000028,-6.599999999999994,7.799999999999997,2,5,0.4,1,1420.3,1508.53,-88.23,3,4,-1,0
2023_0422_215_1510,2022-23,2023-04-22 00:00:00+00:00,Telekom Baskets Bonn,MLP Academics Heidelberg,1510,215,84.2,67.6,1.0,93.0,84.4,0.8,-8.799999999999997,0.19999999999999996,87.2,67.4,1.0,87.3,87.8,0.5,-0.09999999999999432,0.5,1.0,0.6666666666666666,0.33333333333333337,5.0,3.0,16.60000000000001,8.599999999999994,8.000000000000014,3,3,1.0,1,1718.95,1444.85,274.1,7,3,4,1
2023_0422_41_2745,2022-23,2023-04-22 00:00:00+00:00,FITOne Wuerzburg Baskets,MHP Riesen Ludwigsburg,2745,41,73.2,81.8,0.4,76.4,85.0,0.2,-3.200000000000003,0.2,76.3,81.7,0.5,83.1,85.8,0.4,-6.799999999999997,0.09999999999999998,0.3333333333333333,0.3333333333333333,0.0,-1.0,-3.0,-8.599999999999994,-8.599999999999994,0.0,1,5,0.2,1,1491.81,1548.32,-56.51,4,7,-3,0
2023_0422_450_19629,2022-23,2023-04-22 00:00:00+00:00,Veolia Towers Hamburg,SYNTAINICS MBC Weissenfels,19629,450,79.0,85.6,0.4,73.8,84.4,0.0,5.200000000000003,0.4,78.6,83.3,0.4,79.8,86.0,0.2,-1.2000000000000028,0.2,0.3333333333333333,0.0,0.3333333333333333,-1.0,-5.0,-6.599999999999994,-10.600000000000009,4.000000000000014,5,5,1.0,1,1456.44,1392.5,63.95,3,6,-3,0
2023_0423_10_1774,2022-23,2023-04-23 00:00:00+00:00,Rostock Seawolves,ALBA Berlin,1774,10,77.8,81.4,0.4,82.2,67.2,1.0,-4.400000000000006,-0.6,79.6,82.4,0.5,84.5,70.9,1.0,-4.900000000000006,-0.5,0.3333333333333333,1.0,-0.6666666666666667,-1.0,5.0,-3.6000000000000085,15.0,-18.60000000000001,0,1,0.0,1,1488.39,1779.46,-291.07,5,4,1,0
2023_0423_2315_219,2022-23,2023-04-23 00:00:00+00:00,FC Bayern Muenchen Basketball,Merlins Crailsheim,219,2315,80.2,68.2,1.0,83.0,84.4,0.4,-2.799999999999997,0.6,78.8,70.9,0.9,82.4,86.2,0.3,-3.6000000000000085,0.6000000000000001,1.0,0.3333333333333333,0.6666666666666667,5.0,-1.0,12.0,-1.4000000000000057,13.400000000000006,3,5,0.6,1,1682.62,1445.23,237.39,4,8,-4,1
2023_0423_3361_134,2022-23,2023-04-23 00:00:00+00:00,Medi Bayreuth,Fraport Skyliners Frankfurt,134,3361,77.0,90.2,0.2,78.0,80.0,0.4,-1.0,-0.2,82.5,91.2,0.2,78.1,85.3,0.3,4.400000000000006,-0.09999999999999998,0.0,0.6666666666666666,-0.6666666666666666,-3.0,-1.0,-13.200000000000003,-2.0,-11.200000000000003,3,5,0.6,1,1335.62,1389.42,-53.8,5,4,1,1
2023_0423_1634_132,2022-23,2023-04-23 00:00:00+00:00,Bamberg Baskets,EWE Baskets Oldenburg,132,1634,83.8,89.0,0.2,84.2,91.8,0.4,-0.4000000000000057,-0.2,88.6,87.7,0.5,85.4,84.0,0.6,3.1999999999999886,-0.09999999999999998,0.3333333333333333,0.6666666666666666,-0.3333333333333333,-3.0,-1.0,-5.200000000000003,-7.599999999999994,2.3999999999999915,1,5,0.2,1,1501.19,1545.15,-43.96,7,5,2,0
2023_0424_214_1791,2022-23,2023-04-24 00:00:00+00:00,NINERS Chemnitz,BG Goettingen,1791,214,85.8,82.2,0.6,87.2,88.2,0.6,-1.4000000000000057,0.0,83.5,84.8,0.3,86.2,89.9,0.5,-2.700000000000003,-0.2,0.6666666666666666,0.6666666666666666,0.0,1.0,1.0,3.5999999999999943,-1.0,4.599999999999994,1,5,0.2,1,1479.19,1518.87,-39.68,3,2,1,1
2023_0425_40_3361,2022-23,2023-04-25 00:00:00+00:00,Fraport Skyliners Frankfurt,Basketball Loewen Braunschweig,3361,40,85.4,85.8,0.4,86.0,82.8,0.4,-0.5999999999999943,0.0,80.5,86.6,0.3,80.9,81.3,0.4,-0.4000000000000057,-0.10000000000000003,0.3333333333333333,0.3333333333333333,0.0,-1.0,-1.0,-0.3999999999999915,3.200000000000003,-3.5999999999999943,2,5,0.4,1,1380.74,1409.96,-29.22,2,3,-1,0
2023_0425_1510_10,2022-23,2023-04-25 00:00:00+00:00,ALBA Berlin,Telekom Baskets Bonn,10,1510,87.8,73.6,1.0,86.2,66.6,1.0,1.5999999999999943,0.0,84.8,69.7,1.0,88.6,68.6,1.0,-3.799999999999997,0.0,1.0,1.0,0.0,5.0,5.0,14.200000000000003,19.60000000000001,-5.400000000000006,4,5,0.8,1,1784.45,1721.03,63.43,2,3,-1,0
2023_0425_19629_2315,2022-23,2023-04-25 00:00:00+00:00,Merlins Crailsheim,Veolia Towers Hamburg,2315,19629,80.4,81.4,0.4,81.8,95.0,0.4,-1.3999999999999915,0.0,80.8,84.9,0.3,77.7,88.6,0.3,3.0999999999999943,0.0,0.0,0.3333333333333333,-0.3333333333333333,-1.0,-1.0,-1.0,-13.200000000000003,12.200000000000003,3,5,0.6,1,1442.72,1442.04,0.67,2,3,-1,0
2023_0425_127_1634,2022-23,2023-04-25 00:00:00+00:00,EWE Baskets Oldenburg,Ratiopharm Ulm,1634,127,90.0,91.0,0.6,86.4,86.4,0.4,3.5999999999999943,0.19999999999999996,87.1,85.6,0.6,84.6,82.2,0.5,2.5,0.09999999999999998,1.0,0.3333333333333333,0.6666666666666667,1.0,-1.0,-1.0,0.0,-1.0,2,5,0.4,1,1556.75,1524.4,32.35,2,4,-2,0
2023_0426_219_1774,2022-23,2023-04-26 00:00:00+00:00,Rostock Seawolves,FC Bayern Muenchen Basketball,1774,219,79.2,87.0,0.4,78.0,67.6,1.0,1.2000000000000028,-0.6,81.3,85.1,0.5,79.6,68.9,1.0,1.7000000000000028,-0.5,0.3333333333333333,1.0,-0.6666666666666667,-1.0,5.0,-7.799999999999997,10.400000000000006,-18.200000000000003,0,1,0.0,1,1483.4,1685.13,-201.73,3,3,0,0
2023_0426_134_215,2022-23,2023-04-26 00:00:00+00:00,MLP Academics Heidelberg,Medi Bayreuth,215,134,89.2,86.2,0.6,80.6,94.8,0.2,8.600000000000009,0.39999999999999997,86.3,87.7,0.5,84.4,91.1,0.3,1.8999999999999915,0.2,0.3333333333333333,0.3333333333333333,0.0,1.0,-3.0,3.0,-14.200000000000003,17.200000000000003,1,3,0.3333333333333333,1,1442.77,1344.3,98.47,4,3,1,1
2023_0426_41_450,2022-23,2023-04-26 00:00:00+00:00,SYNTAINICS MBC Weissenfels,MHP Riesen Ludwigsburg,450,41,85.2,83.0,0.2,77.6,82.4,0.4,7.6000000000000085,-0.2,82.3,85.7,0.2,80.1,84.9,0.4,2.200000000000003,-0.2,0.3333333333333333,0.3333333333333333,0.0,-3.0,-1.0,2.200000000000003,-4.800000000000011,7.000000000000014,1,5,0.2,1,1406.89,1559.56,-152.67,4,4,0,0
2023_0427_2745_214,2022-23,2023-04-27 00:00:00+00:00,BG Goettingen,FITOne Wuerzburg Baskets,214,2745,85.2,86.2,0.6,67.6,78.2,0.2,17.60000000000001,0.39999999999999997,84.3,89.4,0.4,75.1,82.7,0.4,9.200000000000003,0.0,0.3333333333333333,0.3333333333333333,0.0,1.0,-3.0,-1.0,-10.600000000000009,9.600000000000009,4,5,0.8,1,1510.59,1480.56,30.03,3,5,-2,1
2023_0429_1791_19629,2022-23,2023-04-29 00:00:00+00:00,Veolia Towers Hamburg,NINERS Chemnitz,19629,1791,77.6,94.0,0.4,86.8,81.4,0.6,-9.200000000000003,-0.19999999999999996,77.1,86.4,0.4,82.5,81.5,0.4,-5.400000000000006,0.0,0.6666666666666666,1.0,-0.33333333333333337,-1.0,1.0,-16.400000000000006,5.3999999999999915,-21.799999999999997,1,5,0.2,1,1454.86,1487.47,-32.61,4,5,-1,0
2023_0429_2315_132,2022-23,2023-04-29 00:00:00+00:00,Bamberg Baskets,Merlins Crailsheim,132,2315,89.4,93.0,0.2,75.0,79.2,0.2,14.400000000000006,0.0,88.4,90.4,0.4,79.1,82.5,0.3,9.300000000000011,0.10000000000000003,0.3333333333333333,0.0,0.3333333333333333,-3.0,-3.0,-3.5999999999999943,-4.200000000000003,0.6000000000000085,1,5,0.2,1,1489.59,1429.9,59.69,6,4,2,0
2023_0429_1634_41,2022-23,2023-04-29 00:00:00+00:00,MHP Riesen Ludwigsburg,EWE Baskets Oldenburg,41,1634,84.0,84.6,0.6,91.6,93.0,0.6,-7.599999999999994,0.0,80.3,85.6,0.4,86.1,86.7,0.5,-5.799999999999997,-0.09999999999999998,0.6666666666666666,0.6666666666666666,0.0,1.0,1.0,-0.5999999999999943,-1.4000000000000057,0.8000000000000114,3,5,0.6,1,1568.06,1543.11,24.94,3,4,-1,0
2023_0429_1510_40,2022-23,2023-04-29 00:00:00+00:00,Basketball Loewen Braunschweig,Telekom Baskets Bonn,40,1510,85.6,78.4,0.6,84.8,67.0,1.0,0.7999999999999972,-0.4,82.4,79.7,0.5,87.9,70.6,1.0,-5.5,-0.5,0.3333333333333333,1.0,-0.6666666666666667,1.0,5.0,7.199999999999989,17.799999999999997,-10.600000000000009,1,5,0.2,1,1421.97,1735.41,-313.44,4,4,0,0
2023_0430_10_127,2022-23,2023-04-30 00:00:00+00:00,Ratiopharm Ulm,ALBA Berlin,127,10,84.2,83.0,0.4,85.0,74.8,0.8,-0.7999999999999972,-0.4,86.6,80.9,0.6,83.8,70.4,0.9,2.799999999999997,-0.30000000000000004,0.3333333333333333,0.6666666666666666,-0.3333333333333333,-1.0,3.0,1.2000000000000028,10.200000000000003,-9.0,0,5,0.0,1,1538.03,1770.07,-232.04,5,5,0,0
2023_0430_214_219,2022-23,2023-04-30 00:00:00+00:00,FC Bayern Muenchen Basketball,BG Goettingen,219,214,84.2,71.0,1.0,82.4,81.6,0.6,1.7999999999999972,0.4,82.8,69.4,1.0,86.1,88.4,0.5,-3.299999999999997,0.5,1.0,0.6666666666666666,0.33333333333333337,5.0,1.0,13.200000000000003,0.8000000000000114,12.399999999999991,5,5,1.0,1,1692.28,1517.01,175.27,4,3,1,0
2023_0430_215_450,2022-23,2023-04-30 00:00:00+00:00,SYNTAINICS MBC Weissenfels,MLP Academics Heidelberg,450,215,88.8,85.2,0.2,89.8,90.4,0.6,-1.0,-0.39999999999999997,86.6,87.0,0.2,89.4,88.3,0.6,-2.8000000000000114,-0.39999999999999997,0.3333333333333333,0.3333333333333333,0.0,-3.0,1.0,3.5999999999999943,-0.6000000000000085,4.200000000000003,1,3,0.3333333333333333,1,1398.4,1447.61,-49.21,4,4,0,0
2023_0430_1774_134,2022-23,2023-04-30 00:00:00+00:00,Medi Bayreuth,Rostock Seawolves,134,1774,85.2,99.6,0.2,80.2,94.8,0.2,5.0,0.0,84.7,91.1,0.3,80.2,88.8,0.4,4.5,-0.10000000000000003,0.3333333333333333,0.3333333333333333,0.0,-3.0,-3.0,-14.399999999999991,-14.599999999999994,0.20000000000000284,0,1,0.0,1,1339.46,1476.24,-136.78,4,4,0,0
2023_0501_3361_2745,2022-23,2023-05-01 00:00:00+00:00,FITOne Wuerzburg Baskets,Fraport Skyliners Frankfurt,2745,3361,73.0,81.4,0.2,87.4,87.2,0.4,-14.400000000000006,-0.2,76.3,83.7,0.4,79.7,86.5,0.3,-3.4000000000000057,0.10000000000000003,0.0,0.0,0.0,-3.0,-1.0,-8.400000000000006,0.20000000000000284,-8.600000000000009,3,5,0.6,1,1474.14,1368.73,105.4,4,6,-2,0
2023_0502_214_1510,2022-23,2023-05-02 00:00:00+00:00,Telekom Baskets Bonn,BG Goettingen,1510,214,87.4,69.4,1.0,81.6,80.6,0.6,5.800000000000011,0.4,86.7,70.1,1.0,85.1,87.7,0.5,1.6000000000000085,0.5,1.0,0.6666666666666666,0.33333333333333337,5.0,1.0,18.0,1.0,17.0,3,5,0.6,1,1739.94,1533.61,206.33,3,2,1,1
2023_0502_127_450,2022-23,2023-05-02 00:00:00+00:00,SYNTAINICS MBC Weissenfels,Ratiopharm Ulm,450,127,90.2,88.0,0.2,88.2,85.8,0.4,2.0,-0.2,85.5,90.1,0.1,86.3,83.8,0.5,-0.7999999999999972,-0.4,0.3333333333333333,0.3333333333333333,0.0,-3.0,-1.0,2.200000000000003,2.4000000000000057,-0.20000000000000284,0,5,0.0,1,1386.95,1531.66,-144.71,2,2,0,0
2023_0504_132_1510,2022-23,2023-05-04 00:00:00+00:00,Telekom Baskets Bonn,Bamberg Baskets,1510,132,89.0,66.2,1.0,88.0,92.0,0.2,1.0,0.8,87.4,70.0,1.0,88.8,92.2,0.3,-1.3999999999999915,0.7,1.0,0.0,1.0,5.0,-3.0,22.799999999999997,-4.0,26.799999999999997,3,5,0.6,1,1742.87,1475.29,267.58,2,5,-3,1
2023_0504_219_215,2022-23,2023-05-04 00:00:00+00:00,MLP Academics Heidelberg,FC Bayern Muenchen Basketball,215,219,89.8,88.6,0.6,85.8,77.8,0.8,4.0,-0.20000000000000007,91.6,86.3,0.7,82.3,69.8,0.9,9.299999999999997,-0.20000000000000007,0.6666666666666666,0.6666666666666666,0.0,1.0,3.0,1.2000000000000028,8.0,-6.799999999999997,0,3,0.0,1,1459.06,1675.68,-216.63,4,4,0,1
2023_0504_134_10,2022-23,2023-05-04 00:00:00+00:00,ALBA Berlin,Medi Bayreuth,10,134,88.0,76.6,0.8,81.4,99.2,0.2,6.599999999999994,0.6000000000000001,84.6,70.6,0.9,83.8,93.0,0.3,0.7999999999999972,0.6000000000000001,0.6666666666666666,0.3333333333333333,0.3333333333333333,3.0,-3.0,11.400000000000006,-17.799999999999997,29.200000000000003,5,5,1.0,1,1776.44,1330.52,445.93,4,4,0,1
2023_0504_2745_40,2022-23,2023-05-04 00:00:00+00:00,Basketball Loewen Braunschweig,FITOne Wuerzburg Baskets,40,2745,81.0,78.4,0.4,78.6,85.2,0.2,2.4000000000000057,0.2,81.9,81.3,0.4,76.7,82.9,0.4,5.200000000000003,0.0,0.3333333333333333,0.0,0.3333333333333333,-1.0,-3.0,2.5999999999999943,-6.6000000000000085,9.200000000000003,4,5,0.8,1,1417.44,1458.83,-41.39,5,3,2,1
2023_0505_2315_3361,2022-23,2023-05-05 00:00:00+00:00,Fraport Skyliners Frankfurt,Merlins Crailsheim,3361,2315,84.8,87.2,0.4,79.6,83.0,0.2,5.200000000000003,0.2,82.2,85.4,0.4,80.6,82.3,0.4,1.6000000000000085,0.0,0.3333333333333333,0.3333333333333333,0.0,-1.0,-3.0,-2.4000000000000057,-3.4000000000000057,1.0,3,5,0.6,1,1384.04,1444.2,-60.15,4,6,-2,0
2023_0505_41_1791,2022-23,2023-05-05 00:00:00+00:00,NINERS Chemnitz,MHP Riesen Ludwigsburg,1791,41,90.2,82.2,0.8,83.6,87.8,0.4,6.6000000000000085,0.4,82.8,80.6,0.5,80.0,87.2,0.3,2.799999999999997,0.2,1.0,0.6666666666666666,0.33333333333333337,3.0,-1.0,8.0,-4.200000000000003,12.200000000000003,3,5,0.6,1,1499.39,1554.61,-55.22,6,6,0,0
2023_0505_450_1634,2022-23,2023-05-05 00:00:00+00:00,EWE Baskets Oldenburg,SYNTAINICS MBC Weissenfels,1634,450,90.8,87.8,0.8,100.2,98.4,0.2,-9.400000000000006,0.6000000000000001,87.1,87.4,0.5,88.2,93.0,0.1,-1.1000000000000085,0.4,0.6666666666666666,0.0,0.6666666666666666,3.0,-3.0,3.0,1.7999999999999972,1.2000000000000028,4,5,0.8,1,1556.56,1378.23,178.34,6,3,3,1
2023_0505_127_1774,2022-23,2023-05-05 00:00:00+00:00,Rostock Seawolves,Ratiopharm Ulm,1774,127,84.6,89.0,0.4,91.4,94.6,0.4,-6.800000000000011,0.0,82.3,85.6,0.5,89.7,88.1,0.5,-7.400000000000006,0.0,0.3333333333333333,0.6666666666666666,-0.3333333333333333,-1.0,-1.0,-4.400000000000006,-3.1999999999999886,-1.200000000000017,1,1,1.0,1,1485.19,1540.38,-55.19,5,3,2,0
2023_0507_132_134,2022-23,2023-05-07 00:00:00+00:00,Medi Bayreuth,Bamberg Baskets,134,132,87.4,98.6,0.2,83.0,90.6,0.2,4.400000000000006,0.0,82.1,91.7,0.3,86.4,92.9,0.2,-4.300000000000011,0.09999999999999998,0.0,0.0,0.0,-3.0,-3.0,-11.199999999999989,-7.599999999999994,-3.5999999999999943,3,5,0.6,1,1329.69,1473.14,-143.45,3,3,0,0
2023_0507_40_19629,2022-23,2023-05-07 00:00:00+00:00,Veolia Towers Hamburg,Basketball Loewen Braunschweig,19629,40,78.0,89.0,0.4,79.6,79.6,0.4,-1.5999999999999943,0.0,77.4,86.8,0.4,82.3,80.3,0.5,-4.8999999999999915,-0.09999999999999998,0.3333333333333333,0.6666666666666666,-0.3333333333333333,-1.0,-1.0,-11.0,0.0,-11.0,4,5,0.8,1,1442.95,1425.77,17.18,8,3,5,0
2023_0507_1510_127,2022-23,2023-05-07 00:00:00+00:00,Ratiopharm Ulm,Telekom Baskets Bonn,127,1510,101.2,95.0,0.6,92.2,72.8,1.0,9.0,-0.4,94.5,89.1,0.6,88.2,70.2,1.0,6.299999999999997,-0.4,0.6666666666666666,1.0,-0.33333333333333337,1.0,5.0,6.200000000000003,19.400000000000006,-13.200000000000003,2,5,0.4,1,1551.66,1745.02,-193.36,2,3,-1,0
2023_0507_214_3361,2022-23,2023-05-07 00:00:00+00:00,Fraport Skyliners Frankfurt,BG Goettingen,3361,214,87.2,91.0,0.2,76.6,80.8,0.6,10.600000000000009,-0.39999999999999997,82.6,84.4,0.4,81.0,86.4,0.5,1.5999999999999943,-0.09999999999999998,0.3333333333333333,0.6666666666666666,-0.3333333333333333,-3.0,1.0,-3.799999999999997,-4.200000000000003,0.4000000000000057,3,5,0.6,1,1372.9,1530.68,-157.78,2,5,-3,1
2023_0507_215_1791,2022-23,2023-05-07 00:00:00+00:00,NINERS Chemnitz,MLP Academics Heidelberg,1791,215,88.2,81.2,0.8,92.0,89.2,0.6,-3.799999999999997,0.20000000000000007,82.4,79.7,0.5,92.1,86.7,0.7,-9.699999999999989,-0.19999999999999996,0.6666666666666666,1.0,-0.33333333333333337,3.0,1.0,7.0,2.799999999999997,4.200000000000003,3,3,1.0,1,1488.11,1472.29,15.81,2,3,-1,1
2023_0507_1634_219,2022-23,2023-05-07 00:00:00+00:00,FC Bayern Muenchen Basketball,EWE Baskets Oldenburg,219,1634,86.8,81.2,0.6,93.0,84.8,0.8,-6.200000000000003,-0.20000000000000007,81.4,72.1,0.8,87.9,89.0,0.5,-6.5,0.30000000000000004,0.3333333333333333,0.6666666666666666,-0.3333333333333333,1.0,3.0,5.599999999999994,8.200000000000003,-2.6000000000000085,3,5,0.6,1,1662.45,1559.92,102.53,3,2,1,0
2023_0507_1774_41,2022-23,2023-05-07 00:00:00+00:00,MHP Riesen Ludwigsburg,Rostock Seawolves,41,1774,86.2,87.4,0.6,86.8,96.6,0.4,-0.5999999999999943,0.19999999999999996,80.9,86.8,0.4,82.3,89.3,0.4,-1.3999999999999915,0.0,0.6666666666666666,0.3333333333333333,0.3333333333333333,1.0,-1.0,-1.2000000000000028,-9.799999999999997,8.599999999999994,0,1,0.0,1,1565.89,1473.91,91.98,2,2,0,0
2023_0507_450_2315,2022-23,2023-05-07 00:00:00+00:00,Merlins Crailsheim,SYNTAINICS MBC Weissenfels,2315,450,81.0,83.2,0.4,102.0,104.6,0.2,-21.0,0.2,81.1,82.0,0.5,87.9,94.5,0.1,-6.800000000000011,0.4,0.6666666666666666,0.0,0.6666666666666666,-1.0,-3.0,-2.200000000000003,-2.5999999999999943,0.3999999999999915,2,5,0.4,1,1455.34,1374.87,80.47,2,2,0,0
2023_0927_127_1791,2023-24,2023-09-27 00:00:00+00:00,NINERS Chemnitz,Ratiopharm Ulm,1791,127,84.0,78.8,0.8,100.6,93.6,0.6,-16.599999999999994,0.20000000000000007,82.6,79.0,0.6,93.5,90.0,0.5,-10.900000000000006,0.09999999999999998,0.6666666666666666,0.6666666666666666,0.0,3.0,1.0,5.200000000000003,7.0,-1.7999999999999972,2,6,0.3333333333333333,1,1487.76,1601.68,-113.92,30,30,0,0
2023_0928_215_10,2023-24,2023-09-28 00:00:00+00:00,ALBA Berlin,MLP Academics Heidelberg,10,215,88.0,78.4,0.8,89.6,87.4,0.6,-1.5999999999999943,0.20000000000000007,84.5,71.1,0.9,91.3,85.9,0.7,-6.799999999999997,0.20000000000000007,0.6666666666666666,0.6666666666666666,0.0,3.0,1.0,9.599999999999994,2.1999999999999886,7.400000000000006,4,4,1.0,1,1657.8,1477.01,180.79,30,30,0,1
2023_0928_2457_132,2023-24,2023-09-28 00:00:00+00:00,Bamberg Baskets,Rasta Vechta,132,2457,90.8,97.2,0.2,84.6,84.4,0.4,6.200000000000003,-0.2,89.6,94.1,0.3,82.1,88.1,0.3,7.5,0.0,0.3333333333333333,0.6666666666666666,-0.3333333333333333,-3.0,-1.0,-6.400000000000006,0.19999999999998863,-6.599999999999994,1,2,0.5,1,1487.93,1462.73,25.2,30,30,0,0
2023_0929_40_1634,2023-24,2023-09-29 00:00:00+00:00,EWE Baskets Oldenburg,Basketball Loewen Braunschweig,1634,40,94.2,84.4,0.8,81.6,78.2,0.6,12.600000000000009,0.20000000000000007,89.2,88.1,0.6,82.2,79.9,0.5,7.0,0.09999999999999998,1.0,0.6666666666666666,0.33333333333333337,3.0,1.0,9.799999999999997,3.3999999999999915,6.400000000000006,5,6,0.8333333333333334,1,1531.5,1459.35,72.15,30,30,0,0
2023_0929_219_450,2023-24,2023-09-29 00:00:00+00:00,SYNTAINICS MBC Weissenfels,FC Bayern Muenchen Basketball,450,219,93.2,102.4,0.2,83.0,81.0,0.4,10.200000000000003,-0.2,89.2,92.7,0.2,81.6,74.6,0.7,7.6000000000000085,-0.49999999999999994,0.3333333333333333,0.0,0.3333333333333333,-3.0,-1.0,-9.200000000000003,2.0,-11.200000000000003,0,6,0.0,1,1426.43,1590.76,-164.33,30,30,0,0
2023_0929_2315_1774,2023-24,2023-09-29 00:00:00+00:00,Rostock Seawolves,Merlins Crailsheim,1774,2315,86.4,97.0,0.4,77.8,81.8,0.4,8.600000000000009,0.0,82.1,89.2,0.4,80.4,83.1,0.4,1.6999999999999886,0.0,0.6666666666666666,0.6666666666666666,0.0,-1.0,-1.0,-10.599999999999994,-4.0,-6.599999999999994,2,2,1.0,1,1492.62,1460.38,32.24,30,30,0,0
2023_0929_41_19629,2023-24,2023-09-29 00:00:00+00:00,Veolia Towers Hamburg,MHP Riesen Ludwigsburg,19629,41,81.0,90.0,0.4,87.6,88.4,0.6,-6.599999999999994,-0.19999999999999996,79.4,86.2,0.4,82.0,86.7,0.4,-2.5999999999999943,0.0,0.3333333333333333,0.3333333333333333,0.0,-1.0,1.0,-9.0,-0.8000000000000114,-8.199999999999989,0,6,0.0,1,1453.13,1540.87,-87.73,30,30,0,1
2023_1001_450_40,2023-24,2023-10-01 00:00:00+00:00,Basketball Loewen Braunschweig,SYNTAINICS MBC Weissenfels,40,450,84.0,79.4,0.8,90.6,100.8,0.2,-6.599999999999994,0.6000000000000001,85.0,81.1,0.6,89.7,93.0,0.2,-4.700000000000003,0.39999999999999997,1.0,0.3333333333333333,0.6666666666666667,3.0,-3.0,4.599999999999994,-10.200000000000003,14.799999999999997,1,6,0.16666666666666666,1,1473.93,1418.26,55.67,2,2,0,1
2023_1001_2457_1510,2023-24,2023-10-01 00:00:00+00:00,Telekom Baskets Bonn,Rasta Vechta,1510,2457,91.0,74.6,1.0,88.6,80.6,0.6,2.4000000000000057,0.4,88.6,70.6,1.0,84.3,85.7,0.4,4.299999999999997,0.6,1.0,1.0,0.0,5.0,1.0,16.400000000000006,8.0,8.400000000000006,2,2,1.0,1,1665.33,1476.19,189.14,30,3,27,0
2023_1001_19629_2745,2023-24,2023-10-01 00:00:00+00:00,FITOne Wuerzburg Baskets,Veolia Towers Hamburg,2745,19629,76.0,83.6,0.0,80.4,88.6,0.4,-4.400000000000006,-0.4,74.4,81.7,0.3,79.7,87.1,0.4,-5.299999999999997,-0.10000000000000003,0.0,0.3333333333333333,-0.3333333333333333,-5.0,-1.0,-7.599999999999994,-8.199999999999989,0.5999999999999943,1,6,0.16666666666666666,1,1467.0,1462.78,4.22,30,2,28,1
2023_1001_1774_215,2023-24,2023-10-01 00:00:00+00:00,MLP Academics Heidelberg,Rostock Seawolves,215,1774,91.0,87.2,0.6,86.8,93.2,0.4,4.200000000000003,0.19999999999999996,90.1,86.7,0.6,83.0,90.1,0.4,7.099999999999994,0.19999999999999996,0.3333333333333333,0.3333333333333333,0.0,1.0,-1.0,3.799999999999997,-6.400000000000006,10.200000000000003,2,2,1.0,1,1473.69,1478.99,-5.3,3,2,1,0
2023_1001_447_127,2023-24,2023-10-01 00:00:00+00:00,Ratiopharm Ulm,Baskets Paderborn,127,447,99.2,93.8,0.6,,,,,,91.7,88.4,0.5,,,,,,0.6666666666666666,,,1.0,,5.400000000000006,,,0,0,0.5,1,1611.28,1500.0,111.28,4,7,-3,1
2023_1002_10_2315,2023-24,2023-10-02 00:00:00+00:00,Merlins Crailsheim,ALBA Berlin,2315,10,81.0,82.4,0.6,89.0,79.0,0.8,-8.0,-0.20000000000000007,80.7,81.9,0.5,85.6,73.1,0.9,-4.8999999999999915,-0.4,0.6666666666666666,1.0,-0.33333333333333337,1.0,3.0,-1.4000000000000057,10.0,-11.400000000000006,0,6,0.0,1,1474.01,1661.11,-187.1,3,4,-1,0
2023_1002_1791_132,2023-24,2023-10-02 00:00:00+00:00,Bamberg Baskets,NINERS Chemnitz,132,1791,92.2,102.8,0.2,82.6,79.6,0.6,9.600000000000009,-0.39999999999999997,88.0,95.9,0.2,84.2,80.9,0.6,3.799999999999997,-0.39999999999999997,0.3333333333333333,0.3333333333333333,0.0,-3.0,1.0,-10.599999999999994,3.0,-13.599999999999994,3,6,0.5,1,1474.48,1478.16,-3.68,4,5,-1,0
2023_1002_1634_219,2023-24,2023-10-02 00:00:00+00:00,FC Bayern Muenchen Basketball,EWE Baskets Oldenburg,219,1634,86.6,84.6,0.4,90.6,83.6,0.6,-4.0,-0.19999999999999996,82.3,76.1,0.7,90.3,87.3,0.6,-8.0,0.09999999999999998,0.3333333333333333,0.6666666666666666,-0.3333333333333333,-1.0,1.0,2.0,7.0,-5.0,3,6,0.5,1,1598.93,1516.91,82.02,3,3,0,0
2023_1004_1510_447,2023-24,2023-10-04 00:00:00+00:00,Baskets Paderborn,Telekom Baskets Bonn,447,1510,84.0,99.0,0.0,90.0,76.0,0.8,-6.0,-0.8,84.0,99.0,0.0,87.4,71.5,0.9,-3.4000000000000057,-0.9,0.0,0.6666666666666666,-0.6666666666666666,-1.0,3.0,-15.0,14.0,-29.0,0,0,0.5,1,1495.43,1648.51,-153.08,3,3,0,1
2023_1006_2745_41,2023-24,2023-10-06 00:00:00+00:00,MHP Riesen Ludwigsburg,FITOne Wuerzburg Baskets,41,2745,87.2,90.2,0.4,78.0,78.8,0.2,9.200000000000003,0.2,82.4,86.3,0.4,75.6,80.3,0.3,6.800000000000011,0.10000000000000003,0.3333333333333333,0.3333333333333333,0.0,-1.0,-3.0,-3.0,-0.7999999999999972,-2.200000000000003,5,6,0.8333333333333334,1,1531.22,1474.09,57.13,7,5,2,1
2023_1007_214_2315,2023-24,2023-10-07 00:00:00+00:00,Merlins Crailsheim,BG Goettingen,2315,214,82.8,89.0,0.6,77.0,82.6,0.4,5.799999999999997,0.19999999999999996,78.9,84.1,0.4,82.1,85.4,0.5,-3.1999999999999886,-0.09999999999999998,0.3333333333333333,0.3333333333333333,0.0,1.0,-1.0,-6.200000000000003,-5.599999999999994,-0.6000000000000085,3,6,0.5,1,1466.47,1498.39,-31.92,5,30,-25,0
2023_1007_127_10,2023-24,2023-10-07 00:00:00+00:00,ALBA Berlin,Ratiopharm Ulm,10,127,90.2,78.2,0.8,103.2,92.4,0.8,-13.0,0.0,89.0,75.9,0.9,95.7,89.1,0.6,-6.700000000000003,0.30000000000000004,1.0,0.6666666666666666,0.33333333333333337,3.0,3.0,12.0,10.799999999999997,1.2000000000000028,6,6,1.0,1,1668.65,1615.85,52.8,5,6,-1,0
2023_1007_215_1634,2023-24,2023-10-07 00:00:00+00:00,EWE Baskets Oldenburg,MLP Academics Heidelberg,1634,215,89.2,77.6,0.8,93.2,92.4,0.4,-4.0,0.4,90.4,85.3,0.7,91.5,91.4,0.5,-1.0999999999999943,0.19999999999999996,0.6666666666666666,0.0,0.6666666666666666,3.0,-1.0,11.600000000000009,0.7999999999999972,10.800000000000011,2,4,0.5,1,1531.72,1461.03,70.69,5,6,-1,1
2023_1007_2457_447,2023-24,2023-10-07 00:00:00+00:00,Baskets Paderborn,Rasta Vechta,447,2457,86.0,87.5,0.5,89.2,80.0,0.8,-3.200000000000003,-0.30000000000000004,86.0,87.5,0.5,84.8,84.1,0.5,1.2000000000000028,0.0,0.5,1.0,-0.5,0.0,3.0,-1.5,9.200000000000003,-10.700000000000003,0,0,0.5,1,1506.94,1493.0,13.94,3,6,-3,0
2023_1008_40_1791,2023-24,2023-10-08 00:00:00+00:00,NINERS Chemnitz,Basketball Loewen Braunschweig,1791,40,88.2,81.8,0.6,83.8,80.6,0.8,4.400000000000006,-0.20000000000000007,87.5,81.6,0.6,84.7,79.5,0.7,2.799999999999997,-0.09999999999999998,0.6666666666666666,1.0,-0.33333333333333337,1.0,3.0,6.400000000000006,3.200000000000003,3.200000000000003,2,6,0.3333333333333333,1,1490.86,1479.73,11.13,6,7,-1,1
2023_1008_219_19629,2023-24,2023-10-08 00:00:00+00:00,Veolia Towers Hamburg,FC Bayern Muenchen Basketball,19629,219,76.0,81.6,0.4,78.4,84.8,0.2,-2.4000000000000057,0.2,78.9,88.3,0.4,81.3,77.9,0.6,-2.3999999999999915,-0.19999999999999996,0.3333333333333333,0.3333333333333333,0.0,-1.0,-3.0,-5.599999999999994,-6.3999999999999915,0.7999999999999972,4,6,0.6666666666666666,1,1455.69,1584.12,-128.43,7,6,1,0
2023_1009_1510_450,2023-24,2023-10-09 00:00:00+00:00,SYNTAINICS MBC Weissenfels,Telekom Baskets Bonn,450,1510,87.8,96.0,0.2,87.4,78.0,0.6,0.3999999999999915,-0.39999999999999997,89.0,92.0,0.2,87.4,73.7,0.8,1.5999999999999943,-0.6000000000000001,0.3333333333333333,0.3333333333333333,0.0,-3.0,1.0,-8.200000000000003,9.400000000000006,-17.60000000000001,0,5,0.0,1,1412.46,1636.99,-224.53,8,5,3,0
2023_1020_1634_1774,2023-24,2023-10-20 00:00:00+00:00,Rostock Seawolves,EWE Baskets Oldenburg,1774,1634,96.0,94.2,0.6,89.0,78.2,0.8,7.0,-0.20000000000000007,88.1,94.5,0.4,89.9,83.0,0.8,-1.8000000000000114,-0.4,0.6666666666666666,0.6666666666666666,0.0,1.0,3.0,1.7999999999999972,10.799999999999997,-9.0,0,2,0.0,1,1491.65,1537.17,-45.52,19,13,6,0
2023_1021_19629_127,2023-24,2023-10-21 00:00:00+00:00,Ratiopharm Ulm,Veolia Towers Hamburg,127,19629,97.6,85.6,0.8,76.4,86.4,0.2,21.19999999999999,0.6000000000000001,94.5,90.1,0.6,77.0,90.2,0.3,17.5,0.3,1.0,0.3333333333333333,0.6666666666666667,3.0,-3.0,12.0,-10.0,22.0,6,6,1.0,1,1629.99,1446.51,183.48,14,13,1,1
2023_1021_2745_40,2023-24,2023-10-21 00:00:00+00:00,Basketball Loewen Braunschweig,FITOne Wuerzburg Baskets,40,2745,84.4,80.0,0.8,74.4,78.2,0.2,10.0,0.6000000000000001,82.7,79.2,0.6,71.0,78.2,0.2,11.700000000000003,0.39999999999999997,0.6666666666666666,0.3333333333333333,0.3333333333333333,3.0,-3.0,4.400000000000006,-3.799999999999997,8.200000000000003,5,6,0.8333333333333334,1,1472.82,1468.33,4.5,13,15,-2,0
2023_1021_41_1510,2023-24,2023-10-21 00:00:00+00:00,Telekom Baskets Bonn,MHP Riesen Ludwigsburg,1510,41,88.4,80.6,0.6,82.0,82.2,0.4,6.400000000000006,0.19999999999999996,88.7,73.4,0.8,83.0,83.4,0.5,5.700000000000003,0.30000000000000004,0.3333333333333333,0.3333333333333333,0.0,1.0,-1.0,7.800000000000011,-0.20000000000000284,8.000000000000014,2,6,0.3333333333333333,1,1643.56,1536.98,106.57,12,15,-3,1
2023_1021_447_215,2023-24,2023-10-21 00:00:00+00:00,MLP Academics Heidelberg,Baskets Paderborn,215,447,88.0,92.6,0.2,81.33333333333333,92.66666666666667,0.3333333333333333,6.666666666666671,-0.1333333333333333,88.9,90.6,0.4,81.33333333333333,92.66666666666667,0.3333333333333333,7.566666666666677,0.06666666666666671,0.0,0.3333333333333333,-0.3333333333333333,-3.0,-1.0,-4.599999999999994,-11.333333333333343,6.7333333333333485,0,0,0.5,1,1455.58,1493.78,-38.19,14,14,0,1
2023_1022_1791_214,2023-24,2023-10-22 00:00:00+00:00,BG Goettingen,NINERS Chemnitz,214,1791,85.4,87.2,0.6,88.0,82.0,0.6,-2.5999999999999943,0.0,85.3,86.7,0.6,89.1,82.1,0.7,-3.799999999999997,-0.09999999999999998,0.3333333333333333,0.6666666666666666,-0.3333333333333333,1.0,1.0,-1.7999999999999972,6.0,-7.799999999999997,4,6,0.6666666666666666,1,1510.32,1497.77,12.56,15,14,1,0
2023_1022_450_132,2023-24,2023-10-22 00:00:00+00:00,Bamberg Baskets,SYNTAINICS MBC Weissenfels,132,450,89.0,103.8,0.2,78.0,90.4,0.2,11.0,0.0,89.2,98.4,0.2,89.1,94.4,0.2,0.10000000000000853,0.0,0.3333333333333333,0.0,0.3333333333333333,-3.0,-3.0,-14.799999999999997,-12.400000000000006,-2.3999999999999915,5,6,0.8333333333333334,1,1461.77,1405.9,55.87,20,13,7,1
2023_1022_2315_219,2023-24,2023-10-22 00:00:00+00:00,FC Bayern Muenchen Basketball,Merlins Crailsheim,219,2315,81.4,84.0,0.4,83.4,92.6,0.4,-2.0,0.0,83.6,80.9,0.6,81.5,87.8,0.3,2.0999999999999943,0.3,0.6666666666666666,0.3333333333333333,0.3333333333333333,-1.0,-1.0,-2.5999999999999943,-9.199999999999989,6.599999999999994,4,6,0.6666666666666666,1,1593.31,1454.53,138.77,14,15,-1,1
2023_1022_10_2457,2023-24,2023-10-22 00:00:00+00:00,Rasta Vechta,ALBA Berlin,2457,10,93.4,74.4,1.0,92.4,81.4,0.8,1.0,0.19999999999999996,86.9,82.5,0.6,88.7,78.1,0.8,-1.7999999999999972,-0.20000000000000007,1.0,0.6666666666666666,0.33333333333333337,5.0,3.0,19.0,11.0,8.0,0,2,0.0,1,1506.17,1654.52,-148.35,15,15,0,0
2023_1027_132_1634,2023-24,2023-10-27 00:00:00+00:00,EWE Baskets Oldenburg,Bamberg Baskets,1634,132,87.4,81.2,0.8,89.4,100.8,0.4,-2.0,0.4,90.2,83.0,0.8,88.7,96.4,0.3,1.5,0.5,1.0,0.3333333333333333,0.6666666666666667,3.0,-1.0,6.200000000000003,-11.399999999999991,17.599999999999994,5,6,0.8333333333333334,1,1548.72,1467.56,81.16,7,5,2,1
2023_1028_1791_450,2023-24,2023-10-28 00:00:00+00:00,SYNTAINICS MBC Weissenfels,NINERS Chemnitz,450,1791,80.4,88.8,0.2,87.6,77.4,0.8,-7.199999999999989,-0.6000000000000001,91.2,96.7,0.2,87.9,79.3,0.8,3.299999999999997,-0.6000000000000001,0.0,1.0,-1.0,-3.0,3.0,-8.399999999999991,10.199999999999989,-18.59999999999998,0,6,0.0,1,1400.11,1510.9,-110.79,6,6,0,0
2023_1028_127_41,2023-24,2023-10-28 00:00:00+00:00,MHP Riesen Ludwigsburg,Ratiopharm Ulm,41,127,83.2,81.8,0.4,93.2,84.0,0.8,-10.0,-0.4,83.4,84.8,0.4,97.2,89.5,0.7,-13.799999999999997,-0.29999999999999993,0.3333333333333333,1.0,-0.6666666666666667,-1.0,3.0,1.4000000000000057,9.200000000000003,-7.799999999999997,4,6,0.6666666666666666,1,1532.31,1633.26,-100.95,7,7,0,1
2023_1028_215_19629,2023-24,2023-10-28 00:00:00+00:00,Veolia Towers Hamburg,MLP Academics Heidelberg,19629,215,76.0,87.8,0.2,89.0,93.8,0.2,-13.0,0.0,77.0,88.4,0.3,90.5,91.5,0.4,-13.5,-0.10000000000000003,0.0,0.3333333333333333,-0.3333333333333333,-3.0,-3.0,-11.799999999999997,-4.799999999999997,-7.0,4,4,1.0,1,1443.24,1463.82,-20.59,7,7,0,1
2023_1028_2457_40,2023-24,2023-10-28 00:00:00+00:00,Basketball Loewen Braunschweig,Rasta Vechta,40,2457,84.2,82.2,0.6,92.6,78.0,0.8,-8.399999999999991,-0.20000000000000007,81.9,80.9,0.5,86.7,85.4,0.5,-4.799999999999997,0.0,0.3333333333333333,0.6666666666666666,-0.3333333333333333,1.0,3.0,2.0,14.599999999999994,-12.599999999999994,2,2,1.0,1,1459.9,1497.55,-37.65,7,6,1,0
2023_1029_219_2745,2023-24,2023-10-29 00:00:00+00:00,FITOne Wuerzburg Baskets,FC Bayern Muenchen Basketball,2745,219,76.4,75.0,0.4,85.2,78.6,0.6,-8.799999999999997,-0.19999999999999996,74.7,78.2,0.3,86.0,79.9,0.6,-11.299999999999997,-0.3,0.6666666666666666,0.6666666666666666,0.0,-1.0,1.0,1.4000000000000057,6.6000000000000085,-5.200000000000003,1,6,0.16666666666666666,1,1481.25,1597.34,-116.1,8,7,1,0
2023_1029_1774_447,2023-24,2023-10-29 00:00:00+00:00,Baskets Paderborn,Rostock Seawolves,447,1774,82.0,93.0,0.25,94.0,99.0,0.4,-12.0,-0.15000000000000002,82.0,93.0,0.25,89.3,94.0,0.4,-7.299999999999997,-0.15000000000000002,0.3333333333333333,0.3333333333333333,0.0,-2.0,-1.0,-11.0,-5.0,-6.0,0,0,0.5,1,1485.54,1480.09,5.44,8,9,-1,0
2023_1029_1510_2315,2023-24,2023-10-29 00:00:00+00:00,Merlins Crailsheim,Telekom Baskets Bonn,2315,1510,79.0,95.4,0.2,86.2,82.8,0.6,-7.200000000000003,-0.39999999999999997,80.0,89.3,0.3,89.2,77.8,0.8,-9.200000000000003,-0.5,0.0,0.6666666666666666,-0.6666666666666666,-3.0,1.0,-16.400000000000006,3.4000000000000057,-19.80000000000001,3,6,0.5,1,1450.49,1648.22,-197.73,7,8,-1,0
2023_1030_214_10,2023-24,2023-10-30 00:00:00+00:00,ALBA Berlin,BG Goettingen,10,214,93.8,81.6,0.8,79.6,87.8,0.4,14.200000000000003,0.4,90.9,79.1,0.8,81.0,84.7,0.5,9.900000000000006,0.30000000000000004,0.6666666666666666,0.3333333333333333,0.3333333333333333,3.0,-1.0,12.200000000000003,-8.200000000000003,20.400000000000006,4,6,0.6666666666666666,1,1663.14,1497.19,165.94,8,8,0,1
2023_1103_19629_2457,2023-24,2023-11-03 00:00:00+00:00,Rasta Vechta,Veolia Towers Hamburg,2457,19629,93.0,83.6,0.8,78.0,84.8,0.4,15.0,0.4,88.8,84.0,0.6,79.5,87.4,0.4,9.299999999999997,0.19999999999999996,0.6666666666666666,0.3333333333333333,0.3333333333333333,3.0,-1.0,9.400000000000006,-6.799999999999997,16.200000000000003,0,2,0.0,1,1509.33,1450.99,58.34,6,6,0,0
2023_1104_450_214,2023-24,2023-11-04 00:00:00+00:00,BG Goettingen,SYNTAINICS MBC Weissenfels,214,450,78.4,95.6,0.2,77.6,89.8,0.0,0.8000000000000114,0.2,80.0,88.1,0.4,85.4,96.1,0.1,-5.400000000000006,0.30000000000000004,0.3333333333333333,0.0,0.3333333333333333,-3.0,-5.0,-17.19999999999999,-12.200000000000003,-4.999999999999986,4,6,0.6666666666666666,1,1493.64,1390.42,103.22,5,7,-2,0
2023_1104_2315_1634,2023-24,2023-11-04 00:00:00+00:00,EWE Baskets Oldenburg,Merlins Crailsheim,1634,2315,88.2,82.6,0.8,78.8,97.6,0.2,9.400000000000006,0.6000000000000001,91.2,83.5,0.8,78.3,89.7,0.3,12.900000000000006,0.5,1.0,0.0,1.0,3.0,-3.0,5.6000000000000085,-18.799999999999997,24.400000000000006,3,6,0.5,1,1553.93,1443.23,110.7,8,6,2,1
2023_1104_2745_1791,2023-24,2023-11-04 00:00:00+00:00,NINERS Chemnitz,FITOne Wuerzburg Baskets,1791,2745,86.2,75.6,0.8,73.8,75.2,0.4,12.400000000000006,0.4,85.1,77.2,0.8,76.2,80.2,0.3,8.899999999999991,0.5,1.0,0.3333333333333333,0.6666666666666667,3.0,-1.0,10.600000000000009,-1.4000000000000057,12.000000000000014,2,6,0.3333333333333333,1,1520.59,1471.71,48.88,7,6,1,1
2023_1105_127_1510,2023-24,2023-11-05 00:00:00+00:00,Telekom Baskets Bonn,Ratiopharm Ulm,1510,127,87.2,79.8,0.6,90.6,86.8,0.8,-3.3999999999999915,-0.20000000000000007,89.1,77.2,0.8,95.6,90.2,0.7,-6.5,0.10000000000000009,1.0,0.6666666666666666,0.33333333333333337,1.0,3.0,7.400000000000006,3.799999999999997,3.6000000000000085,4,6,0.6666666666666666,1,1655.48,1623.23,32.25,7,8,-1,0
2023_1105_215_132,2023-24,2023-11-05 00:00:00+00:00,Bamberg Baskets,MLP Academics Heidelberg,132,215,91.0,98.8,0.4,88.8,95.2,0.2,2.200000000000003,0.2,87.0,94.7,0.3,89.2,91.3,0.4,-2.200000000000003,-0.10000000000000003,0.3333333333333333,0.3333333333333333,0.0,-1.0,-3.0,-7.799999999999997,-6.400000000000006,-1.3999999999999915,3,4,0.75,1,1462.35,1456.07,6.28,9,8,1,1
2023_1105_41_1774,2023-24,2023-11-05 00:00:00+00:00,Rostock Seawolves,MHP Riesen Ludwigsburg,1774,41,98.4,96.4,0.6,85.8,80.0,0.4,12.600000000000009,0.19999999999999996,92.6,96.5,0.5,86.0,83.7,0.5,6.599999999999994,0.0,0.6666666666666666,0.6666666666666666,0.0,1.0,-1.0,2.0,5.799999999999997,-3.799999999999997,2,2,1.0,1,1493.04,1542.34,-49.3,7,8,-1,0
2023_1105_40_219,2023-24,2023-11-05 00:00:00+00:00,FC Bayern Muenchen Basketball,Basketball Loewen Braunschweig,219,40,87.4,73.8,0.8,84.6,86.0,0.4,2.8000000000000114,0.4,85.2,77.4,0.6,83.1,82.1,0.5,2.1000000000000085,0.09999999999999998,1.0,0.0,1.0,3.0,-1.0,13.600000000000009,-1.4000000000000057,15.000000000000014,5,6,0.8333333333333334,1,1606.88,1448.13,158.75,7,8,-1,0
2023_1106_447_10,2023-24,2023-11-06 00:00:00+00:00,ALBA Berlin,Baskets Paderborn,10,447,100.0,82.6,0.8,86.2,96.0,0.2,13.799999999999997,0.6000000000000001,94.0,80.5,0.8,86.2,96.0,0.2,7.799999999999997,0.6000000000000001,0.6666666666666666,0.0,0.6666666666666666,3.0,-3.0,17.400000000000006,-9.799999999999997,27.200000000000003,0,0,0.5,1,1666.69,1472.59,194.1,7,8,-1,1
2023_1110_1774_450,2023-24,2023-11-10 00:00:00+00:00,SYNTAINICS MBC Weissenfels,Rostock Seawolves,450,1774,79.6,88.4,0.2,95.4,98.2,0.4,-15.800000000000011,-0.2,85.1,94.6,0.2,90.9,97.6,0.4,-5.800000000000011,-0.2,0.3333333333333333,0.3333333333333333,0.0,-3.0,-1.0,-8.800000000000011,-2.799999999999997,-6.000000000000014,1,2,0.5,1,1405.68,1481.59,-75.91,6,5,1,1
2023_1111_214_19629,2023-24,2023-11-11 00:00:00+00:00,Veolia Towers Hamburg,BG Goettingen,19629,214,77.6,85.2,0.4,84.2,96.0,0.2,-6.6000000000000085,0.2,79.0,86.9,0.4,80.4,88.4,0.4,-1.4000000000000057,0.0,0.6666666666666666,0.0,0.6666666666666666,-1.0,-3.0,-7.6000000000000085,-11.799999999999997,4.199999999999989,4,6,0.6666666666666666,1,1465.26,1478.37,-13.12,8,7,1,1
2023_1111_1634_127,2023-24,2023-11-11 00:00:00+00:00,Ratiopharm Ulm,EWE Baskets Oldenburg,127,1634,93.6,87.2,0.8,90.8,77.0,1.0,2.799999999999997,-0.19999999999999996,96.4,90.5,0.7,90.7,80.3,0.8,5.700000000000003,-0.10000000000000009,0.6666666666666666,1.0,-0.33333333333333337,3.0,5.0,6.3999999999999915,13.799999999999997,-7.400000000000006,4,6,0.6666666666666666,1,1636.86,1558.52,78.35,6,7,-1,1
2023_1111_215_2745,2023-24,2023-11-11 00:00:00+00:00,FITOne Wuerzburg Baskets,MLP Academics Heidelberg,2745,215,72.8,73.8,0.4,90.6,99.0,0.2,-17.799999999999997,0.2,74.4,78.7,0.2,90.8,93.1,0.4,-16.39999999999999,-0.2,0.3333333333333333,0.3333333333333333,0.0,-1.0,-3.0,-1.0,-8.400000000000006,7.400000000000006,2,4,0.5,1,1465.75,1449.04,16.71,7,6,1,1
2023_1111_2457_2315,2023-24,2023-11-11 00:00:00+00:00,Merlins Crailsheim,Rasta Vechta,2315,2457,74.4,101.2,0.0,89.0,84.8,0.6,-14.599999999999994,-0.6,77.7,91.8,0.3,88.8,82.7,0.6,-11.099999999999994,-0.3,0.0,0.3333333333333333,-0.3333333333333333,-5.0,1.0,-26.799999999999997,4.200000000000003,-31.0,2,2,1.0,1,1438.65,1495.06,-56.41,7,8,-1,0
2023_1112_10_40,2023-24,2023-11-12 00:00:00+00:00,Basketball Loewen Braunschweig,ALBA Berlin,40,10,83.0,85.0,0.4,101.4,82.6,0.8,-18.400000000000006,-0.4,83.5,82.2,0.6,95.2,80.8,0.8,-11.700000000000003,-0.20000000000000007,0.3333333333333333,1.0,-0.6666666666666667,-1.0,3.0,-2.0,18.80000000000001,-20.80000000000001,1,5,0.2,1,1464.45,1669.8,-205.35,7,6,1,0
2023_1112_132_41,2023-24,2023-11-12 00:00:00+00:00,MHP Riesen Ludwigsburg,Bamberg Baskets,41,132,87.6,77.0,0.6,88.8,95.6,0.4,-1.2000000000000028,0.19999999999999996,87.6,82.7,0.6,89.8,96.4,0.3,-2.200000000000003,0.3,0.6666666666666666,0.6666666666666666,0.0,1.0,-1.0,10.599999999999994,-6.799999999999997,17.39999999999999,4,6,0.6666666666666666,1,1553.79,1469.39,84.4,7,7,0,1
2023_1112_1510_219,2023-24,2023-11-12 00:00:00+00:00,FC Bayern Muenchen Basketball,Telekom Baskets Bonn,219,1510,84.4,73.0,0.6,88.8,84.0,0.6,-4.3999999999999915,0.0,85.5,78.8,0.5,89.4,80.0,0.7,-3.9000000000000057,-0.19999999999999996,0.6666666666666666,0.6666666666666666,0.0,1.0,1.0,11.400000000000006,4.799999999999997,6.6000000000000085,3,6,0.5,1,1590.56,1641.85,-51.29,7,7,0,0
2023_1112_447_1791,2023-24,2023-11-12 00:00:00+00:00,NINERS Chemnitz,Baskets Paderborn,1791,447,83.2,71.2,1.0,85.6,95.6,0.2,-2.3999999999999915,0.8,82.9,75.4,0.8,85.33333333333333,96.16666666666667,0.16666666666666666,-2.433333333333323,0.6333333333333334,1.0,0.0,1.0,5.0,-3.0,12.0,-10.0,22.0,0,0,0.5,1,1526.55,1469.48,57.06,8,6,2,1
2023_1117_1791_1774,2023-24,2023-11-17 00:00:00+00:00,Rostock Seawolves,NINERS Chemnitz,1774,1791,96.2,100.6,0.4,82.6,69.0,1.0,13.600000000000009,-0.6,91.5,96.9,0.4,85.4,75.4,0.8,6.099999999999994,-0.4,0.3333333333333333,1.0,-0.6666666666666667,-1.0,5.0,-4.3999999999999915,13.599999999999994,-17.999999999999986,1,2,0.5,1,1472.28,1532.31,-60.03,7,5,2,0
2023_1118_40_447,2023-24,2023-11-18 00:00:00+00:00,Baskets Paderborn,Basketball Loewen Braunschweig,447,40,81.6,101.6,0.0,78.8,88.0,0.2,2.799999999999997,-0.2,82.85714285714286,97.57142857142857,0.14285714285714285,81.3,84.3,0.5,1.557142857142864,-0.35714285714285715,0.0,0.3333333333333333,-0.3333333333333333,-5.0,-3.0,-20.0,-9.200000000000003,-10.799999999999997,0,0,0.5,1,1463.72,1457.39,6.33,6,6,0,1
2023_1118_19629_132,2023-24,2023-11-18 00:00:00+00:00,Bamberg Baskets,Veolia Towers Hamburg,132,19629,91.0,95.8,0.4,90.6,91.2,0.6,0.4000000000000057,-0.19999999999999996,91.6,99.3,0.3,83.3,86.4,0.5,8.299999999999997,-0.2,0.3333333333333333,1.0,-0.6666666666666667,-1.0,1.0,-4.799999999999997,-0.6000000000000085,-4.199999999999989,3,6,0.5,1,1464.25,1472.81,-8.56,6,7,-1,0
2023_1118_1634_2457,2023-24,2023-11-18 00:00:00+00:00,Rasta Vechta,EWE Baskets Oldenburg,2457,1634,91.4,80.6,0.6,94.2,83.2,0.8,-2.799999999999997,-0.20000000000000007,90.3,80.3,0.7,91.7,80.4,0.8,-1.4000000000000057,-0.10000000000000009,0.6666666666666666,0.6666666666666666,0.0,1.0,3.0,10.800000000000011,11.0,-0.19999999999998863,0,2,0.0,1,1506.31,1553.24,-46.93,7,7,0,1
2023_1119_219_41,2023-24,2023-11-19 00:00:00+00:00,MHP Riesen Ludwigsburg,FC Bayern Muenchen Basketball,41,219,92.2,77.6,0.8,87.6,75.2,0.6,4.6000000000000085,0.20000000000000007,89.7,83.9,0.6,83.0,80.0,0.4,6.700000000000003,0.19999999999999996,1.0,0.3333333333333333,0.6666666666666667,3.0,1.0,14.600000000000009,12.399999999999991,2.200000000000017,2,6,0.3333333333333333,1,1558.93,1579.17,-20.24,7,7,0,0
2023_1119_214_1510,2023-24,2023-11-19 00:00:00+00:00,Telekom Baskets Bonn,BG Goettingen,1510,214,91.2,83.0,0.8,91.4,103.0,0.2,-0.20000000000000284,0.6000000000000001,89.3,80.5,0.7,84.2,92.8,0.3,5.099999999999994,0.39999999999999997,0.6666666666666666,0.0,0.6666666666666666,3.0,-3.0,8.200000000000003,-11.599999999999994,19.799999999999997,4,6,0.6666666666666666,1,1653.24,1470.82,182.42,7,8,-1,1
2023_1119_10_450,2023-24,2023-11-19 00:00:00+00:00,SYNTAINICS MBC Weissenfels,ALBA Berlin,450,10,83.6,88.4,0.4,97.8,80.4,0.8,-14.200000000000003,-0.4,85.7,92.2,0.3,94.0,79.3,0.8,-8.299999999999997,-0.5,0.6666666666666666,1.0,-0.33333333333333337,-1.0,3.0,-4.800000000000011,17.39999999999999,-22.200000000000003,0,6,0.0,1,1414.99,1676.86,-261.87,9,7,2,1
2023_1119_2745_127,2023-24,2023-11-19 00:00:00+00:00,Ratiopharm Ulm,FITOne Wuerzburg Baskets,127,2745,93.4,89.2,0.8,72.6,73.0,0.4,20.80000000000001,0.4,98.3,90.8,0.8,75.3,75.9,0.3,23.0,0.5,0.6666666666666666,0.3333333333333333,0.3333333333333333,3.0,-1.0,4.200000000000003,-0.4000000000000057,4.6000000000000085,5,6,0.8333333333333334,1,1642.14,1472.51,169.63,8,8,0,1
2023_1120_2315_215,2023-24,2023-11-20 00:00:00+00:00,MLP Academics Heidelberg,Merlins Crailsheim,215,2315,78.8,92.0,0.2,71.0,98.4,0.0,7.799999999999997,0.2,86.0,92.2,0.3,76.9,93.7,0.3,9.099999999999994,0.0,0.0,0.0,0.0,-3.0,-5.0,-13.200000000000003,-27.400000000000006,14.200000000000003,2,4,0.5,1,1442.28,1427.4,14.87,9,9,0,1
2023_1124_1791_19629,2023-24,2023-11-24 00:00:00+00:00,Veolia Towers Hamburg,NINERS Chemnitz,19629,1791,93.6,91.2,0.8,82.4,67.8,1.0,11.199999999999989,-0.19999999999999996,85.0,88.8,0.5,85.2,74.9,0.8,-0.20000000000000284,-0.30000000000000004,1.0,1.0,0.0,3.0,5.0,2.3999999999999915,14.600000000000009,-12.200000000000017,1,6,0.16666666666666666,1,1485.38,1543.46,-58.08,6,7,-1,0
2023_1125_132_40,2023-24,2023-11-25 00:00:00+00:00,Basketball Loewen Braunschweig,Bamberg Baskets,40,132,80.0,89.2,0.2,93.2,92.8,0.4,-13.200000000000003,-0.2,82.2,84.6,0.5,91.1,98.3,0.3,-8.899999999999991,0.2,0.3333333333333333,0.3333333333333333,0.0,-3.0,-1.0,-9.200000000000003,0.4000000000000057,-9.600000000000009,3,6,0.5,1,1450.36,1451.67,-1.31,7,7,0,0
2023_1125_127_2315,2023-24,2023-11-25 00:00:00+00:00,Merlins Crailsheim,Ratiopharm Ulm,2315,127,67.4,95.0,0.0,91.0,88.2,0.8,-23.599999999999994,-0.8,75.4,93.8,0.2,94.3,86.9,0.8,-18.89999999999999,-0.6000000000000001,0.0,1.0,-1.0,-5.0,3.0,-27.599999999999994,2.799999999999997,-30.39999999999999,2,6,0.3333333333333333,1,1420.59,1645.63,-225.04,5,6,-1,0
2023_1125_1774_214,2023-24,2023-11-25 00:00:00+00:00,BG Goettingen,Rostock Seawolves,214,1774,84.8,102.4,0.0,86.8,95.0,0.2,-2.0,-0.2,85.1,94.8,0.3,91.4,94.6,0.4,-6.300000000000011,-0.10000000000000003,0.0,0.0,0.0,-5.0,-3.0,-17.60000000000001,-8.200000000000003,-9.400000000000006,0,2,0.0,1,1467.53,1461.14,6.4,6,8,-2,0
2023_1126_1510_215,2023-24,2023-11-26 00:00:00+00:00,MLP Academics Heidelberg,Telekom Baskets Bonn,215,1510,80.8,90.8,0.4,91.4,83.8,0.8,-10.600000000000009,-0.4,84.4,91.7,0.3,89.9,82.2,0.7,-5.5,-0.39999999999999997,0.3333333333333333,0.6666666666666666,-0.3333333333333333,-1.0,3.0,-10.0,7.6000000000000085,-17.60000000000001,0,4,0.0,1,1449.08,1656.53,-207.45,6,7,-1,0
2023_1126_41_10,2023-24,2023-11-26 00:00:00+00:00,ALBA Berlin,MHP Riesen Ludwigsburg,10,41,95.2,82.0,0.8,93.4,84.0,0.6,1.7999999999999972,0.20000000000000007,93.8,81.7,0.8,87.7,83.1,0.5,6.099999999999994,0.30000000000000004,0.6666666666666666,0.6666666666666666,0.0,3.0,1.0,13.200000000000003,9.400000000000006,3.799999999999997,3,6,0.5,1,1662.51,1546.67,115.84,7,7,0,0
2023_1126_447_1634,2023-24,2023-11-26 00:00:00+00:00,EWE Baskets Oldenburg,Baskets Paderborn,1634,447,89.2,83.6,0.6,85.6,98.4,0.2,3.6000000000000085,0.39999999999999997,89.1,80.9,0.7,84.0,96.25,0.25,5.099999999999994,0.44999999999999996,0.3333333333333333,0.3333333333333333,0.0,1.0,-3.0,5.6000000000000085,-12.800000000000011,18.40000000000002,0,0,0.5,1,1544.76,1470.75,74.01,8,8,0,0
2023_1126_2457_219,2023-24,2023-11-26 00:00:00+00:00,FC Bayern Muenchen Basketball,Rasta Vechta,219,2457,88.0,76.2,0.6,87.8,79.6,0.6,0.20000000000000284,0.0,84.7,80.1,0.5,90.6,77.0,0.8,-5.8999999999999915,-0.30000000000000004,0.3333333333333333,0.6666666666666666,-0.3333333333333333,1.0,1.0,11.799999999999997,8.200000000000003,3.5999999999999943,2,2,1.0,1,1591.42,1514.79,76.63,7,8,-1,1
2023_1127_450_2745,2023-24,2023-11-27 00:00:00+00:00,FITOne Wuerzburg Baskets,SYNTAINICS MBC Weissenfels,2745,450,77.2,75.0,0.4,90.6,83.4,0.6,-13.399999999999991,-0.19999999999999996,75.8,76.6,0.3,84.3,86.9,0.4,-8.5,-0.10000000000000003,0.3333333333333333,1.0,-0.6666666666666667,-1.0,1.0,2.200000000000003,7.199999999999989,-4.999999999999986,1,6,0.16666666666666666,1,1469.02,1429.34,39.68,8,8,0,1
2023_1128_132_1774,2023-24,2023-11-28 00:00:00+00:00,Rostock Seawolves,Bamberg Baskets,1774,132,88.2,94.6,0.4,92.8,91.2,0.4,-4.599999999999994,0.0,91.1,96.8,0.4,91.1,96.0,0.4,0.0,0.0,0.3333333333333333,0.3333333333333333,0.0,-1.0,-1.0,-6.3999999999999915,1.5999999999999943,-7.999999999999986,1,2,0.5,1,1474.11,1464.44,9.67,3,3,0,0
2023_1128_214_41,2023-24,2023-11-28 00:00:00+00:00,MHP Riesen Ludwigsburg,BG Goettingen,41,214,93.6,81.6,0.8,90.6,106.2,0.0,3.0,0.8,88.4,81.7,0.6,85.1,97.0,0.2,3.3000000000000114,0.39999999999999997,0.6666666666666666,0.0,0.6666666666666666,3.0,-5.0,12.0,-15.600000000000009,27.60000000000001,4,6,0.6666666666666666,1,1562.19,1454.56,107.63,2,3,-1,1
2023_1201_2745_2457,2023-24,2023-12-01 00:00:00+00:00,Rasta Vechta,FITOne Wuerzburg Baskets,2457,2745,88.0,77.0,0.6,78.0,74.2,0.4,10.0,0.19999999999999996,90.3,77.5,0.7,77.2,74.6,0.4,13.099999999999994,0.29999999999999993,0.6666666666666666,0.6666666666666666,0.0,1.0,-1.0,11.0,3.799999999999997,7.200000000000003,1,2,0.5,1,1509.48,1475.2,34.28,5,4,1,0
2023_1202_214_132,2023-24,2023-12-02 00:00:00+00:00,Bamberg Baskets,BG Goettingen,132,214,94.8,89.4,0.6,90.4,104.2,0.0,4.3999999999999915,0.6,92.9,94.1,0.5,84.4,99.9,0.1,8.5,0.4,0.6666666666666666,0.0,0.6666666666666666,1.0,-5.0,5.3999999999999915,-13.799999999999997,19.19999999999999,3,6,0.5,1,1477.49,1449.92,27.58,4,4,0,0
2023_1202_450_19629,2023-24,2023-12-02 00:00:00+00:00,Veolia Towers Hamburg,SYNTAINICS MBC Weissenfels,19629,450,95.4,91.6,0.8,87.8,82.2,0.6,7.6000000000000085,0.20000000000000007,85.7,89.7,0.5,84.1,85.5,0.4,1.6000000000000085,0.09999999999999998,0.6666666666666666,0.6666666666666666,0.0,3.0,1.0,3.8000000000000114,5.599999999999994,-1.799999999999983,5,6,0.8333333333333334,1,1474.18,1423.16,51.02,8,5,3,1
2023_1202_2315_447,2023-24,2023-12-02 00:00:00+00:00,Baskets Paderborn,Merlins Crailsheim,447,2315,87.4,96.4,0.4,72.4,94.4,0.0,15.0,0.4,85.0,94.88888888888889,0.3333333333333333,75.7,94.9,0.1,9.299999999999997,0.2333333333333333,0.6666666666666666,0.0,0.6666666666666666,-1.0,-5.0,-9.0,-22.0,13.0,0,0,0.5,1,1485.38,1414.04,71.34,6,7,-1,0
2023_1202_215_41,2023-24,2023-12-02 00:00:00+00:00,MHP Riesen Ludwigsburg,MLP Academics Heidelberg,41,215,94.6,82.8,0.8,75.8,92.4,0.2,18.799999999999997,0.6000000000000001,90.2,81.4,0.6,82.4,93.1,0.2,7.799999999999997,0.39999999999999997,0.6666666666666666,0.3333333333333333,0.3333333333333333,3.0,-3.0,11.799999999999997,-16.60000000000001,28.400000000000006,2,3,0.6666666666666666,1,1566.84,1442.08,124.76,4,6,-2,1
2023_1203_40_1510,2023-24,2023-12-03 00:00:00+00:00,Telekom Baskets Bonn,Basketball Loewen Braunschweig,1510,40,91.6,80.4,0.8,80.4,90.8,0.2,11.199999999999989,0.6000000000000001,88.9,81.6,0.7,82.3,86.5,0.4,6.6000000000000085,0.29999999999999993,1.0,0.0,1.0,3.0,-3.0,11.199999999999989,-10.399999999999991,21.59999999999998,5,6,0.8333333333333334,1,1663.53,1437.59,225.94,7,8,-1,1
2023_1203_127_1774,2023-24,2023-12-03 00:00:00+00:00,Rostock Seawolves,Ratiopharm Ulm,1774,127,83.2,92.6,0.2,91.0,90.0,0.8,-7.799999999999997,-0.6000000000000001,90.8,94.5,0.4,92.1,87.0,0.8,-1.2999999999999972,-0.4,0.3333333333333333,1.0,-0.6666666666666667,-3.0,3.0,-9.399999999999991,1.0,-10.399999999999991,1,2,0.5,1,1461.05,1652.18,-191.13,5,8,-3,1
2023_1203_1634_1791,2023-24,2023-12-03 00:00:00+00:00,NINERS Chemnitz,EWE Baskets Oldenburg,1791,1634,86.2,72.6,1.0,87.2,84.4,0.4,-1.0,0.6,86.9,75.0,0.9,87.3,82.8,0.6,-0.3999999999999915,0.30000000000000004,1.0,0.0,1.0,5.0,-1.0,13.600000000000009,2.799999999999997,10.800000000000011,1,6,0.16666666666666666,1,1554.66,1530.13,24.53,9,7,2,1
2023_1213_1510_40,2023-24,2023-12-13 00:00:00+00:00,Basketball Loewen Braunschweig,Telekom Baskets Bonn,40,1510,81.2,91.8,0.2,94.0,85.6,0.8,-12.799999999999997,-0.6000000000000001,82.9,88.9,0.3,90.6,82.7,0.7,-7.699999999999989,-0.39999999999999997,0.0,1.0,-1.0,-3.0,3.0,-10.599999999999994,8.400000000000006,-19.0,1,7,0.14285714285714285,1,1434.94,1666.19,-231.25,10,10,0,1
2023_1215_19629_447,2023-24,2023-12-15 00:00:00+00:00,Baskets Paderborn,Veolia Towers Hamburg,447,19629,83.6,92.2,0.4,95.0,93.2,0.8,-11.400000000000006,-0.4,84.9,94.1,0.3,86.5,89.0,0.6,-1.5999999999999943,-0.3,0.6666666666666666,0.6666666666666666,0.0,-1.0,3.0,-8.600000000000009,1.7999999999999972,-10.400000000000006,0,0,0.5,1,1470.81,1480.09,-9.27,13,13,0,0
2023_1216_2745_1510,2023-24,2023-12-16 00:00:00+00:00,Telekom Baskets Bonn,FITOne Wuerzburg Baskets,1510,2745,91.8,80.6,0.8,82.6,71.8,0.6,9.200000000000003,0.20000000000000007,90.3,82.3,0.7,78.2,73.5,0.5,12.099999999999994,0.19999999999999996,0.6666666666666666,0.6666666666666666,0.0,3.0,1.0,11.200000000000003,10.799999999999997,0.4000000000000057,4,6,0.6666666666666666,1,1652.58,1488.88,163.7,3,15,-12,0
2023_1216_1791_215,2023-24,2023-12-16 00:00:00+00:00,MLP Academics Heidelberg,NINERS Chemnitz,215,1791,75.6,89.8,0.2,87.2,71.2,1.0,-11.600000000000009,-0.8,82.2,92.5,0.2,86.7,73.4,0.9,-4.5,-0.7,0.3333333333333333,1.0,-0.6666666666666667,-3.0,5.0,-14.200000000000003,16.0,-30.200000000000003,0,4,0.0,1,1437.78,1561.22,-123.44,14,13,1,0
2023_1216_214_2457,2023-24,2023-12-16 00:00:00+00:00,Rasta Vechta,BG Goettingen,2457,214,83.6,76.4,0.4,91.0,101.8,0.2,-7.400000000000006,0.2,88.3,80.0,0.6,87.6,98.9,0.2,0.7000000000000028,0.39999999999999997,0.3333333333333333,0.3333333333333333,0.0,-1.0,-3.0,7.199999999999989,-10.799999999999997,17.999999999999986,1,2,0.5,1,1495.8,1463.43,32.36,15,14,1,1
2023_1217_41_450,2023-24,2023-12-17 00:00:00+00:00,SYNTAINICS MBC Weissenfels,MHP Riesen Ludwigsburg,450,41,91.0,84.6,0.6,90.4,81.8,0.8,0.5999999999999943,-0.20000000000000007,84.3,87.2,0.3,89.0,79.4,0.7,-4.700000000000003,-0.39999999999999997,0.3333333333333333,1.0,-0.6666666666666667,1.0,3.0,6.400000000000006,8.600000000000009,-2.200000000000003,1,6,0.16666666666666666,1,1417.25,1571.14,-153.9,15,15,0,1
2023_1217_1774_40,2023-24,2023-12-17 00:00:00+00:00,Basketball Loewen Braunschweig,Rostock Seawolves,40,1774,80.6,90.8,0.2,89.2,91.2,0.4,-8.600000000000009,-0.2,81.8,87.9,0.3,92.3,94.7,0.4,-10.5,-0.10000000000000003,0.3333333333333333,0.6666666666666666,-0.3333333333333333,-3.0,-1.0,-10.200000000000003,-2.0,-8.200000000000003,0,2,0.0,1,1448.54,1473.61,-25.07,4,14,-10,0
2023_1217_219_127,2023-24,2023-12-17 00:00:00+00:00,Ratiopharm Ulm,FC Bayern Muenchen Basketball,127,219,94.8,91.6,0.8,85.6,80.0,0.6,9.200000000000003,0.20000000000000007,92.7,89.2,0.8,85.4,79.3,0.6,7.299999999999997,0.20000000000000007,0.6666666666666666,0.6666666666666666,0.0,3.0,1.0,3.200000000000003,5.599999999999994,-2.3999999999999915,2,6,0.3333333333333333,1,1639.62,1596.74,42.88,14,21,-7,0
2023_1217_1634_10,2023-24,2023-12-17 00:00:00+00:00,ALBA Berlin,EWE Baskets Oldenburg,10,1634,91.4,83.4,0.6,80.4,83.6,0.2,11.0,0.39999999999999997,92.6,82.5,0.7,84.3,83.1,0.5,8.299999999999997,0.19999999999999996,0.3333333333333333,0.0,0.3333333333333333,1.0,-3.0,8.0,-3.1999999999999886,11.199999999999989,5,6,0.8333333333333334,1,1646.99,1523.57,123.42,21,14,7,1
2023_1218_132_2315,2023-24,2023-12-18 00:00:00+00:00,Merlins Crailsheim,Bamberg Baskets,2315,132,76.2,93.2,0.2,90.0,89.8,0.4,-13.799999999999997,-0.2,77.5,95.4,0.2,89.4,92.7,0.4,-11.900000000000006,-0.2,0.3333333333333333,0.6666666666666666,-0.3333333333333333,-3.0,-1.0,-17.0,0.20000000000000284,-17.200000000000003,5,6,0.8333333333333334,1,1428.61,1463.98,-35.37,16,16,0,0
2023_1220_2457_1791,2023-24,2023-12-20 00:00:00+00:00,NINERS Chemnitz,Rasta Vechta,1791,2457,91.8,71.4,1.0,85.4,76.6,0.6,6.3999999999999915,0.4,87.5,71.3,1.0,87.2,80.7,0.6,0.29999999999999716,0.4,1.0,0.3333333333333333,0.6666666666666667,5.0,1.0,20.39999999999999,8.800000000000011,11.59999999999998,1,2,0.5,1,1570.54,1502.16,68.38,4,4,0,1
2023_1222_127_215,2023-24,2023-12-22 00:00:00+00:00,MLP Academics Heidelberg,Ratiopharm Ulm,215,127,71.4,86.6,0.2,89.8,93.2,0.6,-18.39999999999999,-0.39999999999999997,81.0,92.8,0.2,91.7,90.2,0.7,-10.700000000000003,-0.49999999999999994,0.0,0.3333333333333333,-0.3333333333333333,-3.0,1.0,-15.199999999999989,-3.4000000000000057,-11.799999999999983,0,4,0.0,1,1428.45,1625.72,-197.27,6,5,1,0
2023_1222_447_132,2023-24,2023-12-22 00:00:00+00:00,Bamberg Baskets,Baskets Paderborn,132,447,91.4,86.8,0.6,84.6,91.6,0.4,6.800000000000011,0.19999999999999996,91.2,91.3,0.5,85.1,93.6,0.3,6.1000000000000085,0.2,0.6666666666666666,0.3333333333333333,0.3333333333333333,1.0,-1.0,4.6000000000000085,-7.0,11.600000000000009,0,0,0.5,1,1475.82,1458.26,17.56,4,7,-3,0
2023_1223_40_41,2023-24,2023-12-23 00:00:00+00:00,MHP Riesen Ludwigsburg,Basketball Loewen Braunschweig,41,40,85.6,80.0,0.6,83.4,92.6,0.2,2.1999999999999886,0.39999999999999997,88.9,78.8,0.7,81.1,90.3,0.2,7.800000000000011,0.49999999999999994,0.6666666666666666,0.3333333333333333,0.3333333333333333,1.0,-3.0,5.599999999999994,-9.199999999999989,14.799999999999983,6,6,1.0,1,1559.61,1436.42,123.18,6,6,0,0
2023_1223_450_1634,2023-24,2023-12-23 00:00:00+00:00,EWE Baskets Oldenburg,SYNTAINICS MBC Weissenfels,1634,450,77.6,89.0,0.0,87.8,82.4,0.6,-10.200000000000003,-0.6,84.2,83.0,0.5,83.7,85.4,0.4,0.5,0.09999999999999998,0.0,0.3333333333333333,-0.3333333333333333,-5.0,1.0,-11.400000000000006,5.3999999999999915,-16.799999999999997,5,6,0.8333333333333334,1,1519.24,1428.79,90.45,6,6,0,1
2023_1223_1510_19629,2023-24,2023-12-23 00:00:00+00:00,Veolia Towers Hamburg,Telekom Baskets Bonn,19629,1510,96.8,94.2,0.8,89.8,83.4,0.6,7.0,0.20000000000000007,87.2,89.7,0.6,90.5,83.2,0.7,-3.299999999999997,-0.09999999999999998,0.6666666666666666,0.3333333333333333,0.3333333333333333,3.0,1.0,2.5999999999999943,6.3999999999999915,-3.799999999999997,2,6,0.3333333333333333,1,1492.64,1636.18,-143.54,8,7,1,0
2023_1223_2315_2745,2023-24,2023-12-23 00:00:00+00:00,FITOne Wuerzburg Baskets,Merlins Crailsheim,2745,2315,88.4,73.4,0.8,81.0,92.8,0.2,7.400000000000006,0.6000000000000001,80.6,73.6,0.6,77.7,97.0,0.1,2.8999999999999915,0.5,1.0,0.3333333333333333,0.6666666666666667,3.0,-3.0,15.0,-11.799999999999997,26.799999999999997,4,6,0.6666666666666666,1,1505.29,1416.77,88.52,7,5,2,1
2023_1226_1791_2315,2023-24,2023-12-26 00:00:00+00:00,Merlins Crailsheim,NINERS Chemnitz,2315,1791,88.6,93.2,0.2,86.8,73.8,1.0,1.7999999999999972,-0.8,79.8,95.8,0.1,84.7,71.4,1.0,-4.900000000000006,-0.9,0.3333333333333333,1.0,-0.6666666666666667,-3.0,5.0,-4.6000000000000085,13.0,-17.60000000000001,4,6,0.6666666666666666,1,1411.72,1576.05,-164.32,3,6,-3,0
2023_1226_447_219,2023-24,2023-12-26 00:00:00+00:00,FC Bayern Muenchen Basketball,Baskets Paderborn,219,447,87.2,83.2,0.6,90.8,88.8,0.6,-3.5999999999999943,0.0,87.3,78.5,0.7,86.2,95.2,0.3,1.0999999999999943,0.39999999999999997,1.0,0.3333333333333333,0.6666666666666667,1.0,1.0,4.0,2.0,2.0,0,0,0.5,1,1610.63,1471.52,139.11,9,4,5,1
2023_1226_1774_1510,2023-24,2023-12-26 00:00:00+00:00,Telekom Baskets Bonn,Rostock Seawolves,1510,1774,91.2,86.8,0.6,92.4,87.4,0.6,-1.2000000000000028,0.0,91.3,85.3,0.7,94.3,94.0,0.5,-3.0,0.19999999999999996,0.3333333333333333,0.6666666666666666,-0.3333333333333333,1.0,1.0,4.400000000000006,5.0,-0.5999999999999943,2,2,1.0,1,1644.93,1485.74,159.19,3,9,-6,0
2023_1226_450_2457,2023-24,2023-12-26 00:00:00+00:00,Rasta Vechta,SYNTAINICS MBC Weissenfels,2457,450,82.2,81.2,0.4,82.6,83.2,0.4,-0.3999999999999915,0.0,86.8,80.9,0.5,83.1,85.8,0.4,3.700000000000003,0.09999999999999998,0.3333333333333333,0.3333333333333333,0.0,-1.0,-1.0,1.0,-0.6000000000000085,1.6000000000000085,1,2,0.5,1,1496.66,1423.78,72.88,6,3,3,1
2023_1227_215_214,2023-24,2023-12-27 00:00:00+00:00,BG Goettingen,MLP Academics Heidelberg,214,215,84.6,95.2,0.2,78.4,88.8,0.2,6.199999999999989,0.0,88.0,99.1,0.2,78.6,90.4,0.2,9.400000000000006,0.0,0.3333333333333333,0.0,0.3333333333333333,-3.0,-3.0,-10.600000000000009,-10.399999999999991,-0.20000000000001705,2,4,0.5,1,1457.07,1421.18,35.89,11,5,6,1
2023_1227_132_2745,2023-24,2023-12-27 00:00:00+00:00,FITOne Wuerzburg Baskets,Bamberg Baskets,2745,132,90.6,81.8,0.8,91.8,87.8,0.6,-1.2000000000000028,0.20000000000000007,81.6,77.4,0.6,92.5,90.3,0.5,-10.900000000000006,0.09999999999999998,1.0,0.3333333333333333,0.6666666666666667,3.0,1.0,8.799999999999997,4.0,4.799999999999997,3,6,0.5,1,1510.34,1462.56,47.78,4,5,-1,1
2023_1227_41_1634,2023-24,2023-12-27 00:00:00+00:00,EWE Baskets Oldenburg,MHP Riesen Ludwigsburg,1634,41,76.6,83.6,0.2,85.2,78.2,0.6,-8.600000000000009,-0.39999999999999997,85.4,83.4,0.5,89.3,81.1,0.6,-3.8999999999999915,-0.09999999999999998,0.3333333333333333,0.3333333333333333,0.0,-3.0,1.0,-7.0,7.0,-14.0,3,6,0.5,1,1524.25,1543.94,-19.69,4,4,0,0
2023_1229_2745_1634,2023-24,2023-12-29 00:00:00+00:00,EWE Baskets Oldenburg,FITOne Wuerzburg Baskets,1634,2745,79.2,87.4,0.2,90.6,79.8,1.0,-11.399999999999991,-0.8,84.2,85.5,0.4,83.9,77.4,0.7,0.29999999999999716,-0.29999999999999993,0.3333333333333333,1.0,-0.6666666666666667,-3.0,5.0,-8.200000000000003,10.799999999999997,-19.0,4,6,0.6666666666666666,1,1511.98,1516.32,-4.35,2,2,0,0
2023_1229_1510_132,2023-24,2023-12-29 00:00:00+00:00,Bamberg Baskets,Telekom Baskets Bonn,132,1510,89.0,88.8,0.4,91.2,92.6,0.4,-2.200000000000003,0.0,90.9,90.0,0.4,91.4,86.5,0.6,-0.5,-0.19999999999999996,0.3333333333333333,0.3333333333333333,0.0,-1.0,-1.0,0.20000000000000284,-1.3999999999999915,1.5999999999999943,2,6,0.3333333333333333,1,1456.57,1628.6,-172.03,2,3,-1,0
2023_1229_450_127,2023-24,2023-12-29 00:00:00+00:00,Ratiopharm Ulm,SYNTAINICS MBC Weissenfels,127,450,89.8,92.2,0.6,75.8,88.2,0.2,14.0,0.39999999999999997,91.6,90.7,0.7,83.2,85.8,0.4,8.399999999999991,0.29999999999999993,0.3333333333333333,0.3333333333333333,0.0,1.0,-3.0,-2.4000000000000057,-12.400000000000006,10.0,6,6,1.0,1,1632.99,1418.38,214.61,7,3,4,1
2023_1230_40_214,2023-24,2023-12-30 00:00:00+00:00,BG Goettingen,Basketball Loewen Braunschweig,214,40,91.8,96.8,0.4,82.6,90.6,0.4,9.200000000000003,0.0,88.3,99.6,0.2,81.3,89.9,0.3,7.0,-0.09999999999999998,0.6666666666666666,0.6666666666666666,0.0,-1.0,-1.0,-5.0,-8.0,3.0,4,6,0.6666666666666666,1,1463.35,1452.09,11.26,3,7,-4,0
2023_1230_2457_1774,2023-24,2023-12-30 00:00:00+00:00,Rostock Seawolves,Rasta Vechta,1774,2457,97.0,88.8,0.8,85.2,82.6,0.4,11.799999999999997,0.4,91.9,91.9,0.5,86.5,81.1,0.5,5.400000000000006,0.0,1.0,0.6666666666666666,0.33333333333333337,3.0,-1.0,8.200000000000003,2.6000000000000085,5.599999999999994,0,0,0.5,1,1502.07,1502.06,0.01,4,4,0,0
2023_1230_219_215,2023-24,2023-12-30 00:00:00+00:00,MLP Academics Heidelberg,FC Bayern Muenchen Basketball,215,219,81.6,94.2,0.0,90.2,81.4,0.8,-8.600000000000009,-0.8,81.2,92.5,0.2,87.3,77.2,0.7,-6.099999999999994,-0.49999999999999994,0.0,1.0,-1.0,-5.0,3.0,-12.600000000000009,8.799999999999997,-21.400000000000006,1,4,0.25,1,1414.9,1614.66,-199.76,3,4,-1,0
2023_1230_2315_19629,2023-24,2023-12-30 00:00:00+00:00,Veolia Towers Hamburg,Merlins Crailsheim,19629,2315,91.0,92.2,0.6,84.8,93.6,0.2,6.200000000000003,0.39999999999999997,90.8,91.7,0.6,76.1,94.3,0.1,14.700000000000003,0.5,0.6666666666666666,0.0,0.6666666666666666,1.0,-3.0,-1.2000000000000028,-8.799999999999997,7.599999999999994,3,6,0.5,1,1483.89,1403.55,80.33,7,4,3,1
2023_1230_41_447,2023-24,2023-12-30 00:00:00+00:00,Baskets Paderborn,MHP Riesen Ludwigsburg,447,41,87.2,90.6,0.4,88.6,78.4,0.6,-1.3999999999999915,-0.19999999999999996,86.4,94.5,0.3,91.1,80.0,0.7,-4.699999999999989,-0.39999999999999997,0.3333333333333333,0.3333333333333333,0.0,-1.0,1.0,-3.3999999999999915,10.199999999999989,-13.59999999999998,0,0,0.5,1,1467.49,1556.21,-88.72,4,3,1,0
2023_1231_10_1791,2023-24,2023-12-31 00:00:00+00:00,NINERS Chemnitz,ALBA Berlin,1791,10,88.8,72.2,1.0,86.6,85.0,0.6,2.200000000000003,0.4,85.6,70.0,1.0,93.3,83.8,0.7,-7.700000000000003,0.30000000000000004,1.0,0.3333333333333333,0.6666666666666667,5.0,1.0,16.599999999999994,1.5999999999999943,15.0,1,6,0.16666666666666666,1,1584.21,1651.32,-67.11,5,14,-9,0
2024_0102_127_40,2023-24,2024-01-02 00:00:00+00:00,Basketball Loewen Braunschweig,Ratiopharm Ulm,40,127,89.0,88.6,0.6,93.6,90.6,0.6,-4.599999999999994,0.0,84.7,89.7,0.4,92.3,89.4,0.7,-7.599999999999994,-0.29999999999999993,0.6666666666666666,0.6666666666666666,0.0,1.0,1.0,0.4000000000000057,3.0,-2.5999999999999943,3,6,0.5,1,1465.18,1635.8,-170.62,3,4,-1,0
2024_0105_215_2457,2023-24,2024-01-05 00:00:00+00:00,Rasta Vechta,MLP Academics Heidelberg,2457,215,86.0,81.8,0.6,79.2,92.4,0.0,6.799999999999997,0.6,87.0,79.4,0.6,77.5,92.4,0.1,9.5,0.5,0.6666666666666666,0.0,0.6666666666666666,1.0,-5.0,4.200000000000003,-13.200000000000003,17.400000000000006,0,0,0.5,1,1514.86,1407.7,107.16,6,6,0,1
2024_0106_214_127,2023-24,2024-01-06 00:00:00+00:00,Ratiopharm Ulm,BG Goettingen,127,214,92.8,87.8,0.6,89.8,99.6,0.4,3.0,0.19999999999999996,91.9,88.9,0.7,90.2,102.9,0.2,1.7000000000000028,0.49999999999999994,1.0,0.3333333333333333,0.6666666666666667,1.0,-1.0,5.0,-9.799999999999997,14.799999999999997,3,6,0.5,1,1643.8,1450.25,193.55,4,7,-3,1
2024_0106_19629_40,2023-24,2024-01-06 00:00:00+00:00,Basketball Loewen Braunschweig,Veolia Towers Hamburg,40,19629,84.8,86.2,0.6,90.0,91.0,0.6,-5.200000000000003,0.0,83.0,89.0,0.4,91.8,91.1,0.7,-8.799999999999997,-0.29999999999999993,0.6666666666666666,0.6666666666666666,0.0,1.0,1.0,-1.4000000000000057,-1.0,-0.4000000000000057,2,6,0.3333333333333333,1,1457.19,1489.12,-31.93,4,7,-3,0
2024_0106_1791_41,2023-24,2024-01-06 00:00:00+00:00,MHP Riesen Ludwigsburg,NINERS Chemnitz,41,1791,88.6,82.0,0.6,87.6,75.0,0.8,1.0,-0.20000000000000007,91.6,82.4,0.7,86.9,73.8,0.9,4.699999999999989,-0.20000000000000007,0.6666666666666666,0.6666666666666666,0.0,1.0,3.0,6.599999999999994,12.599999999999994,-6.0,3,6,0.5,1,1566.54,1573.27,-6.74,7,6,1,0
2024_0106_2315_450,2023-24,2024-01-06 00:00:00+00:00,SYNTAINICS MBC Weissenfels,Merlins Crailsheim,450,2315,76.4,92.0,0.2,84.2,92.6,0.2,-7.799999999999997,0.0,82.1,87.1,0.4,78.3,93.5,0.1,3.799999999999997,0.30000000000000004,0.0,0.0,0.0,-3.0,-3.0,-15.599999999999994,-8.399999999999991,-7.200000000000003,4,6,0.6666666666666666,1,1415.57,1398.32,17.25,8,7,1,0
2024_0107_132_10,2023-24,2024-01-07 00:00:00+00:00,ALBA Berlin,Bamberg Baskets,10,132,87.4,86.8,0.6,85.2,89.8,0.2,2.200000000000003,0.39999999999999997,94.4,84.7,0.7,90.0,89.6,0.4,4.400000000000006,0.29999999999999993,0.6666666666666666,0.0,0.6666666666666666,1.0,-3.0,0.6000000000000085,-4.599999999999994,5.200000000000003,5,6,0.8333333333333334,1,1662.26,1448.62,213.65,7,9,-2,0
2024_0107_1774_219,2023-24,2024-01-07 00:00:00+00:00,FC Bayern Muenchen Basketball,Rostock Seawolves,219,1774,90.2,75.2,1.0,94.0,87.4,0.6,-3.799999999999997,0.4,88.9,75.2,0.8,91.1,91.0,0.5,-2.1999999999999886,0.30000000000000004,1.0,0.6666666666666666,0.33333333333333337,5.0,1.0,15.0,6.599999999999994,8.400000000000006,2,2,1.0,1,1621.87,1489.26,132.6,8,8,0,1
2024_0107_1634_1510,2023-24,2024-01-07 00:00:00+00:00,Telekom Baskets Bonn,EWE Baskets Oldenburg,1510,1634,88.4,88.6,0.4,78.0,85.4,0.2,10.400000000000006,0.2,91.2,87.1,0.6,82.6,84.9,0.3,8.600000000000009,0.3,0.6666666666666666,0.3333333333333333,0.3333333333333333,-1.0,-3.0,-0.19999999999998863,-7.400000000000006,7.200000000000017,4,6,0.6666666666666666,1,1636.56,1499.29,137.27,9,9,0,1
2024_0108_447_2745,2023-24,2024-01-08 00:00:00+00:00,FITOne Wuerzburg Baskets,Baskets Paderborn,2745,447,89.6,81.0,1.0,87.4,94.6,0.2,2.1999999999999886,0.8,83.8,77.6,0.7,87.4,95.5,0.3,-3.6000000000000085,0.39999999999999997,1.0,0.3333333333333333,0.6666666666666667,5.0,-3.0,8.599999999999994,-7.199999999999989,15.799999999999983,0,0,0.5,1,1529.01,1457.16,71.85,10,9,1,1
2024_0112_1510_1791,2023-24,2024-01-12 00:00:00+00:00,NINERS Chemnitz,Telekom Baskets Bonn,1791,1510,88.8,76.6,0.8,94.8,89.2,0.6,-6.0,0.20000000000000007,88.0,73.9,0.9,93.3,84.9,0.7,-5.299999999999997,0.20000000000000007,0.6666666666666666,0.6666666666666666,0.0,3.0,1.0,12.200000000000003,5.599999999999994,6.6000000000000085,2,6,0.3333333333333333,1,1585.89,1640.63,-54.73,6,5,1,1
2024_0113_1774_19629,2023-24,2024-01-13 00:00:00+00:00,Veolia Towers Hamburg,Rostock Seawolves,19629,1774,88.8,86.2,0.8,94.4,87.0,0.6,-5.6000000000000085,0.20000000000000007,92.1,88.9,0.8,88.8,89.8,0.4,3.299999999999997,0.4,0.6666666666666666,0.3333333333333333,0.3333333333333333,3.0,1.0,2.5999999999999943,7.400000000000006,-4.800000000000011,0,2,0.0,1,1501.05,1485.11,15.94,7,6,1,1
2024_0113_127_2457,2023-24,2024-01-13 00:00:00+00:00,Rasta Vechta,Ratiopharm Ulm,2457,127,93.6,79.6,0.8,95.0,84.4,0.8,-1.4000000000000057,0.0,88.6,78.0,0.6,94.9,88.0,0.8,-6.300000000000011,-0.20000000000000007,1.0,1.0,0.0,3.0,3.0,14.0,10.599999999999994,3.4000000000000057,1,2,0.5,1,1519.52,1646.92,-127.4,8,7,1,1
2024_0113_41_2315,2023-24,2024-01-13 00:00:00+00:00,Merlins Crailsheim,MHP Riesen Ludwigsburg,2315,41,84.2,91.0,0.2,86.8,84.6,0.4,-2.5999999999999943,-0.2,80.2,92.1,0.2,88.6,83.2,0.6,-8.399999999999991,-0.39999999999999997,0.3333333333333333,0.6666666666666666,-0.3333333333333333,-3.0,-1.0,-6.799999999999997,2.200000000000003,-9.0,3,6,0.5,1,1411.57,1553.91,-142.34,7,7,0,0
2024_0113_1634_214,2023-24,2024-01-13 00:00:00+00:00,BG Goettingen,EWE Baskets Oldenburg,214,1634,92.6,98.8,0.4,83.0,91.2,0.2,9.599999999999994,0.2,91.5,101.5,0.2,81.7,87.4,0.2,9.799999999999997,0.0,0.3333333333333333,0.0,0.3333333333333333,-1.0,-3.0,-6.200000000000003,-8.200000000000003,2.0,2,6,0.3333333333333333,1,1447.13,1495.23,-48.09,7,6,1,0
2024_0114_10_2745,2023-24,2024-01-14 00:00:00+00:00,FITOne Wuerzburg Baskets,ALBA Berlin,2745,10,93.6,86.2,1.0,84.4,93.4,0.4,9.199999999999989,0.6,88.1,79.0,0.8,91.1,86.9,0.6,-3.0,0.20000000000000007,1.0,0.6666666666666666,0.33333333333333337,5.0,-1.0,7.3999999999999915,-9.0,16.39999999999999,0,6,0.0,1,1534.43,1645.09,-110.66,6,7,-1,0
2024_0114_40_215,2023-24,2024-01-14 00:00:00+00:00,MLP Academics Heidelberg,Basketball Loewen Braunschweig,215,40,80.0,100.0,0.0,83.2,87.2,0.4,-3.200000000000003,-0.4,77.8,94.9,0.1,81.9,89.0,0.3,-4.1000000000000085,-0.19999999999999998,0.0,0.3333333333333333,-0.3333333333333333,-5.0,-1.0,-20.0,-4.0,-16.0,3,4,0.75,1,1403.04,1445.25,-42.21,9,8,1,1
2024_0114_450_447,2023-24,2024-01-14 00:00:00+00:00,Baskets Paderborn,SYNTAINICS MBC Weissenfels,447,450,90.8,98.6,0.2,75.4,92.2,0.2,15.399999999999991,0.0,87.2,95.4,0.3,83.2,88.4,0.4,4.0,-0.10000000000000003,0.0,0.0,0.0,-3.0,-3.0,-7.799999999999997,-16.799999999999997,9.0,0,0,0.5,1,1451.74,1402.32,49.42,6,8,-2,0
2024_0114_219_132,2023-24,2024-01-14 00:00:00+00:00,Bamberg Baskets,FC Bayern Muenchen Basketball,132,219,87.6,86.8,0.4,90.0,75.4,1.0,-2.4000000000000057,-0.6,88.8,88.3,0.4,89.0,75.8,0.8,-0.20000000000000284,-0.4,0.3333333333333333,1.0,-0.6666666666666667,-1.0,5.0,0.7999999999999972,14.599999999999994,-13.799999999999997,0,5,0.0,1,1465.79,1626.02,-160.23,7,7,0,0
2024_0119_132_127,2023-24,2024-01-19 00:00:00+00:00,Ratiopharm Ulm,Bamberg Baskets,127,132,99.4,86.6,0.8,82.0,87.6,0.2,17.400000000000006,0.6000000000000001,94.6,89.9,0.7,86.7,87.2,0.4,7.8999999999999915,0.29999999999999993,0.6666666666666666,0.3333333333333333,0.3333333333333333,3.0,-3.0,12.800000000000011,-5.599999999999994,18.400000000000006,1,6,0.16666666666666666,1,1636.13,1457.51,178.62,6,5,1,1
2024_0120_19629_1634,2023-24,2024-01-20 00:00:00+00:00,EWE Baskets Oldenburg,Veolia Towers Hamburg,1634,19629,87.2,90.2,0.4,93.8,88.8,0.8,-6.599999999999994,-0.4,82.4,89.6,0.2,94.4,91.0,0.8,-12.0,-0.6000000000000001,0.3333333333333333,1.0,-0.6666666666666667,-1.0,3.0,-3.0,5.0,-8.0,3,6,0.5,1,1506.71,1507.83,-1.12,7,7,0,1
2024_0120_1774_2745,2023-24,2024-01-20 00:00:00+00:00,FITOne Wuerzburg Baskets,Rostock Seawolves,2745,1774,90.6,88.6,0.8,91.8,91.4,0.4,-1.2000000000000028,0.4,89.5,81.0,0.8,90.5,91.3,0.4,-1.0,0.4,0.6666666666666666,0.0,0.6666666666666666,3.0,-1.0,2.0,0.3999999999999915,1.6000000000000085,2,2,1.0,1,1524.74,1478.33,46.41,6,7,-1,1
2024_0120_2315_40,2023-24,2024-01-20 00:00:00+00:00,Basketball Loewen Braunschweig,Merlins Crailsheim,40,2315,84.2,83.8,0.4,78.6,92.8,0.2,5.6000000000000085,0.2,83.8,88.2,0.3,79.8,92.8,0.2,4.0,0.09999999999999998,0.0,0.3333333333333333,-0.3333333333333333,-1.0,-3.0,0.4000000000000057,-14.200000000000003,14.600000000000009,0,6,0.0,1,1436.9,1402.79,34.12,6,7,-1,1
2024_0121_1791_219,2023-24,2024-01-21 00:00:00+00:00,FC Bayern Muenchen Basketball,NINERS Chemnitz,219,1791,91.2,73.0,1.0,87.2,78.2,0.8,4.0,0.19999999999999996,88.4,76.5,0.8,89.5,74.8,0.9,-1.0999999999999943,-0.09999999999999998,1.0,0.6666666666666666,0.33333333333333337,5.0,3.0,18.200000000000003,9.0,9.200000000000003,3,6,0.5,1,1634.31,1594.6,39.71,7,9,-2,1
2024_0121_447_214,2023-24,2024-01-21 00:00:00+00:00,BG Goettingen,Baskets Paderborn,214,447,91.2,103.0,0.2,89.2,102.6,0.2,2.0,0.0,91.1,102.4,0.2,86.9,97.1,0.3,4.199999999999989,-0.09999999999999998,0.0,0.0,0.0,-3.0,-3.0,-11.799999999999997,-13.399999999999991,1.5999999999999943,0,0,0.5,1,1435.65,1437.69,-2.04,8,7,1,1
2024_0121_1510_10,2023-24,2024-01-21 00:00:00+00:00,ALBA Berlin,Telekom Baskets Bonn,10,1510,87.4,88.2,0.6,94.6,86.8,0.6,-7.199999999999989,0.0,91.3,85.1,0.7,92.2,85.1,0.6,-0.9000000000000057,0.09999999999999998,0.6666666666666666,0.6666666666666666,0.0,1.0,1.0,-0.7999999999999972,7.799999999999997,-8.599999999999994,4,6,0.6666666666666666,1,1654.78,1631.92,22.86,7,9,-2,1
2024_0121_41_2457,2023-24,2024-01-21 00:00:00+00:00,Rasta Vechta,MHP Riesen Ludwigsburg,2457,41,96.8,82.8,0.8,92.4,80.2,0.6,4.3999999999999915,0.20000000000000007,91.1,79.7,0.7,89.0,80.1,0.6,2.0999999999999943,0.09999999999999998,1.0,0.6666666666666666,0.33333333333333337,3.0,1.0,14.0,12.200000000000003,1.7999999999999972,0,2,0.0,1,1530.3,1562.7,-32.4,8,8,0,0
2024_0122_215_450,2023-24,2024-01-22 00:00:00+00:00,SYNTAINICS MBC Weissenfels,MLP Academics Heidelberg,450,215,82.0,92.2,0.2,83.0,98.0,0.2,-1.0,0.0,84.9,87.3,0.4,77.2,92.3,0.2,7.700000000000003,0.2,0.3333333333333333,0.3333333333333333,0.0,-3.0,-3.0,-10.200000000000003,-15.0,4.799999999999997,1,4,0.25,1,1416.37,1411.39,4.98,8,8,0,1
2024_0126_450_1510,2023-24,2024-01-26 00:00:00+00:00,Telekom Baskets Bonn,SYNTAINICS MBC Weissenfels,1510,450,90.4,87.0,0.4,90.0,92.4,0.4,0.4000000000000057,0.0,90.8,86.9,0.5,86.3,87.8,0.4,4.5,0.09999999999999998,0.3333333333333333,0.6666666666666666,-0.3333333333333333,-1.0,-1.0,3.4000000000000057,-2.4000000000000057,5.800000000000011,6,6,1.0,1,1625.32,1423.44,201.88,5,4,1,1
2024_0127_40_132,2023-24,2024-01-27 00:00:00+00:00,Bamberg Baskets,Basketball Loewen Braunschweig,132,40,78.8,84.6,0.2,83.6,81.4,0.4,-4.799999999999997,-0.2,85.3,86.2,0.4,83.1,86.0,0.4,2.200000000000003,0.0,0.3333333333333333,0.3333333333333333,0.0,-3.0,-1.0,-5.799999999999997,2.1999999999999886,-7.999999999999986,4,7,0.5714285714285714,1,1454.16,1443.22,10.94,8,7,1,0
2024_0127_214_1774,2023-24,2024-01-27 00:00:00+00:00,Rostock Seawolves,BG Goettingen,1774,214,87.2,94.0,0.2,97.2,104.0,0.4,-10.0,-0.2,89.8,90.7,0.4,90.9,99.6,0.3,-1.1000000000000085,0.10000000000000003,0.0,0.3333333333333333,-0.3333333333333333,-3.0,-1.0,-6.799999999999997,-6.799999999999997,0.0,3,3,1.0,1,1472.31,1442.9,29.41,7,6,1,0
2024_0127_215_1791,2023-24,2024-01-27 00:00:00+00:00,NINERS Chemnitz,MLP Academics Heidelberg,1791,215,85.6,79.4,0.6,83.2,100.6,0.2,2.3999999999999915,0.39999999999999997,86.2,76.6,0.8,80.8,94.7,0.2,5.400000000000006,0.6000000000000001,0.6666666666666666,0.3333333333333333,0.3333333333333333,1.0,-3.0,6.199999999999989,-17.39999999999999,23.59999999999998,5,5,1.0,1,1588.41,1404.33,184.09,6,5,1,1
2024_0127_1634_41,2023-24,2024-01-27 00:00:00+00:00,MHP Riesen Ludwigsburg,EWE Baskets Oldenburg,41,1634,91.4,78.4,0.8,87.6,92.0,0.4,3.8000000000000114,0.4,88.3,78.3,0.7,82.1,87.8,0.3,6.200000000000003,0.39999999999999997,0.6666666666666666,0.6666666666666666,0.0,3.0,-1.0,13.0,-4.400000000000006,17.400000000000006,4,7,0.5714285714285714,1,1574.62,1513.94,60.69,6,7,-1,0
2024_0127_127_447,2023-24,2024-01-27 00:00:00+00:00,Baskets Paderborn,Ratiopharm Ulm,447,127,88.4,107.4,0.0,96.6,84.0,0.8,-8.199999999999989,-0.8,89.6,98.1,0.3,93.2,88.1,0.7,-3.6000000000000085,-0.39999999999999997,0.0,0.6666666666666666,-0.6666666666666666,-5.0,3.0,-19.0,12.599999999999994,-31.599999999999994,0,1,0.0,1,1430.44,1639.48,-209.04,6,8,-2,1
2024_0128_219_2315,2023-24,2024-01-28 00:00:00+00:00,Merlins Crailsheim,FC Bayern Muenchen Basketball,2315,219,73.4,89.2,0.2,89.4,71.6,1.0,-16.0,-0.8,81.0,91.2,0.2,88.3,77.4,0.8,-7.299999999999997,-0.6000000000000001,0.3333333333333333,1.0,-0.6666666666666667,-3.0,5.0,-15.799999999999997,17.80000000000001,-33.60000000000001,2,7,0.2857142857142857,1,1396.47,1640.49,-244.02,8,7,1,0
2024_0128_2457_19629,2023-24,2024-01-28 00:00:00+00:00,Veolia Towers Hamburg,Rasta Vechta,19629,2457,91.0,89.8,0.6,95.6,82.0,0.8,-4.599999999999994,-0.20000000000000007,93.9,92.0,0.7,88.9,81.6,0.6,5.0,0.09999999999999998,0.6666666666666666,0.6666666666666666,0.0,1.0,3.0,1.2000000000000028,13.599999999999994,-12.399999999999991,3,3,1.0,1,1500.6,1518.38,-17.78,8,7,1,0
2024_0128_2745_10,2023-24,2024-01-28 00:00:00+00:00,ALBA Berlin,FITOne Wuerzburg Baskets,10,2745,90.6,88.2,0.8,89.2,85.0,0.8,1.3999999999999915,0.0,91.0,85.8,0.7,89.9,83.4,0.8,1.0999999999999943,-0.10000000000000009,0.6666666666666666,0.6666666666666666,0.0,3.0,3.0,2.3999999999999915,4.200000000000003,-1.8000000000000114,7,7,1.0,1,1661.39,1530.76,130.63,7,8,-1,0
2024_0202_447_2315,2023-24,2024-02-02 00:00:00+00:00,Merlins Crailsheim,Baskets Paderborn,2315,447,76.2,89.8,0.2,93.0,103.4,0.2,-16.799999999999997,0.0,80.5,91.7,0.2,90.1,97.0,0.3,-9.599999999999994,-0.09999999999999998,0.0,0.3333333333333333,-0.3333333333333333,-3.0,-3.0,-13.599999999999994,-10.400000000000006,-3.1999999999999886,1,1,1.0,1,1390.39,1443.47,-53.09,5,6,-1,1
2024_0203_132_450,2023-24,2024-02-03 00:00:00+00:00,SYNTAINICS MBC Weissenfels,Bamberg Baskets,450,132,93.6,92.4,0.4,81.2,86.2,0.2,12.399999999999991,0.2,84.7,90.3,0.3,85.1,87.5,0.3,-0.3999999999999915,0.0,0.6666666666666666,0.0,0.6666666666666666,-1.0,-3.0,1.1999999999999886,-5.0,6.199999999999989,1,7,0.14285714285714285,1,1420.45,1441.07,-20.62,8,7,1,0
2024_0203_19629_1510,2023-24,2024-02-03 00:00:00+00:00,Telekom Baskets Bonn,Veolia Towers Hamburg,1510,19629,92.0,85.8,0.6,86.4,84.0,0.6,5.599999999999994,0.0,91.6,89.2,0.5,88.7,88.1,0.6,2.8999999999999915,-0.09999999999999998,0.3333333333333333,0.3333333333333333,0.0,1.0,1.0,6.200000000000003,2.4000000000000057,3.799999999999997,5,7,0.7142857142857143,1,1628.31,1488.28,140.03,8,6,2,1
2024_0203_41_214,2023-24,2024-02-03 00:00:00+00:00,BG Goettingen,MHP Riesen Ludwigsburg,214,41,95.4,100.2,0.4,87.6,80.6,0.6,7.800000000000011,-0.19999999999999996,93.6,98.5,0.4,88.1,79.5,0.6,5.5,-0.19999999999999996,0.6666666666666666,0.6666666666666666,0.0,-1.0,1.0,-4.799999999999997,7.0,-11.799999999999997,2,7,0.2857142857142857,1,1456.46,1560.3,-103.84,7,7,0,0
2024_0203_1774_1791,2023-24,2024-02-03 00:00:00+00:00,NINERS Chemnitz,Rostock Seawolves,1791,1774,86.4,81.4,0.6,85.6,96.4,0.0,0.8000000000000114,0.6,87.6,76.8,0.8,91.3,92.6,0.4,-3.700000000000003,0.4,0.6666666666666666,0.0,0.6666666666666666,1.0,-5.0,5.0,-10.800000000000011,15.800000000000011,2,3,0.6666666666666666,1,1591.68,1458.75,132.93,7,7,0,1
2024_0204_10_127,2023-24,2024-02-04 00:00:00+00:00,Ratiopharm Ulm,ALBA Berlin,127,10,90.4,88.4,0.6,87.6,86.4,0.6,2.8000000000000114,0.0,92.0,89.5,0.6,87.1,85.7,0.6,4.900000000000006,0.0,0.3333333333333333,0.6666666666666666,-0.3333333333333333,1.0,1.0,2.0,1.1999999999999886,0.8000000000000114,1,7,0.14285714285714285,1,1626.44,1645.58,-19.14,8,7,1,0
2024_0204_40_2745,2023-24,2024-02-04 00:00:00+00:00,FITOne Wuerzburg Baskets,Basketball Loewen Braunschweig,2745,40,87.8,84.4,0.8,79.8,83.0,0.4,8.0,0.4,89.2,82.1,0.9,84.4,85.8,0.5,4.799999999999997,0.4,0.6666666666666666,0.6666666666666666,0.0,3.0,-1.0,3.3999999999999915,-3.200000000000003,6.599999999999994,2,7,0.2857142857142857,1,1546.57,1456.31,90.25,7,8,-1,0
2024_0204_2457_215,2023-24,2024-02-04 00:00:00+00:00,MLP Academics Heidelberg,Rasta Vechta,215,2457,76.8,97.8,0.2,91.4,81.4,0.8,-14.600000000000009,-0.6000000000000001,79.2,96.0,0.1,88.3,82.0,0.6,-9.099999999999994,-0.5,0.3333333333333333,0.6666666666666666,-0.3333333333333333,-3.0,3.0,-21.0,10.0,-31.0,0,1,0.0,1,1401.07,1530.71,-129.64,8,7,1,0
2024_0205_219_1634,2023-24,2024-02-05 00:00:00+00:00,EWE Baskets Oldenburg,FC Bayern Muenchen Basketball,1634,219,89.8,88.2,0.6,89.8,73.0,1.0,0.0,-0.4,84.5,87.8,0.4,90.0,77.2,0.9,-5.5,-0.5,1.0,1.0,0.0,1.0,5.0,1.5999999999999943,16.799999999999997,-15.200000000000003,4,7,0.5714285714285714,1,1528.26,1646.57,-118.31,9,8,1,0
2024_0209_215_40,2023-24,2024-02-09 00:00:00+00:00,Basketball Loewen Braunschweig,MLP Academics Heidelberg,40,215,85.2,82.8,0.6,82.8,103.0,0.2,2.4000000000000057,0.39999999999999997,85.0,84.5,0.6,81.0,97.7,0.1,4.0,0.5,1.0,0.0,1.0,1.0,-3.0,2.4000000000000057,-20.200000000000003,22.60000000000001,1,5,0.2,1,1471.3,1391.92,79.38,5,5,0,1
2024_0209_2745_132,2023-24,2024-02-09 00:00:00+00:00,Bamberg Baskets,FITOne Wuerzburg Baskets,132,2745,88.0,84.2,0.4,89.0,88.8,0.6,-1.0,-0.19999999999999996,86.6,87.0,0.3,89.3,84.9,0.8,-2.700000000000003,-0.5,0.3333333333333333,0.6666666666666666,-0.3333333333333333,-1.0,1.0,3.799999999999997,0.20000000000000284,3.5999999999999943,3,7,0.42857142857142855,1,1453.32,1531.58,-78.26,6,5,1,0
2024_0210_1510_127,2023-24,2024-02-10 00:00:00+00:00,Ratiopharm Ulm,Telekom Baskets Bonn,127,1510,90.0,93.4,0.4,91.8,87.0,0.6,-1.7999999999999972,-0.19999999999999996,91.4,90.6,0.5,90.1,87.8,0.5,1.3000000000000114,0.0,0.3333333333333333,0.6666666666666666,-0.3333333333333333,-1.0,1.0,-3.4000000000000057,4.799999999999997,-8.200000000000003,3,7,0.42857142857142855,1,1614.15,1632.32,-18.17,6,7,-1,0
2024_0210_1791_1634,2023-24,2024-02-10 00:00:00+00:00,EWE Baskets Oldenburg,NINERS Chemnitz,1634,1791,88.8,90.2,0.6,87.2,79.2,0.8,1.5999999999999943,-0.20000000000000007,83.4,87.8,0.4,87.4,77.1,0.8,-4.0,-0.4,0.6666666666666666,0.6666666666666666,0.0,1.0,3.0,-1.4000000000000057,8.0,-9.400000000000006,5,7,0.7142857142857143,1,1518.78,1595.82,-77.04,5,7,-2,0
2024_0210_2315_41,2023-24,2024-02-10 00:00:00+00:00,MHP Riesen Ludwigsburg,Merlins Crailsheim,41,2315,86.2,76.2,0.6,78.6,89.0,0.4,7.6000000000000085,0.19999999999999996,87.4,79.1,0.6,81.4,90.8,0.3,6.0,0.3,0.6666666666666666,0.3333333333333333,0.3333333333333333,1.0,-1.0,10.0,-10.400000000000006,20.400000000000006,4,7,0.5714285714285714,1,1570.19,1399.05,171.14,7,8,-1,1
2024_0210_19629_1774,2023-24,2024-02-10 00:00:00+00:00,Rostock Seawolves,Veolia Towers Hamburg,1774,19629,87.4,98.2,0.0,84.6,84.6,0.4,2.8000000000000114,-0.4,90.7,92.8,0.3,87.3,87.8,0.5,3.4000000000000057,-0.2,0.0,0.0,0.0,-5.0,-1.0,-10.799999999999997,0.0,-10.799999999999997,2,3,0.6666666666666666,1,1454.6,1484.27,-29.66,7,7,0,0
2024_0211_214_447,2023-24,2024-02-11 00:00:00+00:00,Baskets Paderborn,BG Goettingen,447,214,91.2,101.8,0.2,93.4,97.6,0.4,-2.200000000000003,-0.2,89.3,98.2,0.2,91.6,98.6,0.4,-2.299999999999997,-0.2,0.3333333333333333,0.6666666666666666,-0.3333333333333333,-3.0,-1.0,-10.599999999999994,-4.199999999999989,-6.400000000000006,0,1,0.0,1,1434.82,1446.57,-11.76,9,8,1,0
2024_0211_450_219,2023-24,2024-02-11 00:00:00+00:00,FC Bayern Muenchen Basketball,SYNTAINICS MBC Weissenfels,219,450,91.8,76.2,1.0,94.2,92.6,0.4,-2.4000000000000057,0.6,91.0,75.7,1.0,85.3,92.3,0.3,5.700000000000003,0.7,1.0,0.3333333333333333,0.6666666666666667,5.0,-1.0,15.599999999999994,1.6000000000000085,13.999999999999986,7,7,1.0,1,1656.04,1408.2,247.84,6,8,-2,1
2024_0211_2457_10,2023-24,2024-02-11 00:00:00+00:00,ALBA Berlin,Rasta Vechta,10,2457,87.0,86.0,0.6,96.2,82.6,0.8,-9.200000000000003,-0.20000000000000007,87.2,86.4,0.6,91.1,82.2,0.7,-3.8999999999999915,-0.09999999999999998,0.6666666666666666,0.6666666666666666,0.0,1.0,3.0,1.0,13.600000000000009,-12.600000000000009,3,3,1.0,1,1657.86,1539.85,118.01,7,7,0,1
2024_0213_132_215,2023-24,2024-02-13 00:00:00+00:00,MLP Academics Heidelberg,Bamberg Baskets,215,132,82.8,99.2,0.2,81.6,89.6,0.2,1.2000000000000028,0.0,81.4,99.6,0.1,84.6,88.2,0.3,-3.1999999999999886,-0.19999999999999998,0.0,0.3333333333333333,-0.3333333333333333,-3.0,-3.0,-16.400000000000006,-8.0,-8.400000000000006,1,5,0.2,1,1386.66,1442.69,-56.03,4,4,0,0
2024_0213_40_450,2023-24,2024-02-13 00:00:00+00:00,SYNTAINICS MBC Weissenfels,Basketball Loewen Braunschweig,450,40,96.2,98.4,0.4,89.6,81.8,0.8,6.6000000000000085,-0.4,85.8,95.3,0.3,86.4,84.5,0.6,-0.6000000000000085,-0.3,0.0,1.0,-1.0,-1.0,3.0,-2.200000000000003,7.799999999999997,-10.0,5,7,0.7142857142857143,1,1405.82,1476.55,-70.73,2,4,-2,0
2024_0213_219_1791,2023-24,2024-02-13 00:00:00+00:00,NINERS Chemnitz,FC Bayern Muenchen Basketball,1791,219,87.6,79.8,0.8,96.8,76.4,1.0,-9.200000000000003,-0.19999999999999996,88.2,78.2,0.8,93.4,75.9,1.0,-5.200000000000003,-0.19999999999999996,1.0,1.0,0.0,3.0,5.0,7.799999999999997,20.39999999999999,-12.599999999999994,3,7,0.42857142857142855,1,1606.48,1658.42,-51.93,3,2,1,0
2024_0213_127_19629,2023-24,2024-02-13 00:00:00+00:00,Veolia Towers Hamburg,Ratiopharm Ulm,19629,127,89.4,88.0,0.4,89.4,95.0,0.2,0.0,0.2,89.1,87.1,0.6,92.2,89.7,0.5,-3.1000000000000085,0.09999999999999998,0.3333333333333333,0.0,0.3333333333333333,-1.0,-3.0,1.4000000000000057,-5.599999999999994,7.0,0,7,0.0,1,1496.26,1601.84,-105.58,3,3,0,0
2024_0213_10_214,2023-24,2024-02-13 00:00:00+00:00,BG Goettingen,ALBA Berlin,214,10,95.6,91.6,0.6,91.2,84.4,0.8,4.3999999999999915,-0.20000000000000007,94.1,95.2,0.5,87.8,88.9,0.6,6.299999999999997,-0.09999999999999998,0.6666666666666666,0.6666666666666666,0.0,1.0,3.0,4.0,6.799999999999997,-2.799999999999997,2,7,0.2857142857142857,1,1459.06,1662.3,-203.24,2,2,0,0
2024_0214_41_2745,2023-24,2024-02-14 00:00:00+00:00,FITOne Wuerzburg Baskets,MHP Riesen Ludwigsburg,2745,41,88.4,81.6,0.6,93.0,77.0,0.8,-4.599999999999994,-0.20000000000000007,91.0,83.9,0.8,89.9,80.8,0.6,1.0999999999999943,0.20000000000000007,0.6666666666666666,0.6666666666666666,0.0,1.0,3.0,6.800000000000011,16.0,-9.199999999999989,1,7,0.14285714285714285,1,1542.2,1573.66,-31.46,5,4,1,1
2024_0214_1634_2315,2023-24,2024-02-14 00:00:00+00:00,Merlins Crailsheim,EWE Baskets Oldenburg,2315,1634,79.0,93.8,0.2,86.0,86.0,0.6,-7.0,-0.39999999999999997,81.6,92.4,0.2,84.5,88.6,0.4,-2.9000000000000057,-0.2,0.3333333333333333,0.3333333333333333,0.0,-3.0,1.0,-14.799999999999997,0.0,-14.799999999999997,3,7,0.42857142857142855,1,1395.58,1508.12,-112.55,4,4,0,0
2024_0214_1774_2457,2023-24,2024-02-14 00:00:00+00:00,Rasta Vechta,Rostock Seawolves,2457,1774,91.4,87.0,0.6,88.2,101.0,0.0,3.200000000000003,0.6,92.5,83.3,0.7,91.3,94.0,0.3,1.2000000000000028,0.39999999999999997,0.6666666666666666,0.0,0.6666666666666666,1.0,-5.0,4.400000000000006,-12.799999999999997,17.200000000000003,1,1,1.0,1,1535.42,1442.6,92.81,3,4,-1,1
2024_0214_447_1510,2023-24,2024-02-14 00:00:00+00:00,Telekom Baskets Bonn,Baskets Paderborn,1510,447,89.8,89.8,0.6,85.0,100.6,0.2,4.799999999999997,0.39999999999999997,92.3,89.5,0.6,87.9,99.6,0.2,4.3999999999999915,0.39999999999999997,1.0,0.3333333333333333,0.6666666666666667,1.0,-3.0,0.0,-15.599999999999994,15.599999999999994,0,1,0.0,1,1644.64,1422.33,222.31,4,3,1,1
2024_0228_219_214,2023-24,2024-02-28 00:00:00+00:00,BG Goettingen,FC Bayern Muenchen Basketball,214,219,95.6,92.0,0.6,96.4,78.6,1.0,-0.8000000000000114,-0.4,93.4,97.5,0.4,93.8,75.8,1.0,-0.3999999999999915,-0.6,0.3333333333333333,1.0,-0.6666666666666667,1.0,5.0,3.5999999999999943,17.80000000000001,-14.200000000000017,1,6,0.16666666666666666,1,1451.95,1669.79,-217.84,15,15,0,0
2024_0301_2745_2315,2023-24,2024-03-01 00:00:00+00:00,Merlins Crailsheim,FITOne Wuerzburg Baskets,2315,2745,78.8,88.6,0.2,90.8,81.8,0.8,-12.0,-0.6000000000000001,78.7,90.7,0.2,90.7,85.2,0.8,-12.0,-0.6000000000000001,0.3333333333333333,0.6666666666666666,-0.3333333333333333,-3.0,3.0,-9.799999999999997,9.0,-18.799999999999997,2,7,0.2857142857142857,1,1385.94,1550.26,-164.32,16,16,0,0
2024_0302_132_447,2023-24,2024-03-02 00:00:00+00:00,Baskets Paderborn,Bamberg Baskets,447,132,85.8,96.2,0.2,87.4,88.0,0.4,-1.6000000000000085,-0.2,87.5,99.4,0.2,84.7,87.8,0.3,2.799999999999997,-0.09999999999999998,0.0,0.6666666666666666,-0.6666666666666666,-3.0,-1.0,-10.400000000000006,-0.5999999999999943,-9.800000000000011,1,1,1.0,1,1419.63,1453.95,-34.33,17,18,-1,0
2024_0302_1791_127,2023-24,2024-03-02 00:00:00+00:00,Ratiopharm Ulm,NINERS Chemnitz,127,1791,85.6,87.8,0.4,86.6,82.2,0.6,-1.0,-0.19999999999999996,92.5,87.2,0.6,86.9,80.2,0.7,5.599999999999994,-0.09999999999999998,0.3333333333333333,0.6666666666666666,-0.3333333333333333,-1.0,1.0,-2.200000000000003,4.3999999999999915,-6.599999999999994,5,7,0.7142857142857143,1,1611.68,1595.11,16.57,18,18,0,0
2024_0302_450_1774,2023-24,2024-03-02 00:00:00+00:00,Rostock Seawolves,SYNTAINICS MBC Weissenfels,1774,450,84.8,97.2,0.0,89.6,100.4,0.2,-4.799999999999997,-0.2,88.3,94.3,0.2,85.8,96.3,0.2,2.5,0.0,0.0,0.0,0.0,-5.0,-3.0,-12.400000000000006,-10.800000000000011,-1.5999999999999943,1,3,0.3333333333333333,1,1437.65,1394.98,42.67,17,18,-1,0
2024_0302_2457_41,2023-24,2024-03-02 00:00:00+00:00,MHP Riesen Ludwigsburg,Rasta Vechta,41,2457,90.0,84.0,0.6,88.6,82.0,0.6,1.4000000000000057,0.0,91.2,82.1,0.6,92.7,82.4,0.7,-1.5,-0.09999999999999998,0.6666666666666666,0.6666666666666666,0.0,1.0,1.0,6.0,6.599999999999994,-0.5999999999999943,3,3,1.0,1,1565.61,1540.38,25.23,17,17,0,1
2024_0303_10_1634,2023-24,2024-03-03 00:00:00+00:00,EWE Baskets Oldenburg,ALBA Berlin,1634,10,80.8,80.6,0.6,94.8,85.0,0.8,-14.0,-0.20000000000000007,84.0,85.4,0.5,91.1,86.6,0.7,-7.099999999999994,-0.19999999999999996,0.3333333333333333,1.0,-0.6666666666666667,1.0,3.0,0.20000000000000284,9.799999999999997,-9.599999999999994,1,7,0.14285714285714285,1,1517.76,1669.41,-151.65,18,19,-1,0
2024_0303_214_215,2023-24,2024-03-03 00:00:00+00:00,MLP Academics Heidelberg,BG Goettingen,215,214,82.6,102.2,0.0,87.2,90.2,0.4,-4.6000000000000085,-0.4,82.8,100.1,0.1,92.2,97.1,0.4,-9.400000000000006,-0.30000000000000004,0.0,0.3333333333333333,-0.3333333333333333,-5.0,-1.0,-19.60000000000001,-3.0,-16.60000000000001,2,5,0.4,1,1375.41,1445.22,-69.81,19,4,15,0
2024_0303_219_1510,2023-24,2024-03-03 00:00:00+00:00,Telekom Baskets Bonn,FC Bayern Muenchen Basketball,1510,219,92.8,89.2,0.8,96.4,78.8,1.0,-3.6000000000000085,-0.19999999999999996,93.7,88.0,0.7,92.9,75.2,1.0,0.7999999999999972,-0.30000000000000004,1.0,1.0,0.0,3.0,5.0,3.5999999999999943,17.60000000000001,-14.000000000000014,4,7,0.5714285714285714,1,1647.34,1676.53,-29.18,18,4,14,0
2024_0309_1634_2745,2023-24,2024-03-09 00:00:00+00:00,FITOne Wuerzburg Baskets,EWE Baskets Oldenburg,2745,1634,89.8,82.2,0.8,76.0,81.6,0.4,13.799999999999997,0.4,89.5,83.6,0.8,81.8,86.8,0.4,7.700000000000003,0.4,1.0,0.3333333333333333,0.6666666666666667,3.0,-1.0,7.599999999999994,-5.599999999999994,13.199999999999989,3,7,0.42857142857142855,1,1558.42,1509.24,49.19,8,6,2,1
2024_0309_127_214,2023-24,2024-03-09 00:00:00+00:00,BG Goettingen,Ratiopharm Ulm,214,127,85.2,90.4,0.4,85.2,89.2,0.2,0.0,0.2,90.3,95.3,0.4,90.9,86.6,0.5,-0.6000000000000085,-0.09999999999999998,0.3333333333333333,0.3333333333333333,0.0,-1.0,-3.0,-5.200000000000003,-4.0,-1.2000000000000028,3,7,0.42857142857142855,1,1456.08,1598.44,-142.36,6,7,-1,0
2024_0309_2315_1791,2023-24,2024-03-09 00:00:00+00:00,NINERS Chemnitz,Merlins Crailsheim,1791,2315,88.6,81.4,0.8,80.8,89.8,0.2,7.799999999999997,0.6000000000000001,87.1,80.4,0.7,77.1,89.5,0.2,10.0,0.49999999999999994,0.6666666666666666,0.0,0.6666666666666666,3.0,-3.0,7.199999999999989,-9.0,16.19999999999999,3,7,0.42857142857142855,1,1608.34,1377.77,230.58,7,8,-1,1
2024_0309_41_132,2023-24,2024-03-09 00:00:00+00:00,Bamberg Baskets,MHP Riesen Ludwigsburg,132,41,91.6,86.4,0.6,91.8,83.6,0.6,-0.20000000000000284,0.0,85.2,85.5,0.4,91.6,81.0,0.7,-6.3999999999999915,-0.29999999999999993,0.6666666666666666,0.6666666666666666,0.0,1.0,1.0,5.199999999999989,8.200000000000003,-3.000000000000014,2,7,0.2857142857142857,1,1465.82,1572.15,-106.33,7,7,0,1
2024_0309_447_450,2023-24,2024-03-09 00:00:00+00:00,SYNTAINICS MBC Weissenfels,Baskets Paderborn,450,447,88.6,102.8,0.2,82.0,92.4,0.2,6.599999999999994,0.0,89.3,97.6,0.3,85.2,99.9,0.1,4.099999999999994,0.19999999999999998,0.3333333333333333,0.0,0.3333333333333333,-3.0,-3.0,-14.200000000000003,-10.400000000000006,-3.799999999999997,1,1,1.0,1,1408.87,1407.76,1.11,7,7,0,0
2024_0310_215_1510,2023-24,2024-03-10 00:00:00+00:00,Telekom Baskets Bonn,MLP Academics Heidelberg,1510,215,91.6,88.2,0.8,82.8,98.8,0.0,8.799999999999997,0.8,91.0,87.6,0.6,83.0,99.7,0.1,8.0,0.5,0.6666666666666666,0.0,0.6666666666666666,3.0,-5.0,3.3999999999999915,-16.0,19.39999999999999,5,5,1.0,1,1635.33,1364.54,270.79,7,7,0,0
2024_0310_40_19629,2023-24,2024-03-10 00:00:00+00:00,Veolia Towers Hamburg,Basketball Loewen Braunschweig,19629,40,81.2,85.8,0.2,90.6,81.2,1.0,-9.399999999999991,-0.8,87.5,87.3,0.5,87.4,82.5,0.7,0.09999999999999432,-0.19999999999999996,0.3333333333333333,1.0,-0.6666666666666667,-3.0,5.0,-4.599999999999994,9.399999999999991,-13.999999999999986,5,7,0.7142857142857143,1,1486.42,1487.39,-0.97,26,26,0,1
2024_0310_219_2457,2023-24,2024-03-10 00:00:00+00:00,Rasta Vechta,FC Bayern Muenchen Basketball,2457,219,88.2,83.8,0.6,94.8,78.8,1.0,-6.599999999999994,-0.4,91.9,82.9,0.7,92.3,75.9,1.0,-0.3999999999999915,-0.30000000000000004,0.3333333333333333,1.0,-0.6666666666666667,1.0,5.0,4.400000000000006,16.0,-11.599999999999994,0,3,0.0,1,1533.83,1688.54,-154.7,8,7,1,1
2024_0310_1774_10,2023-24,2024-03-10 00:00:00+00:00,ALBA Berlin,Rostock Seawolves,10,1774,92.8,81.0,0.8,89.6,100.2,0.0,3.200000000000003,0.8,91.7,84.6,0.8,88.4,97.1,0.1,3.299999999999997,0.7000000000000001,1.0,0.0,1.0,3.0,-5.0,11.799999999999997,-10.600000000000009,22.400000000000006,2,2,1.0,1,1677.94,1423.76,254.18,7,8,-1,1
2024_0313_2745_214,2023-24,2024-03-13 00:00:00+00:00,BG Goettingen,FITOne Wuerzburg Baskets,214,2745,86.4,89.2,0.4,93.8,82.4,0.8,-7.3999999999999915,-0.4,89.9,93.4,0.4,90.8,83.4,0.8,-0.8999999999999915,-0.4,0.3333333333333333,1.0,-0.6666666666666667,-1.0,3.0,-2.799999999999997,11.399999999999991,-14.199999999999989,5,6,0.8333333333333334,1,1447.3,1564.38,-117.08,4,4,0,0
2024_0315_41_40,2023-24,2024-03-15 00:00:00+00:00,Basketball Loewen Braunschweig,MHP Riesen Ludwigsburg,40,41,88.6,83.4,0.8,92.2,83.8,0.6,-3.6000000000000085,0.20000000000000007,86.1,82.4,0.6,89.9,82.2,0.6,-3.8000000000000114,0.0,0.6666666666666666,0.3333333333333333,0.3333333333333333,3.0,1.0,5.199999999999989,8.400000000000006,-3.200000000000017,1,7,0.14285714285714285,1,1480.17,1561.97,-81.8,5,6,-1,0
2024_0316_10_447,2023-24,2024-03-16 00:00:00+00:00,Baskets Paderborn,ALBA Berlin,447,10,80.2,92.8,0.2,93.0,80.8,1.0,-12.799999999999997,-0.8,86.6,98.1,0.2,90.3,83.6,0.8,-3.700000000000003,-0.6000000000000001,0.3333333333333333,1.0,-0.6666666666666667,-3.0,5.0,-12.599999999999994,12.200000000000003,-24.799999999999997,0,1,0.0,1,1420.59,1680.24,-259.65,7,6,1,0
2024_0316_215_1774,2023-24,2024-03-16 00:00:00+00:00,Rostock Seawolves,MLP Academics Heidelberg,1774,215,86.6,94.6,0.0,85.8,96.4,0.2,0.7999999999999972,-0.2,86.1,95.5,0.0,81.3,97.1,0.2,4.799999999999997,-0.2,0.0,0.3333333333333333,-0.3333333333333333,-5.0,-3.0,-8.0,-10.600000000000009,2.6000000000000085,1,3,0.3333333333333333,1,1421.45,1382.42,39.03,6,6,0,0
2024_0316_450_2315,2023-24,2024-03-16 00:00:00+00:00,Merlins Crailsheim,SYNTAINICS MBC Weissenfels,2315,450,81.0,89.6,0.2,85.8,100.4,0.2,-4.799999999999997,0.0,78.6,89.7,0.2,89.7,96.4,0.3,-11.100000000000009,-0.09999999999999998,0.0,0.3333333333333333,-0.3333333333333333,-3.0,-3.0,-8.599999999999994,-14.600000000000009,6.000000000000014,3,7,0.42857142857142855,1,1375.17,1396.04,-20.87,7,7,0,0
2024_0317_132_1791,2023-24,2024-03-17 00:00:00+00:00,NINERS Chemnitz,Bamberg Baskets,1791,132,88.2,82.4,0.8,92.0,85.6,0.8,-3.799999999999997,0.0,87.3,81.9,0.7,86.6,85.9,0.5,0.7000000000000028,0.19999999999999996,0.6666666666666666,1.0,-0.33333333333333337,3.0,3.0,5.799999999999997,6.400000000000006,-0.6000000000000085,4,7,0.5714285714285714,1,1610.94,1476.0,134.94,8,8,0,1
2024_0317_214_219,2023-24,2024-03-17 00:00:00+00:00,FC Bayern Muenchen Basketball,BG Goettingen,219,214,93.8,82.2,0.8,78.2,92.2,0.2,15.599999999999994,0.6000000000000001,92.8,79.2,0.9,86.9,91.9,0.4,5.8999999999999915,0.5,0.6666666666666666,0.3333333333333333,0.3333333333333333,3.0,-3.0,11.599999999999994,-14.0,25.599999999999994,6,7,0.8571428571428571,1,1676.97,1437.79,239.19,7,4,3,1
2024_0317_2745_19629,2023-24,2024-03-17 00:00:00+00:00,Veolia Towers Hamburg,FITOne Wuerzburg Baskets,19629,2745,81.4,81.6,0.4,93.0,74.4,1.0,-11.599999999999994,-0.6,86.2,85.7,0.5,91.0,81.6,0.8,-4.799999999999997,-0.30000000000000004,0.6666666666666666,1.0,-0.33333333333333337,-1.0,5.0,-0.19999999999998863,18.599999999999994,-18.799999999999983,5,7,0.7142857142857143,1,1493.65,1573.89,-80.24,7,4,3,0
2024_0318_2457_127,2023-24,2024-03-18 00:00:00+00:00,Ratiopharm Ulm,Rasta Vechta,127,2457,88.2,85.4,0.4,90.4,87.2,0.6,-2.200000000000003,-0.19999999999999996,89.3,86.9,0.5,90.9,84.3,0.7,-1.6000000000000085,-0.19999999999999996,0.6666666666666666,0.6666666666666666,0.0,-1.0,1.0,2.799999999999997,3.200000000000003,-0.4000000000000057,1,3,0.3333333333333333,1,1607.23,1545.39,61.84,9,8,1,0
2024_0322_1774_132,2023-24,2024-03-22 00:00:00+00:00,Bamberg Baskets,Rostock Seawolves,132,1774,87.2,91.2,0.6,85.8,93.4,0.0,1.4000000000000057,0.6,87.6,87.7,0.5,86.6,95.8,0.0,1.0,0.5,0.6666666666666666,0.0,0.6666666666666666,1.0,-5.0,-4.0,-7.6000000000000085,3.6000000000000085,2,3,0.6666666666666666,1,1471.89,1407.65,64.24,5,6,-1,1
2024_0322_447_41,2023-24,2024-03-22 00:00:00+00:00,MHP Riesen Ludwigsburg,Baskets Paderborn,41,447,90.0,85.8,0.6,77.0,96.0,0.2,13.0,0.39999999999999997,88.1,81.0,0.6,84.1,98.9,0.2,4.0,0.39999999999999997,0.6666666666666666,0.3333333333333333,0.3333333333333333,1.0,-3.0,4.200000000000003,-19.0,23.200000000000003,1,1,1.0,1,1572.49,1414.89,157.61,7,6,1,1
2024_0323_2315_214,2023-24,2024-03-23 00:00:00+00:00,BG Goettingen,Merlins Crailsheim,214,2315,75.4,86.0,0.2,80.4,92.2,0.0,-5.0,0.2,85.5,89.0,0.4,79.5,90.6,0.2,6.0,0.2,0.0,0.0,0.0,-3.0,-5.0,-10.599999999999994,-11.799999999999997,1.2000000000000028,4,7,0.5714285714285714,1,1435.3,1362.93,72.37,6,7,-1,0
2024_0323_1634_215,2023-24,2024-03-23 00:00:00+00:00,MLP Academics Heidelberg,EWE Baskets Oldenburg,215,1634,86.0,91.8,0.4,73.0,83.8,0.2,13.0,0.2,84.4,97.4,0.3,81.4,86.0,0.4,3.0,-0.10000000000000003,0.6666666666666666,0.3333333333333333,0.3333333333333333,-1.0,-3.0,-5.799999999999997,-10.799999999999997,5.0,2,5,0.4,1,1396.22,1503.29,-107.06,7,14,-7,0
2024_0323_127_2745,2023-24,2024-03-23 00:00:00+00:00,FITOne Wuerzburg Baskets,Ratiopharm Ulm,2745,127,91.4,76.6,1.0,86.8,83.0,0.4,4.6000000000000085,0.6,89.9,79.1,0.8,88.4,88.2,0.4,1.5,0.4,1.0,0.3333333333333333,0.6666666666666667,5.0,-1.0,14.800000000000011,3.799999999999997,11.000000000000014,1,7,0.14285714285714285,1,1584.45,1592.88,-8.43,6,5,1,0
2024_0324_19629_219,2023-24,2024-03-24 00:00:00+00:00,FC Bayern Muenchen Basketball,Veolia Towers Hamburg,219,19629,86.0,79.2,0.8,82.4,85.0,0.4,3.5999999999999943,0.4,91.4,77.8,0.9,84.4,84.5,0.5,7.0,0.4,0.6666666666666666,0.3333333333333333,0.3333333333333333,3.0,-1.0,6.799999999999997,-2.5999999999999943,9.399999999999991,3,7,0.42857142857142855,1,1679.46,1483.08,196.38,7,7,0,1
2024_0324_1791_10,2023-24,2024-03-24 00:00:00+00:00,ALBA Berlin,NINERS Chemnitz,10,1791,95.8,77.0,1.0,90.6,81.2,0.8,5.200000000000003,0.19999999999999996,91.4,81.5,0.8,88.9,80.2,0.8,2.5,0.0,1.0,1.0,0.0,5.0,3.0,18.799999999999997,9.399999999999991,9.400000000000006,6,7,0.8571428571428571,1,1685.94,1615.05,70.89,8,7,1,1
2024_0325_40_2457,2023-24,2024-03-25 00:00:00+00:00,Rasta Vechta,Basketball Loewen Braunschweig,2457,40,85.8,86.0,0.6,86.8,82.6,0.6,-1.0,0.0,91.0,84.3,0.7,83.3,82.8,0.5,7.700000000000003,0.19999999999999996,0.6666666666666666,0.3333333333333333,0.3333333333333333,1.0,1.0,-0.20000000000000284,4.200000000000003,-4.400000000000006,1,3,0.3333333333333333,1,1559.74,1469.64,90.1,7,10,-3,1
2024_0326_1510_1634,2023-24,2024-03-26 00:00:00+00:00,EWE Baskets Oldenburg,Telekom Baskets Bonn,1634,1510,78.2,80.6,0.4,89.0,88.2,0.6,-10.799999999999997,-0.19999999999999996,83.5,85.4,0.5,90.5,87.0,0.6,-7.0,-0.09999999999999998,0.3333333333333333,0.3333333333333333,0.0,-1.0,1.0,-2.3999999999999915,0.7999999999999972,-3.1999999999999886,2,7,0.2857142857142857,1,1513.08,1617.45,-104.36,3,16,-13,0
2024_0327_19629_450,2023-24,2024-03-27 00:00:00+00:00,SYNTAINICS MBC Weissenfels,Veolia Towers Hamburg,450,19629,89.8,97.4,0.4,82.4,83.8,0.4,7.3999999999999915,0.0,92.0,95.0,0.4,83.5,84.2,0.4,8.5,0.0,0.6666666666666666,0.3333333333333333,0.3333333333333333,-1.0,-1.0,-7.6000000000000085,-1.3999999999999915,-6.200000000000017,1,7,0.14285714285714285,1,1408.28,1480.01,-71.73,11,3,8,0
2024_0330_450_1791,2023-24,2024-03-30 00:00:00+00:00,NINERS Chemnitz,SYNTAINICS MBC Weissenfels,1791,450,89.0,84.2,0.6,87.8,95.6,0.4,1.2000000000000028,0.19999999999999996,88.3,82.0,0.7,92.0,97.0,0.4,-3.700000000000003,0.29999999999999993,0.6666666666666666,0.3333333333333333,0.3333333333333333,1.0,-1.0,4.799999999999997,-7.799999999999997,12.599999999999994,7,7,1.0,1,1609.61,1397.47,212.14,6,3,3,1
2024_0330_215_2315,2023-24,2024-03-30 00:00:00+00:00,Merlins Crailsheim,MLP Academics Heidelberg,2315,215,78.6,87.4,0.2,86.2,92.8,0.4,-7.6000000000000085,-0.2,78.8,90.6,0.2,84.5,96.0,0.3,-5.700000000000003,-0.09999999999999998,0.3333333333333333,0.6666666666666666,-0.3333333333333333,-3.0,-1.0,-8.800000000000011,-6.599999999999994,-2.200000000000017,2,5,0.4,1,1377.52,1386.43,-8.9,7,7,0,0
2024_0330_2745_447,2023-24,2024-03-30 00:00:00+00:00,Baskets Paderborn,FITOne Wuerzburg Baskets,447,2745,78.8,95.4,0.2,88.4,75.8,0.8,-9.600000000000009,-0.6000000000000001,81.9,98.0,0.2,89.6,78.8,0.8,-7.699999999999989,-0.6000000000000001,0.3333333333333333,0.6666666666666666,-0.3333333333333333,-3.0,3.0,-16.60000000000001,12.600000000000009,-29.200000000000017,0,1,0.0,1,1411.19,1571.88,-160.69,8,7,1,0
2024_0330_1510_2457,2023-24,2024-03-30 00:00:00+00:00,Rasta Vechta,Telekom Baskets Bonn,2457,1510,86.4,82.2,0.8,91.6,89.2,0.6,-5.199999999999989,0.20000000000000007,88.9,84.6,0.7,91.7,88.1,0.6,-2.799999999999997,0.09999999999999998,1.0,0.3333333333333333,0.6666666666666667,3.0,1.0,4.200000000000003,2.3999999999999915,1.8000000000000114,1,3,0.3333333333333333,1,1564.76,1627.32,-62.56,5,4,1,0
2024_0331_10_19629,2023-24,2024-03-31 00:00:00+00:00,Veolia Towers Hamburg,ALBA Berlin,19629,10,82.8,81.2,0.4,93.0,75.0,1.0,-10.200000000000003,-0.6,86.1,84.6,0.4,92.1,79.7,0.9,-6.0,-0.5,0.3333333333333333,1.0,-0.6666666666666667,-1.0,5.0,1.5999999999999943,18.0,-16.400000000000006,2,6,0.3333333333333333,1,1490.82,1691.39,-200.57,4,7,-3,0
2024_0331_132_219,2023-24,2024-03-31 00:00:00+00:00,FC Bayern Muenchen Basketball,Bamberg Baskets,219,132,84.4,79.2,0.8,93.8,88.6,0.8,-9.399999999999991,0.0,90.4,78.9,0.9,87.7,89.1,0.5,2.700000000000003,0.4,0.6666666666666666,0.6666666666666666,0.0,3.0,3.0,5.200000000000003,5.200000000000003,0.0,6,6,1.0,1,1682.53,1477.49,205.04,7,9,-2,1
2024_0331_41_127,2023-24,2024-03-31 00:00:00+00:00,Ratiopharm Ulm,MHP Riesen Ludwigsburg,127,41,84.8,79.2,0.6,89.6,83.8,0.6,-4.799999999999997,0.0,87.1,87.1,0.4,91.3,80.4,0.7,-4.200000000000003,-0.29999999999999993,0.6666666666666666,0.6666666666666666,0.0,1.0,1.0,5.599999999999994,5.799999999999997,-0.20000000000000284,2,7,0.2857142857142857,1,1605.46,1576.19,29.27,8,9,-1,1
2024_0331_1774_1634,2023-24,2024-03-31 00:00:00+00:00,EWE Baskets Oldenburg,Rostock Seawolves,1634,1774,81.4,83.2,0.4,86.2,92.0,0.0,-4.799999999999997,0.4,83.7,84.6,0.5,87.2,96.5,0.0,-3.5,0.5,0.3333333333333333,0.0,0.3333333333333333,-1.0,-5.0,-1.7999999999999972,-5.799999999999997,4.0,3,3,1.0,1,1503.21,1402.06,101.15,5,9,-4,1
2024_0401_214_40,2023-24,2024-04-01 00:00:00+00:00,Basketball Loewen Braunschweig,BG Goettingen,40,214,82.6,83.2,0.4,75.8,84.8,0.2,6.799999999999997,0.2,83.9,83.0,0.5,81.5,87.5,0.3,2.4000000000000057,0.2,0.0,0.0,0.0,-1.0,-3.0,-0.6000000000000085,-9.0,8.399999999999991,3,7,0.42857142857142855,1,1464.63,1420.71,43.92,7,9,-2,0
2024_0405_447_1774,2023-24,2024-04-05 00:00:00+00:00,Rostock Seawolves,Baskets Paderborn,1774,447,83.6,93.4,0.0,78.6,96.2,0.2,5.0,-0.2,84.2,95.3,0.0,82.2,96.2,0.2,2.0,-0.2,0.0,0.0,0.0,-5.0,-3.0,-9.800000000000011,-17.60000000000001,7.799999999999997,1,1,1.0,1,1397.28,1402.91,-5.64,5,6,-1,1
2024_0406_1791_1510,2023-24,2024-04-06 00:00:00+00:00,Telekom Baskets Bonn,NINERS Chemnitz,1510,1791,88.0,85.2,0.6,95.2,85.4,0.8,-7.200000000000003,-0.20000000000000007,88.9,87.5,0.6,90.9,83.8,0.7,-2.0,-0.09999999999999998,0.6666666666666666,0.6666666666666666,0.0,1.0,3.0,2.799999999999997,9.799999999999997,-7.0,4,7,0.5714285714285714,1,1638.39,1612.45,25.94,7,7,0,0
2024_0406_2315_2457,2023-24,2024-04-06 00:00:00+00:00,Rasta Vechta,Merlins Crailsheim,2457,2315,83.4,82.8,0.6,84.2,89.4,0.2,-0.7999999999999972,0.39999999999999997,86.0,82.4,0.6,81.5,89.0,0.2,4.5,0.39999999999999997,0.6666666666666666,0.3333333333333333,0.3333333333333333,1.0,-3.0,0.6000000000000085,-5.200000000000003,5.800000000000011,1,3,0.3333333333333333,1,1553.68,1364.96,188.72,7,7,0,0
2024_0406_1634_450,2023-24,2024-04-06 00:00:00+00:00,SYNTAINICS MBC Weissenfels,EWE Baskets Oldenburg,450,1634,90.6,100.2,0.4,85.2,84.4,0.4,5.3999999999999915,0.0,90.1,100.3,0.3,83.0,82.5,0.5,7.099999999999994,-0.2,0.3333333333333333,0.6666666666666666,-0.3333333333333333,-1.0,-1.0,-9.600000000000009,0.7999999999999972,-10.400000000000006,1,7,0.14285714285714285,1,1394.62,1507.99,-113.37,7,6,1,0
2024_0406_127_132,2023-24,2024-04-06 00:00:00+00:00,Bamberg Baskets,Ratiopharm Ulm,132,127,90.4,91.8,0.6,87.0,77.2,0.6,3.4000000000000057,0.0,88.9,89.9,0.5,86.3,82.5,0.5,2.6000000000000085,0.0,0.3333333333333333,0.6666666666666666,-0.3333333333333333,1.0,1.0,-1.3999999999999915,9.799999999999997,-11.199999999999989,5,7,0.7142857142857143,1,1474.54,1611.9,-137.36,6,6,0,0
2024_0407_219_40,2023-24,2024-04-07 00:00:00+00:00,Basketball Loewen Braunschweig,FC Bayern Muenchen Basketball,40,219,78.4,83.0,0.2,87.0,80.6,0.8,-8.599999999999994,-0.6000000000000001,84.0,82.4,0.5,91.7,79.7,0.9,-7.700000000000003,-0.4,0.0,1.0,-1.0,-3.0,3.0,-4.599999999999994,6.400000000000006,-11.0,2,7,0.2857142857142857,1,1450.71,1685.48,-234.77,6,7,-1,0
2024_0407_214_2745,2023-24,2024-04-07 00:00:00+00:00,FITOne Wuerzburg Baskets,BG Goettingen,2745,214,90.4,76.0,0.8,72.0,81.2,0.2,18.400000000000006,0.6000000000000001,90.1,79.1,0.8,78.6,85.8,0.3,11.5,0.5,0.6666666666666666,0.3333333333333333,0.3333333333333333,3.0,-3.0,14.400000000000006,-9.200000000000003,23.60000000000001,2,7,0.2857142857142857,1,1580.15,1434.63,145.52,8,6,2,1
2024_0407_10_41,2023-24,2024-04-07 00:00:00+00:00,MHP Riesen Ludwigsburg,ALBA Berlin,41,10,83.4,83.8,0.6,88.4,71.0,1.0,-5.0,-0.4,86.7,83.9,0.6,91.6,78.0,0.9,-4.8999999999999915,-0.30000000000000004,0.6666666666666666,1.0,-0.33333333333333337,1.0,5.0,-0.3999999999999915,17.400000000000006,-17.799999999999997,4,7,0.5714285714285714,1,1569.75,1698.57,-128.82,7,7,0,0
2024_0408_19629_215,2023-24,2024-04-08 00:00:00+00:00,MLP Academics Heidelberg,Veolia Towers Hamburg,215,19629,87.6,90.4,0.6,81.8,81.6,0.4,5.799999999999997,0.19999999999999996,85.1,96.3,0.3,81.5,83.7,0.3,3.5999999999999943,0.0,0.6666666666666666,0.3333333333333333,0.3333333333333333,1.0,-1.0,-2.8000000000000114,0.20000000000000284,-3.000000000000014,0,5,0.0,1,1398.99,1483.63,-84.64,9,8,1,1
2024_0413_40_2315,2023-24,2024-04-13 00:00:00+00:00,Merlins Crailsheim,Basketball Loewen Braunschweig,2315,40,88.6,90.8,0.4,73.0,85.0,0.0,15.599999999999994,0.4,84.7,90.3,0.3,81.8,83.1,0.5,2.9000000000000057,-0.2,0.6666666666666666,0.0,0.6666666666666666,-1.0,-5.0,-2.200000000000003,-12.0,9.799999999999997,6,7,0.8571428571428571,1,1381.77,1444.4,-62.63,7,6,1,0
2024_0413_1791_447,2023-24,2024-04-13 00:00:00+00:00,Baskets Paderborn,NINERS Chemnitz,447,1791,78.4,95.2,0.2,94.6,82.2,0.8,-16.19999999999999,-0.6000000000000001,80.2,93.8,0.2,91.6,81.8,0.8,-11.399999999999991,-0.6000000000000001,0.0,0.6666666666666666,-0.6666666666666666,-3.0,3.0,-16.799999999999997,12.399999999999991,-29.19999999999999,0,1,0.0,1,1395.57,1625.92,-230.36,8,7,1,0
2024_0413_41_215,2023-24,2024-04-13 00:00:00+00:00,MLP Academics Heidelberg,MHP Riesen Ludwigsburg,215,41,86.0,87.4,0.8,84.4,89.4,0.4,1.5999999999999943,0.4,84.4,93.1,0.4,88.1,86.5,0.5,-3.6999999999999886,-0.09999999999999998,0.6666666666666666,0.3333333333333333,0.3333333333333333,3.0,-1.0,-1.4000000000000057,-5.0,3.5999999999999943,1,4,0.25,1,1408.55,1560.58,-152.03,5,6,-1,0
2024_0413_2457_1634,2023-24,2024-04-13 00:00:00+00:00,EWE Baskets Oldenburg,Rasta Vechta,1634,2457,90.8,85.0,0.6,87.6,86.0,0.6,3.200000000000003,0.0,83.4,83.3,0.5,87.9,84.9,0.6,-4.5,-0.09999999999999998,0.6666666666666666,0.3333333333333333,0.3333333333333333,1.0,1.0,5.799999999999997,1.5999999999999943,4.200000000000003,2,3,0.6666666666666666,1,1517.61,1536.87,-19.27,7,7,0,1
2024_0414_1510_214,2023-24,2024-04-14 00:00:00+00:00,BG Goettingen,Telekom Baskets Bonn,214,1510,69.8,78.0,0.2,82.8,84.8,0.4,-13.0,-0.2,78.1,83.6,0.3,87.8,87.0,0.6,-9.700000000000003,-0.3,0.3333333333333333,0.6666666666666666,-0.3333333333333333,-3.0,-1.0,-8.200000000000003,-2.0,-6.200000000000003,2,7,0.2857142857142857,1,1430.72,1624.92,-194.2,7,8,-1,0
2024_0414_132_19629,2023-24,2024-04-14 00:00:00+00:00,Veolia Towers Hamburg,Bamberg Baskets,19629,132,81.4,84.2,0.2,89.0,97.8,0.4,-7.599999999999994,-0.2,81.4,82.9,0.3,90.3,92.1,0.5,-8.899999999999991,-0.2,0.3333333333333333,0.3333333333333333,0.0,-3.0,-1.0,-2.799999999999997,-8.799999999999997,6.0,4,7,0.5714285714285714,1,1474.08,1465.61,8.46,6,8,-2,0
2024_0414_1774_127,2023-24,2024-04-14 00:00:00+00:00,Ratiopharm Ulm,Rostock Seawolves,127,1774,91.8,78.6,0.8,81.6,87.2,0.2,10.200000000000003,0.6000000000000001,88.5,83.9,0.5,85.6,93.7,0.1,2.9000000000000057,0.4,1.0,0.3333333333333333,0.6666666666666667,3.0,-3.0,13.200000000000003,-5.6000000000000085,18.80000000000001,1,3,0.3333333333333333,1,1620.83,1404.62,216.21,8,9,-1,1
2024_0414_450_10,2023-24,2024-04-14 00:00:00+00:00,ALBA Berlin,SYNTAINICS MBC Weissenfels,10,450,91.4,75.8,1.0,87.0,98.8,0.2,4.400000000000006,0.8,92.1,78.4,0.9,87.8,100.8,0.2,4.299999999999997,0.7,1.0,0.0,1.0,5.0,-3.0,15.600000000000009,-11.799999999999997,27.400000000000006,6,7,0.8571428571428571,1,1707.74,1385.01,322.74,7,8,-1,1
2024_0414_2745_219,2023-24,2024-04-14 00:00:00+00:00,FC Bayern Muenchen Basketball,FITOne Wuerzburg Baskets,219,2745,87.2,76.6,0.8,86.2,74.2,0.8,1.0,0.0,91.0,77.7,0.9,90.0,78.3,0.8,1.0,0.09999999999999998,1.0,0.6666666666666666,0.33333333333333337,3.0,3.0,10.600000000000009,12.0,-1.3999999999999915,6,7,0.8571428571428571,1,1691.78,1584.06,107.72,7,7,0,1
2024_0417_19629_10,2023-24,2024-04-17 00:00:00+00:00,ALBA Berlin,Veolia Towers Hamburg,10,19629,91.4,74.2,1.0,82.2,82.2,0.2,9.200000000000003,0.8,92.2,77.5,1.0,82.3,83.6,0.3,9.900000000000006,0.7,1.0,0.0,1.0,5.0,-3.0,17.200000000000003,0.0,17.200000000000003,5,7,0.7142857142857143,1,1709.36,1461.05,248.3,3,3,0,1
2024_0419_447_2457,2023-24,2024-04-19 00:00:00+00:00,Rasta Vechta,Baskets Paderborn,2457,447,86.0,86.0,0.4,77.2,102.2,0.0,8.799999999999997,0.4,88.2,86.6,0.5,78.7,97.5,0.1,9.5,0.4,0.0,0.0,0.0,-1.0,-5.0,0.0,-25.0,25.0,1,1,1.0,1,1529.16,1389.15,140.01,6,6,0,1
2024_0420_2315_1510,2023-24,2024-04-20 00:00:00+00:00,Telekom Baskets Bonn,Merlins Crailsheim,1510,2315,85.6,83.8,0.6,89.8,91.0,0.4,-4.200000000000003,0.19999999999999996,88.6,86.0,0.7,85.4,90.3,0.3,3.1999999999999886,0.39999999999999997,0.6666666666666666,0.3333333333333333,0.3333333333333333,1.0,-1.0,1.7999999999999972,-1.2000000000000028,3.0,4,7,0.5714285714285714,1,1632.27,1370.7,261.57,6,7,-1,0
2024_0420_19629_41,2023-24,2024-04-20 00:00:00+00:00,MHP Riesen Ludwigsburg,Veolia Towers Hamburg,41,19629,85.6,84.6,0.6,81.4,82.8,0.2,4.199999999999989,0.39999999999999997,88.9,84.2,0.6,81.9,83.3,0.3,7.0,0.3,0.3333333333333333,0.0,0.3333333333333333,1.0,-3.0,1.0,-1.3999999999999915,2.3999999999999915,6,7,0.8571428571428571,1,1569.09,1458.68,110.41,7,3,4,0
2024_0420_1634_40,2023-24,2024-04-20 00:00:00+00:00,Basketball Loewen Braunschweig,EWE Baskets Oldenburg,40,1634,78.6,86.4,0.2,93.2,82.2,0.8,-14.600000000000009,-0.6000000000000001,83.6,84.9,0.5,83.1,83.0,0.5,0.5,0.0,0.3333333333333333,1.0,-0.6666666666666667,-3.0,3.0,-7.800000000000011,11.0,-18.80000000000001,2,7,0.2857142857142857,1,1455.47,1525.32,-69.85,7,7,0,0
2024_0420_2745_1774,2023-24,2024-04-20 00:00:00+00:00,Rostock Seawolves,FITOne Wuerzburg Baskets,1774,2745,80.8,91.2,0.2,85.6,80.2,0.6,-4.799999999999997,-0.39999999999999997,83.7,92.9,0.1,89.3,77.3,0.8,-5.599999999999994,-0.7000000000000001,0.3333333333333333,0.6666666666666666,-0.3333333333333333,-3.0,1.0,-10.400000000000006,5.3999999999999915,-15.799999999999997,0,3,0.0,1,1401.84,1579.42,-177.58,6,6,0,1
2024_0421_10_132,2023-24,2024-04-21 00:00:00+00:00,Bamberg Baskets,ALBA Berlin,132,10,87.8,96.4,0.4,85.8,75.6,1.0,2.0,-0.6,89.9,91.0,0.6,90.8,76.3,1.0,-0.8999999999999915,-0.4,0.3333333333333333,1.0,-0.6666666666666667,-1.0,5.0,-8.600000000000009,10.200000000000003,-18.80000000000001,2,7,0.2857142857142857,1,1478.64,1711.73,-233.09,7,4,3,0
2024_0421_214_1791,2023-24,2024-04-21 00:00:00+00:00,NINERS Chemnitz,BG Goettingen,1791,214,97.8,82.2,0.8,74.8,80.0,0.2,23.0,0.6000000000000001,93.0,82.3,0.8,76.5,86.1,0.2,16.5,0.6000000000000001,1.0,0.3333333333333333,0.6666666666666667,3.0,-3.0,15.599999999999994,-5.200000000000003,20.799999999999997,3,7,0.42857142857142855,1,1632.34,1423.36,208.98,8,7,1,0
2024_0421_215_219,2023-24,2024-04-21 00:00:00+00:00,FC Bayern Muenchen Basketball,MLP Academics Heidelberg,219,215,87.6,75.0,1.0,81.2,88.6,0.6,6.3999999999999915,0.4,90.7,78.6,0.9,83.5,92.5,0.4,7.200000000000003,0.5,1.0,0.6666666666666666,0.33333333333333337,5.0,1.0,12.599999999999994,-7.3999999999999915,19.999999999999986,4,5,0.8,1,1696.43,1400.04,296.39,7,8,-1,0
2024_0421_127_450,2023-24,2024-04-21 00:00:00+00:00,SYNTAINICS MBC Weissenfels,Ratiopharm Ulm,450,127,84.8,96.4,0.2,92.8,77.2,0.8,-8.0,-0.6000000000000001,85.3,98.4,0.2,90.5,81.3,0.6,-5.200000000000003,-0.39999999999999997,0.0,1.0,-1.0,-3.0,3.0,-11.600000000000009,15.599999999999994,-27.200000000000003,0,7,0.0,1,1383.39,1623.62,-240.22,7,7,0,0
2024_0424_10_1774,2023-24,2024-04-24 00:00:00+00:00,Rostock Seawolves,ALBA Berlin,1774,10,82.6,90.8,0.4,88.6,78.2,1.0,-6.0,-0.6,84.2,92.1,0.2,90.8,76.6,1.0,-6.599999999999994,-0.8,0.6666666666666666,1.0,-0.33333333333333337,-1.0,5.0,-8.200000000000003,10.399999999999991,-18.599999999999994,0,3,0.0,1,1414.03,1718.08,-304.04,4,3,1,0
2024_0426_450_215,2023-24,2024-04-26 00:00:00+00:00,MLP Academics Heidelberg,SYNTAINICS MBC Weissenfels,215,450,81.4,87.8,0.6,81.0,99.0,0.0,0.4000000000000057,0.6,83.7,89.8,0.5,85.4,98.2,0.2,-1.7000000000000028,0.3,0.6666666666666666,0.0,0.6666666666666666,1.0,-5.0,-6.3999999999999915,-18.0,11.600000000000009,3,5,0.6,1,1418.18,1377.22,40.96,5,5,0,0
2024_0427_132_214,2023-24,2024-04-27 00:00:00+00:00,BG Goettingen,Bamberg Baskets,214,132,80.6,84.4,0.4,89.4,94.8,0.4,-8.800000000000011,0.0,78.0,85.2,0.3,88.3,93.0,0.5,-10.299999999999997,-0.2,0.3333333333333333,0.3333333333333333,0.0,-1.0,-1.0,-3.8000000000000114,-5.3999999999999915,1.59999999999998,4,7,0.5714285714285714,1,1440.47,1472.29,-31.82,6,6,0,0
2024_0427_1510_1774,2023-24,2024-04-27 00:00:00+00:00,Rostock Seawolves,Telekom Baskets Bonn,1774,1510,79.2,89.4,0.4,86.0,85.0,0.6,-6.799999999999997,-0.19999999999999996,82.7,90.7,0.2,87.5,86.6,0.6,-4.799999999999997,-0.39999999999999997,0.3333333333333333,0.3333333333333333,0.0,-1.0,1.0,-10.200000000000003,1.0,-11.200000000000003,1,3,0.3333333333333333,1,1409.31,1614.49,-205.18,3,7,-4,0
2024_0427_2315_127,2023-24,2024-04-27 00:00:00+00:00,Ratiopharm Ulm,Merlins Crailsheim,127,2315,97.8,75.8,1.0,90.8,89.2,0.6,7.0,0.4,92.3,79.4,0.7,85.6,90.7,0.3,6.700000000000003,0.39999999999999997,1.0,0.6666666666666666,0.33333333333333337,5.0,1.0,22.0,1.5999999999999943,20.400000000000006,5,7,0.7142857142857143,1,1629.79,1388.48,241.31,6,7,-1,1
2024_0427_41_1791,2023-24,2024-04-27 00:00:00+00:00,NINERS Chemnitz,MHP Riesen Ludwigsburg,1791,41,96.4,85.4,0.6,85.2,86.0,0.4,11.200000000000003,0.19999999999999996,93.5,83.3,0.7,87.6,85.9,0.5,5.900000000000006,0.19999999999999996,0.6666666666666666,0.3333333333333333,0.3333333333333333,1.0,-1.0,11.0,-0.7999999999999972,11.799999999999997,4,7,0.5714285714285714,1,1615.23,1553.68,61.55,6,7,-1,0
2024_0428_40_10,2023-24,2024-04-28 00:00:00+00:00,ALBA Berlin,Basketball Loewen Braunschweig,10,40,89.8,80.0,1.0,75.4,86.6,0.2,14.399999999999991,0.8,89.1,75.5,1.0,81.1,84.6,0.4,8.0,0.6,1.0,0.3333333333333333,0.6666666666666667,5.0,-3.0,9.799999999999997,-11.199999999999989,20.999999999999986,5,6,0.8333333333333334,1,1722.8,1444.61,278.19,4,8,-4,0
2024_0428_219_447,2023-24,2024-04-28 00:00:00+00:00,Baskets Paderborn,FC Bayern Muenchen Basketball,447,219,78.8,97.4,0.0,88.6,78.6,0.8,-9.799999999999997,-0.8,77.9,96.7,0.1,87.3,78.9,0.8,-9.399999999999991,-0.7000000000000001,0.0,0.6666666666666666,-0.6666666666666666,-5.0,3.0,-18.60000000000001,10.0,-28.60000000000001,0,1,0.0,1,1385.14,1678.28,-293.14,9,7,2,0
2024_0428_1634_19629,2023-24,2024-04-28 00:00:00+00:00,Veolia Towers Hamburg,EWE Baskets Oldenburg,19629,1634,77.8,84.4,0.2,90.8,80.0,0.8,-13.0,-0.6000000000000001,80.3,82.8,0.3,84.5,80.3,0.6,-4.200000000000003,-0.3,0.3333333333333333,1.0,-0.6666666666666667,-3.0,3.0,-6.6000000000000085,10.799999999999997,-17.400000000000006,3,7,0.42857142857142855,1,1474.09,1536.19,-62.1,8,8,0,0
2024_0428_2457_2745,2023-24,2024-04-28 00:00:00+00:00,FITOne Wuerzburg Baskets,Rasta Vechta,2745,2457,83.6,84.0,0.4,86.4,85.2,0.4,-2.8000000000000114,0.0,87.5,80.3,0.7,86.1,85.6,0.5,1.4000000000000057,0.19999999999999996,0.3333333333333333,0.3333333333333333,0.0,-1.0,-1.0,-0.4000000000000057,1.2000000000000028,-1.6000000000000085,2,3,0.6666666666666666,1,1567.22,1533.17,34.05,8,9,-1,1
2024_0430_10_215,2023-24,2024-04-30 00:00:00+00:00,MLP Academics Heidelberg,ALBA Berlin,215,10,85.4,88.8,0.6,86.0,79.8,0.8,-0.5999999999999943,-0.20000000000000007,85.8,90.8,0.5,88.7,77.8,0.9,-2.9000000000000057,-0.4,0.3333333333333333,0.6666666666666666,-0.3333333333333333,1.0,3.0,-3.3999999999999915,6.200000000000003,-9.599999999999994,0,5,0.0,1,1404.33,1704.83,-300.5,4,2,2,0
2024_0430_132_1510,2023-24,2024-04-30 00:00:00+00:00,Telekom Baskets Bonn,Bamberg Baskets,1510,132,88.4,85.8,0.6,86.8,91.8,0.4,1.6000000000000085,0.19999999999999996,90.0,87.5,0.6,90.3,90.2,0.6,-0.29999999999999716,0.0,0.6666666666666666,0.6666666666666666,0.0,1.0,-1.0,2.6000000000000085,-5.0,7.6000000000000085,5,7,0.7142857142857143,1,1621.55,1484.23,137.32,3,3,0,1
2024_0430_19629_2315,2023-24,2024-04-30 00:00:00+00:00,Merlins Crailsheim,Veolia Towers Hamburg,2315,19629,88.0,91.2,0.4,83.2,88.8,0.2,4.799999999999997,0.2,83.3,89.3,0.3,82.5,85.2,0.3,0.7999999999999972,0.0,0.3333333333333333,0.3333333333333333,0.0,-1.0,-3.0,-3.200000000000003,-5.599999999999994,2.3999999999999915,3,7,0.42857142857142855,1,1386.02,1463.0,-76.98,3,2,1,0
2024_0430_1774_41,2023-24,2024-04-30 00:00:00+00:00,MHP Riesen Ludwigsburg,Rostock Seawolves,41,1774,84.8,88.8,0.4,84.2,92.0,0.4,0.5999999999999943,0.0,87.2,86.3,0.5,83.9,92.7,0.2,3.299999999999997,0.3,0.6666666666666666,0.3333333333333333,0.3333333333333333,-1.0,-1.0,-4.0,-7.799999999999997,3.799999999999997,1,3,0.3333333333333333,1,1568.02,1402.25,165.77,3,3,0,0
2024_0430_2745_450,2023-24,2024-04-30 00:00:00+00:00,SYNTAINICS MBC Weissenfels,FITOne Wuerzburg Baskets,450,2745,86.6,97.0,0.2,85.6,84.0,0.6,1.0,-0.39999999999999997,87.2,96.3,0.3,87.0,79.9,0.7,0.20000000000000284,-0.39999999999999997,0.3333333333333333,0.3333333333333333,0.0,-3.0,1.0,-10.400000000000006,1.5999999999999943,-12.0,5,7,0.7142857142857143,1,1391.07,1573.54,-182.47,4,2,2,0
2024_0501_1791_2457,2023-24,2024-05-01 00:00:00+00:00,Rasta Vechta,NINERS Chemnitz,2457,1791,85.4,87.2,0.2,99.2,87.8,0.6,-13.799999999999997,-0.39999999999999997,85.9,84.7,0.5,94.1,86.0,0.6,-8.199999999999989,-0.09999999999999998,0.3333333333333333,0.3333333333333333,0.0,-3.0,1.0,-1.7999999999999972,11.400000000000006,-13.200000000000003,1,3,0.3333333333333333,1,1526.85,1600.89,-74.04,3,4,-1,1
2024_0501_214_1634,2023-24,2024-05-01 00:00:00+00:00,EWE Baskets Oldenburg,BG Goettingen,1634,214,95.2,78.4,1.0,80.6,85.4,0.4,14.600000000000009,0.6,88.3,80.8,0.7,78.2,85.1,0.3,10.099999999999994,0.39999999999999997,1.0,0.3333333333333333,0.6666666666666667,5.0,-1.0,16.799999999999997,-4.800000000000011,21.60000000000001,5,7,0.7142857142857143,1,1547.28,1428.54,118.74,3,4,-1,0
2024_0501_447_40,2023-24,2024-05-01 00:00:00+00:00,Basketball Loewen Braunschweig,Baskets Paderborn,40,447,77.6,84.4,0.4,77.6,96.2,0.0,0.0,0.4,80.1,83.8,0.4,78.2,95.8,0.1,1.8999999999999915,0.30000000000000004,0.6666666666666666,0.0,0.6666666666666666,-1.0,-5.0,-6.800000000000011,-18.60000000000001,11.799999999999997,0,1,0.0,1,1462.57,1380.19,82.39,3,3,0,1
2024_0501_127_219,2023-24,2024-05-01 00:00:00+00:00,FC Bayern Muenchen Basketball,Ratiopharm Ulm,219,127,90.8,77.2,0.8,97.6,73.2,1.0,-6.799999999999997,-0.19999999999999996,87.6,78.2,0.8,91.2,76.2,0.8,-3.6000000000000085,0.0,0.6666666666666666,1.0,-0.33333333333333337,3.0,5.0,13.599999999999994,24.39999999999999,-10.799999999999997,5,7,0.7142857142857143,1,1683.23,1632.25,50.98,3,4,-1,1
2024_0504_2315_132,2023-24,2024-05-04 00:00:00+00:00,Bamberg Baskets,Merlins Crailsheim,132,2315,86.4,89.8,0.4,88.4,92.0,0.4,-2.0,0.0,88.4,90.8,0.5,86.3,90.7,0.3,2.1000000000000085,0.2,0.3333333333333333,0.3333333333333333,0.0,-1.0,-1.0,-3.3999999999999915,-3.5999999999999943,0.20000000000000284,2,7,0.2857142857142857,1,1480.16,1375.36,104.8,4,4,0,1
2024_0504_19629_1791,2023-24,2024-05-04 00:00:00+00:00,NINERS Chemnitz,Veolia Towers Hamburg,1791,19629,93.6,87.0,0.4,86.2,89.8,0.4,7.3999999999999915,0.0,94.4,86.2,0.6,83.8,87.0,0.3,10.600000000000009,0.3,0.0,0.6666666666666666,-0.6666666666666666,-1.0,-1.0,6.599999999999994,-3.5999999999999943,10.199999999999989,6,7,0.8571428571428571,1,1591.63,1473.66,117.97,3,4,-1,1
2024_0504_215_127,2023-24,2024-05-04 00:00:00+00:00,Ratiopharm Ulm,MLP Academics Heidelberg,127,215,93.6,77.4,0.8,85.2,90.8,0.4,8.399999999999991,0.4,90.3,77.3,0.7,86.4,90.6,0.5,3.8999999999999915,0.19999999999999996,0.6666666666666666,0.3333333333333333,0.3333333333333333,3.0,-1.0,16.19999999999999,-5.599999999999994,21.799999999999983,5,5,1.0,1,1626.34,1399.54,226.8,3,4,-1,1
2024_0504_1634_447,2023-24,2024-05-04 00:00:00+00:00,Baskets Paderborn,EWE Baskets Oldenburg,447,1634,75.0,93.2,0.0,92.0,83.0,0.8,-17.0,-0.8,76.8,94.7,0.1,88.6,83.7,0.6,-11.799999999999997,-0.5,0.0,0.6666666666666666,-0.6666666666666666,-5.0,3.0,-18.200000000000003,9.0,-27.200000000000003,1,1,1.0,1,1375.0,1531.7,-156.7,3,3,0,0
2024_0505_1510_2745,2023-24,2024-05-05 00:00:00+00:00,FITOne Wuerzburg Baskets,Telekom Baskets Bonn,2745,1510,87.8,84.4,0.6,90.2,86.2,0.6,-2.4000000000000057,0.0,89.1,80.2,0.7,89.1,85.7,0.6,0.0,0.09999999999999998,0.6666666666666666,0.6666666666666666,0.0,1.0,1.0,3.3999999999999915,4.0,-0.6000000000000085,3,7,0.42857142857142855,1,1581.21,1625.62,-44.4,5,5,0,1
2024_0505_40_1774,2023-24,2024-05-05 00:00:00+00:00,Rostock Seawolves,Basketball Loewen Braunschweig,1774,40,84.0,94.0,0.4,79.2,83.0,0.6,4.799999999999997,-0.19999999999999996,82.8,90.6,0.3,78.8,83.0,0.4,4.0,-0.10000000000000003,0.3333333333333333,0.6666666666666666,-0.3333333333333333,-1.0,1.0,-10.0,-3.799999999999997,-6.200000000000003,3,3,1.0,1,1418.69,1467.76,-49.07,5,4,1,0
2024_0505_219_10,2023-24,2024-05-05 00:00:00+00:00,ALBA Berlin,FC Bayern Muenchen Basketball,10,219,90.0,84.2,0.8,87.2,75.8,0.8,2.799999999999997,0.0,90.7,79.2,0.9,87.1,78.2,0.8,3.6000000000000085,0.09999999999999998,0.6666666666666666,0.6666666666666666,0.0,3.0,3.0,5.799999999999997,11.400000000000006,-5.6000000000000085,3,5,0.6,1,1709.63,1689.14,20.49,5,4,1,0
2024_0505_450_41,2023-24,2024-05-05 00:00:00+00:00,MHP Riesen Ludwigsburg,SYNTAINICS MBC Weissenfels,41,450,89.8,88.2,0.4,84.2,96.2,0.2,5.599999999999994,0.2,86.6,86.0,0.5,87.4,98.2,0.3,-0.8000000000000114,0.2,0.3333333333333333,0.3333333333333333,0.0,-1.0,-3.0,1.5999999999999943,-12.0,13.599999999999994,5,7,0.7142857142857143,1,1551.58,1383.4,168.18,5,5,0,0
2024_0505_2457_214,2023-24,2024-05-05 00:00:00+00:00,BG Goettingen,Rasta Vechta,214,2457,83.0,87.4,0.4,88.2,87.8,0.4,-5.200000000000003,0.0,77.5,84.3,0.3,85.8,85.3,0.5,-8.299999999999997,-0.2,0.6666666666666666,0.6666666666666666,0.0,-1.0,-1.0,-4.400000000000006,0.4000000000000057,-4.800000000000011,1,3,0.3333333333333333,1,1444.11,1536.1,-91.99,4,4,0,0
2024_0508_1791_40,2023-24,2024-05-08 00:00:00+00:00,Basketball Loewen Braunschweig,NINERS Chemnitz,40,1791,82.2,78.8,0.8,94.6,89.6,0.4,-12.399999999999991,0.4,77.6,81.9,0.4,94.6,85.9,0.6,-17.0,-0.19999999999999996,1.0,0.3333333333333333,0.6666666666666667,3.0,-1.0,3.4000000000000057,5.0,-1.5999999999999943,4,7,0.5714285714285714,1,1479.21,1596.07,-116.86,3,4,-1,0
2024_0508_41_219,2023-24,2024-05-08 00:00:00+00:00,FC Bayern Muenchen Basketball,MHP Riesen Ludwigsburg,219,41,84.4,74.2,0.8,89.6,86.4,0.4,-5.199999999999989,0.4,85.8,75.4,0.8,87.0,87.9,0.4,-1.2000000000000028,0.4,1.0,0.3333333333333333,0.6666666666666667,3.0,-1.0,10.200000000000003,3.1999999999999886,7.000000000000014,5,7,0.7142857142857143,1,1702.48,1535.1,167.37,3,3,0,1
2024_0508_1774_2315,2023-24,2024-05-08 00:00:00+00:00,Merlins Crailsheim,Rostock Seawolves,2315,1774,84.4,95.2,0.2,83.8,90.0,0.4,0.6000000000000085,-0.2,86.5,93.0,0.3,82.3,90.6,0.3,4.200000000000003,0.0,0.0,0.3333333333333333,-0.3333333333333333,-3.0,-1.0,-10.799999999999997,-6.200000000000003,-4.599999999999994,1,3,0.3333333333333333,1,1370.65,1407.23,-36.58,4,3,1,1
2024_0508_2745_215,2023-24,2024-05-08 00:00:00+00:00,MLP Academics Heidelberg,FITOne Wuerzburg Baskets,215,2745,80.0,89.6,0.2,92.8,89.2,0.6,-12.799999999999997,-0.39999999999999997,83.0,88.5,0.5,89.5,81.7,0.7,-6.5,-0.19999999999999996,0.0,1.0,-1.0,-3.0,1.0,-9.599999999999994,3.5999999999999943,-13.199999999999989,2,5,0.4,1,1396.89,1589.63,-192.73,4,3,1,0
2024_0508_10_1510,2023-24,2024-05-08 00:00:00+00:00,Telekom Baskets Bonn,ALBA Berlin,1510,10,95.2,90.2,0.6,83.8,84.4,0.6,11.400000000000006,0.0,89.0,87.5,0.5,84.8,80.0,0.8,4.200000000000003,-0.30000000000000004,0.6666666666666666,0.3333333333333333,0.3333333333333333,1.0,1.0,5.0,-0.6000000000000085,5.6000000000000085,2,7,0.2857142857142857,1,1617.2,1696.29,-79.09,3,3,0,0
2024_0509_132_2457,2023-24,2024-05-09 00:00:00+00:00,Rasta Vechta,Bamberg Baskets,2457,132,85.8,82.4,0.6,90.2,85.0,0.6,-4.400000000000006,0.0,86.7,84.2,0.6,89.6,91.4,0.5,-2.8999999999999915,0.09999999999999998,0.6666666666666666,0.6666666666666666,0.0,1.0,1.0,3.3999999999999915,5.200000000000003,-1.8000000000000114,2,3,0.6666666666666666,1,1546.33,1484.87,61.46,4,5,-1,0
2024_0509_214_450,2023-24,2024-05-09 00:00:00+00:00,SYNTAINICS MBC Weissenfels,BG Goettingen,450,214,84.8,95.2,0.4,84.6,88.6,0.4,0.20000000000000284,0.0,85.9,97.0,0.3,77.2,83.3,0.3,8.700000000000003,0.0,0.6666666666666666,0.3333333333333333,0.3333333333333333,-1.0,-1.0,-10.400000000000006,-4.0,-6.400000000000006,3,7,0.42857142857142855,1,1399.88,1433.88,-34.0,4,4,0,1
2024_0509_447_19629,2023-24,2024-05-09 00:00:00+00:00,Veolia Towers Hamburg,Baskets Paderborn,19629,447,86.0,89.6,0.4,72.6,90.6,0.0,13.400000000000006,0.4,84.1,85.9,0.3,75.5,92.9,0.1,8.599999999999994,0.19999999999999998,0.3333333333333333,0.0,0.3333333333333333,-1.0,-5.0,-3.5999999999999943,-18.0,14.400000000000006,1,1,1.0,1,1469.23,1366.62,102.61,5,5,0,1
2024_0509_127_1634,2023-24,2024-05-09 00:00:00+00:00,EWE Baskets Oldenburg,Ratiopharm Ulm,1634,127,88.8,78.0,0.8,87.0,70.8,0.8,1.7999999999999972,0.0,89.8,81.5,0.7,89.4,74.7,0.8,0.3999999999999915,-0.10000000000000009,0.6666666666666666,0.6666666666666666,0.0,3.0,3.0,10.799999999999997,16.200000000000003,-5.400000000000006,2,7,0.2857142857142857,1,1540.08,1628.98,-88.9,5,5,0,0
2024_0510_10_219,2023-24,2024-05-10 00:00:00+00:00,FC Bayern Muenchen Basketball,ALBA Berlin,219,10,83.4,73.8,0.8,82.2,79.8,0.6,1.2000000000000028,0.20000000000000007,85.5,74.4,0.9,85.4,79.0,0.8,0.09999999999999432,0.09999999999999998,1.0,0.6666666666666666,0.33333333333333337,3.0,1.0,9.600000000000009,2.4000000000000057,7.200000000000003,3,6,0.5,1,1706.01,1706.89,-0.88,2,2,0,0
2024_0512_40_127,2023-24,2024-05-12 00:00:00+00:00,Ratiopharm Ulm,Basketball Loewen Braunschweig,127,40,86.0,71.4,0.8,76.2,77.6,0.6,9.799999999999997,0.20000000000000007,89.4,74.3,0.8,77.4,82.0,0.4,12.0,0.4,0.6666666666666666,0.6666666666666666,0.0,3.0,1.0,14.599999999999994,-1.3999999999999915,15.999999999999986,4,7,0.5714285714285714,1,1639.3,1469.7,169.61,3,4,-1,1
2024_0512_219_1774,2023-24,2024-05-12 00:00:00+00:00,Rostock Seawolves,FC Bayern Muenchen Basketball,1774,219,78.8,89.8,0.2,77.6,67.8,0.8,1.2000000000000028,-0.6000000000000001,80.7,90.3,0.3,83.1,73.2,0.8,-2.3999999999999915,-0.5,0.3333333333333333,0.6666666666666666,-0.3333333333333333,-3.0,3.0,-11.0,9.799999999999997,-20.799999999999997,0,3,0.0,1,1399.04,1693.23,-294.19,4,2,2,0
2024_0512_1510_41,2023-24,2024-05-12 00:00:00+00:00,MHP Riesen Ludwigsburg,Telekom Baskets Bonn,41,1510,87.0,89.8,0.2,90.0,91.2,0.4,-3.0,-0.2,86.3,87.2,0.4,87.8,87.5,0.5,-1.5,-0.09999999999999998,0.0,0.3333333333333333,-0.3333333333333333,-3.0,-1.0,-2.799999999999997,-1.2000000000000028,-1.5999999999999943,4,7,0.5714285714285714,1,1531.57,1606.6,-75.03,4,4,0,0
2024_0512_1791_2745,2023-24,2024-05-12 00:00:00+00:00,FITOne Wuerzburg Baskets,NINERS Chemnitz,2745,1791,96.0,88.0,0.8,88.4,86.8,0.4,7.599999999999994,0.4,90.8,84.1,0.7,93.1,84.5,0.6,-2.299999999999997,0.09999999999999998,1.0,0.6666666666666666,0.33333333333333337,3.0,-1.0,8.0,1.6000000000000085,6.3999999999999915,4,7,0.5714285714285714,1,1597.02,1605.59,-8.57,4,4,0,0
2024_0512_2315_10,2023-24,2024-05-12 00:00:00+00:00,ALBA Berlin,Merlins Crailsheim,10,2315,75.8,75.6,0.6,83.8,89.6,0.4,-8.0,0.19999999999999996,82.8,77.8,0.8,86.8,90.3,0.4,-4.0,0.4,0.6666666666666666,0.3333333333333333,0.3333333333333333,1.0,-1.0,0.20000000000000284,-5.799999999999997,6.0,7,7,1.0,1,1719.67,1378.85,340.82,2,4,-2,1
2024_0512_19629_214,2023-24,2024-05-12 00:00:00+00:00,BG Goettingen,Veolia Towers Hamburg,214,19629,85.2,88.0,0.4,89.4,88.4,0.6,-4.200000000000003,-0.19999999999999996,80.0,84.0,0.3,85.4,85.6,0.4,-5.400000000000006,-0.10000000000000003,0.3333333333333333,0.6666666666666666,-0.3333333333333333,-1.0,1.0,-2.799999999999997,1.0,-3.799999999999997,2,7,0.2857142857142857,1,1425.76,1473.98,-48.22,3,3,0,0
2024_0512_215_447,2023-24,2024-05-12 00:00:00+00:00,Baskets Paderborn,MLP Academics Heidelberg,447,215,71.8,86.6,0.0,83.2,90.6,0.2,-11.400000000000006,-0.2,74.5,94.4,0.0,82.2,89.6,0.4,-7.700000000000003,-0.4,0.0,0.0,0.0,-5.0,-3.0,-14.799999999999997,-7.3999999999999915,-7.400000000000006,0,1,0.0,1,1361.87,1389.5,-27.63,3,4,-1,0
2024_0512_1634_132,2023-24,2024-05-12 00:00:00+00:00,Bamberg Baskets,EWE Baskets Oldenburg,132,1634,91.8,82.0,0.6,86.0,79.8,0.6,5.799999999999997,0.0,89.8,89.2,0.5,89.6,81.0,0.7,0.20000000000000284,-0.19999999999999996,0.6666666666666666,0.3333333333333333,0.3333333333333333,1.0,1.0,9.799999999999997,6.200000000000003,3.5999999999999943,1,7,0.14285714285714285,1,1499.21,1529.76,-30.55,3,3,0,0
2024_0512_2457_450,2023-24,2024-05-12 00:00:00+00:00,SYNTAINICS MBC Weissenfels,Rasta Vechta,450,2457,89.8,97.6,0.6,82.4,83.6,0.6,7.3999999999999915,0.0,87.3,97.0,0.4,84.2,84.8,0.5,3.0999999999999943,-0.09999999999999998,0.6666666666666666,0.6666666666666666,0.0,1.0,1.0,-7.799999999999997,-1.1999999999999886,-6.6000000000000085,1,3,0.3333333333333333,1,1408.01,1531.99,-123.99,3,3,0,0
2024_0920_219_1791,2024-25,2024-09-20 00:00:00+00:00,NINERS Chemnitz,FC Bayern Muenchen Basketball,1791,219,84.4,80.0,0.6,79.4,67.8,0.8,5.0,-0.20000000000000007,90.4,82.7,0.6,85.1,72.5,0.8,5.300000000000011,-0.20000000000000007,1.0,0.6666666666666666,0.33333333333333337,1.0,3.0,4.400000000000006,11.600000000000009,-7.200000000000003,3,8,0.375,1,1586.47,1663.9,-77.43,30,30,0,0
2024_0921_1634_215,2024-25,2024-09-21 00:00:00+00:00,MLP Academics Heidelberg,EWE Baskets Oldenburg,215,1634,84.0,89.8,0.2,90.0,83.4,0.6,-6.0,-0.39999999999999997,82.7,88.8,0.4,90.4,81.7,0.7,-7.700000000000003,-0.29999999999999993,0.3333333333333333,0.6666666666666666,-0.3333333333333333,-3.0,1.0,-5.799999999999997,6.599999999999994,-12.399999999999991,2,6,0.3333333333333333,1,1434.37,1521.99,-87.62,30,30,0,0
2024_0921_214_3361,2024-25,2024-09-21 00:00:00+00:00,Fraport Skyliners Frankfurt,BG Goettingen,3361,214,87.0,88.4,0.4,78.4,84.0,0.2,8.599999999999994,0.2,82.5,84.2,0.4,79.5,84.2,0.3,3.0,0.10000000000000003,0.6666666666666666,0.0,0.6666666666666666,-1.0,-3.0,-1.4000000000000057,-5.599999999999994,4.199999999999989,4,6,0.6666666666666666,1,1448.69,1442.85,5.83,30,30,0,1
2024_0922_450_1774,2024-25,2024-09-22 00:00:00+00:00,Rostock Seawolves,SYNTAINICS MBC Weissenfels,1774,450,78.6,91.8,0.2,87.8,96.0,0.6,-9.200000000000003,-0.39999999999999997,78.9,90.6,0.3,84.4,97.5,0.3,-5.5,0.0,0.0,0.6666666666666666,-0.6666666666666666,-3.0,1.0,-13.200000000000003,-8.200000000000003,-5.0,1,4,0.25,1,1429.41,1432.46,-3.06,30,30,0,1
2024_0922_132_40,2024-25,2024-09-22 00:00:00+00:00,Basketball Loewen Braunschweig,Bamberg Baskets,40,132,77.4,75.6,0.6,90.2,83.8,0.6,-12.799999999999997,0.0,76.4,81.1,0.4,89.8,89.3,0.5,-13.399999999999991,-0.09999999999999998,0.3333333333333333,0.6666666666666666,-0.3333333333333333,1.0,1.0,1.8000000000000114,6.400000000000006,-4.599999999999994,4,8,0.5,1,1477.47,1491.49,-14.02,30,30,0,1
2024_0922_1791_127,2024-25,2024-09-22 00:00:00+00:00,Ratiopharm Ulm,NINERS Chemnitz,127,1791,80.2,70.0,0.8,77.6,75.4,0.6,2.6000000000000085,0.20000000000000007,89.0,72.9,0.9,88.4,81.6,0.6,0.5999999999999943,0.30000000000000004,1.0,0.6666666666666666,0.33333333333333337,3.0,1.0,10.200000000000003,2.1999999999999886,8.000000000000014,5,8,0.625,1,1578.38,1575.83,2.55,30,2,28,1
2024_0922_19629_10,2024-25,2024-09-22 00:00:00+00:00,ALBA Berlin,Veolia Towers Hamburg,10,19629,80.2,74.2,0.8,87.4,84.8,0.6,-7.200000000000003,0.20000000000000007,83.1,77.0,0.8,82.6,84.6,0.4,0.5,0.4,1.0,0.6666666666666666,0.33333333333333337,3.0,1.0,6.0,2.6000000000000085,3.3999999999999915,6,8,0.75,1,1649.5,1487.9,161.6,30,30,0,0
2024_0922_41_219,2024-25,2024-09-22 00:00:00+00:00,FC Bayern Muenchen Basketball,MHP Riesen Ludwigsburg,219,41,77.8,64.8,0.8,82.2,89.4,0.2,-4.400000000000006,0.6000000000000001,82.5,70.3,0.8,83.7,87.7,0.3,-1.2000000000000028,0.5,0.6666666666666666,0.0,0.6666666666666666,3.0,-3.0,13.0,-7.200000000000003,20.200000000000003,6,8,0.75,1,1674.55,1513.17,161.38,2,30,-28,0
2024_0925_2457_1510,2024-25,2024-09-25 00:00:00+00:00,Telekom Baskets Bonn,Rasta Vechta,1510,2457,89.6,83.6,0.6,84.4,82.0,0.6,5.199999999999989,0.0,87.8,84.3,0.6,85.4,83.6,0.5,2.3999999999999915,0.09999999999999998,0.3333333333333333,0.6666666666666666,-0.3333333333333333,1.0,1.0,6.0,2.4000000000000057,3.5999999999999943,3,4,0.75,1,1569.0,1520.18,48.83,30,30,0,0
2024_0928_10_1634,2024-25,2024-09-28 00:00:00+00:00,EWE Baskets Oldenburg,ALBA Berlin,1634,10,89.6,81.4,0.6,77.0,75.8,0.6,12.599999999999994,0.0,92.4,79.9,0.8,83.5,80.0,0.7,8.900000000000006,0.10000000000000009,0.6666666666666666,0.6666666666666666,0.0,1.0,1.0,8.199999999999989,1.2000000000000028,6.999999999999986,1,8,0.125,1,1532.35,1633.13,-100.79,7,6,1,0
2024_0928_127_2745,2024-25,2024-09-28 00:00:00+00:00,FITOne Wuerzburg Baskets,Ratiopharm Ulm,2745,127,92.0,84.8,0.8,81.0,74.0,0.8,11.0,0.0,87.8,84.4,0.6,89.3,73.6,0.9,-1.5,-0.30000000000000004,0.6666666666666666,1.0,-0.33333333333333337,3.0,3.0,7.200000000000003,7.0,0.20000000000000284,1,8,0.125,1,1557.08,1585.51,-28.43,30,6,24,0
2024_0928_1510_450,2024-25,2024-09-28 00:00:00+00:00,SYNTAINICS MBC Weissenfels,Telekom Baskets Bonn,450,1510,83.8,94.0,0.4,82.2,82.4,0.4,1.5999999999999943,0.0,85.2,95.5,0.3,85.3,84.1,0.5,-0.09999999999999432,-0.2,0.3333333333333333,0.3333333333333333,0.0,-1.0,-1.0,-10.200000000000003,-0.20000000000000284,-10.0,0,7,0.0,1,1425.18,1554.96,-129.78,6,3,3,0
2024_0928_1774_214,2024-25,2024-09-28 00:00:00+00:00,BG Goettingen,Rostock Seawolves,214,1774,77.6,87.0,0.2,78.2,86.2,0.4,-0.6000000000000085,-0.2,79.1,86.2,0.3,81.2,89.1,0.4,-2.1000000000000085,-0.10000000000000003,0.0,0.3333333333333333,-0.3333333333333333,-3.0,-1.0,-9.400000000000006,-8.0,-1.4000000000000057,1,4,0.25,1,1435.81,1436.69,-0.88,7,6,1,0
2024_0929_219_19629,2024-25,2024-09-29 00:00:00+00:00,Veolia Towers Hamburg,FC Bayern Muenchen Basketball,19629,219,88.4,79.4,0.8,76.4,69.8,0.6,12.0,0.20000000000000007,85.8,84.1,0.5,80.4,72.0,0.7,5.3999999999999915,-0.19999999999999996,1.0,0.6666666666666666,0.33333333333333337,3.0,1.0,9.0,6.6000000000000085,2.3999999999999915,4,8,0.5,1,1504.27,1658.18,-153.92,7,7,0,0
2024_0929_215_2457,2024-25,2024-09-29 00:00:00+00:00,Rasta Vechta,MLP Academics Heidelberg,2457,215,83.6,79.2,0.8,81.0,90.0,0.2,2.5999999999999943,0.6000000000000001,84.5,83.2,0.5,83.2,89.4,0.4,1.2999999999999972,0.09999999999999998,0.6666666666666666,0.3333333333333333,0.3333333333333333,3.0,-3.0,4.3999999999999915,-9.0,13.399999999999991,2,2,1.0,1,1534.22,1424.01,110.2,4,8,-4,0
2024_0929_3361_132,2024-25,2024-09-29 00:00:00+00:00,Bamberg Baskets,Fraport Skyliners Frankfurt,132,3361,88.6,87.8,0.4,85.6,80.2,0.6,3.0,-0.19999999999999996,87.7,89.8,0.4,85.5,83.0,0.5,2.200000000000003,-0.09999999999999998,0.3333333333333333,0.6666666666666666,-0.3333333333333333,-1.0,1.0,0.7999999999999972,5.3999999999999915,-4.599999999999994,6,6,1.0,1,1483.92,1455.73,28.18,7,8,-1,1
2024_0930_40_41,2024-25,2024-09-30 00:00:00+00:00,MHP Riesen Ludwigsburg,Basketball Loewen Braunschweig,41,40,78.6,84.8,0.2,78.6,74.8,0.6,0.0,-0.39999999999999997,81.7,86.8,0.3,78.1,79.6,0.5,3.6000000000000085,-0.2,0.3333333333333333,0.3333333333333333,0.0,-3.0,1.0,-6.200000000000003,3.799999999999997,-10.0,7,8,0.875,1,1529.53,1485.04,44.49,8,8,0,0
2024_1002_41_1774,2024-25,2024-10-02 00:00:00+00:00,Rostock Seawolves,MHP Riesen Ludwigsburg,1774,41,80.4,84.0,0.4,75.8,84.8,0.2,4.6000000000000085,0.2,82.2,89.0,0.4,82.8,86.5,0.3,-0.5999999999999943,0.10000000000000003,0.6666666666666666,0.3333333333333333,0.3333333333333333,-1.0,-3.0,-3.5999999999999943,-9.0,5.400000000000006,3,4,0.75,1,1449.47,1515.6,-66.13,4,2,2,0
2024_1003_450_215,2024-25,2024-10-03 00:00:00+00:00,MLP Academics Heidelberg,SYNTAINICS MBC Weissenfels,215,450,79.2,85.6,0.4,83.2,91.6,0.4,-4.0,0.0,82.2,88.2,0.4,83.7,93.9,0.3,-1.5,0.10000000000000003,0.6666666666666666,0.0,0.6666666666666666,-1.0,-1.0,-6.3999999999999915,-8.399999999999991,2.0,3,6,0.5,1,1439.42,1416.04,23.38,4,5,-1,1
2024_1005_1774_2745,2024-25,2024-10-05 00:00:00+00:00,FITOne Wuerzburg Baskets,Rostock Seawolves,2745,1774,89.4,84.4,0.6,79.2,82.8,0.4,10.200000000000003,0.19999999999999996,87.5,84.2,0.6,81.5,86.4,0.4,6.0,0.19999999999999996,0.3333333333333333,0.6666666666666666,-0.3333333333333333,1.0,-1.0,5.0,-3.5999999999999943,8.599999999999994,3,4,0.75,1,1545.05,1438.49,106.56,7,3,4,1
2024_1005_40_215,2024-25,2024-10-05 00:00:00+00:00,MLP Academics Heidelberg,Basketball Loewen Braunschweig,215,40,89.4,89.6,0.6,80.6,75.4,0.6,8.800000000000011,0.0,84.7,89.6,0.4,79.9,79.2,0.6,4.799999999999997,-0.19999999999999996,0.6666666666666666,0.6666666666666666,0.0,1.0,1.0,-0.19999999999998863,5.199999999999989,-5.399999999999977,4,6,0.6666666666666666,1,1446.01,1498.98,-52.97,2,5,-3,1
2024_1005_127_41,2024-25,2024-10-05 00:00:00+00:00,MHP Riesen Ludwigsburg,Ratiopharm Ulm,41,127,71.8,79.4,0.4,83.2,73.0,1.0,-11.400000000000006,-0.6,80.7,82.9,0.4,88.4,75.2,0.9,-7.700000000000003,-0.5,0.6666666666666666,1.0,-0.33333333333333337,-1.0,5.0,-7.6000000000000085,10.200000000000003,-17.80000000000001,5,8,0.625,1,1526.57,1597.54,-70.97,3,7,-4,0
2024_1006_3361_450,2024-25,2024-10-06 00:00:00+00:00,SYNTAINICS MBC Weissenfels,Fraport Skyliners Frankfurt,450,3361,83.6,95.2,0.2,83.0,76.2,0.6,0.5999999999999943,-0.39999999999999997,84.2,95.2,0.3,85.2,81.7,0.5,-1.0,-0.2,0.0,0.6666666666666666,-0.6666666666666666,-3.0,1.0,-11.600000000000009,6.799999999999997,-18.400000000000006,3,6,0.5,1,1409.45,1449.26,-39.82,3,7,-4,1
2024_1006_214_219,2024-25,2024-10-06 00:00:00+00:00,FC Bayern Muenchen Basketball,BG Goettingen,219,214,75.6,69.8,0.6,75.0,90.8,0.0,0.5999999999999943,0.6,79.5,71.8,0.7,79.0,89.1,0.2,0.5,0.49999999999999994,0.6666666666666666,0.0,0.6666666666666666,1.0,-5.0,5.799999999999997,-15.799999999999997,21.599999999999994,7,8,0.875,1,1666.64,1423.03,243.61,7,8,-1,1
2024_1006_1510_10,2024-25,2024-10-06 00:00:00+00:00,ALBA Berlin,Telekom Baskets Bonn,10,1510,87.4,74.4,0.8,83.4,82.6,0.4,4.0,0.4,85.6,79.4,0.7,86.8,84.4,0.5,-1.2000000000000028,0.19999999999999996,0.6666666666666666,0.6666666666666666,0.0,3.0,-1.0,13.0,0.8000000000000114,12.199999999999989,6,8,0.75,1,1643.11,1564.11,79.0,8,8,0,0
2024_1006_1791_2457,2024-25,2024-10-06 00:00:00+00:00,Rasta Vechta,NINERS Chemnitz,2457,1791,80.2,78.6,0.6,78.2,75.2,0.6,2.0,0.0,84.2,83.2,0.5,85.9,81.1,0.5,-1.7000000000000028,0.0,0.6666666666666666,0.3333333333333333,0.3333333333333333,1.0,1.0,1.6000000000000085,3.0,-1.3999999999999915,2,4,0.5,1,1518.81,1568.69,-49.88,7,14,-7,0
2024_1007_19629_1634,2024-25,2024-10-07 00:00:00+00:00,EWE Baskets Oldenburg,Veolia Towers Hamburg,1634,19629,87.0,85.0,0.6,85.6,78.0,0.6,1.4000000000000057,0.0,89.5,84.0,0.7,85.9,83.9,0.5,3.5999999999999943,0.19999999999999996,0.6666666666666666,0.6666666666666666,0.0,1.0,1.0,2.0,7.599999999999994,-5.599999999999994,5,8,0.625,1,1522.37,1495.81,26.56,9,8,1,0
2024_1018_2745_19629,2024-25,2024-10-18 00:00:00+00:00,Veolia Towers Hamburg,FITOne Wuerzburg Baskets,19629,2745,87.2,76.6,0.8,86.4,80.8,0.6,0.7999999999999972,0.20000000000000007,86.6,83.1,0.6,87.1,82.6,0.6,-0.5,0.0,0.6666666666666666,0.3333333333333333,0.3333333333333333,3.0,1.0,10.600000000000009,5.6000000000000085,5.0,5,8,0.625,1,1509.3,1549.72,-40.42,11,13,-2,0
2024_1019_1634_127,2024-25,2024-10-19 00:00:00+00:00,Ratiopharm Ulm,EWE Baskets Oldenburg,127,1634,81.2,74.0,1.0,86.8,89.8,0.4,-5.599999999999994,0.6,84.1,72.4,0.9,87.8,83.9,0.6,-3.700000000000003,0.30000000000000004,1.0,0.3333333333333333,0.6666666666666667,5.0,-1.0,7.200000000000003,-3.0,10.200000000000003,6,8,0.75,1,1608.38,1508.88,99.5,14,12,2,0
2024_1019_2457_3361,2024-25,2024-10-19 00:00:00+00:00,Fraport Skyliners Frankfurt,Rasta Vechta,3361,2457,79.6,76.6,0.4,79.4,81.2,0.4,0.19999999999998863,0.0,82.2,81.9,0.4,82.6,81.8,0.5,-0.3999999999999915,-0.09999999999999998,0.3333333333333333,0.3333333333333333,0.0,-1.0,-1.0,3.0,-1.7999999999999972,4.799999999999997,2,2,1.0,1,1440.98,1507.38,-66.4,13,13,0,1
2024_1019_41_214,2024-25,2024-10-19 00:00:00+00:00,BG Goettingen,MHP Riesen Ludwigsburg,214,41,76.2,93.6,0.0,68.2,75.0,0.4,8.0,-0.4,80.4,91.1,0.2,77.6,82.4,0.3,2.8000000000000114,-0.09999999999999998,0.0,0.3333333333333333,-0.3333333333333333,-5.0,-1.0,-17.39999999999999,-6.799999999999997,-10.599999999999994,2,8,0.25,1,1420.6,1515.74,-95.14,13,14,-1,0
2024_1019_450_219,2024-25,2024-10-19 00:00:00+00:00,FC Bayern Muenchen Basketball,SYNTAINICS MBC Weissenfels,219,450,84.0,74.2,0.8,81.0,91.4,0.2,3.0,0.6000000000000001,80.8,71.0,0.8,85.4,94.5,0.4,-4.6000000000000085,0.4,0.6666666666666666,0.3333333333333333,0.3333333333333333,3.0,-3.0,9.799999999999997,-10.400000000000006,20.200000000000003,8,8,1.0,1,1669.07,1417.73,251.34,13,13,0,0
2024_1020_132_1774,2024-25,2024-10-20 00:00:00+00:00,Rostock Seawolves,Bamberg Baskets,1774,132,78.2,84.2,0.4,86.0,81.6,0.6,-7.799999999999997,-0.19999999999999996,78.5,87.0,0.3,86.2,85.7,0.5,-7.700000000000003,-0.2,0.3333333333333333,0.3333333333333333,0.0,-1.0,1.0,-6.0,4.400000000000006,-10.400000000000006,1,4,0.25,1,1433.83,1490.39,-56.56,15,21,-6,1
2024_1020_215_1510,2024-25,2024-10-20 00:00:00+00:00,Telekom Baskets Bonn,MLP Academics Heidelberg,1510,215,83.4,80.0,0.6,87.0,83.0,0.8,-3.5999999999999943,-0.20000000000000007,89.3,85.1,0.6,85.1,86.8,0.5,4.200000000000003,0.09999999999999998,0.6666666666666666,1.0,-0.33333333333333337,1.0,3.0,3.4000000000000057,4.0,-0.5999999999999943,5,6,0.8333333333333334,1,1578.85,1454.67,124.18,14,15,-1,1
2024_1020_10_1791,2024-25,2024-10-20 00:00:00+00:00,NINERS Chemnitz,ALBA Berlin,1791,10,78.8,74.8,0.6,86.8,78.8,0.6,-8.0,0.0,86.7,82.2,0.5,84.5,79.3,0.6,2.200000000000003,-0.09999999999999998,0.3333333333333333,0.3333333333333333,0.0,1.0,1.0,4.0,8.0,-4.0,1,8,0.125,1,1580.13,1628.37,-48.24,14,14,0,1
2024_1025_1634_132,2024-25,2024-10-25 00:00:00+00:00,Bamberg Baskets,EWE Baskets Oldenburg,132,1634,79.2,83.0,0.4,90.6,84.8,0.6,-11.399999999999991,-0.19999999999999996,84.7,84.0,0.5,88.3,82.3,0.6,-3.5999999999999943,-0.09999999999999998,0.3333333333333333,0.3333333333333333,0.0,-1.0,1.0,-3.799999999999997,5.799999999999997,-9.599999999999994,1,8,0.125,1,1481.63,1524.06,-42.43,5,6,-1,0
2024_1026_3361_215,2024-25,2024-10-26 00:00:00+00:00,MLP Academics Heidelberg,Fraport Skyliners Frankfurt,215,3361,83.6,86.4,0.6,79.0,74.6,0.6,4.599999999999994,0.0,83.8,88.1,0.4,83.1,82.8,0.4,0.7000000000000028,0.0,0.6666666666666666,0.3333333333333333,0.3333333333333333,1.0,1.0,-2.8000000000000114,4.400000000000006,-7.200000000000017,3,4,0.75,1,1450.35,1450.01,0.34,6,7,-1,1
2024_1026_127_2457,2024-25,2024-10-26 00:00:00+00:00,Rasta Vechta,Ratiopharm Ulm,2457,127,81.2,78.4,0.4,76.2,77.8,0.8,5.0,-0.4,81.8,81.0,0.5,81.1,74.6,0.8,0.7000000000000028,-0.30000000000000004,0.0,0.6666666666666666,-0.6666666666666666,-1.0,3.0,2.799999999999997,-1.5999999999999943,4.3999999999999915,3,4,0.75,1,1498.34,1593.19,-94.85,7,7,0,0
2024_1026_19629_450,2024-25,2024-10-26 00:00:00+00:00,SYNTAINICS MBC Weissenfels,Veolia Towers Hamburg,450,19629,83.0,86.8,0.4,85.6,79.2,0.6,-2.5999999999999943,-0.19999999999999996,85.4,91.4,0.5,87.5,83.8,0.6,-2.0999999999999943,-0.09999999999999998,0.6666666666666666,0.3333333333333333,0.3333333333333333,-1.0,1.0,-3.799999999999997,6.3999999999999915,-10.199999999999989,1,8,0.125,1,1435.4,1497.6,-62.2,7,8,-1,1
2024_1027_10_40,2024-25,2024-10-27 00:00:00+00:00,Basketball Loewen Braunschweig,ALBA Berlin,40,10,78.4,75.8,0.4,90.6,84.4,0.4,-12.199999999999989,0.0,80.3,77.3,0.6,83.2,80.0,0.5,-2.9000000000000057,0.09999999999999998,0.6666666666666666,0.3333333333333333,0.3333333333333333,-1.0,-1.0,2.6000000000000085,6.199999999999989,-3.59999999999998,2,7,0.2857142857142857,1,1490.32,1619.85,-129.53,22,7,15,0
2024_1027_1774_1791,2024-25,2024-10-27 00:00:00+00:00,NINERS Chemnitz,Rostock Seawolves,1791,1774,78.6,76.8,0.6,81.4,79.0,0.6,-2.8000000000000114,0.0,83.5,81.8,0.5,80.0,85.4,0.4,3.5,0.09999999999999998,0.6666666666666666,0.3333333333333333,0.3333333333333333,1.0,1.0,1.7999999999999972,2.4000000000000057,-0.6000000000000085,3,4,0.75,1,1588.65,1442.58,146.07,7,7,0,1
2024_1027_219_2745,2024-25,2024-10-27 00:00:00+00:00,FITOne Wuerzburg Baskets,FC Bayern Muenchen Basketball,2745,219,84.6,79.6,0.6,78.8,75.4,0.6,5.799999999999997,0.0,88.7,84.4,0.6,79.1,71.6,0.7,9.600000000000009,-0.09999999999999998,0.6666666666666666,0.6666666666666666,0.0,1.0,1.0,5.0,3.3999999999999915,1.6000000000000085,1,8,0.125,1,1561.42,1651.41,-90.0,9,8,1,0
2024_1028_1510_41,2024-25,2024-10-28 00:00:00+00:00,MHP Riesen Ludwigsburg,Telekom Baskets Bonn,41,1510,74.4,70.0,0.6,88.6,77.2,0.8,-14.199999999999989,-0.20000000000000007,78.3,79.7,0.4,89.3,84.2,0.6,-11.0,-0.19999999999999996,0.6666666666666666,1.0,-0.33333333333333337,1.0,3.0,4.400000000000006,11.399999999999991,-6.999999999999986,4,8,0.5,1,1525.88,1583.16,-57.29,9,8,1,1
2024_1101_1774_3361,2024-25,2024-11-01 00:00:00+00:00,Fraport Skyliners Frankfurt,Rostock Seawolves,3361,1774,75.8,77.2,0.4,76.0,75.8,0.4,-0.20000000000000284,0.0,81.4,82.8,0.4,77.1,81.0,0.4,4.300000000000011,0.0,0.3333333333333333,0.3333333333333333,0.0,-1.0,-1.0,-1.4000000000000057,0.20000000000000284,-1.6000000000000085,2,2,1.0,1,1442.82,1438.68,4.15,6,5,1,0
2024_1102_215_2745,2024-25,2024-11-02 00:00:00+00:00,FITOne Wuerzburg Baskets,MLP Academics Heidelberg,2745,215,78.8,76.8,0.4,86.2,79.8,0.8,-7.400000000000006,-0.4,87.4,82.4,0.6,83.6,84.9,0.5,3.8000000000000114,0.09999999999999998,0.6666666666666666,0.6666666666666666,0.0,-1.0,3.0,2.0,6.400000000000006,-4.400000000000006,4,6,0.6666666666666666,1,1551.13,1457.54,93.59,6,7,-1,1
2024_1102_2457_41,2024-25,2024-11-02 00:00:00+00:00,MHP Riesen Ludwigsburg,Rasta Vechta,41,2457,76.6,71.8,0.6,76.8,81.6,0.2,-0.20000000000000284,0.39999999999999997,77.6,78.3,0.4,80.6,81.8,0.4,-3.0,0.0,0.6666666666666666,0.0,0.6666666666666666,1.0,-3.0,4.799999999999997,-4.799999999999997,9.599999999999994,4,4,1.0,1,1534.65,1488.2,46.46,5,7,-2,0
2024_1102_127_19629,2024-25,2024-11-02 00:00:00+00:00,Veolia Towers Hamburg,Ratiopharm Ulm,19629,127,84.8,85.2,0.4,77.8,78.6,0.8,7.0,-0.4,86.1,85.0,0.5,79.0,74.3,0.8,7.099999999999994,-0.30000000000000004,0.3333333333333333,0.6666666666666666,-0.3333333333333333,-1.0,3.0,-0.4000000000000057,-0.7999999999999972,0.3999999999999915,0,8,0.0,1,1488.68,1603.34,-114.66,7,7,0,0
2024_1103_10_132,2024-25,2024-11-03 00:00:00+00:00,Bamberg Baskets,ALBA Berlin,132,10,72.2,83.4,0.2,83.0,80.0,0.4,-10.799999999999997,-0.2,82.0,82.7,0.4,81.6,77.1,0.6,0.4000000000000057,-0.19999999999999996,0.3333333333333333,0.3333333333333333,0.0,-3.0,-1.0,-11.200000000000003,3.0,-14.200000000000003,2,8,0.25,1,1469.99,1629.0,-159.02,9,7,2,1
2024_1103_214_1791,2024-25,2024-11-03 00:00:00+00:00,NINERS Chemnitz,BG Goettingen,1791,214,76.4,75.6,0.6,71.0,93.4,0.0,5.400000000000006,0.6,80.4,77.8,0.6,78.1,90.7,0.2,2.3000000000000114,0.39999999999999997,1.0,0.0,1.0,1.0,-5.0,0.8000000000000114,-22.400000000000006,23.200000000000017,3,8,0.375,1,1592.55,1410.46,182.09,7,15,-8,1
2024_1103_1634_450,2024-25,2024-11-03 00:00:00+00:00,SYNTAINICS MBC Weissenfels,EWE Baskets Oldenburg,450,1634,85.4,84.4,0.6,82.6,79.8,0.6,2.8000000000000114,0.0,84.6,89.2,0.5,86.3,81.6,0.6,-1.7000000000000028,-0.09999999999999998,1.0,0.6666666666666666,0.33333333333333337,1.0,1.0,1.0,2.799999999999997,-1.7999999999999972,1,8,0.125,1,1444.31,1535.71,-91.39,8,9,-1,1
2024_1103_219_40,2024-25,2024-11-03 00:00:00+00:00,Basketball Loewen Braunschweig,FC Bayern Muenchen Basketball,40,219,77.0,72.4,0.4,78.2,77.4,0.6,-1.2000000000000028,-0.19999999999999996,76.6,75.0,0.5,78.0,71.1,0.7,-1.4000000000000057,-0.19999999999999996,0.3333333333333333,0.6666666666666666,-0.3333333333333333,-1.0,1.0,4.599999999999994,0.7999999999999972,3.799999999999997,2,8,0.25,1,1481.17,1661.7,-180.53,7,7,0,0
2024_1108_132_2457,2024-25,2024-11-08 00:00:00+00:00,Rasta Vechta,Bamberg Baskets,2457,132,76.0,82.0,0.2,72.8,78.4,0.4,3.200000000000003,-0.2,79.8,80.6,0.5,81.5,81.1,0.5,-1.7000000000000028,0.0,0.3333333333333333,0.3333333333333333,0.0,-3.0,-1.0,-6.0,-5.6000000000000085,-0.3999999999999915,2,4,0.5,1,1502.18,1481.67,20.51,6,5,1,1
2024_1109_127_10,2024-25,2024-11-09 00:00:00+00:00,ALBA Berlin,Ratiopharm Ulm,10,127,83.4,78.0,0.4,76.2,75.8,0.8,7.200000000000003,-0.4,80.2,76.9,0.5,78.6,74.9,0.8,1.6000000000000085,-0.30000000000000004,0.3333333333333333,0.6666666666666666,-0.3333333333333333,-1.0,3.0,5.400000000000006,0.4000000000000057,5.0,7,8,0.875,1,1617.32,1612.92,4.4,6,7,-1,1
2024_1109_215_214,2024-25,2024-11-09 00:00:00+00:00,BG Goettingen,MLP Academics Heidelberg,214,215,75.4,96.8,0.0,83.6,79.4,0.6,-8.199999999999989,-0.6,76.9,90.4,0.1,81.4,82.5,0.5,-4.5,-0.4,0.0,0.3333333333333333,-0.3333333333333333,-5.0,1.0,-21.39999999999999,4.199999999999989,-25.59999999999998,4,6,0.6666666666666666,1,1407.17,1452.6,-45.43,6,7,-1,0
2024_1110_40_2745,2024-25,2024-11-10 00:00:00+00:00,FITOne Wuerzburg Baskets,Basketball Loewen Braunschweig,2745,40,80.0,74.4,0.6,77.0,75.0,0.4,3.0,0.19999999999999996,86.0,79.6,0.7,77.2,75.3,0.5,8.799999999999997,0.19999999999999996,0.6666666666666666,0.0,0.6666666666666666,1.0,-1.0,5.599999999999994,2.0,3.5999999999999943,2,8,0.25,1,1556.07,1473.45,82.62,8,7,1,1
2024_1110_1510_1774,2024-25,2024-11-10 00:00:00+00:00,Rostock Seawolves,Telekom Baskets Bonn,1774,1510,72.2,74.2,0.4,87.0,83.0,0.6,-14.799999999999997,-0.19999999999999996,76.3,79.1,0.4,88.3,83.3,0.6,-12.0,-0.19999999999999996,0.6666666666666666,0.6666666666666666,0.0,-1.0,1.0,-2.0,4.0,-6.0,1,4,0.25,1,1451.59,1574.39,-122.8,9,13,-4,0
2024_1110_1634_1791,2024-25,2024-11-10 00:00:00+00:00,NINERS Chemnitz,EWE Baskets Oldenburg,1791,1634,83.8,78.6,0.8,77.0,81.8,0.4,6.799999999999997,0.4,80.7,77.0,0.7,83.3,81.6,0.5,-2.5999999999999943,0.19999999999999996,1.0,0.6666666666666666,0.33333333333333337,3.0,-1.0,5.200000000000003,-4.799999999999997,10.0,3,8,0.375,1,1595.85,1525.95,69.89,7,7,0,1
2024_1115_19629_215,2024-25,2024-11-15 00:00:00+00:00,MLP Academics Heidelberg,Veolia Towers Hamburg,215,19629,81.0,75.4,0.6,79.8,85.6,0.2,1.2000000000000028,0.39999999999999997,85.2,82.5,0.6,84.1,82.5,0.5,1.1000000000000085,0.09999999999999998,0.6666666666666666,0.0,0.6666666666666666,1.0,-3.0,5.599999999999994,-5.799999999999997,11.399999999999991,1,6,0.16666666666666666,1,1464.16,1479.1,-14.95,6,13,-7,1
2024_1116_1791_40,2024-25,2024-11-16 00:00:00+00:00,Basketball Loewen Braunschweig,NINERS Chemnitz,40,1791,68.4,73.6,0.2,84.0,76.2,1.0,-15.599999999999994,-0.8,73.5,74.2,0.4,81.1,75.7,0.8,-7.599999999999994,-0.4,0.0,1.0,-1.0,-3.0,5.0,-5.199999999999989,7.799999999999997,-12.999999999999986,4,8,0.5,1,1468.27,1601.31,-133.05,6,6,0,1
2024_1116_3361_1634,2024-25,2024-11-16 00:00:00+00:00,EWE Baskets Oldenburg,Fraport Skyliners Frankfurt,1634,3361,78.6,78.2,0.4,69.0,79.4,0.2,9.599999999999994,0.2,82.8,81.6,0.5,77.3,79.8,0.4,5.5,0.09999999999999998,0.3333333333333333,0.3333333333333333,0.0,-1.0,-3.0,0.3999999999999915,-10.400000000000006,10.799999999999997,5,6,0.8333333333333334,1,1520.49,1429.91,90.57,6,15,-9,1
2024_1116_450_132,2024-25,2024-11-16 00:00:00+00:00,Bamberg Baskets,SYNTAINICS MBC Weissenfels,132,450,77.0,79.4,0.4,87.8,80.8,0.8,-10.799999999999997,-0.4,82.8,83.6,0.4,85.5,86.2,0.6,-2.700000000000003,-0.19999999999999996,0.3333333333333333,1.0,-0.6666666666666667,-1.0,3.0,-2.4000000000000057,7.0,-9.400000000000006,7,8,0.875,1,1475.01,1454.06,20.94,8,13,-5,0
2024_1117_1510_219,2024-25,2024-11-17 00:00:00+00:00,FC Bayern Muenchen Basketball,Telekom Baskets Bonn,219,1510,82.2,76.2,0.8,85.8,79.2,0.8,-3.5999999999999943,0.0,79.3,73.0,0.7,84.0,80.8,0.6,-4.700000000000003,0.09999999999999998,0.6666666666666666,0.6666666666666666,0.0,3.0,3.0,6.0,6.599999999999994,-0.5999999999999943,4,8,0.5,1,1669.42,1583.73,85.69,14,7,7,1
2024_1117_214_127,2024-25,2024-11-17 00:00:00+00:00,Ratiopharm Ulm,BG Goettingen,127,214,76.8,79.8,0.6,75.6,95.8,0.0,1.2000000000000028,0.6,80.0,76.4,0.8,76.6,91.4,0.1,3.4000000000000057,0.7000000000000001,0.6666666666666666,0.0,0.6666666666666666,1.0,-5.0,-3.0,-20.200000000000003,17.200000000000003,5,8,0.625,1,1605.84,1395.61,210.23,8,8,0,1
2024_1117_10_2457,2024-25,2024-11-17 00:00:00+00:00,Rasta Vechta,ALBA Berlin,2457,10,81.4,85.6,0.4,81.6,81.6,0.4,-0.19999999999998863,0.0,80.8,82.1,0.5,84.5,78.0,0.6,-3.700000000000003,-0.09999999999999998,0.6666666666666666,0.6666666666666666,0.0,-1.0,-1.0,-4.199999999999989,0.0,-4.199999999999989,0,4,0.0,1,1508.84,1624.4,-115.56,9,8,1,1
2024_1117_2745_41,2024-25,2024-11-17 00:00:00+00:00,MHP Riesen Ludwigsburg,FITOne Wuerzburg Baskets,41,2745,77.8,69.4,0.6,78.8,68.0,0.8,-1.0,-0.20000000000000007,76.8,77.1,0.4,84.1,76.2,0.7,-7.299999999999997,-0.29999999999999993,0.6666666666666666,0.6666666666666666,0.0,1.0,3.0,8.399999999999991,10.799999999999997,-2.4000000000000057,6,8,0.75,1,1520.67,1561.25,-40.58,15,7,8,0
2024_1130_2745_1791,2024-25,2024-11-30 00:00:00+00:00,NINERS Chemnitz,FITOne Wuerzburg Baskets,1791,2745,81.2,77.2,0.8,78.6,71.4,0.8,2.6000000000000085,0.0,80.0,76.0,0.7,82.5,76.1,0.7,-2.5,0.0,0.6666666666666666,1.0,-0.33333333333333337,3.0,3.0,4.0,7.199999999999989,-3.1999999999999886,4,8,0.5,1,1590.36,1572.94,17.42,14,13,1,1
2024_1130_3361_19629,2024-25,2024-11-30 00:00:00+00:00,Veolia Towers Hamburg,Fraport Skyliners Frankfurt,19629,3361,77.4,84.0,0.2,75.8,86.6,0.2,1.6000000000000085,0.0,81.5,81.0,0.4,79.4,81.4,0.4,2.0999999999999943,0.0,0.0,0.0,0.0,-3.0,-3.0,-6.599999999999994,-10.799999999999997,4.200000000000003,4,6,0.6666666666666666,1,1471.5,1424.91,46.6,15,14,1,1
2024_1130_1774_215,2024-25,2024-11-30 00:00:00+00:00,MLP Academics Heidelberg,Rostock Seawolves,215,1774,81.2,76.0,0.6,72.2,74.0,0.4,9.0,0.19999999999999996,84.1,79.5,0.7,75.7,78.4,0.4,8.399999999999991,0.29999999999999993,0.6666666666666666,0.3333333333333333,0.3333333333333333,1.0,-1.0,5.200000000000003,-1.7999999999999972,7.0,3,4,0.75,1,1471.76,1442.24,29.51,15,20,-5,1
2024_1201_41_10,2024-25,2024-12-01 00:00:00+00:00,ALBA Berlin,MHP Riesen Ludwigsburg,10,41,82.8,82.6,0.4,80.2,74.8,0.4,2.5999999999999943,0.0,84.8,80.7,0.5,76.0,77.1,0.4,8.799999999999997,0.09999999999999998,0.3333333333333333,0.3333333333333333,0.0,-1.0,-1.0,0.20000000000000284,5.400000000000006,-5.200000000000003,4,8,0.5,1,1613.95,1508.98,104.98,14,14,0,0
2024_1201_450_40,2024-25,2024-12-01 00:00:00+00:00,Basketball Loewen Braunschweig,SYNTAINICS MBC Weissenfels,40,450,66.6,74.2,0.2,89.0,78.0,1.0,-22.400000000000006,-0.8,73.6,74.8,0.4,86.3,86.6,0.6,-12.700000000000003,-0.19999999999999996,0.3333333333333333,1.0,-0.6666666666666667,-3.0,5.0,-7.6000000000000085,11.0,-18.60000000000001,3,8,0.375,1,1479.22,1467.41,11.8,15,15,0,1
2024_1201_2457_219,2024-25,2024-12-01 00:00:00+00:00,FC Bayern Muenchen Basketball,Rasta Vechta,219,2457,84.6,74.8,0.8,85.2,86.6,0.6,-0.6000000000000085,0.20000000000000007,80.1,72.3,0.7,82.3,83.9,0.5,-2.200000000000003,0.19999999999999996,1.0,1.0,0.0,3.0,1.0,9.799999999999997,-1.3999999999999915,11.199999999999989,3,4,0.75,1,1674.53,1519.29,155.25,14,14,0,0
2024_1201_127_1510,2024-25,2024-12-01 00:00:00+00:00,Telekom Baskets Bonn,Ratiopharm Ulm,1510,127,81.4,81.8,0.6,86.0,81.4,0.6,-4.599999999999994,0.0,82.4,82.2,0.5,83.6,77.7,0.8,-1.1999999999999886,-0.30000000000000004,0.3333333333333333,0.6666666666666666,-0.3333333333333333,1.0,1.0,-0.3999999999999915,4.599999999999994,-4.999999999999986,5,8,0.625,1,1578.62,1608.71,-30.09,14,14,0,0
2024_1202_132_214,2024-25,2024-12-02 00:00:00+00:00,BG Goettingen,Bamberg Baskets,214,132,74.8,97.2,0.0,82.6,87.6,0.2,-7.799999999999997,-0.2,74.9,94.0,0.0,84.3,84.6,0.4,-9.399999999999991,-0.4,0.0,0.3333333333333333,-0.3333333333333333,-5.0,-3.0,-22.400000000000006,-5.0,-17.400000000000006,4,8,0.5,1,1392.74,1461.66,-68.92,15,16,-1,1
2024_1206_1510_1634,2024-25,2024-12-06 00:00:00+00:00,EWE Baskets Oldenburg,Telekom Baskets Bonn,1634,1510,83.4,79.2,0.6,78.2,83.4,0.4,5.200000000000003,0.19999999999999996,85.1,84.5,0.5,80.8,81.7,0.5,4.299999999999997,0.0,0.3333333333333333,0.3333333333333333,0.0,1.0,-1.0,4.200000000000003,-5.200000000000003,9.400000000000006,2,8,0.25,1,1525.49,1566.63,-41.14,20,5,15,0
2024_1210_3361_2745,2024-25,2024-12-10 00:00:00+00:00,FITOne Wuerzburg Baskets,Fraport Skyliners Frankfurt,2745,3361,75.8,70.6,0.6,77.6,89.0,0.2,-1.7999999999999972,0.39999999999999997,80.2,75.1,0.6,78.6,82.8,0.3,1.6000000000000085,0.3,0.6666666666666666,0.0,0.6666666666666666,1.0,-3.0,5.200000000000003,-11.400000000000006,16.60000000000001,3,6,0.5,1,1566.2,1418.89,147.31,10,10,0,1
2024_1213_40_3361,2024-25,2024-12-13 00:00:00+00:00,Fraport Skyliners Frankfurt,Basketball Loewen Braunschweig,3361,40,75.6,92.0,0.0,68.8,73.8,0.4,6.799999999999997,-0.4,77.3,83.3,0.3,73.6,74.8,0.4,3.700000000000003,-0.10000000000000003,0.0,0.6666666666666666,-0.6666666666666666,-5.0,-1.0,-16.400000000000006,-5.0,-11.400000000000006,2,6,0.3333333333333333,1,1415.01,1486.1,-71.09,3,12,-9,0
2024_1214_1510_132,2024-25,2024-12-14 00:00:00+00:00,Bamberg Baskets,Telekom Baskets Bonn,132,1510,85.2,89.2,0.2,78.4,86.4,0.4,6.799999999999997,-0.2,82.2,86.1,0.3,83.5,81.8,0.6,-1.2999999999999972,-0.3,0.0,0.3333333333333333,-0.3333333333333333,-3.0,-1.0,-4.0,-8.0,4.0,2,8,0.25,1,1452.55,1578.31,-125.76,12,8,4,1
2024_1214_215_127,2024-25,2024-12-14 00:00:00+00:00,Ratiopharm Ulm,MLP Academics Heidelberg,127,215,91.8,77.8,0.8,83.2,73.2,0.8,8.599999999999994,0.0,84.0,77.8,0.8,83.4,79.8,0.7,0.5999999999999943,0.10000000000000009,0.6666666666666666,1.0,-0.33333333333333337,3.0,3.0,14.0,10.0,4.0,6,6,1.0,1,1620.69,1478.19,142.5,13,14,-1,0
2024_1214_19629_2457,2024-25,2024-12-14 00:00:00+00:00,Rasta Vechta,Veolia Towers Hamburg,2457,19629,86.0,86.0,0.8,78.2,84.0,0.2,7.799999999999997,0.6000000000000001,83.6,82.2,0.6,82.7,80.3,0.5,0.8999999999999915,0.09999999999999998,1.0,0.3333333333333333,0.6666666666666667,3.0,-3.0,0.0,-5.799999999999997,5.799999999999997,1,4,0.25,1,1535.55,1477.52,58.03,13,14,-1,0
2024_1215_1791_41,2024-25,2024-12-15 00:00:00+00:00,MHP Riesen Ludwigsburg,NINERS Chemnitz,41,1791,82.6,74.2,0.6,81.2,77.0,0.8,1.3999999999999915,-0.20000000000000007,75.4,74.6,0.5,79.9,76.9,0.7,-4.5,-0.19999999999999996,0.3333333333333333,0.6666666666666666,-0.3333333333333333,1.0,3.0,8.399999999999991,4.200000000000003,4.199999999999989,4,8,0.5,1,1524.28,1597.11,-72.83,14,15,-1,1
2024_1215_214_1634,2024-25,2024-12-15 00:00:00+00:00,EWE Baskets Oldenburg,BG Goettingen,1634,214,83.0,85.2,0.4,78.0,95.8,0.2,5.0,0.2,86.8,85.0,0.5,77.1,94.7,0.1,9.700000000000003,0.4,0.3333333333333333,0.3333333333333333,0.0,-1.0,-3.0,-2.200000000000003,-17.799999999999997,15.599999999999994,5,8,0.625,1,1513.82,1401.85,111.97,9,13,-4,1
2024_1215_219_1774,2024-25,2024-12-15 00:00:00+00:00,Rostock Seawolves,FC Bayern Muenchen Basketball,1774,219,75.4,72.8,0.4,81.0,74.2,0.6,-5.599999999999994,-0.19999999999999996,76.8,78.5,0.4,82.5,74.2,0.7,-5.700000000000003,-0.29999999999999993,0.3333333333333333,0.6666666666666666,-0.3333333333333333,-1.0,1.0,2.6000000000000085,6.799999999999997,-4.199999999999989,0,4,0.0,1,1435.81,1658.28,-222.47,15,14,1,0
2024_1218_41_450,2024-25,2024-12-18 00:00:00+00:00,SYNTAINICS MBC Weissenfels,MHP Riesen Ludwigsburg,450,41,87.2,79.4,0.8,78.2,74.8,0.6,9.0,0.20000000000000007,84.1,85.4,0.5,76.3,72.4,0.6,7.799999999999997,-0.09999999999999998,0.6666666666666666,0.6666666666666666,0.0,3.0,1.0,7.799999999999997,3.4000000000000057,4.3999999999999915,3,8,0.375,1,1460.52,1533.5,-72.97,17,3,14,1
2024_1221_450_2745,2024-25,2024-12-21 00:00:00+00:00,FITOne Wuerzburg Baskets,SYNTAINICS MBC Weissenfels,2745,450,79.8,70.6,0.8,86.6,78.4,0.8,-6.799999999999997,0.0,79.3,73.7,0.6,84.8,82.6,0.6,-5.5,0.0,0.6666666666666666,0.6666666666666666,0.0,3.0,3.0,9.200000000000003,8.199999999999989,1.0000000000000142,3,8,0.375,1,1570.08,1469.75,100.34,11,3,8,1
2024_1221_1774_40,2024-25,2024-12-21 00:00:00+00:00,Basketball Loewen Braunschweig,Rostock Seawolves,40,1774,75.0,79.0,0.6,71.6,73.8,0.2,3.4000000000000057,0.39999999999999997,76.0,75.7,0.5,76.5,76.4,0.4,-0.5,0.09999999999999998,1.0,0.0,1.0,1.0,-3.0,-4.0,-2.200000000000003,-1.7999999999999972,1,4,0.25,1,1496.93,1429.19,67.74,8,6,2,1
2024_1221_1510_1791,2024-25,2024-12-21 00:00:00+00:00,NINERS Chemnitz,Telekom Baskets Bonn,1791,1510,80.6,78.8,0.6,77.2,87.0,0.4,3.3999999999999915,0.19999999999999996,78.5,77.2,0.6,82.1,85.0,0.5,-3.5999999999999943,0.09999999999999998,0.3333333333333333,0.3333333333333333,0.0,1.0,-1.0,1.7999999999999972,-9.799999999999997,11.599999999999994,4,8,0.5,1,1587.89,1567.57,20.31,6,7,-1,0
2024_1221_41_19629,2024-25,2024-12-21 00:00:00+00:00,Veolia Towers Hamburg,MHP Riesen Ludwigsburg,19629,41,77.0,79.6,0.4,74.4,74.2,0.4,2.5999999999999943,0.0,81.3,79.4,0.5,75.5,73.0,0.5,5.799999999999997,0.0,0.6666666666666666,0.6666666666666666,0.0,-1.0,-1.0,-2.5999999999999943,0.20000000000000284,-2.799999999999997,2,8,0.25,1,1491.78,1524.27,-32.5,7,3,4,0
2024_1222_1634_219,2024-25,2024-12-22 00:00:00+00:00,FC Bayern Muenchen Basketball,EWE Baskets Oldenburg,219,1634,82.0,72.4,0.8,91.8,92.2,0.4,-9.799999999999997,0.4,80.4,73.9,0.7,87.2,86.0,0.5,-6.799999999999997,0.19999999999999996,0.6666666666666666,0.6666666666666666,0.0,3.0,-1.0,9.599999999999994,-0.4000000000000057,10.0,4,8,0.5,1,1664.89,1518.37,146.52,7,7,0,1
2024_1222_10_214,2024-25,2024-12-22 00:00:00+00:00,BG Goettingen,ALBA Berlin,214,10,84.4,99.8,0.2,79.2,81.2,0.4,5.200000000000003,-0.2,77.7,96.6,0.1,84.9,82.8,0.4,-7.200000000000003,-0.30000000000000004,0.3333333333333333,0.3333333333333333,0.0,-3.0,-1.0,-15.399999999999991,-2.0,-13.399999999999991,2,8,0.25,1,1397.29,1598.66,-201.37,7,21,-14,0
2024_1222_132_215,2024-25,2024-12-22 00:00:00+00:00,MLP Academics Heidelberg,Bamberg Baskets,215,132,78.0,72.2,0.8,91.8,90.4,0.4,-13.799999999999997,0.4,82.1,76.0,0.8,82.0,86.9,0.3,0.09999999999999432,0.5,1.0,0.3333333333333333,0.6666666666666667,3.0,-1.0,5.799999999999997,1.3999999999999915,4.400000000000006,1,6,0.16666666666666666,1,1494.22,1463.29,30.93,8,8,0,0
2024_1223_127_3361,2024-25,2024-12-23 00:00:00+00:00,Fraport Skyliners Frankfurt,Ratiopharm Ulm,3361,127,79.4,91.4,0.0,88.2,76.4,0.6,-8.799999999999997,-0.6,77.6,84.3,0.2,83.0,77.5,0.7,-5.400000000000006,-0.49999999999999994,0.0,0.6666666666666666,-0.6666666666666666,-5.0,1.0,-12.0,11.799999999999997,-23.799999999999997,1,6,0.16666666666666666,1,1404.18,1604.66,-200.48,10,9,1,1
2024_1226_2745_1510,2024-25,2024-12-26 00:00:00+00:00,Telekom Baskets Bonn,FITOne Wuerzburg Baskets,1510,2745,88.0,91.8,0.4,82.6,72.4,0.8,5.400000000000006,-0.4,86.9,85.5,0.6,81.3,73.4,0.7,5.6000000000000085,-0.09999999999999998,0.6666666666666666,0.6666666666666666,0.0,-1.0,3.0,-3.799999999999997,10.199999999999989,-13.999999999999986,4,8,0.5,1,1580.9,1574.88,6.02,5,5,0,0
2024_1226_3361_41,2024-25,2024-12-26 00:00:00+00:00,MHP Riesen Ludwigsburg,Fraport Skyliners Frankfurt,41,3361,73.6,71.6,0.6,83.6,91.8,0.2,-10.0,0.39999999999999997,75.7,70.5,0.6,76.3,85.6,0.2,-0.5999999999999943,0.39999999999999997,0.6666666666666666,0.3333333333333333,0.3333333333333333,1.0,-3.0,2.0,-8.200000000000003,10.200000000000003,5,6,0.8333333333333334,1,1536.19,1417.0,119.2,5,3,2,1
2024_1226_19629_1774,2024-25,2024-12-26 00:00:00+00:00,Rostock Seawolves,Veolia Towers Hamburg,1774,19629,72.2,76.2,0.2,75.2,75.0,0.4,-3.0,-0.2,74.1,76.0,0.3,80.0,80.1,0.4,-5.900000000000006,-0.10000000000000003,0.0,0.6666666666666666,-0.6666666666666666,-3.0,-1.0,-4.0,0.20000000000000284,-4.200000000000003,2,4,0.5,1,1423.68,1479.86,-56.18,5,5,0,1
2024_1227_1791_132,2024-25,2024-12-27 00:00:00+00:00,Bamberg Baskets,NINERS Chemnitz,132,1791,90.2,87.6,0.4,79.0,85.8,0.4,11.200000000000003,0.0,81.5,83.0,0.4,81.4,82.2,0.6,0.09999999999999432,-0.19999999999999996,0.6666666666666666,0.3333333333333333,0.3333333333333333,-1.0,-1.0,2.6000000000000085,-6.799999999999997,9.400000000000006,3,8,0.375,1,1476.89,1574.56,-97.67,5,6,-1,1
2024_1227_1634_40,2024-25,2024-12-27 00:00:00+00:00,Basketball Loewen Braunschweig,EWE Baskets Oldenburg,40,1634,76.6,73.6,0.8,91.4,91.6,0.4,-14.800000000000011,0.4,76.8,74.3,0.6,84.2,86.7,0.4,-7.400000000000006,0.19999999999999996,1.0,0.3333333333333333,0.6666666666666667,3.0,-1.0,3.0,-0.19999999999998863,3.1999999999999886,2,8,0.25,1,1502.45,1514.48,-12.03,6,5,1,1
2024_1228_10_450,2024-25,2024-12-28 00:00:00+00:00,SYNTAINICS MBC Weissenfels,ALBA Berlin,450,10,82.6,80.6,0.6,88.0,85.6,0.4,-5.400000000000006,0.19999999999999996,84.0,82.5,0.6,85.5,82.8,0.4,-1.5,0.19999999999999996,0.3333333333333333,0.3333333333333333,0.0,1.0,-1.0,2.0,2.4000000000000057,-0.4000000000000057,1,8,0.125,1,1464.95,1605.82,-140.87,7,6,1,1
2024_1229_214_1510,2024-25,2024-12-29 00:00:00+00:00,Telekom Baskets Bonn,BG Goettingen,1510,214,89.6,91.2,0.4,83.4,102.4,0.2,6.199999999999989,0.2,85.5,86.5,0.5,79.4,99.6,0.1,6.099999999999994,0.4,0.3333333333333333,0.3333333333333333,0.0,-1.0,-3.0,-1.6000000000000085,-19.0,17.39999999999999,6,8,0.75,1,1567.94,1390.13,177.82,3,7,-4,1
2024_1229_1634_2457,2024-25,2024-12-29 00:00:00+00:00,Rasta Vechta,EWE Baskets Oldenburg,2457,1634,84.6,84.8,0.8,92.2,90.8,0.4,-7.6000000000000085,0.4,80.7,83.2,0.5,85.4,84.5,0.4,-4.700000000000003,0.09999999999999998,0.6666666666666666,0.3333333333333333,0.3333333333333333,3.0,-1.0,-0.20000000000000284,1.4000000000000057,-1.6000000000000085,1,4,0.25,1,1521.29,1506.96,14.33,15,2,13,1
2024_1229_219_3361,2024-25,2024-12-29 00:00:00+00:00,Fraport Skyliners Frankfurt,FC Bayern Muenchen Basketball,3361,219,77.4,87.8,0.2,85.8,73.6,0.8,-8.399999999999991,-0.6000000000000001,76.6,87.2,0.2,82.0,75.5,0.7,-5.400000000000006,-0.49999999999999994,0.3333333333333333,0.6666666666666666,-0.3333333333333333,-3.0,3.0,-10.399999999999991,12.200000000000003,-22.599999999999994,0,6,0.0,1,1412.58,1668.79,-256.2,3,7,-4,0
2024_1230_450_1791,2024-25,2024-12-30 00:00:00+00:00,NINERS Chemnitz,SYNTAINICS MBC Weissenfels,1791,450,77.6,86.4,0.2,83.0,80.4,0.6,-5.400000000000006,-0.39999999999999997,80.8,81.3,0.6,85.4,80.6,0.7,-4.6000000000000085,-0.09999999999999998,0.0,0.6666666666666666,-0.6666666666666666,-3.0,1.0,-8.800000000000011,2.5999999999999943,-11.400000000000006,8,8,1.0,1,1564.62,1476.12,88.5,3,2,1,1
2024_1230_40_19629,2024-25,2024-12-30 00:00:00+00:00,Veolia Towers Hamburg,Basketball Loewen Braunschweig,19629,40,76.4,77.0,0.4,82.6,76.0,1.0,-6.199999999999989,-0.6,78.1,81.3,0.3,75.5,74.8,0.6,2.5999999999999943,-0.3,0.3333333333333333,1.0,-0.6666666666666667,-1.0,5.0,-0.5999999999999943,6.599999999999994,-7.199999999999989,6,8,0.75,1,1471.11,1509.97,-38.86,4,3,1,0
2024_1230_215_41,2024-25,2024-12-30 00:00:00+00:00,MHP Riesen Ludwigsburg,MLP Academics Heidelberg,41,215,73.6,65.6,0.8,78.2,73.6,0.8,-4.6000000000000085,0.0,76.9,70.2,0.6,80.9,76.5,0.7,-4.0,-0.09999999999999998,0.6666666666666666,0.6666666666666666,0.0,3.0,3.0,8.0,4.6000000000000085,3.3999999999999915,4,5,0.8,1,1540.61,1480.62,59.98,4,8,-4,0
2024_1230_132_2745,2024-25,2024-12-30 00:00:00+00:00,FITOne Wuerzburg Baskets,Bamberg Baskets,2745,132,86.6,78.0,0.8,86.8,83.4,0.6,-0.20000000000000284,0.20000000000000007,82.7,73.0,0.8,81.9,81.4,0.5,0.7999999999999972,0.30000000000000004,1.0,1.0,0.0,3.0,1.0,8.599999999999994,3.3999999999999915,5.200000000000003,5,8,0.625,1,1587.84,1486.82,101.02,4,3,1,0
2024_1231_1774_10,2024-25,2024-12-31 00:00:00+00:00,ALBA Berlin,Rostock Seawolves,10,1774,86.8,87.0,0.4,74.0,78.6,0.2,12.799999999999997,0.2,85.1,82.5,0.4,73.1,76.4,0.3,12.0,0.10000000000000003,0.3333333333333333,0.3333333333333333,0.0,-1.0,-3.0,-0.20000000000000284,-4.599999999999994,4.3999999999999915,4,4,1.0,1,1594.65,1432.42,162.22,3,5,-2,0
2025_0102_127_132,2024-25,2025-01-02 00:00:00+00:00,Bamberg Baskets,Ratiopharm Ulm,132,127,84.4,77.6,0.8,88.8,79.4,0.4,-4.3999999999999915,0.4,83.5,82.6,0.5,82.5,77.6,0.6,1.0,-0.09999999999999998,1.0,0.3333333333333333,0.6666666666666667,3.0,-1.0,6.800000000000011,9.399999999999991,-2.59999999999998,5,8,0.625,1,1502.04,1591.85,-89.81,3,10,-7,0
2025_0103_214_2745,2024-25,2025-01-03 00:00:00+00:00,FITOne Wuerzburg Baskets,BG Goettingen,2745,214,82.4,78.0,0.6,82.2,99.4,0.2,0.20000000000000284,0.39999999999999997,80.5,74.7,0.7,78.9,97.6,0.1,1.5999999999999943,0.6,0.6666666666666666,0.0,0.6666666666666666,1.0,-3.0,4.400000000000006,-17.200000000000003,21.60000000000001,3,8,0.375,1,1572.62,1386.76,185.86,4,5,-1,1
2025_0104_2457_1774,2024-25,2025-01-04 00:00:00+00:00,Rostock Seawolves,Rasta Vechta,1774,2457,80.4,81.8,0.4,88.4,87.6,0.8,-8.0,-0.4,76.3,77.9,0.4,82.2,84.8,0.5,-5.900000000000006,-0.09999999999999998,0.6666666666666666,0.6666666666666666,0.0,-1.0,3.0,-1.3999999999999915,0.8000000000000114,-2.200000000000003,0,2,0.0,1,1448.8,1528.11,-79.31,4,6,-2,1
2025_0104_127_450,2024-25,2025-01-04 00:00:00+00:00,SYNTAINICS MBC Weissenfels,Ratiopharm Ulm,450,127,77.6,78.0,0.4,90.8,75.6,0.6,-13.200000000000003,-0.19999999999999996,83.3,78.0,0.7,83.8,77.7,0.6,-0.5,0.09999999999999998,0.3333333333333333,0.3333333333333333,0.0,-1.0,1.0,-0.4000000000000057,15.200000000000003,-15.600000000000009,0,8,0.0,1,1471.07,1602.14,-131.07,5,2,3,0
2025_0104_3361_1791,2024-25,2025-01-04 00:00:00+00:00,NINERS Chemnitz,Fraport Skyliners Frankfurt,1791,3361,79.2,84.4,0.4,78.6,87.8,0.2,0.6000000000000085,0.2,80.2,80.8,0.6,78.1,88.4,0.2,2.1000000000000085,0.39999999999999997,0.3333333333333333,0.3333333333333333,0.0,-1.0,-3.0,-5.200000000000003,-9.200000000000003,4.0,4,6,0.6666666666666666,1,1569.67,1406.8,162.88,5,6,-1,1
2025_0105_219_10,2024-25,2025-01-05 00:00:00+00:00,ALBA Berlin,FC Bayern Muenchen Basketball,10,219,84.6,88.6,0.2,86.0,76.0,0.8,-1.4000000000000057,-0.6000000000000001,83.1,85.1,0.3,84.1,76.1,0.8,-1.0,-0.5,0.3333333333333333,1.0,-0.6666666666666667,-3.0,3.0,-4.0,10.0,-14.0,4,7,0.5714285714285714,1,1578.27,1674.57,-96.3,5,7,-2,1
2025_0105_1510_40,2024-25,2025-01-05 00:00:00+00:00,Basketball Loewen Braunschweig,Telekom Baskets Bonn,40,1510,84.4,78.4,1.0,90.6,85.6,0.6,-6.199999999999989,0.4,75.5,76.3,0.6,84.4,84.5,0.5,-8.900000000000006,0.09999999999999998,1.0,0.6666666666666666,0.33333333333333337,5.0,1.0,6.0,5.0,1.0,2,8,0.25,1,1521.71,1571.31,-49.59,6,7,-1,0
2025_0105_41_1634,2024-25,2025-01-05 00:00:00+00:00,EWE Baskets Oldenburg,MHP Riesen Ludwigsburg,1634,41,90.0,92.0,0.2,71.4,67.0,0.6,18.599999999999994,-0.39999999999999997,86.7,85.6,0.4,77.0,70.6,0.6,9.700000000000003,-0.19999999999999996,0.0,0.6666666666666666,-0.6666666666666666,-3.0,1.0,-2.0,4.400000000000006,-6.400000000000006,4,8,0.5,1,1500.13,1526.3,-26.17,7,6,1,1
2025_0106_19629_132,2024-25,2025-01-06 00:00:00+00:00,Bamberg Baskets,Veolia Towers Hamburg,132,19629,82.2,77.8,0.8,80.0,80.6,0.4,2.200000000000003,0.4,83.7,83.5,0.5,78.7,82.3,0.3,5.0,0.2,0.6666666666666666,0.0,0.6666666666666666,3.0,-1.0,4.400000000000006,-0.5999999999999943,5.0,4,8,0.5,1,1491.75,1459.37,32.38,4,7,-3,0
2025_0110_1510_19629,2024-25,2025-01-10 00:00:00+00:00,Veolia Towers Hamburg,Telekom Baskets Bonn,19629,1510,78.4,81.0,0.4,90.2,82.2,0.6,-11.799999999999997,-0.19999999999999996,78.3,82.5,0.3,84.3,84.3,0.5,-6.0,-0.2,0.3333333333333333,0.6666666666666666,-0.3333333333333333,-1.0,1.0,-2.5999999999999943,8.0,-10.599999999999994,2,8,0.25,1,1473.01,1582.75,-109.74,4,5,-1,1
2025_0111_40_214,2024-25,2025-01-11 00:00:00+00:00,BG Goettingen,Basketball Loewen Braunschweig,214,40,83.8,93.4,0.2,84.0,83.2,0.8,-0.20000000000000284,-0.6000000000000001,79.3,95.3,0.1,76.4,78.5,0.6,2.8999999999999915,-0.5,0.0,0.6666666666666666,-0.6666666666666666,-3.0,3.0,-9.600000000000009,0.7999999999999972,-10.400000000000006,5,8,0.625,1,1383.53,1510.27,-126.74,8,6,2,0
2025_0111_2745_1634,2024-25,2025-01-11 00:00:00+00:00,EWE Baskets Oldenburg,FITOne Wuerzburg Baskets,1634,2745,85.8,85.6,0.4,82.8,77.4,0.8,3.0,-0.4,84.4,85.4,0.4,79.3,74.0,0.7,5.1000000000000085,-0.29999999999999993,0.3333333333333333,0.6666666666666666,-0.3333333333333333,-1.0,3.0,0.20000000000000284,5.3999999999999915,-5.199999999999989,4,8,0.5,1,1508.04,1575.86,-67.82,6,8,-2,1
2025_0111_1774_127,2024-25,2025-01-11 00:00:00+00:00,Ratiopharm Ulm,Rostock Seawolves,127,1774,87.4,79.4,0.6,81.6,81.2,0.6,5.800000000000011,0.0,86.7,80.4,0.6,78.5,77.0,0.5,8.200000000000003,0.09999999999999998,0.6666666666666666,1.0,-0.33333333333333337,1.0,1.0,8.0,0.3999999999999915,7.6000000000000085,2,4,0.5,1,1611.25,1458.21,153.04,7,7,0,1
2025_0111_450_2457,2024-25,2025-01-11 00:00:00+00:00,Rasta Vechta,SYNTAINICS MBC Weissenfels,2457,450,84.8,85.4,0.6,81.4,81.2,0.4,3.3999999999999915,0.19999999999999996,83.1,85.5,0.5,84.3,80.3,0.6,-1.2000000000000028,-0.09999999999999998,0.3333333333333333,0.3333333333333333,0.0,1.0,-1.0,-0.6000000000000085,0.20000000000000284,-0.8000000000000114,3,4,0.75,1,1518.71,1461.96,56.75,7,7,0,1
2025_0112_10_3361,2024-25,2025-01-12 00:00:00+00:00,Fraport Skyliners Frankfurt,ALBA Berlin,3361,10,77.8,87.0,0.2,83.6,85.6,0.4,-5.799999999999997,-0.2,76.7,89.5,0.1,83.2,84.1,0.4,-6.5,-0.30000000000000004,0.0,0.3333333333333333,-0.3333333333333333,-3.0,-1.0,-9.200000000000003,-2.0,-7.200000000000003,0,6,0.0,1,1403.19,1588.16,-184.97,8,7,1,0
2025_0112_132_41,2024-25,2025-01-12 00:00:00+00:00,MHP Riesen Ludwigsburg,Bamberg Baskets,41,132,70.4,68.0,0.4,79.8,79.8,0.6,-9.399999999999991,-0.19999999999999996,74.3,71.4,0.5,85.8,85.1,0.5,-11.5,0.0,0.3333333333333333,0.3333333333333333,0.0,-1.0,1.0,2.4000000000000057,0.0,2.4000000000000057,5,8,0.625,1,1518.39,1478.11,40.28,7,6,1,1
2025_0112_219_215,2024-25,2025-01-12 00:00:00+00:00,MLP Academics Heidelberg,FC Bayern Muenchen Basketball,215,219,72.6,71.6,0.8,83.6,79.0,0.6,-11.0,0.20000000000000007,76.8,73.5,0.7,84.1,76.9,0.7,-7.299999999999997,0.0,0.6666666666666666,0.6666666666666666,0.0,3.0,1.0,1.0,4.599999999999994,-3.5999999999999943,2,6,0.3333333333333333,1,1494.93,1664.68,-169.75,13,7,6,0
2025_0117_19629_1791,2024-25,2025-01-17 00:00:00+00:00,NINERS Chemnitz,Veolia Towers Hamburg,1791,19629,80.0,82.2,0.4,80.8,84.0,0.4,-0.7999999999999972,0.0,80.6,79.6,0.6,78.9,81.8,0.4,1.6999999999999886,0.19999999999999996,0.6666666666666666,0.6666666666666666,0.0,-1.0,-1.0,-2.200000000000003,-3.200000000000003,1.0,7,8,0.875,1,1573.28,1483.29,90.0,13,7,6,1
2025_0118_215_10,2024-25,2025-01-18 00:00:00+00:00,ALBA Berlin,MLP Academics Heidelberg,10,215,86.6,83.0,0.6,69.8,75.4,0.6,16.799999999999997,0.0,82.9,82.1,0.5,75.5,75.7,0.6,7.400000000000006,-0.09999999999999998,0.6666666666666666,0.3333333333333333,0.3333333333333333,1.0,1.0,3.5999999999999943,-5.6000000000000085,9.200000000000003,6,6,1.0,1,1595.76,1486.91,108.85,6,6,0,1
2025_0118_1634_1774,2024-25,2025-01-18 00:00:00+00:00,Rostock Seawolves,EWE Baskets Oldenburg,1774,1634,82.0,81.6,0.6,82.8,83.8,0.4,-0.7999999999999972,0.19999999999999996,76.8,77.7,0.4,87.3,88.0,0.4,-10.5,0.0,0.6666666666666666,0.6666666666666666,0.0,1.0,-1.0,0.4000000000000057,-1.0,1.4000000000000057,0,4,0.0,1,1454.43,1517.12,-62.69,7,7,0,1
2025_0118_214_450,2024-25,2025-01-18 00:00:00+00:00,SYNTAINICS MBC Weissenfels,BG Goettingen,450,214,82.0,84.6,0.2,81.6,97.2,0.0,0.4000000000000057,0.2,84.3,81.5,0.5,79.8,96.5,0.1,4.5,0.4,0.0,0.0,0.0,-3.0,-5.0,-2.5999999999999943,-15.600000000000009,13.000000000000014,4,8,0.5,1,1456.19,1374.3,81.89,7,7,0,1
2025_0119_127_40,2024-25,2025-01-19 00:00:00+00:00,Basketball Loewen Braunschweig,Ratiopharm Ulm,40,127,87.0,82.2,0.8,84.8,78.8,0.6,2.200000000000003,0.20000000000000007,81.0,80.6,0.7,88.3,78.3,0.7,-7.299999999999997,0.0,0.6666666666666666,1.0,-0.33333333333333337,3.0,1.0,4.799999999999997,6.0,-1.2000000000000028,3,8,0.375,1,1519.5,1615.03,-95.53,8,8,0,0
2025_0119_3361_1510,2024-25,2025-01-19 00:00:00+00:00,Telekom Baskets Bonn,Fraport Skyliners Frankfurt,1510,3361,92.4,82.0,0.6,71.8,83.6,0.2,20.60000000000001,0.39999999999999997,84.8,84.5,0.5,75.6,87.5,0.1,9.200000000000003,0.4,0.6666666666666666,0.0,0.6666666666666666,1.0,-3.0,10.400000000000006,-11.799999999999997,22.200000000000003,5,6,0.8333333333333334,1,1572.47,1395.59,176.88,9,7,2,0
2025_0120_2457_2745,2024-25,2025-01-20 00:00:00+00:00,FITOne Wuerzburg Baskets,Rasta Vechta,2745,2457,82.0,82.6,0.6,83.0,82.6,0.6,-1.0,0.0,80.9,76.6,0.7,84.1,84.6,0.6,-3.1999999999999886,0.09999999999999998,0.3333333333333333,0.6666666666666666,-0.3333333333333333,1.0,1.0,-0.5999999999999943,0.4000000000000057,-1.0,3,4,0.75,1,1566.78,1524.48,42.3,9,9,0,0
2025_0124_1791_2457,2024-25,2025-01-24 00:00:00+00:00,Rasta Vechta,NINERS Chemnitz,2457,1791,84.6,82.0,0.6,80.8,80.4,0.6,3.799999999999997,0.0,85.3,84.0,0.7,80.7,79.6,0.6,4.599999999999994,0.09999999999999998,0.6666666666666666,1.0,-0.33333333333333337,1.0,1.0,2.5999999999999943,0.3999999999999915,2.200000000000003,2,5,0.4,1,1538.36,1578.3,-39.94,4,7,-3,1
2025_0125_450_214,2024-25,2025-01-25 00:00:00+00:00,BG Goettingen,SYNTAINICS MBC Weissenfels,214,450,81.0,93.6,0.0,85.4,85.6,0.4,-4.400000000000006,-0.4,82.7,96.7,0.1,84.0,83.1,0.5,-1.2999999999999972,-0.4,0.0,0.3333333333333333,-0.3333333333333333,-5.0,-1.0,-12.599999999999994,-0.19999999999998863,-12.400000000000006,4,9,0.4444444444444444,1,1369.1,1461.38,-92.28,7,7,0,0
2025_0125_40_41,2024-25,2025-01-25 00:00:00+00:00,MHP Riesen Ludwigsburg,Basketball Loewen Braunschweig,41,40,74.8,67.4,0.6,90.6,89.4,0.6,-15.799999999999997,0.0,74.6,70.8,0.5,83.6,81.5,0.7,-9.0,-0.19999999999999996,0.3333333333333333,0.3333333333333333,0.0,1.0,1.0,7.3999999999999915,1.1999999999999886,6.200000000000003,7,9,0.7777777777777778,1,1524.56,1509.37,15.19,13,6,7,0
2025_0125_1510_127,2024-25,2025-01-25 00:00:00+00:00,Ratiopharm Ulm,Telekom Baskets Bonn,127,1510,91.2,84.6,0.8,81.8,79.8,0.4,9.400000000000006,0.4,89.7,80.5,0.7,84.9,85.8,0.4,4.799999999999997,0.29999999999999993,1.0,0.3333333333333333,0.6666666666666667,3.0,-1.0,6.6000000000000085,2.0,4.6000000000000085,4,9,0.4444444444444444,1,1625.16,1555.84,69.32,6,6,0,1
2025_0126_132_219,2024-25,2025-01-26 00:00:00+00:00,FC Bayern Muenchen Basketball,Bamberg Baskets,219,132,85.6,75.2,0.8,78.6,84.6,0.4,7.0,0.4,83.3,74.7,0.7,84.4,86.1,0.4,-1.1000000000000085,0.29999999999999993,0.6666666666666666,0.0,0.6666666666666666,3.0,-1.0,10.399999999999991,-6.0,16.39999999999999,7,7,1.0,1,1672.7,1471.94,200.75,14,14,0,1
2025_0126_2745_19629,2024-25,2025-01-26 00:00:00+00:00,Veolia Towers Hamburg,FITOne Wuerzburg Baskets,19629,2745,79.6,83.2,0.4,79.6,84.6,0.4,0.0,0.0,77.4,79.1,0.4,81.1,78.5,0.6,-3.6999999999999886,-0.19999999999999996,0.6666666666666666,0.3333333333333333,0.3333333333333333,-1.0,-1.0,-3.6000000000000085,-5.0,1.3999999999999915,5,9,0.5555555555555556,1,1478.27,1552.9,-74.63,9,6,3,1
2025_0127_10_1634,2024-25,2025-01-27 00:00:00+00:00,EWE Baskets Oldenburg,ALBA Berlin,1634,10,91.4,90.4,0.4,83.2,79.4,0.6,8.200000000000003,-0.19999999999999996,91.4,91.0,0.4,85.6,82.5,0.5,5.800000000000011,-0.09999999999999998,0.6666666666666666,1.0,-0.33333333333333337,-1.0,1.0,1.0,3.799999999999997,-2.799999999999997,1,9,0.1111111111111111,1,1508.19,1600.38,-92.2,9,9,0,1
2025_0130_40_2457,2024-25,2025-01-30 00:00:00+00:00,Rasta Vechta,Basketball Loewen Braunschweig,2457,40,88.6,79.4,0.8,90.6,86.8,0.6,-2.0,0.20000000000000007,86.6,82.1,0.8,86.6,81.4,0.8,0.0,0.0,1.0,0.6666666666666666,0.33333333333333337,3.0,1.0,9.199999999999989,3.799999999999997,5.3999999999999915,2,4,0.5,1,1546.65,1522.57,24.08,6,5,1,1
2025_0201_214_19629,2024-25,2025-02-01 00:00:00+00:00,Veolia Towers Hamburg,BG Goettingen,19629,214,77.6,78.0,0.6,80.4,90.6,0.0,-2.8000000000000114,0.6,77.0,77.5,0.5,81.9,96.5,0.1,-4.900000000000006,0.4,0.6666666666666666,0.0,0.6666666666666666,1.0,-5.0,-0.4000000000000057,-10.199999999999989,9.799999999999983,6,8,0.75,1,1487.54,1358.88,128.66,6,7,-1,1
2025_0201_132_450,2024-25,2025-02-01 00:00:00+00:00,SYNTAINICS MBC Weissenfels,Bamberg Baskets,450,132,85.4,86.4,0.4,78.8,85.4,0.2,6.6000000000000085,0.2,84.2,83.4,0.5,82.8,84.4,0.4,1.4000000000000057,0.09999999999999998,0.6666666666666666,0.0,0.6666666666666666,-1.0,-3.0,-1.0,-6.6000000000000085,5.6000000000000085,2,9,0.2222222222222222,1,1471.61,1468.93,2.67,7,6,1,0
2025_0201_1634_2745,2024-25,2025-02-01 00:00:00+00:00,FITOne Wuerzburg Baskets,EWE Baskets Oldenburg,2745,1634,74.8,82.0,0.2,94.4,92.2,0.6,-19.60000000000001,-0.39999999999999997,80.7,80.0,0.5,93.3,91.5,0.5,-12.599999999999994,0.0,0.0,0.6666666666666666,-0.6666666666666666,-3.0,1.0,-7.200000000000003,2.200000000000003,-9.400000000000006,4,9,0.4444444444444444,1,1543.63,1517.96,25.67,6,5,1,0
2025_0202_10_219,2024-25,2025-02-02 00:00:00+00:00,FC Bayern Muenchen Basketball,ALBA Berlin,219,10,86.4,77.6,0.8,86.4,80.0,0.6,0.0,0.20000000000000007,84.2,75.0,0.8,86.6,83.5,0.5,-2.3999999999999915,0.30000000000000004,0.6666666666666666,0.6666666666666666,0.0,3.0,1.0,8.800000000000011,6.400000000000006,2.4000000000000057,3,8,0.375,1,1675.7,1590.61,85.09,7,6,1,1
2025_0202_1791_1510,2024-25,2025-02-02 00:00:00+00:00,Telekom Baskets Bonn,NINERS Chemnitz,1510,1791,80.6,78.6,0.4,76.4,73.6,0.6,4.199999999999989,-0.19999999999999996,85.1,84.9,0.4,77.7,79.7,0.5,7.3999999999999915,-0.09999999999999998,0.0,0.6666666666666666,-0.6666666666666666,-1.0,1.0,2.0,2.8000000000000114,-0.8000000000000114,5,9,0.5555555555555556,1,1550.36,1570.01,-19.65,8,9,-1,0
2025_0202_127_41,2024-25,2025-02-02 00:00:00+00:00,MHP Riesen Ludwigsburg,Ratiopharm Ulm,41,127,74.0,70.8,0.4,91.0,82.2,1.0,-17.0,-0.6,73.8,71.2,0.5,89.9,80.8,0.7,-16.10000000000001,-0.19999999999999996,0.3333333333333333,1.0,-0.6666666666666667,-1.0,5.0,3.200000000000003,8.799999999999997,-5.599999999999994,5,9,0.5555555555555556,1,1511.36,1630.64,-119.27,8,8,0,1
2025_0202_215_1774,2024-25,2025-02-02 00:00:00+00:00,Rostock Seawolves,MLP Academics Heidelberg,1774,215,93.8,89.2,0.8,65.6,77.6,0.4,28.200000000000003,0.4,83.0,82.7,0.5,74.4,75.4,0.6,8.599999999999994,-0.09999999999999998,0.6666666666666666,0.3333333333333333,0.3333333333333333,3.0,-1.0,4.599999999999994,-12.0,16.599999999999994,1,5,0.2,1,1463.36,1482.29,-18.93,15,15,0,1
2025_0203_2457_40,2024-25,2025-02-03 00:00:00+00:00,Basketball Loewen Braunschweig,Rasta Vechta,40,2457,90.0,87.8,0.4,87.2,78.8,0.8,2.799999999999997,-0.4,87.2,83.1,0.7,87.8,83.2,0.8,-0.5999999999999943,-0.10000000000000009,0.3333333333333333,1.0,-0.6666666666666667,-1.0,3.0,2.200000000000003,8.400000000000006,-6.200000000000003,2,5,0.4,1,1516.0,1553.22,-37.22,4,4,0,1
2025_0208_40_1791,2024-25,2025-02-08 00:00:00+00:00,NINERS Chemnitz,Basketball Loewen Braunschweig,1791,40,77.2,73.4,0.8,95.8,83.0,0.6,-18.599999999999994,0.20000000000000007,77.4,79.9,0.5,89.9,83.1,0.7,-12.5,-0.19999999999999996,0.6666666666666666,0.6666666666666666,0.0,3.0,1.0,3.799999999999997,12.799999999999997,-9.0,4,9,0.4444444444444444,1,1582.29,1524.21,58.07,6,5,1,0
2025_0208_214_3361,2024-25,2025-02-08 00:00:00+00:00,Fraport Skyliners Frankfurt,BG Goettingen,3361,214,69.8,80.6,0.2,83.4,92.8,0.0,-13.600000000000009,0.2,76.7,86.2,0.2,82.8,96.1,0.1,-6.099999999999994,0.1,0.3333333333333333,0.0,0.3333333333333333,-3.0,-5.0,-10.799999999999997,-9.399999999999991,-1.4000000000000057,5,7,0.7142857142857143,1,1412.21,1354.65,57.56,20,7,13,1
2025_0208_41_215,2024-25,2025-02-08 00:00:00+00:00,MLP Academics Heidelberg,MHP Riesen Ludwigsburg,215,41,68.2,81.8,0.2,76.0,72.8,0.4,-7.799999999999997,-0.2,73.1,77.0,0.5,74.8,69.2,0.6,-1.7000000000000028,-0.09999999999999998,0.0,0.6666666666666666,-0.6666666666666666,-3.0,-1.0,-13.599999999999994,3.200000000000003,-16.799999999999997,2,6,0.3333333333333333,1,1474.58,1521.92,-47.34,6,6,0,1
2025_0208_450_127,2024-25,2025-02-08 00:00:00+00:00,Ratiopharm Ulm,SYNTAINICS MBC Weissenfels,127,450,85.6,85.2,0.8,84.8,87.4,0.4,0.7999999999999972,0.4,88.2,80.4,0.7,81.2,82.7,0.4,7.0,0.29999999999999993,0.6666666666666666,0.6666666666666666,0.0,3.0,-1.0,0.3999999999999915,-2.6000000000000085,3.0,9,9,1.0,1,1620.08,1458.73,161.35,6,7,-1,1
2025_0209_19629_10,2024-25,2025-02-09 00:00:00+00:00,ALBA Berlin,Veolia Towers Hamburg,10,19629,86.6,80.6,0.6,78.6,76.2,0.8,8.0,-0.20000000000000007,85.6,84.6,0.4,79.3,78.4,0.6,6.299999999999997,-0.19999999999999996,0.3333333333333333,0.6666666666666666,-0.3333333333333333,1.0,3.0,6.0,2.3999999999999915,3.6000000000000085,6,9,0.6666666666666666,1,1585.48,1491.77,93.72,7,8,-1,1
2025_0209_1634_132,2024-25,2025-02-09 00:00:00+00:00,Bamberg Baskets,EWE Baskets Oldenburg,132,1634,79.8,85.2,0.2,98.6,93.0,0.8,-18.799999999999997,-0.6000000000000001,82.1,81.4,0.5,94.3,92.5,0.5,-12.200000000000003,0.0,0.3333333333333333,0.6666666666666666,-0.3333333333333333,-3.0,3.0,-5.400000000000006,5.599999999999994,-11.0,1,9,0.1111111111111111,1,1481.81,1531.43,-49.62,8,8,0,1
2025_0209_219_2457,2024-25,2025-02-09 00:00:00+00:00,Rasta Vechta,FC Bayern Muenchen Basketball,2457,219,84.6,82.0,0.8,88.4,79.8,0.8,-3.8000000000000114,0.0,84.7,83.7,0.7,87.1,76.7,0.8,-2.3999999999999915,-0.10000000000000009,0.6666666666666666,1.0,-0.33333333333333337,3.0,3.0,2.5999999999999943,8.600000000000009,-6.000000000000014,2,5,0.4,1,1545.01,1680.83,-135.82,6,7,-1,1
2025_0209_1774_2745,2024-25,2025-02-09 00:00:00+00:00,FITOne Wuerzburg Baskets,Rostock Seawolves,2745,1774,81.2,88.0,0.2,93.0,90.0,0.8,-11.799999999999997,-0.6000000000000001,81.8,83.0,0.4,83.5,84.3,0.5,-1.7000000000000028,-0.09999999999999998,0.0,0.6666666666666666,-0.6666666666666666,-3.0,3.0,-6.799999999999997,3.0,-9.799999999999997,4,5,0.8,1,1530.16,1471.07,59.1,8,7,1,0
2025_0211_3361_219,2024-25,2025-02-11 00:00:00+00:00,FC Bayern Muenchen Basketball,Fraport Skyliners Frankfurt,219,3361,83.2,78.8,0.6,76.6,83.0,0.4,6.6000000000000085,0.19999999999999996,84.6,77.4,0.7,77.0,85.4,0.3,7.599999999999994,0.39999999999999997,0.6666666666666666,0.6666666666666666,0.0,1.0,-1.0,4.400000000000006,-6.400000000000006,10.800000000000011,7,7,1.0,1,1669.8,1417.96,251.84,2,3,-1,1
2025_0211_215_1791,2024-25,2025-02-11 00:00:00+00:00,NINERS Chemnitz,MLP Academics Heidelberg,1791,215,77.4,78.0,0.6,71.8,80.6,0.4,5.6000000000000085,0.19999999999999996,78.3,81.2,0.5,75.0,77.1,0.6,3.299999999999997,-0.09999999999999998,0.3333333333333333,0.3333333333333333,0.0,1.0,-1.0,-0.5999999999999943,-8.799999999999997,8.200000000000003,6,6,1.0,1,1568.03,1483.08,84.95,3,3,0,1
2025_0211_1510_41,2024-25,2025-02-11 00:00:00+00:00,MHP Riesen Ludwigsburg,Telekom Baskets Bonn,41,1510,78.0,76.6,0.4,80.6,82.0,0.2,-2.5999999999999943,0.2,74.7,71.8,0.5,85.6,83.8,0.4,-10.899999999999991,0.09999999999999998,0.3333333333333333,0.0,0.3333333333333333,-1.0,-3.0,1.4000000000000057,-1.4000000000000057,2.8000000000000114,5,9,0.5555555555555556,1,1513.42,1538.09,-24.67,3,9,-6,1
2025_0211_2457_450,2024-25,2025-02-11 00:00:00+00:00,SYNTAINICS MBC Weissenfels,Rasta Vechta,450,2457,80.2,87.4,0.4,83.0,79.2,0.8,-2.799999999999997,-0.4,80.8,84.3,0.4,83.0,80.9,0.7,-2.200000000000003,-0.29999999999999993,0.3333333333333333,0.6666666666666666,-0.3333333333333333,-1.0,3.0,-7.200000000000003,3.799999999999997,-11.0,1,5,0.2,1,1455.1,1556.04,-100.94,3,2,1,1
2025_0212_2745_132,2024-25,2025-02-12 00:00:00+00:00,Bamberg Baskets,FITOne Wuerzburg Baskets,132,2745,85.0,82.6,0.4,84.0,91.8,0.0,1.0,0.4,83.6,80.2,0.6,83.4,84.6,0.4,0.19999999999998863,0.19999999999999996,0.6666666666666666,0.0,0.6666666666666666,-1.0,-5.0,2.4000000000000057,-7.799999999999997,10.200000000000003,4,9,0.4444444444444444,1,1490.37,1515.88,-25.51,3,3,0,0
2025_0212_19629_40,2024-25,2025-02-12 00:00:00+00:00,Basketball Loewen Braunschweig,Veolia Towers Hamburg,40,19629,93.4,82.4,0.6,77.4,78.6,0.6,16.0,0.0,90.2,82.3,0.7,77.9,79.8,0.5,12.299999999999997,0.19999999999999996,0.6666666666666666,0.6666666666666666,0.0,1.0,1.0,11.0,-1.1999999999999886,12.199999999999989,3,9,0.3333333333333333,1,1538.47,1486.83,51.64,4,3,1,1
2025_0212_10_1774,2024-25,2025-02-12 00:00:00+00:00,Rostock Seawolves,ALBA Berlin,1774,10,93.2,91.6,0.8,87.4,79.8,0.6,5.799999999999997,0.20000000000000007,86.8,86.7,0.6,85.5,82.7,0.5,1.2999999999999972,0.09999999999999998,1.0,0.3333333333333333,0.6666666666666667,3.0,1.0,1.6000000000000085,7.6000000000000085,-6.0,1,5,0.2,1,1485.35,1590.42,-105.07,3,3,0,0
2025_0213_127_214,2024-25,2025-02-13 00:00:00+00:00,BG Goettingen,Ratiopharm Ulm,214,127,86.6,96.0,0.0,85.6,80.6,0.8,1.0,-0.8,85.2,94.7,0.1,86.5,80.0,0.7,-1.2999999999999972,-0.6,0.0,0.6666666666666666,-0.6666666666666666,-5.0,3.0,-9.400000000000006,5.0,-14.400000000000006,3,9,0.3333333333333333,1,1348.9,1623.72,-274.82,5,5,0,0
2025_0228_40_127,2024-25,2025-02-28 00:00:00+00:00,Ratiopharm Ulm,Basketball Loewen Braunschweig,127,40,87.4,80.6,0.8,92.0,78.4,0.8,-4.599999999999994,0.0,86.1,79.7,0.7,91.3,83.9,0.7,-5.200000000000003,0.0,0.6666666666666666,1.0,-0.33333333333333337,3.0,3.0,6.800000000000011,13.599999999999994,-6.799999999999983,6,9,0.6666666666666666,1,1629.07,1544.37,84.71,15,16,-1,1
2025_0301_19629_3361,2024-25,2025-03-01 00:00:00+00:00,Fraport Skyliners Frankfurt,Veolia Towers Hamburg,3361,19629,71.0,78.8,0.4,75.0,80.0,0.4,-4.0,0.0,74.8,83.3,0.3,77.9,82.0,0.4,-3.1000000000000085,-0.10000000000000003,0.6666666666666666,0.3333333333333333,0.3333333333333333,-1.0,-1.0,-7.799999999999997,-5.0,-2.799999999999997,2,7,0.2857142857142857,1,1415.63,1480.94,-65.31,18,17,1,0
2025_0301_214_2457,2024-25,2025-03-01 00:00:00+00:00,Rasta Vechta,BG Goettingen,2457,214,82.4,82.6,0.6,83.8,92.8,0.0,-1.3999999999999915,0.6,83.5,82.3,0.6,82.7,95.0,0.0,0.7999999999999972,0.6,0.3333333333333333,0.0,0.3333333333333333,1.0,-5.0,-0.19999999999998863,-9.0,8.800000000000011,3,4,0.75,1,1546.01,1343.54,202.47,18,16,2,1
2025_0301_41_2745,2024-25,2025-03-01 00:00:00+00:00,FITOne Wuerzburg Baskets,MHP Riesen Ludwigsburg,2745,41,86.6,91.2,0.2,81.4,74.8,0.6,5.199999999999989,-0.39999999999999997,84.3,86.9,0.4,75.9,71.4,0.5,8.399999999999991,-0.09999999999999998,0.3333333333333333,0.6666666666666666,-0.3333333333333333,-3.0,1.0,-4.6000000000000085,6.6000000000000085,-11.200000000000017,3,9,0.3333333333333333,1,1527.99,1521.29,6.7,17,18,-1,1
2025_0301_1510_1774,2024-25,2025-03-01 00:00:00+00:00,Rostock Seawolves,Telekom Baskets Bonn,1774,1510,90.0,90.6,0.6,74.0,83.4,0.0,16.0,0.6,85.8,85.9,0.6,82.1,82.8,0.3,3.700000000000003,0.3,0.6666666666666666,0.0,0.6666666666666666,1.0,-5.0,-0.5999999999999943,-9.400000000000006,8.800000000000011,1,5,0.2,1,1475.5,1530.23,-54.73,17,18,-1,0
2025_0302_219_1791,2024-25,2025-03-02 00:00:00+00:00,NINERS Chemnitz,FC Bayern Muenchen Basketball,1791,219,74.8,77.8,0.6,81.0,72.4,0.8,-6.200000000000003,-0.20000000000000007,77.4,80.0,0.5,82.3,75.7,0.7,-4.8999999999999915,-0.19999999999999996,0.6666666666666666,0.6666666666666666,0.0,1.0,3.0,-3.0,8.599999999999994,-11.599999999999994,3,9,0.3333333333333333,1,1573.15,1672.13,-98.98,19,19,0,0
2025_0302_1634_215,2024-25,2025-03-02 00:00:00+00:00,MLP Academics Heidelberg,EWE Baskets Oldenburg,215,1634,71.4,82.4,0.2,101.6,100.8,0.6,-30.19999999999999,-0.39999999999999997,72.0,77.0,0.5,93.7,93.2,0.5,-21.700000000000003,0.0,0.3333333333333333,0.6666666666666666,-0.3333333333333333,-3.0,1.0,-11.0,0.7999999999999972,-11.799999999999997,2,7,0.2857142857142857,1,1477.95,1522.87,-44.92,19,21,-2,1
2025_0303_132_10,2024-25,2025-03-03 00:00:00+00:00,ALBA Berlin,Bamberg Baskets,10,132,88.0,81.8,0.6,87.6,85.6,0.4,0.4000000000000057,0.19999999999999996,87.3,82.4,0.6,83.7,82.7,0.5,3.5999999999999943,0.09999999999999998,0.6666666666666666,0.6666666666666666,0.0,1.0,-1.0,6.200000000000003,2.0,4.200000000000003,6,9,0.6666666666666666,1,1600.28,1478.25,122.02,19,19,0,1
2025_0307_2457_1510,2024-25,2025-03-07 00:00:00+00:00,Telekom Baskets Bonn,Rasta Vechta,1510,2457,73.8,79.6,0.2,82.0,85.2,0.6,-8.200000000000003,-0.39999999999999997,83.1,80.8,0.4,85.3,82.3,0.7,-2.200000000000003,-0.29999999999999993,0.3333333333333333,0.6666666666666666,-0.3333333333333333,-3.0,1.0,-5.799999999999997,-3.200000000000003,-2.5999999999999943,3,5,0.6,1,1541.52,1548.99,-7.47,6,6,0,0
2025_0308_3361_132,2024-25,2025-03-08 00:00:00+00:00,Bamberg Baskets,Fraport Skyliners Frankfurt,132,3361,88.4,84.4,0.4,73.4,78.6,0.4,15.0,0.0,83.5,84.5,0.4,75.6,82.8,0.3,7.900000000000006,0.10000000000000003,0.3333333333333333,0.3333333333333333,0.0,-1.0,-1.0,4.0,-5.199999999999989,9.199999999999989,7,7,1.0,1,1473.9,1404.64,69.26,5,7,-2,1
2025_0308_1791_214,2024-25,2025-03-08 00:00:00+00:00,BG Goettingen,NINERS Chemnitz,214,1791,81.4,91.6,0.0,75.4,84.6,0.4,6.0,-0.4,81.2,92.6,0.0,78.1,82.5,0.5,3.1000000000000085,-0.5,0.0,0.3333333333333333,-0.3333333333333333,-5.0,-1.0,-10.199999999999989,-9.199999999999989,-1.0,5,9,0.5555555555555556,1,1340.56,1563.13,-222.56,7,6,1,0
2025_0308_1774_19629,2024-25,2025-03-08 00:00:00+00:00,Veolia Towers Hamburg,Rostock Seawolves,19629,1774,79.8,81.8,0.6,90.0,90.8,0.6,-10.200000000000003,0.0,79.7,82.5,0.5,86.0,86.2,0.6,-6.299999999999997,-0.09999999999999998,0.3333333333333333,0.3333333333333333,0.0,1.0,1.0,-2.0,-0.7999999999999972,-1.2000000000000028,2,5,0.4,1,1491.93,1464.2,27.73,7,7,0,1
2025_0308_40_1634,2024-25,2025-03-08 00:00:00+00:00,EWE Baskets Oldenburg,Basketball Loewen Braunschweig,1634,40,98.2,102.8,0.4,90.4,86.8,0.6,7.799999999999997,-0.19999999999999996,90.5,93.3,0.4,90.5,86.8,0.6,0.0,-0.19999999999999996,0.3333333333333333,0.6666666666666666,-0.3333333333333333,-1.0,1.0,-4.599999999999994,3.6000000000000085,-8.200000000000003,6,9,0.6666666666666666,1,1514.44,1539.23,-24.79,6,8,-2,1
2025_0309_215_219,2024-25,2025-03-09 00:00:00+00:00,FC Bayern Muenchen Basketball,MLP Academics Heidelberg,219,215,82.4,75.0,0.8,78.6,80.8,0.4,3.8000000000000114,0.4,84.0,75.1,0.8,74.2,78.1,0.5,9.799999999999997,0.30000000000000004,0.6666666666666666,0.6666666666666666,0.0,3.0,-1.0,7.400000000000006,-2.200000000000003,9.600000000000009,5,7,0.7142857142857143,1,1682.16,1486.37,195.79,7,7,0,1
2025_0309_2745_450,2024-25,2025-03-09 00:00:00+00:00,SYNTAINICS MBC Weissenfels,FITOne Wuerzburg Baskets,450,2745,82.6,86.6,0.6,87.2,86.0,0.4,-4.6000000000000085,0.19999999999999996,82.3,85.6,0.4,83.4,85.3,0.4,-1.1000000000000085,0.0,0.3333333333333333,0.6666666666666666,-0.3333333333333333,1.0,-1.0,-4.0,1.2000000000000028,-5.200000000000003,5,9,0.5555555555555556,1,1465.13,1535.01,-69.89,26,8,18,1
2025_0309_10_127,2024-25,2025-03-09 00:00:00+00:00,Ratiopharm Ulm,ALBA Berlin,127,10,89.8,76.0,0.8,86.8,84.2,0.6,3.0,0.20000000000000007,90.5,80.3,0.8,85.0,81.8,0.6,5.5,0.20000000000000007,1.0,1.0,0.0,3.0,1.0,13.799999999999997,2.5999999999999943,11.200000000000003,1,9,0.1111111111111111,1,1634.21,1604.63,29.57,9,6,3,1
2025_0310_2457_214,2024-25,2025-03-10 00:00:00+00:00,BG Goettingen,Rasta Vechta,214,2457,83.4,91.6,0.0,82.6,85.2,0.6,0.8000000000000114,-0.6,81.9,91.1,0.0,84.9,82.0,0.7,-3.0,-0.7,0.0,0.6666666666666666,-0.6666666666666666,-5.0,1.0,-8.199999999999989,-2.6000000000000085,-5.59999999999998,1,5,0.2,1,1333.95,1561.6,-227.65,2,3,-1,0
2025_0311_219_132,2024-25,2025-03-11 00:00:00+00:00,Bamberg Baskets,FC Bayern Muenchen Basketball,132,219,90.4,84.6,0.6,83.0,74.2,0.8,7.400000000000006,-0.20000000000000007,84.6,85.0,0.4,84.7,75.9,0.8,-0.10000000000000853,-0.4,0.3333333333333333,1.0,-0.6666666666666667,1.0,3.0,5.800000000000011,8.799999999999997,-2.999999999999986,0,8,0.0,1,1479.38,1685.25,-205.87,3,2,1,1
2025_0314_127_2457,2024-25,2025-03-14 00:00:00+00:00,Rasta Vechta,Ratiopharm Ulm,2457,127,85.8,77.8,0.8,93.2,79.0,0.8,-7.400000000000006,0.0,85.2,79.9,0.8,92.1,80.6,0.9,-6.8999999999999915,-0.09999999999999998,1.0,1.0,0.0,3.0,3.0,8.0,14.200000000000003,-6.200000000000003,3,5,0.6,1,1568.08,1640.64,-72.56,4,5,-1,0
2025_0315_132_1510,2024-25,2025-03-15 00:00:00+00:00,Telekom Baskets Bonn,Bamberg Baskets,1510,132,77.4,83.0,0.2,86.8,84.4,0.6,-9.399999999999991,-0.39999999999999997,79.6,81.4,0.3,83.3,84.8,0.4,-3.700000000000003,-0.10000000000000003,0.3333333333333333,0.6666666666666666,-0.3333333333333333,-3.0,1.0,-5.599999999999994,2.3999999999999915,-7.999999999999986,6,9,0.6666666666666666,1,1528.92,1492.33,36.59,8,4,4,1
2025_0315_19629_1634,2024-25,2025-03-15 00:00:00+00:00,EWE Baskets Oldenburg,Veolia Towers Hamburg,1634,19629,95.0,96.4,0.6,81.8,84.0,0.6,13.200000000000003,0.0,93.2,93.4,0.5,79.7,81.0,0.6,13.5,-0.09999999999999998,0.3333333333333333,0.6666666666666666,-0.3333333333333333,1.0,1.0,-1.4000000000000057,-2.200000000000003,0.7999999999999972,5,9,0.5555555555555556,1,1522.31,1498.41,23.9,7,7,0,1
2025_0315_450_1774,2024-25,2025-03-15 00:00:00+00:00,Rostock Seawolves,SYNTAINICS MBC Weissenfels,1774,450,81.0,82.8,0.4,86.0,88.6,0.6,-5.0,-0.19999999999999996,87.4,86.0,0.6,85.7,87.1,0.5,1.7000000000000028,0.09999999999999998,0.0,0.6666666666666666,-0.6666666666666666,-1.0,1.0,-1.7999999999999972,-2.5999999999999943,0.7999999999999972,2,5,0.4,1,1457.72,1474.26,-16.54,7,6,1,1
2025_0316_10_40,2024-25,2025-03-16 00:00:00+00:00,Basketball Loewen Braunschweig,ALBA Berlin,40,10,90.8,89.0,0.6,86.4,85.0,0.6,4.3999999999999915,0.0,90.4,88.4,0.5,86.4,82.5,0.6,4.0,-0.09999999999999998,0.3333333333333333,0.6666666666666666,-0.3333333333333333,1.0,1.0,1.7999999999999972,1.4000000000000057,0.3999999999999915,2,8,0.25,1,1531.36,1598.2,-66.84,8,7,1,0
2025_0316_41_3361,2024-25,2025-03-16 00:00:00+00:00,Fraport Skyliners Frankfurt,MHP Riesen Ludwigsburg,3361,41,78.2,82.0,0.4,75.0,75.6,0.4,3.200000000000003,0.0,75.0,82.8,0.3,74.9,71.5,0.5,0.09999999999999432,-0.2,0.0,0.3333333333333333,-0.3333333333333333,-1.0,-1.0,-3.799999999999997,-0.5999999999999943,-3.200000000000003,1,7,0.14285714285714285,1,1399.16,1514.27,-115.11,8,15,-7,1
2025_0316_214_215,2024-25,2025-03-16 00:00:00+00:00,MLP Academics Heidelberg,BG Goettingen,215,214,81.2,79.8,0.4,80.2,90.6,0.0,1.0,0.4,73.4,78.7,0.4,81.8,91.7,0.0,-8.399999999999991,0.4,0.3333333333333333,0.0,0.3333333333333333,-1.0,-5.0,1.4000000000000057,-10.399999999999991,11.799999999999997,3,7,0.42857142857142855,1,1483.29,1327.47,155.83,7,6,1,1
2025_0316_1791_2745,2024-25,2025-03-16 00:00:00+00:00,FITOne Wuerzburg Baskets,NINERS Chemnitz,2745,1791,94.2,94.4,0.4,81.0,84.8,0.6,13.200000000000003,-0.19999999999999996,84.5,88.2,0.3,78.7,79.2,0.6,5.799999999999997,-0.3,0.6666666666666666,0.6666666666666666,0.0,-1.0,1.0,-0.20000000000000284,-3.799999999999997,3.5999999999999943,4,9,0.4444444444444444,1,1525.88,1569.74,-43.86,7,8,-1,0
2025_0317_127_219,2024-25,2025-03-17 00:00:00+00:00,FC Bayern Muenchen Basketball,Ratiopharm Ulm,219,127,76.8,70.8,0.6,95.8,75.2,1.0,-19.0,-0.4,82.6,75.3,0.7,90.7,80.2,0.9,-8.100000000000009,-0.20000000000000007,0.6666666666666666,1.0,-0.33333333333333337,1.0,5.0,6.0,20.599999999999994,-14.599999999999994,6,8,0.75,1,1672.29,1651.43,20.86,6,3,3,1
2025_0322_2457_19629,2024-25,2025-03-22 00:00:00+00:00,Veolia Towers Hamburg,Rasta Vechta,19629,2457,79.8,87.4,0.4,84.6,81.6,0.6,-4.799999999999997,-0.19999999999999996,79.2,81.8,0.6,83.8,80.4,0.7,-4.599999999999994,-0.09999999999999998,0.6666666666666666,0.6666666666666666,0.0,-1.0,1.0,-7.6000000000000085,3.0,-10.600000000000009,4,5,0.8,1,1491.84,1557.29,-65.45,7,8,-1,1
2025_0322_1634_41,2024-25,2025-03-22 00:00:00+00:00,MHP Riesen Ludwigsburg,EWE Baskets Oldenburg,41,1634,75.0,74.4,0.4,95.4,94.2,0.6,-20.400000000000006,-0.19999999999999996,74.5,72.6,0.4,94.9,93.2,0.6,-20.400000000000006,-0.19999999999999996,0.3333333333333333,0.6666666666666666,-0.3333333333333333,-1.0,1.0,0.5999999999999943,1.2000000000000028,-0.6000000000000085,4,9,0.4444444444444444,1,1503.83,1528.89,-25.06,6,7,-1,0
2025_0322_3361_127,2024-25,2025-03-22 00:00:00+00:00,Ratiopharm Ulm,Fraport Skyliners Frankfurt,127,3361,89.8,76.0,0.8,78.2,81.8,0.4,11.599999999999994,0.4,87.7,78.3,0.8,74.0,81.2,0.3,13.700000000000003,0.5,0.6666666666666666,0.3333333333333333,0.3333333333333333,3.0,-1.0,13.799999999999997,-3.5999999999999943,17.39999999999999,5,7,0.7142857142857143,1,1644.77,1409.59,235.18,5,6,-1,1
2025_0322_1774_219,2024-25,2025-03-22 00:00:00+00:00,FC Bayern Muenchen Basketball,Rostock Seawolves,219,1774,77.8,67.4,0.8,80.2,81.6,0.4,-2.4000000000000057,0.4,80.5,73.1,0.7,86.6,85.8,0.6,-6.099999999999994,0.09999999999999998,0.6666666666666666,0.3333333333333333,0.3333333333333333,3.0,-1.0,10.399999999999991,-1.3999999999999915,11.799999999999983,5,5,1.0,1,1678.94,1465.36,213.58,5,7,-2,1
2025_0323_2745_10,2024-25,2025-03-23 00:00:00+00:00,ALBA Berlin,FITOne Wuerzburg Baskets,10,2745,90.8,79.8,0.8,90.4,90.0,0.4,0.3999999999999915,0.4,88.7,80.2,0.7,85.8,89.0,0.3,2.9000000000000057,0.39999999999999997,0.6666666666666666,0.3333333333333333,0.3333333333333333,3.0,-1.0,11.0,0.4000000000000057,10.599999999999994,7,8,0.875,1,1609.15,1514.27,94.88,7,7,0,0
2025_0323_215_132,2024-25,2025-03-23 00:00:00+00:00,Bamberg Baskets,MLP Academics Heidelberg,132,215,81.6,84.8,0.4,83.4,79.4,0.6,-1.8000000000000114,-0.19999999999999996,83.3,83.7,0.4,75.8,80.6,0.4,7.5,0.0,0.6666666666666666,0.6666666666666666,0.0,-1.0,1.0,-3.200000000000003,4.0,-7.200000000000003,6,7,0.8571428571428571,1,1486.07,1487.02,-0.95,8,7,1,0
2025_0323_1510_214,2024-25,2025-03-23 00:00:00+00:00,BG Goettingen,Telekom Baskets Bonn,214,1510,78.6,90.2,0.0,79.8,81.6,0.4,-1.2000000000000028,-0.4,82.6,93.1,0.0,80.2,80.1,0.4,2.3999999999999915,-0.4,0.0,0.6666666666666666,-0.6666666666666666,-5.0,-1.0,-11.600000000000009,-1.7999999999999972,-9.800000000000011,2,9,0.2222222222222222,1,1323.74,1535.18,-211.44,7,8,-1,0
2025_0323_40_450,2024-25,2025-03-23 00:00:00+00:00,SYNTAINICS MBC Weissenfels,Basketball Loewen Braunschweig,450,40,82.4,89.4,0.4,84.8,96.6,0.4,-2.3999999999999915,0.0,83.9,87.9,0.4,90.3,89.8,0.5,-6.3999999999999915,-0.09999999999999998,0.6666666666666666,0.0,0.6666666666666666,-1.0,-1.0,-7.0,-11.799999999999997,4.799999999999997,5,9,0.5555555555555556,1,1466.62,1520.41,-53.79,8,7,1,1
2025_0328_41_2457,2024-25,2025-03-28 00:00:00+00:00,Rasta Vechta,MHP Riesen Ludwigsburg,2457,41,82.6,80.6,0.6,69.8,76.0,0.2,12.799999999999997,0.39999999999999997,82.5,81.6,0.6,72.9,74.4,0.3,9.599999999999994,0.3,0.3333333333333333,0.0,0.3333333333333333,1.0,-3.0,2.0,-6.200000000000003,8.200000000000003,1,5,0.2,1,1548.28,1491.71,56.57,6,6,0,0
2025_0329_19629_1510,2024-25,2025-03-29 00:00:00+00:00,Telekom Baskets Bonn,Veolia Towers Hamburg,1510,19629,86.2,81.8,0.6,81.6,83.6,0.6,4.6000000000000085,0.0,83.4,81.9,0.4,79.5,81.1,0.6,3.9000000000000057,-0.19999999999999996,0.6666666666666666,0.6666666666666666,0.0,1.0,1.0,4.400000000000006,-2.0,6.400000000000006,6,9,0.6666666666666666,1,1542.08,1500.84,41.23,6,7,-1,0
2025_0329_450_1634,2024-25,2025-03-29 00:00:00+00:00,EWE Baskets Oldenburg,SYNTAINICS MBC Weissenfels,1634,450,88.8,87.0,0.6,85.0,87.4,0.6,3.799999999999997,0.0,93.7,90.0,0.7,84.9,87.4,0.5,8.799999999999997,0.19999999999999996,1.0,0.6666666666666666,0.33333333333333337,1.0,1.0,1.7999999999999972,-2.4000000000000057,4.200000000000003,7,9,0.7777777777777778,1,1541.01,1475.3,65.71,7,6,1,0
2025_0329_127_1774,2024-25,2025-03-29 00:00:00+00:00,Rostock Seawolves,Ratiopharm Ulm,1774,127,74.0,81.2,0.2,94.6,79.2,0.8,-20.599999999999994,-0.6000000000000001,83.6,86.4,0.5,91.0,79.9,0.8,-7.400000000000006,-0.30000000000000004,0.3333333333333333,0.6666666666666666,-0.3333333333333333,-3.0,3.0,-7.200000000000003,15.399999999999991,-22.599999999999994,2,5,0.4,1,1462.54,1647.31,-184.77,7,7,0,1
2025_0329_219_2745,2024-25,2025-03-29 00:00:00+00:00,FITOne Wuerzburg Baskets,FC Bayern Muenchen Basketball,2745,219,88.6,86.6,0.6,82.0,69.4,0.8,6.599999999999994,-0.20000000000000007,86.3,89.2,0.3,81.5,70.9,0.8,4.799999999999997,-0.5,0.3333333333333333,0.6666666666666666,-0.3333333333333333,1.0,3.0,2.0,12.599999999999994,-10.599999999999994,1,9,0.1111111111111111,1,1529.36,1681.77,-152.41,6,7,-1,0
2025_0330_132_40,2024-25,2025-03-30 00:00:00+00:00,Basketball Loewen Braunschweig,Bamberg Baskets,40,132,81.2,96.4,0.2,81.0,83.8,0.4,0.20000000000000284,-0.2,87.3,89.4,0.4,84.3,84.7,0.4,3.0,0.0,0.0,0.3333333333333333,-0.3333333333333333,-3.0,-1.0,-15.200000000000003,-2.799999999999997,-12.400000000000006,5,9,0.5555555555555556,1,1511.73,1473.3,38.44,7,7,0,1
2025_0330_1791_3361,2024-25,2025-03-30 00:00:00+00:00,Fraport Skyliners Frankfurt,NINERS Chemnitz,3361,1791,76.8,86.0,0.2,82.2,85.4,0.6,-5.400000000000006,-0.39999999999999997,76.7,84.5,0.3,79.7,79.4,0.7,-3.0,-0.39999999999999997,0.3333333333333333,0.6666666666666666,-0.3333333333333333,-3.0,1.0,-9.200000000000003,-3.200000000000003,-6.0,2,7,0.2857142857142857,1,1407.05,1581.34,-174.29,8,14,-6,0
2025_0331_10_215,2024-25,2025-03-31 00:00:00+00:00,MLP Academics Heidelberg,ALBA Berlin,215,10,84.8,82.8,0.6,88.4,81.2,0.6,-3.6000000000000085,0.0,78.3,81.7,0.5,87.9,80.5,0.6,-9.600000000000009,-0.09999999999999998,0.6666666666666666,0.3333333333333333,0.3333333333333333,1.0,1.0,2.0,7.200000000000003,-5.200000000000003,0,7,0.0,1,1499.8,1594.06,-94.27,8,8,0,1
2025_0404_3361_450,2024-25,2025-04-04 00:00:00+00:00,SYNTAINICS MBC Weissenfels,Fraport Skyliners Frankfurt,450,3361,91.2,88.0,0.8,78.6,86.0,0.2,12.600000000000009,0.6000000000000001,85.7,87.7,0.6,74.8,82.4,0.3,10.900000000000006,0.3,0.6666666666666666,0.3333333333333333,0.3333333333333333,3.0,-3.0,3.200000000000003,-7.400000000000006,10.600000000000009,4,7,0.5714285714285714,1,1489.73,1399.16,90.57,6,5,1,1
2025_0405_2745_214,2024-25,2025-04-05 00:00:00+00:00,BG Goettingen,FITOne Wuerzburg Baskets,214,2745,81.2,94.4,0.0,84.0,84.2,0.4,-2.799999999999997,-0.4,82.5,93.6,0.0,85.3,87.7,0.3,-2.799999999999997,-0.3,0.0,0.3333333333333333,-0.3333333333333333,-5.0,-1.0,-13.200000000000003,-0.20000000000000284,-13.0,5,9,0.5555555555555556,1,1316.84,1520.86,-204.02,13,7,6,0
2025_0405_215_19629,2024-25,2025-04-05 00:00:00+00:00,Veolia Towers Hamburg,MLP Academics Heidelberg,19629,215,85.0,84.0,0.8,89.8,85.6,0.8,-4.799999999999997,0.0,80.0,82.0,0.6,80.6,84.0,0.5,-0.5999999999999943,0.09999999999999998,0.6666666666666666,1.0,-0.33333333333333337,3.0,3.0,1.0,4.200000000000003,-3.200000000000003,5,7,0.7142857142857143,1,1514.7,1509.63,5.07,7,5,2,1
2025_0405_41_1774,2024-25,2025-04-05 00:00:00+00:00,Rostock Seawolves,MHP Riesen Ludwigsburg,1774,41,76.8,79.0,0.4,69.2,71.6,0.4,7.599999999999994,0.0,83.4,84.8,0.5,73.6,74.1,0.4,9.800000000000011,0.09999999999999998,0.6666666666666666,0.3333333333333333,0.3333333333333333,-1.0,-1.0,-2.200000000000003,-2.3999999999999915,0.19999999999998863,3,5,0.6,1,1474.93,1505.93,-31.0,7,8,-1,1
2025_0406_2457_10,2024-25,2025-04-06 00:00:00+00:00,ALBA Berlin,Rasta Vechta,10,2457,90.0,85.0,0.4,78.0,78.8,0.4,12.0,0.0,89.0,83.4,0.5,80.0,82.0,0.5,9.0,0.0,0.3333333333333333,0.0,0.3333333333333333,-1.0,-1.0,5.0,-0.7999999999999972,5.799999999999997,4,5,0.8,1,1584.23,1534.06,50.17,6,9,-3,1
2025_0406_40_219,2024-25,2025-04-06 00:00:00+00:00,FC Bayern Muenchen Basketball,Basketball Loewen Braunschweig,219,40,79.4,70.0,0.8,85.8,98.2,0.2,-6.3999999999999915,0.6000000000000001,80.9,72.5,0.8,88.9,88.3,0.5,-8.0,0.30000000000000004,1.0,0.3333333333333333,0.6666666666666667,3.0,-3.0,9.400000000000006,-12.400000000000006,21.80000000000001,7,9,0.7777777777777778,1,1690.27,1517.95,172.32,8,7,1,1
2025_0406_1634_1510,2024-25,2025-04-06 00:00:00+00:00,Telekom Baskets Bonn,EWE Baskets Oldenburg,1510,1634,92.6,84.8,0.6,90.8,85.8,0.6,1.7999999999999972,0.0,83.3,84.1,0.3,96.2,93.3,0.6,-12.900000000000006,-0.3,0.6666666666666666,0.6666666666666666,0.0,1.0,1.0,7.799999999999997,5.0,2.799999999999997,7,9,0.7777777777777778,1,1528.22,1526.57,1.65,8,8,0,1
2025_0406_1791_127,2024-25,2025-04-06 00:00:00+00:00,Ratiopharm Ulm,NINERS Chemnitz,127,1791,85.8,81.2,0.6,79.6,79.4,0.8,6.200000000000003,-0.20000000000000007,87.8,78.6,0.7,78.5,78.7,0.7,9.299999999999997,0.0,0.3333333333333333,1.0,-0.6666666666666667,1.0,3.0,4.599999999999994,0.19999999999998863,4.400000000000006,6,9,0.6666666666666666,1,1634.92,1589.23,45.68,8,7,1,1
2025_0408_219_127,2024-25,2025-04-08 00:00:00+00:00,Ratiopharm Ulm,FC Bayern Muenchen Basketball,127,219,89.0,80.6,0.6,80.8,68.8,0.8,8.200000000000003,-0.20000000000000007,91.1,79.8,0.7,81.9,71.5,0.8,9.199999999999989,-0.10000000000000009,0.6666666666666666,1.0,-0.33333333333333337,1.0,3.0,8.400000000000006,12.0,-3.5999999999999943,2,9,0.2222222222222222,1,1640.95,1693.72,-52.77,2,2,0,1
2025_0409_19629_214,2024-25,2025-04-09 00:00:00+00:00,BG Goettingen,Veolia Towers Hamburg,214,19629,81.4,96.4,0.0,85.8,84.6,0.8,-4.3999999999999915,-0.8,81.4,94.0,0.0,82.8,83.2,0.7,-1.3999999999999915,-0.7,0.0,1.0,-1.0,-5.0,3.0,-15.0,1.2000000000000028,-16.200000000000003,2,9,0.2222222222222222,1,1309.75,1521.76,-212.02,4,4,0,0
2025_0409_1634_3361,2024-25,2025-04-09 00:00:00+00:00,Fraport Skyliners Frankfurt,EWE Baskets Oldenburg,3361,1634,77.4,86.2,0.2,90.2,83.0,0.6,-12.799999999999997,-0.39999999999999997,75.4,82.4,0.3,94.2,92.9,0.5,-18.799999999999997,-0.2,0.0,0.3333333333333333,-0.3333333333333333,-3.0,1.0,-8.799999999999997,7.200000000000003,-16.0,1,7,0.14285714285714285,1,1394.15,1519.42,-125.26,5,3,2,1
2025_0411_450_215,2024-25,2025-04-11 00:00:00+00:00,MLP Academics Heidelberg,SYNTAINICS MBC Weissenfels,215,450,87.0,87.4,0.6,90.0,85.8,0.8,-3.0,-0.20000000000000007,82.8,84.1,0.5,86.3,86.2,0.7,-3.5,-0.19999999999999996,0.6666666666666666,1.0,-0.33333333333333337,1.0,3.0,-0.4000000000000057,4.200000000000003,-4.6000000000000085,4,7,0.5714285714285714,1,1502.57,1494.74,7.83,6,7,-1,1
2025_0412_214_40,2024-25,2025-04-12 00:00:00+00:00,Basketball Loewen Braunschweig,BG Goettingen,40,214,85.2,94.8,0.2,78.4,96.0,0.0,6.799999999999997,0.2,87.8,90.8,0.4,80.9,93.8,0.0,6.8999999999999915,0.4,0.3333333333333333,0.0,0.3333333333333333,-3.0,-5.0,-9.599999999999994,-17.599999999999994,8.0,4,9,0.4444444444444444,1,1514.5,1302.86,211.63,6,3,3,1
2025_0412_1510_3361,2024-25,2025-04-12 00:00:00+00:00,Fraport Skyliners Frankfurt,Telekom Baskets Bonn,3361,1510,77.0,82.2,0.4,92.2,85.6,0.6,-15.200000000000003,-0.19999999999999996,77.6,82.1,0.4,83.0,82.6,0.4,-5.400000000000006,0.0,0.3333333333333333,0.6666666666666666,-0.3333333333333333,-1.0,1.0,-5.200000000000003,6.6000000000000085,-11.800000000000011,2,7,0.2857142857142857,1,1404.88,1535.38,-130.5,3,6,-3,1
2025_0412_1774_2457,2024-25,2025-04-12 00:00:00+00:00,Rasta Vechta,Rostock Seawolves,2457,1774,70.8,77.8,0.2,81.2,80.2,0.6,-10.400000000000006,-0.39999999999999997,76.7,81.5,0.4,85.6,85.5,0.6,-8.899999999999991,-0.19999999999999996,0.0,0.6666666666666666,-0.6666666666666666,-3.0,1.0,-7.0,1.0,-8.0,2,3,0.6666666666666666,1,1528.13,1482.97,45.16,6,7,-1,0
2025_0413_132_1791,2024-25,2025-04-13 00:00:00+00:00,NINERS Chemnitz,Bamberg Baskets,1791,132,82.6,89.8,0.6,83.2,89.4,0.4,-0.6000000000000085,0.19999999999999996,78.7,83.8,0.6,85.8,86.9,0.4,-7.099999999999994,0.19999999999999996,0.6666666666666666,0.0,0.6666666666666666,1.0,-1.0,-7.200000000000003,-6.200000000000003,-1.0,5,9,0.5555555555555556,1,1583.2,1467.08,116.11,7,14,-7,1
2025_0413_10_41,2024-25,2025-04-13 00:00:00+00:00,MHP Riesen Ludwigsburg,ALBA Berlin,41,10,70.8,78.2,0.2,89.4,81.2,0.4,-18.60000000000001,-0.2,76.1,76.5,0.4,88.1,82.7,0.5,-12.0,-0.09999999999999998,0.3333333333333333,0.3333333333333333,0.0,-3.0,-1.0,-7.400000000000006,8.200000000000003,-15.600000000000009,5,9,0.5555555555555556,1,1497.89,1590.16,-92.27,8,7,1,0
2025_0413_219_1634,2024-25,2025-04-13 00:00:00+00:00,EWE Baskets Oldenburg,FC Bayern Muenchen Basketball,1634,219,84.2,81.6,0.4,86.0,76.8,0.8,-1.7999999999999972,-0.4,89.6,89.0,0.5,81.4,73.8,0.7,8.199999999999989,-0.19999999999999996,0.0,0.6666666666666666,-0.6666666666666666,-1.0,3.0,2.6000000000000085,9.200000000000003,-6.599999999999994,4,9,0.4444444444444444,1,1508.69,1685.07,-176.38,4,5,-1,0
2025_0414_127_2745,2024-25,2025-04-14 00:00:00+00:00,FITOne Wuerzburg Baskets,Ratiopharm Ulm,2745,127,88.0,88.2,0.4,94.0,84.8,0.6,-6.0,-0.19999999999999996,87.6,87.1,0.4,94.9,80.0,0.8,-7.300000000000011,-0.4,0.6666666666666666,0.6666666666666666,0.0,-1.0,1.0,-0.20000000000000284,9.200000000000003,-9.400000000000006,1,9,0.1111111111111111,1,1527.95,1649.6,-121.65,9,6,3,1
2025_0416_1791_215,2024-25,2025-04-16 00:00:00+00:00,MLP Academics Heidelberg,NINERS Chemnitz,215,1791,88.8,85.6,0.8,88.0,90.6,0.8,0.7999999999999972,0.0,85.0,82.7,0.6,81.7,87.6,0.6,3.299999999999997,0.0,0.6666666666666666,0.6666666666666666,0.0,3.0,3.0,3.200000000000003,-2.5999999999999943,5.799999999999997,0,7,0.0,1,1509.56,1587.67,-78.11,5,3,2,1
2025_0416_1510_10,2024-25,2025-04-16 00:00:00+00:00,ALBA Berlin,Telekom Baskets Bonn,10,1510,87.2,73.6,0.6,88.6,82.0,0.6,-1.3999999999999915,0.0,86.8,79.3,0.6,83.0,82.5,0.4,3.799999999999997,0.19999999999999996,0.6666666666666666,0.3333333333333333,0.3333333333333333,1.0,1.0,13.600000000000009,6.599999999999994,7.000000000000014,6,9,0.6666666666666666,1,1600.38,1524.5,75.88,3,4,-1,1
2025_0417_1774_3361,2024-25,2025-04-17 00:00:00+00:00,Fraport Skyliners Frankfurt,Rostock Seawolves,3361,1774,76.8,82.4,0.4,82.6,78.2,0.8,-5.799999999999997,-0.4,77.5,82.1,0.4,81.8,80.5,0.6,-4.299999999999997,-0.19999999999999996,0.6666666666666666,1.0,-0.33333333333333337,-1.0,3.0,-5.6000000000000085,4.3999999999999915,-10.0,2,3,0.6666666666666666,1,1415.76,1496.92,-81.17,5,5,0,0
2025_0419_1791_450,2024-25,2025-04-19 00:00:00+00:00,SYNTAINICS MBC Weissenfels,NINERS Chemnitz,450,1791,83.6,83.0,0.6,82.4,88.8,0.6,1.1999999999999886,0.0,84.8,85.8,0.6,81.7,86.8,0.6,3.0999999999999943,0.0,0.6666666666666666,0.3333333333333333,0.3333333333333333,1.0,1.0,0.5999999999999943,-6.3999999999999915,6.999999999999986,0,9,0.0,1,1487.75,1578.3,-90.55,8,3,5,1
2025_0419_2745_2457,2024-25,2025-04-19 00:00:00+00:00,Rasta Vechta,FITOne Wuerzburg Baskets,2457,2745,67.2,81.4,0.0,85.6,80.6,0.6,-18.39999999999999,-0.6,76.5,79.6,0.4,89.9,87.5,0.5,-13.400000000000006,-0.09999999999999998,0.0,0.6666666666666666,-0.6666666666666666,-5.0,1.0,-14.200000000000003,5.0,-19.200000000000003,2,5,0.4,1,1514.18,1538.57,-24.4,7,5,2,0
2025_0419_41_214,2024-25,2025-04-19 00:00:00+00:00,BG Goettingen,MHP Riesen Ludwigsburg,214,41,80.6,99.0,0.0,71.4,78.6,0.2,9.199999999999989,-0.2,80.4,94.8,0.0,73.2,77.1,0.3,7.200000000000003,-0.3,0.0,0.3333333333333333,-0.3333333333333333,-5.0,-3.0,-18.400000000000006,-7.199999999999989,-11.200000000000017,2,9,0.2222222222222222,1,1300.01,1487.67,-187.66,7,6,1,0
2025_0420_3361_10,2024-25,2025-04-20 00:00:00+00:00,ALBA Berlin,Fraport Skyliners Frankfurt,10,3361,86.0,76.6,0.6,73.6,74.8,0.4,12.400000000000006,0.19999999999999996,88.4,78.2,0.7,75.2,80.4,0.3,13.200000000000003,0.39999999999999997,1.0,0.6666666666666666,0.33333333333333337,1.0,-1.0,9.400000000000006,-1.2000000000000028,10.600000000000009,7,7,1.0,1,1605.71,1405.21,200.5,4,3,1,1
2025_0420_215_1510,2024-25,2025-04-20 00:00:00+00:00,Telekom Baskets Bonn,MLP Academics Heidelberg,1510,215,88.8,87.0,0.4,86.4,81.6,0.8,2.3999999999999915,-0.4,84.3,84.3,0.4,84.9,80.5,0.7,-0.6000000000000085,-0.29999999999999993,0.3333333333333333,0.6666666666666666,-0.3333333333333333,-1.0,3.0,1.7999999999999972,4.800000000000011,-3.000000000000014,6,7,0.8571428571428571,1,1519.17,1518.93,0.24,4,4,0,1
2025_0420_219_19629,2024-25,2025-04-20 00:00:00+00:00,Veolia Towers Hamburg,FC Bayern Muenchen Basketball,19629,219,88.6,84.2,0.8,90.8,81.0,0.8,-2.200000000000003,0.0,85.2,84.1,0.7,84.3,74.2,0.8,0.9000000000000057,-0.10000000000000009,1.0,0.6666666666666666,0.33333333333333337,3.0,3.0,4.3999999999999915,9.799999999999997,-5.400000000000006,4,9,0.4444444444444444,1,1528.65,1692.91,-164.26,11,7,4,1
2025_0420_132_1774,2024-25,2025-04-20 00:00:00+00:00,Rostock Seawolves,Bamberg Baskets,1774,132,81.2,77.4,0.8,84.4,92.2,0.2,-3.200000000000003,0.6000000000000001,80.7,79.5,0.6,87.4,88.4,0.4,-6.700000000000003,0.19999999999999996,1.0,0.0,1.0,3.0,-3.0,3.799999999999997,-7.799999999999997,11.599999999999994,2,5,0.4,1,1507.46,1462.61,44.85,3,7,-4,1
2025_0421_1634_127,2024-25,2025-04-21 00:00:00+00:00,Ratiopharm Ulm,EWE Baskets Oldenburg,127,1634,96.0,88.6,0.6,81.0,84.2,0.2,15.0,0.39999999999999997,92.9,82.3,0.7,88.2,89.2,0.4,4.700000000000003,0.29999999999999993,0.6666666666666666,0.0,0.6666666666666666,1.0,-3.0,7.400000000000006,-3.200000000000003,10.600000000000009,6,9,0.6666666666666666,1,1638.98,1500.86,138.12,7,8,-1,1
2025_0423_10_2745,2024-25,2025-04-23 00:00:00+00:00,FITOne Wuerzburg Baskets,ALBA Berlin,2745,10,86.2,78.2,0.8,87.8,73.4,0.8,-1.5999999999999943,0.0,88.3,84.1,0.6,88.1,77.3,0.7,0.20000000000000284,-0.09999999999999998,1.0,1.0,0.0,3.0,3.0,8.0,14.399999999999991,-6.3999999999999915,2,9,0.2222222222222222,1,1550.72,1608.72,-58.01,4,3,1,1
2025_0425_214_132,2024-25,2025-04-25 00:00:00+00:00,Bamberg Baskets,BG Goettingen,132,214,85.4,98.2,0.0,78.2,96.2,0.0,7.200000000000003,0.0,86.1,91.3,0.3,78.4,93.2,0.0,7.699999999999989,0.3,0.0,0.0,0.0,-5.0,-5.0,-12.799999999999997,-18.0,5.200000000000003,4,9,0.4444444444444444,1,1456.55,1292.48,164.07,5,6,-1,0
2025_0426_40_215,2024-25,2025-04-26 00:00:00+00:00,MLP Academics Heidelberg,Basketball Loewen Braunschweig,215,40,83.8,80.6,0.6,87.4,89.8,0.4,-3.6000000000000085,0.19999999999999996,84.3,81.7,0.6,89.1,89.4,0.5,-4.799999999999997,0.09999999999999998,0.6666666666666666,0.6666666666666666,0.0,1.0,-1.0,3.200000000000003,-2.3999999999999915,5.599999999999994,5,7,0.7142857142857143,1,1511.74,1517.35,-5.61,6,14,-8,0
2025_0426_19629_41,2024-25,2025-04-26 00:00:00+00:00,MHP Riesen Ludwigsburg,Veolia Towers Hamburg,41,19629,73.4,78.0,0.4,87.2,78.4,1.0,-13.799999999999997,-0.6,74.2,76.2,0.4,83.5,82.9,0.7,-9.299999999999997,-0.29999999999999993,0.3333333333333333,1.0,-0.6666666666666667,-1.0,5.0,-4.599999999999994,8.799999999999997,-13.399999999999991,7,9,0.7777777777777778,1,1495.2,1540.48,-45.28,7,6,1,1
2025_0426_1774_1634,2024-25,2025-04-26 00:00:00+00:00,EWE Baskets Oldenburg,Rostock Seawolves,1634,1774,83.6,94.8,0.0,87.6,74.0,1.0,-4.0,-1.0,86.2,90.9,0.3,80.8,77.6,0.6,5.400000000000006,-0.3,0.0,1.0,-1.0,-5.0,5.0,-11.200000000000003,13.599999999999994,-24.799999999999997,4,5,0.8,1,1496.81,1513.52,-16.71,5,6,-1,1
2025_0426_1510_2745,2024-25,2025-04-26 00:00:00+00:00,FITOne Wuerzburg Baskets,Telekom Baskets Bonn,2745,1510,83.4,76.0,0.8,83.4,86.0,0.4,0.0,0.4,86.0,81.3,0.7,84.8,83.9,0.5,1.2000000000000028,0.19999999999999996,1.0,0.3333333333333333,0.6666666666666667,3.0,-1.0,7.400000000000006,-2.5999999999999943,10.0,5,9,0.5555555555555556,1,1559.51,1526.36,33.15,3,6,-3,1
2025_0426_2457_3361,2024-25,2025-04-26 00:00:00+00:00,Fraport Skyliners Frankfurt,Rasta Vechta,3361,2457,74.2,78.6,0.4,68.2,81.8,0.0,6.0,0.4,76.4,82.3,0.3,76.4,81.7,0.3,0.0,0.0,0.3333333333333333,0.0,0.3333333333333333,-1.0,-5.0,-4.3999999999999915,-13.599999999999994,9.200000000000003,3,3,1.0,1,1402.2,1502.04,-99.83,6,7,-1,0
2025_0427_450_219,2024-25,2025-04-27 00:00:00+00:00,FC Bayern Muenchen Basketball,SYNTAINICS MBC Weissenfels,219,450,86.6,82.6,0.6,87.8,85.2,0.8,-1.2000000000000028,-0.20000000000000007,84.3,76.0,0.7,85.1,87.3,0.6,-0.7999999999999972,0.09999999999999998,0.3333333333333333,0.6666666666666666,-0.3333333333333333,1.0,3.0,4.0,2.5999999999999943,1.4000000000000057,8,9,0.8888888888888888,1,1681.08,1497.48,183.6,7,8,-1,1
2025_0427_10_1791,2024-25,2025-04-27 00:00:00+00:00,NINERS Chemnitz,ALBA Berlin,1791,10,83.4,91.6,0.4,84.4,69.4,0.8,-1.0,-0.4,82.8,88.5,0.5,87.2,77.2,0.6,-4.400000000000006,-0.09999999999999998,0.3333333333333333,0.6666666666666666,-0.3333333333333333,-1.0,3.0,-8.199999999999989,15.0,-23.19999999999999,2,9,0.2222222222222222,1,1568.57,1599.93,-31.35,8,4,4,0
2025_0430_450_10,2024-25,2025-04-30 00:00:00+00:00,ALBA Berlin,SYNTAINICS MBC Weissenfels,10,450,88.4,74.0,0.8,89.0,87.8,0.6,-0.5999999999999943,0.20000000000000007,88.9,77.6,0.6,87.0,87.6,0.6,1.9000000000000057,0.0,0.6666666666666666,0.3333333333333333,0.3333333333333333,3.0,1.0,14.400000000000006,1.2000000000000028,13.200000000000003,7,9,0.7777777777777778,1,1611.88,1494.21,117.67,3,3,0,1
2025_0430_40_1510,2024-25,2025-04-30 00:00:00+00:00,Telekom Baskets Bonn,Basketball Loewen Braunschweig,1510,40,79.8,83.4,0.4,91.6,83.0,0.6,-11.799999999999997,-0.19999999999999996,86.2,84.1,0.5,88.2,89.8,0.5,-2.0,0.0,0.3333333333333333,0.6666666666666666,-0.3333333333333333,-1.0,1.0,-3.6000000000000085,8.599999999999994,-12.200000000000003,7,9,0.7777777777777778,1,1520.02,1530.0,-9.98,4,4,0,1
2025_0430_215_2457,2024-25,2025-04-30 00:00:00+00:00,Rasta Vechta,MLP Academics Heidelberg,2457,215,68.6,79.4,0.2,80.6,82.2,0.4,-12.0,-0.2,75.6,80.0,0.4,85.2,83.9,0.6,-9.600000000000009,-0.19999999999999996,0.3333333333333333,0.3333333333333333,0.0,-3.0,-1.0,-10.800000000000011,-1.6000000000000085,-9.200000000000003,2,3,0.6666666666666666,1,1512.04,1499.09,12.95,4,4,0,1
2025_0430_132_19629,2024-25,2025-04-30 00:00:00+00:00,Veolia Towers Hamburg,Bamberg Baskets,19629,132,85.6,81.6,0.8,88.4,101.0,0.0,-2.8000000000000114,0.8,83.6,82.6,0.7,85.0,92.9,0.2,-1.4000000000000057,0.49999999999999994,0.6666666666666666,0.0,0.6666666666666666,3.0,-5.0,4.0,-12.599999999999994,16.599999999999994,5,9,0.5555555555555556,1,1532.04,1440.14,91.9,4,5,-1,0
2025_0501_41_1791,2024-25,2025-05-01 00:00:00+00:00,NINERS Chemnitz,MHP Riesen Ludwigsburg,1791,41,85.6,99.2,0.2,78.0,77.8,0.6,7.599999999999994,-0.39999999999999997,82.6,89.3,0.5,73.9,76.9,0.4,8.699999999999989,0.09999999999999998,0.0,0.6666666666666666,-0.6666666666666666,-3.0,1.0,-13.600000000000009,0.20000000000000284,-13.800000000000011,4,9,0.4444444444444444,1,1556.62,1503.64,52.99,4,5,-1,1
2025_0501_2745_3361,2024-25,2025-05-01 00:00:00+00:00,Fraport Skyliners Frankfurt,FITOne Wuerzburg Baskets,3361,2745,74.6,76.6,0.4,85.0,74.8,1.0,-10.400000000000006,-0.6,76.0,81.4,0.3,84.5,79.5,0.7,-8.5,-0.39999999999999997,0.0,1.0,-1.0,-1.0,5.0,-2.0,10.200000000000003,-12.200000000000003,3,7,0.42857142857142855,1,1392.2,1565.86,-173.66,5,5,0,0
2025_0501_1634_214,2024-25,2025-05-01 00:00:00+00:00,BG Goettingen,EWE Baskets Oldenburg,214,1634,81.4,92.2,0.2,83.0,91.2,0.2,-1.5999999999999943,0.0,81.3,93.3,0.1,86.9,88.5,0.4,-5.6000000000000085,-0.30000000000000004,0.3333333333333333,0.3333333333333333,0.0,-3.0,-3.0,-10.799999999999997,-8.200000000000003,-2.5999999999999943,3,9,0.3333333333333333,1,1308.89,1504.45,-195.56,6,5,1,0
2025_0503_41_132,2024-25,2025-05-03 00:00:00+00:00,Bamberg Baskets,MHP Riesen Ludwigsburg,132,41,93.2,101.0,0.2,84.0,85.8,0.4,9.200000000000003,-0.2,87.1,92.4,0.3,76.6,78.7,0.4,10.5,-0.10000000000000003,0.3333333333333333,0.6666666666666666,-0.3333333333333333,-3.0,-1.0,-7.799999999999997,-1.7999999999999972,-6.0,3,9,0.3333333333333333,1,1455.16,1497.77,-42.61,3,2,1,0
2025_0503_127_215,2024-25,2025-05-03 00:00:00+00:00,MLP Academics Heidelberg,Ratiopharm Ulm,215,127,76.4,80.2,0.4,96.8,89.4,0.6,-20.39999999999999,-0.19999999999999996,81.7,83.8,0.5,95.7,84.3,0.7,-14.0,-0.19999999999999996,0.0,0.6666666666666666,-0.6666666666666666,-1.0,1.0,-3.799999999999997,7.3999999999999915,-11.199999999999989,1,7,0.14285714285714285,1,1492.23,1643.03,-150.8,3,12,-9,0
2025_0503_2457_1634,2024-25,2025-05-03 00:00:00+00:00,EWE Baskets Oldenburg,Rasta Vechta,1634,2457,87.0,93.6,0.4,71.4,77.4,0.4,15.599999999999994,0.0,88.6,88.3,0.5,74.7,78.1,0.4,13.899999999999991,0.09999999999999998,0.6666666666666666,0.6666666666666666,0.0,-1.0,-1.0,-6.599999999999994,-6.0,-0.5999999999999943,3,5,0.6,1,1511.77,1518.9,-7.13,2,3,-1,1
2025_0503_19629_450,2024-25,2025-05-03 00:00:00+00:00,SYNTAINICS MBC Weissenfels,Veolia Towers Hamburg,450,19629,82.0,86.8,0.4,85.0,85.8,0.6,-3.0,-0.19999999999999996,86.6,87.4,0.6,85.0,84.9,0.7,1.5999999999999943,-0.09999999999999998,0.3333333333333333,0.3333333333333333,0.0,-1.0,1.0,-4.799999999999997,-0.7999999999999972,-4.0,2,9,0.2222222222222222,1,1489.76,1517.02,-27.25,3,3,0,1
2025_0504_3361_40,2024-25,2025-05-04 00:00:00+00:00,Basketball Loewen Braunschweig,Fraport Skyliners Frankfurt,40,3361,92.4,83.6,0.6,72.0,79.2,0.2,20.400000000000006,0.39999999999999997,86.8,90.0,0.4,74.5,80.7,0.3,12.299999999999997,0.10000000000000003,0.6666666666666666,0.0,0.6666666666666666,1.0,-3.0,8.800000000000011,-7.200000000000003,16.000000000000014,5,7,0.7142857142857143,1,1522.53,1384.29,138.25,4,3,1,1
2025_0504_214_219,2024-25,2025-05-04 00:00:00+00:00,FC Bayern Muenchen Basketball,BG Goettingen,219,214,88.4,85.2,0.6,84.0,92.0,0.2,4.400000000000006,0.39999999999999997,83.9,77.6,0.7,82.7,94.2,0.1,1.2000000000000028,0.6,0.6666666666666666,0.3333333333333333,0.3333333333333333,1.0,-3.0,3.200000000000003,-8.0,11.200000000000003,8,9,0.8888888888888888,1,1684.35,1301.58,382.78,7,3,4,1
2025_0504_1774_1791,2024-25,2025-05-04 00:00:00+00:00,NINERS Chemnitz,Rostock Seawolves,1791,1774,89.0,95.8,0.4,86.4,79.0,0.8,2.5999999999999943,-0.4,85.8,92.8,0.5,81.6,79.0,0.6,4.200000000000003,-0.09999999999999998,0.3333333333333333,0.6666666666666666,-0.3333333333333333,-1.0,3.0,-6.799999999999997,7.400000000000006,-14.200000000000003,4,5,0.8,1,1562.48,1505.87,56.61,3,8,-5,1
2025_0507_1791_19629,2024-25,2025-05-07 00:00:00+00:00,Veolia Towers Hamburg,NINERS Chemnitz,19629,1791,83.6,90.0,0.4,90.8,96.6,0.4,-7.200000000000003,0.0,84.7,87.3,0.6,89.4,93.6,0.6,-4.700000000000003,0.0,0.0,0.6666666666666666,-0.6666666666666666,-1.0,-1.0,-6.400000000000006,-5.799999999999997,-0.6000000000000085,1,9,0.1111111111111111,1,1509.08,1568.26,-59.18,4,3,1,0
2025_0507_450_41,2024-25,2025-05-07 00:00:00+00:00,MHP Riesen Ludwigsburg,SYNTAINICS MBC Weissenfels,41,450,81.2,81.6,0.6,85.4,88.6,0.4,-4.200000000000003,0.19999999999999996,76.0,79.9,0.4,87.7,87.2,0.6,-11.700000000000003,-0.19999999999999996,0.6666666666666666,0.3333333333333333,0.3333333333333333,1.0,-1.0,-0.3999999999999915,-3.1999999999999886,2.799999999999997,5,9,0.5555555555555556,1,1509.41,1497.7,11.71,4,4,0,1
2025_0507_215_2745,2024-25,2025-05-07 00:00:00+00:00,FITOne Wuerzburg Baskets,MLP Academics Heidelberg,2745,215,82.6,72.8,1.0,73.8,82.6,0.2,8.799999999999997,0.8,85.3,80.5,0.7,81.3,84.1,0.5,4.0,0.19999999999999996,1.0,0.0,1.0,5.0,-3.0,9.799999999999997,-8.799999999999997,18.599999999999994,5,7,0.7142857142857143,1,1573.77,1483.68,90.09,6,4,2,0
2025_0508_214_10,2024-25,2025-05-08 00:00:00+00:00,ALBA Berlin,BG Goettingen,10,214,90.6,73.8,0.8,86.2,92.4,0.2,4.3999999999999915,0.6000000000000001,88.9,73.7,0.7,82.3,94.2,0.1,6.6000000000000085,0.6,0.6666666666666666,0.3333333333333333,0.3333333333333333,3.0,-3.0,16.799999999999997,-6.200000000000003,23.0,7,9,0.7777777777777778,1,1616.32,1300.41,315.91,8,4,4,1
2025_0508_219_1510,2024-25,2025-05-08 00:00:00+00:00,Telekom Baskets Bonn,FC Bayern Muenchen Basketball,1510,219,80.6,84.4,0.4,88.4,88.0,0.6,-7.800000000000011,-0.19999999999999996,86.4,85.0,0.5,84.6,78.4,0.7,1.8000000000000114,-0.19999999999999996,0.6666666666666666,0.6666666666666666,0.0,-1.0,1.0,-3.8000000000000114,0.4000000000000057,-4.200000000000017,4,9,0.4444444444444444,1,1527.48,1685.52,-158.04,8,4,4,0
2025_0508_40_1774,2024-25,2025-05-08 00:00:00+00:00,Rostock Seawolves,Basketball Loewen Braunschweig,1774,40,88.0,82.8,0.6,85.4,80.4,0.6,2.5999999999999943,0.0,84.6,81.5,0.6,85.6,89.3,0.4,-1.0,0.19999999999999996,0.3333333333333333,0.6666666666666666,-0.3333333333333333,1.0,1.0,5.200000000000003,5.0,0.20000000000000284,3,5,0.6,1,1500.1,1526.58,-26.48,4,4,0,0
2025_0508_132_127,2024-25,2025-05-08 00:00:00+00:00,Ratiopharm Ulm,Bamberg Baskets,127,132,101.4,87.2,0.8,90.2,93.2,0.2,11.200000000000003,0.6000000000000001,93.6,84.2,0.7,86.7,91.3,0.3,6.8999999999999915,0.39999999999999997,0.6666666666666666,0.3333333333333333,0.3333333333333333,3.0,-3.0,14.200000000000003,-3.0,17.200000000000003,4,9,0.4444444444444444,1,1651.58,1443.53,208.05,5,5,0,1
2025_0511_2457_132,2024-25,2025-05-11 00:00:00+00:00,Bamberg Baskets,Rasta Vechta,132,2457,86.0,91.8,0.2,74.8,79.0,0.4,11.200000000000003,-0.2,85.2,92.0,0.2,72.8,78.4,0.3,12.400000000000006,-0.09999999999999998,0.3333333333333333,0.6666666666666666,-0.3333333333333333,-3.0,-1.0,-5.799999999999997,-4.200000000000003,-1.5999999999999943,2,5,0.4,1,1440.62,1511.51,-70.89,3,8,-5,1
2025_0511_2745_40,2024-25,2025-05-11 00:00:00+00:00,Basketball Loewen Braunschweig,FITOne Wuerzburg Baskets,40,2745,84.4,71.2,0.8,81.8,78.8,0.8,2.6000000000000085,0.0,84.8,83.0,0.5,83.7,79.7,0.7,1.0999999999999943,-0.19999999999999996,0.6666666666666666,0.6666666666666666,0.0,3.0,3.0,13.200000000000003,3.0,10.200000000000003,6,9,0.6666666666666666,1,1538.67,1558.78,-20.12,3,4,-1,1
2025_0511_41_219,2024-25,2025-05-11 00:00:00+00:00,FC Bayern Muenchen Basketball,MHP Riesen Ludwigsburg,219,41,87.6,83.4,0.8,85.6,81.0,0.8,2.0,0.0,86.8,80.1,0.8,78.5,79.8,0.5,8.299999999999997,0.30000000000000004,1.0,0.6666666666666666,0.33333333333333337,3.0,3.0,4.199999999999989,4.599999999999994,-0.4000000000000057,6,9,0.6666666666666666,1,1693.87,1516.3,177.56,3,4,-1,1
2025_0511_1774_214,2024-25,2025-05-11 00:00:00+00:00,BG Goettingen,Rostock Seawolves,214,1774,84.6,92.4,0.2,80.8,82.6,0.4,3.799999999999997,-0.2,82.6,95.7,0.1,81.7,80.4,0.6,0.8999999999999915,-0.5,0.0,0.0,0.0,-3.0,-1.0,-7.800000000000011,-1.7999999999999972,-6.000000000000014,1,5,0.2,1,1298.73,1488.01,-189.28,3,3,0,1
2025_0511_127_19629,2024-25,2025-05-11 00:00:00+00:00,Veolia Towers Hamburg,Ratiopharm Ulm,19629,127,82.8,93.6,0.2,96.4,85.2,0.8,-13.600000000000009,-0.6000000000000001,85.7,88.9,0.5,92.7,82.9,0.7,-7.0,-0.19999999999999996,0.0,1.0,-1.0,-3.0,3.0,-10.799999999999997,11.200000000000003,-22.0,0,9,0.0,1,1497.91,1654.48,-156.57,4,3,1,0
2025_0511_3361_215,2024-25,2025-05-11 00:00:00+00:00,MLP Academics Heidelberg,Fraport Skyliners Frankfurt,215,3361,78.0,86.4,0.2,71.2,81.0,0.0,6.799999999999997,0.2,82.2,84.0,0.5,74.0,81.7,0.2,8.200000000000003,0.3,0.3333333333333333,0.0,0.3333333333333333,-3.0,-5.0,-8.400000000000006,-9.799999999999997,1.3999999999999915,4,5,0.8,1,1498.66,1380.24,118.43,4,7,-3,1
2025_0511_1791_1634,2024-25,2025-05-11 00:00:00+00:00,EWE Baskets Oldenburg,NINERS Chemnitz,1634,1791,90.8,92.0,0.6,96.2,98.0,0.6,-5.400000000000006,0.0,87.5,86.8,0.5,89.3,93.4,0.6,-1.7999999999999972,-0.09999999999999998,1.0,1.0,0.0,1.0,1.0,-1.2000000000000028,-1.7999999999999972,0.5999999999999943,5,9,0.5555555555555556,1,1519.16,1579.43,-60.27,8,4,4,1
2025_0511_1510_450,2024-25,2025-05-11 00:00:00+00:00,SYNTAINICS MBC Weissenfels,Telekom Baskets Bonn,450,1510,85.0,88.2,0.4,83.8,87.2,0.4,1.2000000000000028,0.0,84.3,85.6,0.5,86.2,84.6,0.5,-1.9000000000000057,0.0,0.3333333333333333,0.3333333333333333,0.0,-1.0,-1.0,-3.200000000000003,-3.4000000000000057,0.20000000000000284,0,8,0.0,1,1490.81,1519.14,-28.33,4,3,1,1
