game_id,fecha,equipo_local,club_local_id,equipo_visitante,club_visitante_id,pts_local,pts_visitante,ganador,temporada,is_playoff
2020_1106_41_214,2020-11-06T00:00:00+00:00,BG Goettingen,214,MHP Riesen Ludwigsburg,41,73,100,visitante,2020-21,0
2020_1107_2745_127,2020-11-07T00:00:00+00:00,Ratiopharm Ulm,127,FITOne Wuerzburg Baskets,2745,90,77,local,2020-21,0
2020_1108_10_3361,2020-11-08T00:00:00+00:00,Fraport Skyliners Frankfurt,3361,ALBA Berlin,10,66,79,visitante,2020-21,0
2020_1108_40_1634,2020-11-08T00:00:00+00:00,EWE Baskets Oldenburg,1634,Basketball Loewen Braunschweig,40,111,83,local,2020-21,0
2020_1108_19629_132,2020-11-08T00:00:00+00:00,Bamberg Baskets,132,Veolia Towers Hamburg,19629,75,78,visitante,2020-21,0
2020_1108_219_2457,2020-11-08T00:00:00+00:00,Rasta Vechta,2457,FC Bayern Muenchen Basketball,219,78,90,visitante,2020-21,0
2020_1113_2457_2745,2020-11-13T00:00:00+00:00,FITOne Wuerzburg Baskets,2745,Rasta Vechta,2457,88,80,local,2020-21,0
2020_1114_127_134,2020-11-14T00:00:00+00:00,Medi Bayreuth,134,Ratiopharm Ulm,127,76,104,visitante,2020-21,0
2020_1114_214_40,2020-11-14T00:00:00+00:00,Basketball Loewen Braunschweig,40,BG Goettingen,214,76,79,visitante,2020-21,0
2020_1114_450_2315,2020-11-14T00:00:00+00:00,Merlins Crailsheim,2315,SYNTAINICS MBC Weissenfels,450,84,66,local,2020-21,0
2020_1115_1510_41,2020-11-15T00:00:00+00:00,MHP Riesen Ludwigsburg,41,Telekom Baskets Bonn,1510,86,82,local,2020-21,0
2020_1115_3361_219,2020-11-15T00:00:00+00:00,FC Bayern Muenchen Basketball,219,Fraport Skyliners Frankfurt,3361,75,52,local,2020-21,0
2020_1115_1634_10,2020-11-15T00:00:00+00:00,ALBA Berlin,10,EWE Baskets Oldenburg,1634,89,86,local,2020-21,0
2020_1119_134_1510,2020-11-19T00:00:00+00:00,Telekom Baskets Bonn,1510,Medi Bayreuth,134,77,83,visitante,2020-21,0
2020_1119_132_1791,2020-11-19T00:00:00+00:00,NINERS Chemnitz,1791,Bamberg Baskets,132,86,93,visitante,2020-21,0
2020_1121_40_2457,2020-11-21T00:00:00+00:00,Rasta Vechta,2457,Basketball Loewen Braunschweig,40,78,96,visitante,2020-21,0
2020_1121_1634_3361,2020-11-21T00:00:00+00:00,Fraport Skyliners Frankfurt,3361,EWE Baskets Oldenburg,1634,69,86,visitante,2020-21,0
2020_1121_1791_214,2020-11-21T00:00:00+00:00,BG Goettingen,214,NINERS Chemnitz,1791,103,99,local,2020-21,0
2020_1121_133_127,2020-11-21T00:00:00+00:00,Ratiopharm Ulm,127,46ers Giessen,133,106,81,local,2020-21,0
2020_1122_2315_132,2020-11-22T00:00:00+00:00,Bamberg Baskets,132,Merlins Crailsheim,2315,95,101,visitante,2020-21,0
2020_1122_10_1510,2020-11-22T00:00:00+00:00,Telekom Baskets Bonn,1510,ALBA Berlin,10,74,97,visitante,2020-21,0
2020_1122_134_450,2020-11-22T00:00:00+00:00,SYNTAINICS MBC Weissenfels,450,Medi Bayreuth,134,81,99,visitante,2020-21,0
2020_1122_2745_19629,2020-11-22T00:00:00+00:00,Veolia Towers Hamburg,19629,FITOne Wuerzburg Baskets,2745,90,61,local,2020-21,0
2020_1122_219_41,2020-11-22T00:00:00+00:00,MHP Riesen Ludwigsburg,41,FC Bayern Muenchen Basketball,219,70,93,visitante,2020-21,0
2020_1203_1510_19629,2020-12-03T00:00:00+00:00,Veolia Towers Hamburg,19629,Telekom Baskets Bonn,1510,93,63,local,2020-21,0
2020_1204_1634_1791,2020-12-04T00:00:00+00:00,NINERS Chemnitz,1791,EWE Baskets Oldenburg,1634,73,119,visitante,2020-21,0
2020_1204_2315_214,2020-12-04T00:00:00+00:00,BG Goettingen,214,Merlins Crailsheim,2315,77,89,visitante,2020-21,0
2020_1206_1510_1634,2020-12-06T00:00:00+00:00,EWE Baskets Oldenburg,1634,Telekom Baskets Bonn,1510,97,92,local,2020-21,0
2020_1206_41_2315,2020-12-06T00:00:00+00:00,Merlins Crailsheim,2315,MHP Riesen Ludwigsburg,41,88,97,visitante,2020-21,0
2020_1206_127_2457,2020-12-06T00:00:00+00:00,Rasta Vechta,2457,Ratiopharm Ulm,127,73,74,visitante,2020-21,0
2020_1206_134_10,2020-12-06T00:00:00+00:00,ALBA Berlin,10,Medi Bayreuth,134,71,69,local,2020-21,0
2020_1206_1791_3361,2020-12-06T00:00:00+00:00,Fraport Skyliners Frankfurt,3361,NINERS Chemnitz,1791,83,70,local,2020-21,0
2020_1206_450_19629,2020-12-06T00:00:00+00:00,Veolia Towers Hamburg,19629,SYNTAINICS MBC Weissenfels,450,85,80,local,2020-21,0
2020_1206_219_214,2020-12-06T00:00:00+00:00,BG Goettingen,214,FC Bayern Muenchen Basketball,219,72,90,visitante,2020-21,0
2020_1206_133_132,2020-12-06T00:00:00+00:00,Bamberg Baskets,132,46ers Giessen,133,106,99,local,2020-21,0
2020_1206_2745_40,2020-12-06T00:00:00+00:00,Basketball Loewen Braunschweig,40,FITOne Wuerzburg Baskets,2745,93,89,local,2020-21,0
2020_1208_41_10,2020-12-08T00:00:00+00:00,ALBA Berlin,10,MHP Riesen Ludwigsburg,41,71,78,visitante,2020-21,0
2020_1208_450_219,2020-12-08T00:00:00+00:00,FC Bayern Muenchen Basketball,219,SYNTAINICS MBC Weissenfels,450,96,84,local,2020-21,0
2020_1208_40_133,2020-12-08T00:00:00+00:00,46ers Giessen,133,Basketball Loewen Braunschweig,40,85,93,visitante,2020-21,0
2020_1209_2315_1791,2020-12-09T00:00:00+00:00,NINERS Chemnitz,1791,Merlins Crailsheim,2315,76,88,visitante,2020-21,0
2020_1209_2457_134,2020-12-09T00:00:00+00:00,Medi Bayreuth,134,Rasta Vechta,2457,92,89,local,2020-21,0
2020_1210_19629_133,2020-12-10T00:00:00+00:00,46ers Giessen,133,Veolia Towers Hamburg,19629,79,100,visitante,2020-21,0
2020_1211_2457_1510,2020-12-11T00:00:00+00:00,Telekom Baskets Bonn,1510,Rasta Vechta,2457,80,69,local,2020-21,0
2020_1212_3361_41,2020-12-12T00:00:00+00:00,MHP Riesen Ludwigsburg,41,Fraport Skyliners Frankfurt,3361,94,80,local,2020-21,0
2020_1212_214_450,2020-12-12T00:00:00+00:00,SYNTAINICS MBC Weissenfels,450,BG Goettingen,214,93,85,local,2020-21,0
2020_1212_1791_2745,2020-12-12T00:00:00+00:00,FITOne Wuerzburg Baskets,2745,NINERS Chemnitz,1791,76,67,local,2020-21,0
2020_1212_2315_1634,2020-12-12T00:00:00+00:00,EWE Baskets Oldenburg,1634,Merlins Crailsheim,2315,80,94,visitante,2020-21,0
2020_1213_40_134,2020-12-13T00:00:00+00:00,Medi Bayreuth,134,Basketball Loewen Braunschweig,40,79,90,visitante,2020-21,0
2020_1213_219_133,2020-12-13T00:00:00+00:00,46ers Giessen,133,FC Bayern Muenchen Basketball,219,71,93,visitante,2020-21,0
2020_1213_19629_127,2020-12-13T00:00:00+00:00,Ratiopharm Ulm,127,Veolia Towers Hamburg,19629,73,69,local,2020-21,0
2020_1213_10_132,2020-12-13T00:00:00+00:00,Bamberg Baskets,132,ALBA Berlin,10,70,82,visitante,2020-21,0
2020_1215_133_450,2020-12-15T00:00:00+00:00,SYNTAINICS MBC Weissenfels,450,46ers Giessen,133,105,93,local,2020-21,0
2020_1216_132_2745,2020-12-16T00:00:00+00:00,FITOne Wuerzburg Baskets,2745,Bamberg Baskets,132,66,81,visitante,2020-21,0
2020_1218_133_1791,2020-12-18T00:00:00+00:00,NINERS Chemnitz,1791,46ers Giessen,133,95,83,local,2020-21,0
2020_1219_10_127,2020-12-19T00:00:00+00:00,Ratiopharm Ulm,127,ALBA Berlin,10,83,93,visitante,2020-21,0
2020_1219_3361_134,2020-12-19T00:00:00+00:00,Medi Bayreuth,134,Fraport Skyliners Frankfurt,3361,86,104,visitante,2020-21,0
2020_1219_132_1510,2020-12-19T00:00:00+00:00,Telekom Baskets Bonn,1510,Bamberg Baskets,132,66,80,visitante,2020-21,0
2020_1219_41_2457,2020-12-19T00:00:00+00:00,Rasta Vechta,2457,MHP Riesen Ludwigsburg,41,73,85,visitante,2020-21,0
2020_1220_40_2315,2020-12-20T00:00:00+00:00,Merlins Crailsheim,2315,Basketball Loewen Braunschweig,40,108,75,local,2020-21,0
2020_1220_214_19629,2020-12-20T00:00:00+00:00,Veolia Towers Hamburg,19629,BG Goettingen,214,98,94,local,2020-21,0
2020_1220_2745_450,2020-12-20T00:00:00+00:00,SYNTAINICS MBC Weissenfels,450,FITOne Wuerzburg Baskets,2745,80,68,local,2020-21,0
2020_1220_1634_219,2020-12-20T00:00:00+00:00,FC Bayern Muenchen Basketball,219,EWE Baskets Oldenburg,1634,95,100,visitante,2020-21,0
2020_1222_1791_41,2020-12-22T00:00:00+00:00,MHP Riesen Ludwigsburg,41,NINERS Chemnitz,1791,114,91,local,2020-21,0
2020_1222_134_2745,2020-12-22T00:00:00+00:00,FITOne Wuerzburg Baskets,2745,Medi Bayreuth,134,93,87,local,2020-21,0
2020_1222_2315_3361,2020-12-22T00:00:00+00:00,Fraport Skyliners Frankfurt,3361,Merlins Crailsheim,2315,64,76,visitante,2020-21,0
2020_1223_214_1634,2020-12-23T00:00:00+00:00,EWE Baskets Oldenburg,1634,BG Goettingen,214,89,73,local,2020-21,0
2020_1223_450_2457,2020-12-23T00:00:00+00:00,Rasta Vechta,2457,SYNTAINICS MBC Weissenfels,450,72,82,visitante,2020-21,0
2020_1223_1510_133,2020-12-23T00:00:00+00:00,46ers Giessen,133,Telekom Baskets Bonn,1510,68,81,visitante,2020-21,0
2020_1226_3361_40,2020-12-26T00:00:00+00:00,Basketball Loewen Braunschweig,40,Fraport Skyliners Frankfurt,3361,98,103,visitante,2020-21,0
2020_1226_134_133,2020-12-26T00:00:00+00:00,46ers Giessen,133,Medi Bayreuth,134,110,99,local,2020-21,0
2020_1226_127_1634,2020-12-26T00:00:00+00:00,EWE Baskets Oldenburg,1634,Ratiopharm Ulm,127,89,86,local,2020-21,0
2020_1227_19629_1791,2020-12-27T00:00:00+00:00,NINERS Chemnitz,1791,Veolia Towers Hamburg,19629,95,75,local,2020-21,0
2020_1227_41_2745,2020-12-27T00:00:00+00:00,FITOne Wuerzburg Baskets,2745,MHP Riesen Ludwigsburg,41,72,87,visitante,2020-21,0
2020_1227_1510_214,2020-12-27T00:00:00+00:00,BG Goettingen,214,Telekom Baskets Bonn,1510,87,102,visitante,2020-21,0
2020_1227_2457_2315,2020-12-27T00:00:00+00:00,Merlins Crailsheim,2315,Rasta Vechta,2457,98,81,local,2020-21,0
2020_1227_219_132,2020-12-27T00:00:00+00:00,Bamberg Baskets,132,FC Bayern Muenchen Basketball,219,70,84,visitante,2020-21,0
2020_1229_2315_127,2020-12-29T00:00:00+00:00,Ratiopharm Ulm,127,Merlins Crailsheim,2315,84,86,visitante,2020-21,0
2020_1229_41_19629,2020-12-29T00:00:00+00:00,Veolia Towers Hamburg,19629,MHP Riesen Ludwigsburg,41,65,86,visitante,2020-21,0
2020_1230_133_3361,2020-12-30T00:00:00+00:00,Fraport Skyliners Frankfurt,3361,46ers Giessen,133,74,75,visitante,2020-21,0
2020_1230_2457_1634,2020-12-30T00:00:00+00:00,EWE Baskets Oldenburg,1634,Rasta Vechta,2457,82,80,local,2020-21,0
2020_1230_132_134,2020-12-30T00:00:00+00:00,Medi Bayreuth,134,Bamberg Baskets,132,73,67,local,2020-21,0
2020_1230_1791_450,2020-12-30T00:00:00+00:00,SYNTAINICS MBC Weissenfels,450,NINERS Chemnitz,1791,79,96,visitante,2020-21,0
2021_0102_133_214,2021-01-02T00:00:00+00:00,BG Goettingen,214,46ers Giessen,133,92,90,local,2020-21,0
2021_0102_127_1510,2021-01-02T00:00:00+00:00,Telekom Baskets Bonn,1510,Ratiopharm Ulm,127,72,73,visitante,2020-21,0
2021_0102_134_41,2021-01-02T00:00:00+00:00,MHP Riesen Ludwigsburg,41,Medi Bayreuth,134,89,70,local,2020-21,0
2021_0102_19629_2457,2021-01-02T00:00:00+00:00,Rasta Vechta,2457,Veolia Towers Hamburg,19629,74,92,visitante,2020-21,0
2021_0102_450_3361,2021-01-02T00:00:00+00:00,Fraport Skyliners Frankfurt,3361,SYNTAINICS MBC Weissenfels,450,94,89,local,2020-21,0
2021_0103_132_1634,2021-01-03T00:00:00+00:00,EWE Baskets Oldenburg,1634,Bamberg Baskets,132,85,78,local,2020-21,0
2021_0103_2745_2315,2021-01-03T00:00:00+00:00,Merlins Crailsheim,2315,FITOne Wuerzburg Baskets,2745,86,80,local,2020-21,0
2021_0103_10_219,2021-01-03T00:00:00+00:00,FC Bayern Muenchen Basketball,219,ALBA Berlin,10,72,85,visitante,2020-21,0
2021_0106_127_132,2021-01-06T00:00:00+00:00,Bamberg Baskets,132,Ratiopharm Ulm,127,74,67,local,2020-21,0
2021_0108_2457_132,2021-01-08T00:00:00+00:00,Bamberg Baskets,132,Rasta Vechta,2457,82,90,visitante,2020-21,0
2021_0109_1634_134,2021-01-09T00:00:00+00:00,Medi Bayreuth,134,EWE Baskets Oldenburg,1634,73,80,visitante,2020-21,0
2021_0109_1510_2745,2021-01-09T00:00:00+00:00,FITOne Wuerzburg Baskets,2745,Telekom Baskets Bonn,1510,89,77,local,2020-21,0
2021_0109_41_127,2021-01-09T00:00:00+00:00,Ratiopharm Ulm,127,MHP Riesen Ludwigsburg,41,87,89,visitante,2020-21,0
2021_0110_10_133,2021-01-10T00:00:00+00:00,46ers Giessen,133,ALBA Berlin,10,82,92,visitante,2020-21,0
2021_0110_219_1791,2021-01-10T00:00:00+00:00,NINERS Chemnitz,1791,FC Bayern Muenchen Basketball,219,76,77,visitante,2020-21,0
2021_0110_3361_214,2021-01-10T00:00:00+00:00,BG Goettingen,214,Fraport Skyliners Frankfurt,3361,63,81,visitante,2020-21,0
2021_0110_19629_2315,2021-01-10T00:00:00+00:00,Merlins Crailsheim,2315,Veolia Towers Hamburg,19629,72,89,visitante,2020-21,0
2021_0114_40_450,2021-01-14T00:00:00+00:00,SYNTAINICS MBC Weissenfels,450,Basketball Loewen Braunschweig,40,104,91,local,2020-21,0
2021_0115_1791_1510,2021-01-15T00:00:00+00:00,Telekom Baskets Bonn,1510,NINERS Chemnitz,1791,92,93,visitante,2020-21,0
2021_0116_2315_134,2021-01-16T00:00:00+00:00,Medi Bayreuth,134,Merlins Crailsheim,2315,77,82,visitante,2020-21,0
2021_0116_41_132,2021-01-16T00:00:00+00:00,Bamberg Baskets,132,MHP Riesen Ludwigsburg,41,75,83,visitante,2020-21,0
2021_0116_2457_133,2021-01-16T00:00:00+00:00,46ers Giessen,133,Rasta Vechta,2457,84,97,visitante,2020-21,0
2021_0117_40_10,2021-01-17T00:00:00+00:00,ALBA Berlin,10,Basketball Loewen Braunschweig,40,82,76,local,2020-21,0
2021_0117_219_19629,2021-01-17T00:00:00+00:00,Veolia Towers Hamburg,19629,FC Bayern Muenchen Basketball,219,71,85,visitante,2020-21,0
2021_0117_3361_2745,2021-01-17T00:00:00+00:00,FITOne Wuerzburg Baskets,2745,Fraport Skyliners Frankfurt,3361,80,72,local,2020-21,0
2021_0117_1634_450,2021-01-17T00:00:00+00:00,SYNTAINICS MBC Weissenfels,450,EWE Baskets Oldenburg,1634,79,87,visitante,2020-21,0
2021_0117_214_127,2021-01-17T00:00:00+00:00,Ratiopharm Ulm,127,BG Goettingen,214,98,74,local,2020-21,0
2021_0122_214_2457,2021-01-22T00:00:00+00:00,Rasta Vechta,2457,BG Goettingen,214,102,90,local,2020-21,0
2021_0123_133_1634,2021-01-23T00:00:00+00:00,EWE Baskets Oldenburg,1634,46ers Giessen,133,97,82,local,2020-21,0
2021_0123_450_41,2021-01-23T00:00:00+00:00,MHP Riesen Ludwigsburg,41,SYNTAINICS MBC Weissenfels,450,93,80,local,2020-21,0
2021_0123_134_219,2021-01-23T00:00:00+00:00,FC Bayern Muenchen Basketball,219,Medi Bayreuth,134,98,78,local,2020-21,0
2021_0123_19629_3361,2021-01-23T00:00:00+00:00,Fraport Skyliners Frankfurt,3361,Veolia Towers Hamburg,19629,70,98,visitante,2020-21,0
2021_0124_10_2745,2021-01-24T00:00:00+00:00,FITOne Wuerzburg Baskets,2745,ALBA Berlin,10,85,99,visitante,2020-21,0
2021_0124_1510_2315,2021-01-24T00:00:00+00:00,Merlins Crailsheim,2315,Telekom Baskets Bonn,1510,93,84,local,2020-21,0
2021_0124_127_1791,2021-01-24T00:00:00+00:00,NINERS Chemnitz,1791,Ratiopharm Ulm,127,63,102,visitante,2020-21,0
2021_0124_132_40,2021-01-24T00:00:00+00:00,Basketball Loewen Braunschweig,40,Bamberg Baskets,132,84,98,visitante,2020-21,0
2021_0129_214_132,2021-01-29T00:00:00+00:00,Bamberg Baskets,132,BG Goettingen,214,80,87,visitante,2020-21,0
2021_0130_450_127,2021-01-30T00:00:00+00:00,Ratiopharm Ulm,127,SYNTAINICS MBC Weissenfels,450,104,92,local,2020-21,0
2021_0130_1791_134,2021-01-30T00:00:00+00:00,Medi Bayreuth,134,NINERS Chemnitz,1791,83,61,local,2020-21,0
2021_0130_41_133,2021-01-30T00:00:00+00:00,46ers Giessen,133,MHP Riesen Ludwigsburg,41,85,99,visitante,2020-21,0
2021_0130_1634_2745,2021-01-30T00:00:00+00:00,FITOne Wuerzburg Baskets,2745,EWE Baskets Oldenburg,1634,84,124,visitante,2020-21,0
2021_0131_10_2457,2021-01-31T00:00:00+00:00,Rasta Vechta,2457,ALBA Berlin,10,70,86,visitante,2020-21,0
2021_0131_3361_1510,2021-01-31T00:00:00+00:00,Telekom Baskets Bonn,1510,Fraport Skyliners Frankfurt,3361,79,84,visitante,2020-21,0
2021_0131_219_2315,2021-01-31T00:00:00+00:00,Merlins Crailsheim,2315,FC Bayern Muenchen Basketball,219,105,103,local,2020-21,0
2021_0202_214_10,2021-02-02T00:00:00+00:00,ALBA Berlin,10,BG Goettingen,214,86,75,local,2020-21,0
2021_0202_127_3361,2021-02-02T00:00:00+00:00,Fraport Skyliners Frankfurt,3361,Ratiopharm Ulm,127,76,80,visitante,2020-21,0
2021_0203_2745_219,2021-02-03T00:00:00+00:00,FC Bayern Muenchen Basketball,219,FITOne Wuerzburg Baskets,2745,74,70,local,2020-21,0
2021_0203_132_450,2021-02-03T00:00:00+00:00,SYNTAINICS MBC Weissenfels,450,Bamberg Baskets,132,80,95,visitante,2020-21,0
2021_0205_19629_134,2021-02-05T00:00:00+00:00,Medi Bayreuth,134,Veolia Towers Hamburg,19629,95,92,local,2020-21,0
2021_0206_450_1510,2021-02-06T00:00:00+00:00,Telekom Baskets Bonn,1510,SYNTAINICS MBC Weissenfels,450,103,97,local,2020-21,0
2021_0206_133_2315,2021-02-06T00:00:00+00:00,Merlins Crailsheim,2315,46ers Giessen,133,101,82,local,2020-21,0
2021_0206_2745_214,2021-02-06T00:00:00+00:00,BG Goettingen,214,FITOne Wuerzburg Baskets,2745,87,82,local,2020-21,0
2021_0206_2457_3361,2021-02-06T00:00:00+00:00,Fraport Skyliners Frankfurt,3361,Rasta Vechta,2457,96,72,local,2020-21,0
2021_0207_132_219,2021-02-07T00:00:00+00:00,FC Bayern Muenchen Basketball,219,Bamberg Baskets,132,93,92,local,2020-21,0
2021_0207_40_127,2021-02-07T00:00:00+00:00,Ratiopharm Ulm,127,Basketball Loewen Braunschweig,40,92,94,visitante,2020-21,0
2021_0207_10_1791,2021-02-07T00:00:00+00:00,NINERS Chemnitz,1791,ALBA Berlin,10,65,83,visitante,2020-21,0
2021_0207_1634_41,2021-02-07T00:00:00+00:00,MHP Riesen Ludwigsburg,41,EWE Baskets Oldenburg,1634,89,75,local,2020-21,0
2021_0209_2315_10,2021-02-09T00:00:00+00:00,ALBA Berlin,10,Merlins Crailsheim,2315,101,77,local,2020-21,0
2021_0209_3361_132,2021-02-09T00:00:00+00:00,Bamberg Baskets,132,Fraport Skyliners Frankfurt,3361,86,76,local,2020-21,0
2021_0209_127_219,2021-02-09T00:00:00+00:00,FC Bayern Muenchen Basketball,219,Ratiopharm Ulm,127,81,77,local,2020-21,0
2021_0210_134_214,2021-02-10T00:00:00+00:00,BG Goettingen,214,Medi Bayreuth,134,82,80,local,2020-21,0
2021_0210_1791_2457,2021-02-10T00:00:00+00:00,Rasta Vechta,2457,NINERS Chemnitz,1791,77,89,visitante,2020-21,0
2021_0210_41_40,2021-02-10T00:00:00+00:00,Basketball Loewen Braunschweig,40,MHP Riesen Ludwigsburg,41,74,81,visitante,2020-21,0
2021_0210_1634_19629,2021-02-10T00:00:00+00:00,Veolia Towers Hamburg,19629,EWE Baskets Oldenburg,1634,88,89,visitante,2020-21,0
2021_0212_10_134,2021-02-12T00:00:00+00:00,Medi Bayreuth,134,ALBA Berlin,10,68,80,visitante,2020-21,0
2021_0212_219_3361,2021-02-12T00:00:00+00:00,Fraport Skyliners Frankfurt,3361,FC Bayern Muenchen Basketball,219,58,84,visitante,2020-21,0
2021_0212_1791_132,2021-02-12T00:00:00+00:00,Bamberg Baskets,132,NINERS Chemnitz,1791,82,85,visitante,2020-21,0
2021_0212_2315_40,2021-02-12T00:00:00+00:00,Basketball Loewen Braunschweig,40,Merlins Crailsheim,2315,69,75,visitante,2020-21,0
2021_0212_19629_1510,2021-02-12T00:00:00+00:00,Telekom Baskets Bonn,1510,Veolia Towers Hamburg,19629,78,71,local,2020-21,0
2021_0212_1634_133,2021-02-12T00:00:00+00:00,46ers Giessen,133,EWE Baskets Oldenburg,1634,97,93,local,2020-21,0
2021_0212_127_214,2021-02-12T00:00:00+00:00,BG Goettingen,214,Ratiopharm Ulm,127,64,93,visitante,2020-21,0
2021_0212_2457_41,2021-02-12T00:00:00+00:00,MHP Riesen Ludwigsburg,41,Rasta Vechta,2457,84,66,local,2020-21,0
2021_0214_132_10,2021-02-14T00:00:00+00:00,ALBA Berlin,10,Bamberg Baskets,132,67,76,visitante,2020-21,0
2021_0214_134_1634,2021-02-14T00:00:00+00:00,EWE Baskets Oldenburg,1634,Medi Bayreuth,134,91,82,local,2020-21,0
2021_0214_1510_450,2021-02-14T00:00:00+00:00,SYNTAINICS MBC Weissenfels,450,Telekom Baskets Bonn,1510,66,83,visitante,2020-21,0
2021_0214_1791_219,2021-02-14T00:00:00+00:00,FC Bayern Muenchen Basketball,219,NINERS Chemnitz,1791,83,85,visitante,2020-21,0
2021_0214_3361_127,2021-02-14T00:00:00+00:00,Ratiopharm Ulm,127,Fraport Skyliners Frankfurt,3361,87,68,local,2020-21,0
2021_0214_133_19629,2021-02-14T00:00:00+00:00,Veolia Towers Hamburg,19629,46ers Giessen,133,95,78,local,2020-21,0
2021_0214_214_2315,2021-02-14T00:00:00+00:00,Merlins Crailsheim,2315,BG Goettingen,214,109,81,local,2020-21,0
2021_0214_2457_40,2021-02-14T00:00:00+00:00,Basketball Loewen Braunschweig,40,Rasta Vechta,2457,80,71,local,2020-21,0
2021_0224_2745_133,2021-02-24T00:00:00+00:00,46ers Giessen,133,FITOne Wuerzburg Baskets,2745,82,101,visitante,2020-21,0
2021_0227_1510_2457,2021-02-27T00:00:00+00:00,Rasta Vechta,2457,Telekom Baskets Bonn,1510,89,94,visitante,2020-21,0
2021_0227_133_134,2021-02-27T00:00:00+00:00,Medi Bayreuth,134,46ers Giessen,133,92,97,visitante,2020-21,0
2021_0227_127_450,2021-02-27T00:00:00+00:00,SYNTAINICS MBC Weissenfels,450,Ratiopharm Ulm,127,73,102,visitante,2020-21,0
2021_0228_10_2315,2021-02-28T00:00:00+00:00,Merlins Crailsheim,2315,ALBA Berlin,10,62,100,visitante,2020-21,0
2021_0228_132_3361,2021-02-28T00:00:00+00:00,Fraport Skyliners Frankfurt,3361,Bamberg Baskets,132,62,78,visitante,2020-21,0
2021_0228_219_2745,2021-02-28T00:00:00+00:00,FITOne Wuerzburg Baskets,2745,FC Bayern Muenchen Basketball,219,76,97,visitante,2020-21,0
2021_0228_1634_40,2021-02-28T00:00:00+00:00,Basketball Loewen Braunschweig,40,EWE Baskets Oldenburg,1634,89,101,visitante,2020-21,0
2021_0228_19629_41,2021-02-28T00:00:00+00:00,MHP Riesen Ludwigsburg,41,Veolia Towers Hamburg,19629,73,67,local,2020-21,0
2021_0302_1510_134,2021-03-02T00:00:00+00:00,Medi Bayreuth,134,Telekom Baskets Bonn,1510,91,76,local,2020-21,0
2021_0303_40_214,2021-03-03T00:00:00+00:00,BG Goettingen,214,Basketball Loewen Braunschweig,40,102,91,local,2020-21,0
2021_0303_127_19629,2021-03-03T00:00:00+00:00,Veolia Towers Hamburg,19629,Ratiopharm Ulm,127,76,89,visitante,2020-21,0
2021_0303_2315_2745,2021-03-03T00:00:00+00:00,FITOne Wuerzburg Baskets,2745,Merlins Crailsheim,2315,94,84,local,2020-21,0
2021_0303_450_133,2021-03-03T00:00:00+00:00,46ers Giessen,133,SYNTAINICS MBC Weissenfels,450,81,102,visitante,2020-21,0
2021_0304_3361_2457,2021-03-04T00:00:00+00:00,Rasta Vechta,2457,Fraport Skyliners Frankfurt,3361,75,84,visitante,2020-21,0
2021_0305_134_2315,2021-03-05T00:00:00+00:00,Merlins Crailsheim,2315,Medi Bayreuth,134,78,97,visitante,2020-21,0
2021_0306_133_1510,2021-03-06T00:00:00+00:00,Telekom Baskets Bonn,1510,46ers Giessen,133,92,75,local,2020-21,0
2021_0306_41_1634,2021-03-06T00:00:00+00:00,EWE Baskets Oldenburg,1634,MHP Riesen Ludwigsburg,41,87,98,visitante,2020-21,0
2021_0306_450_40,2021-03-06T00:00:00+00:00,Basketball Loewen Braunschweig,40,SYNTAINICS MBC Weissenfels,450,93,91,local,2020-21,0
2021_0307_214_3361,2021-03-07T00:00:00+00:00,Fraport Skyliners Frankfurt,3361,BG Goettingen,214,93,89,local,2020-21,0
2021_0307_127_10,2021-03-07T00:00:00+00:00,ALBA Berlin,10,Ratiopharm Ulm,127,84,76,local,2020-21,0
2021_0307_2457_219,2021-03-07T00:00:00+00:00,FC Bayern Muenchen Basketball,219,Rasta Vechta,2457,93,78,local,2020-21,0
2021_0309_450_2745,2021-03-09T00:00:00+00:00,FITOne Wuerzburg Baskets,2745,SYNTAINICS MBC Weissenfels,450,73,85,visitante,2020-21,0
2021_0309_10_1634,2021-03-09T00:00:00+00:00,EWE Baskets Oldenburg,1634,ALBA Berlin,10,89,81,local,2020-21,0
2021_0309_41_1791,2021-03-09T00:00:00+00:00,NINERS Chemnitz,1791,MHP Riesen Ludwigsburg,41,60,96,visitante,2020-21,0
2021_0309_40_219,2021-03-09T00:00:00+00:00,FC Bayern Muenchen Basketball,219,Basketball Loewen Braunschweig,40,94,79,local,2020-21,0
2021_0313_1510_132,2021-03-13T00:00:00+00:00,Bamberg Baskets,132,Telekom Baskets Bonn,1510,86,82,local,2020-21,0
2021_0313_3361_133,2021-03-13T00:00:00+00:00,46ers Giessen,133,Fraport Skyliners Frankfurt,3361,79,82,visitante,2020-21,0
2021_0313_19629_450,2021-03-13T00:00:00+00:00,SYNTAINICS MBC Weissenfels,450,Veolia Towers Hamburg,19629,78,105,visitante,2020-21,0
2021_0313_2457_127,2021-03-13T00:00:00+00:00,Ratiopharm Ulm,127,Rasta Vechta,2457,77,92,visitante,2020-21,0
2021_0314_10_214,2021-03-14T00:00:00+00:00,BG Goettingen,214,ALBA Berlin,10,58,89,visitante,2020-21,0
2021_0314_40_1791,2021-03-14T00:00:00+00:00,NINERS Chemnitz,1791,Basketball Loewen Braunschweig,40,77,93,visitante,2020-21,0
2021_0314_219_1634,2021-03-14T00:00:00+00:00,EWE Baskets Oldenburg,1634,FC Bayern Muenchen Basketball,219,102,108,visitante,2020-21,0
2021_0314_2315_41,2021-03-14T00:00:00+00:00,MHP Riesen Ludwigsburg,41,Merlins Crailsheim,2315,58,68,visitante,2020-21,0
2021_0315_2745_134,2021-03-15T00:00:00+00:00,Medi Bayreuth,134,FITOne Wuerzburg Baskets,2745,90,75,local,2020-21,0
2021_0316_219_1510,2021-03-16T00:00:00+00:00,Telekom Baskets Bonn,1510,FC Bayern Muenchen Basketball,219,69,78,visitante,2020-21,0
2021_0316_450_10,2021-03-16T00:00:00+00:00,ALBA Berlin,10,SYNTAINICS MBC Weissenfels,450,96,82,local,2020-21,0
2021_0317_19629_40,2021-03-17T00:00:00+00:00,Basketball Loewen Braunschweig,40,Veolia Towers Hamburg,19629,81,84,visitante,2020-21,0
2021_0319_1634_2457,2021-03-19T00:00:00+00:00,Rasta Vechta,2457,EWE Baskets Oldenburg,1634,71,101,visitante,2020-21,0
2021_0320_133_2745,2021-03-20T00:00:00+00:00,FITOne Wuerzburg Baskets,2745,46ers Giessen,133,74,73,local,2020-21,0
2021_0320_450_132,2021-03-20T00:00:00+00:00,Bamberg Baskets,132,SYNTAINICS MBC Weissenfels,450,100,89,local,2020-21,0
2021_0320_127_41,2021-03-20T00:00:00+00:00,MHP Riesen Ludwigsburg,41,Ratiopharm Ulm,127,83,77,local,2020-21,0
2021_0320_40_19629,2021-03-20T00:00:00+00:00,Veolia Towers Hamburg,19629,Basketball Loewen Braunschweig,40,74,63,local,2020-21,0
2021_0321_134_1791,2021-03-21T00:00:00+00:00,NINERS Chemnitz,1791,Medi Bayreuth,134,72,85,visitante,2020-21,0
2021_0321_2315_219,2021-03-21T00:00:00+00:00,FC Bayern Muenchen Basketball,219,Merlins Crailsheim,2315,79,74,local,2020-21,0
2021_0321_3361_10,2021-03-21T00:00:00+00:00,ALBA Berlin,10,Fraport Skyliners Frankfurt,3361,94,60,local,2020-21,0
2021_0321_214_1510,2021-03-21T00:00:00+00:00,Telekom Baskets Bonn,1510,BG Goettingen,214,99,102,visitante,2020-21,0
2021_0323_19629_10,2021-03-23T00:00:00+00:00,ALBA Berlin,10,Veolia Towers Hamburg,19629,75,90,visitante,2020-21,0
2021_0323_219_450,2021-03-23T00:00:00+00:00,SYNTAINICS MBC Weissenfels,450,FC Bayern Muenchen Basketball,219,66,85,visitante,2020-21,0
2021_0323_2745_41,2021-03-23T00:00:00+00:00,MHP Riesen Ludwigsburg,41,FITOne Wuerzburg Baskets,2745,82,72,local,2020-21,0
2021_0324_1791_40,2021-03-24T00:00:00+00:00,Basketball Loewen Braunschweig,40,NINERS Chemnitz,1791,83,87,visitante,2020-21,0
2021_0326_1791_1634,2021-03-26T00:00:00+00:00,EWE Baskets Oldenburg,1634,NINERS Chemnitz,1791,98,92,local,2020-21,0
2021_0327_132_127,2021-03-27T00:00:00+00:00,Ratiopharm Ulm,127,Bamberg Baskets,132,74,88,visitante,2020-21,0
2021_0327_2315_133,2021-03-27T00:00:00+00:00,46ers Giessen,133,Merlins Crailsheim,2315,77,102,visitante,2020-21,0
2021_0327_2457_214,2021-03-27T00:00:00+00:00,BG Goettingen,214,Rasta Vechta,2457,103,79,local,2020-21,0
2021_0327_19629_219,2021-03-27T00:00:00+00:00,FC Bayern Muenchen Basketball,219,Veolia Towers Hamburg,19629,86,91,visitante,2020-21,0
2021_0328_41_134,2021-03-28T00:00:00+00:00,Medi Bayreuth,134,MHP Riesen Ludwigsburg,41,92,97,visitante,2020-21,0
2021_0328_10_450,2021-03-28T00:00:00+00:00,SYNTAINICS MBC Weissenfels,450,ALBA Berlin,10,82,93,visitante,2020-21,0
2021_0328_40_3361,2021-03-28T00:00:00+00:00,Fraport Skyliners Frankfurt,3361,Basketball Loewen Braunschweig,40,68,80,visitante,2020-21,0
2021_0328_2745_1510,2021-03-28T00:00:00+00:00,Telekom Baskets Bonn,1510,FITOne Wuerzburg Baskets,2745,83,73,local,2020-21,0
2021_0330_214_1791,2021-03-30T00:00:00+00:00,NINERS Chemnitz,1791,BG Goettingen,214,55,68,visitante,2020-21,0
2021_0331_40_1510,2021-03-31T00:00:00+00:00,Telekom Baskets Bonn,1510,Basketball Loewen Braunschweig,40,94,93,local,2020-21,0
2021_0401_3361_1791,2021-04-01T00:00:00+00:00,NINERS Chemnitz,1791,Fraport Skyliners Frankfurt,3361,89,76,local,2020-21,0
2021_0401_127_2745,2021-04-01T00:00:00+00:00,FITOne Wuerzburg Baskets,2745,Ratiopharm Ulm,127,64,88,visitante,2020-21,0
2021_0401_41_450,2021-04-01T00:00:00+00:00,SYNTAINICS MBC Weissenfels,450,MHP Riesen Ludwigsburg,41,74,93,visitante,2020-21,0
2021_0403_134_2457,2021-04-03T00:00:00+00:00,Rasta Vechta,2457,Medi Bayreuth,134,79,95,visitante,2020-21,0
2021_0403_133_219,2021-04-03T00:00:00+00:00,FC Bayern Muenchen Basketball,219,46ers Giessen,133,94,95,visitante,2020-21,0
2021_0404_132_19629,2021-04-04T00:00:00+00:00,Veolia Towers Hamburg,19629,Bamberg Baskets,132,76,64,local,2020-21,0
2021_0404_1510_10,2021-04-04T00:00:00+00:00,ALBA Berlin,10,Telekom Baskets Bonn,1510,80,75,local,2020-21,0
2021_0404_2745_1634,2021-04-04T00:00:00+00:00,EWE Baskets Oldenburg,1634,FITOne Wuerzburg Baskets,2745,116,66,local,2020-21,0
2021_0404_3361_2315,2021-04-04T00:00:00+00:00,Merlins Crailsheim,2315,Fraport Skyliners Frankfurt,3361,84,92,visitante,2020-21,0
2021_0405_450_1791,2021-04-05T00:00:00+00:00,NINERS Chemnitz,1791,SYNTAINICS MBC Weissenfels,450,86,84,local,2020-21,0
2021_0405_214_41,2021-04-05T00:00:00+00:00,MHP Riesen Ludwigsburg,41,BG Goettingen,214,90,81,local,2020-21,0
2021_0405_127_40,2021-04-05T00:00:00+00:00,Basketball Loewen Braunschweig,40,Ratiopharm Ulm,127,57,91,visitante,2020-21,0
2021_0406_219_134,2021-04-06T00:00:00+00:00,Medi Bayreuth,134,FC Bayern Muenchen Basketball,219,62,83,visitante,2020-21,0
2021_0407_2315_1510,2021-04-07T00:00:00+00:00,Telekom Baskets Bonn,1510,Merlins Crailsheim,2315,88,91,visitante,2020-21,0
2021_0407_2457_19629,2021-04-07T00:00:00+00:00,Veolia Towers Hamburg,19629,Rasta Vechta,2457,88,82,local,2020-21,0
2021_0407_214_133,2021-04-07T00:00:00+00:00,46ers Giessen,133,BG Goettingen,214,98,79,local,2020-21,0
2021_0409_2315_450,2021-04-09T00:00:00+00:00,SYNTAINICS MBC Weissenfels,450,Merlins Crailsheim,2315,82,77,local,2020-21,0
2021_0410_10_19629,2021-04-10T00:00:00+00:00,Veolia Towers Hamburg,19629,ALBA Berlin,10,75,68,local,2020-21,0
2021_0410_1634_1510,2021-04-10T00:00:00+00:00,Telekom Baskets Bonn,1510,EWE Baskets Oldenburg,1634,87,106,visitante,2020-21,0
2021_0410_127_133,2021-04-10T00:00:00+00:00,46ers Giessen,133,Ratiopharm Ulm,127,79,109,visitante,2020-21,0
2021_0410_2457_1791,2021-04-10T00:00:00+00:00,NINERS Chemnitz,1791,Rasta Vechta,2457,69,82,visitante,2020-21,0
2021_0410_134_132,2021-04-10T00:00:00+00:00,Bamberg Baskets,132,Medi Bayreuth,134,97,88,local,2020-21,0
2021_0411_219_40,2021-04-11T00:00:00+00:00,Basketball Loewen Braunschweig,40,FC Bayern Muenchen Basketball,219,85,83,local,2020-21,0
2021_0411_214_2745,2021-04-11T00:00:00+00:00,FITOne Wuerzburg Baskets,2745,BG Goettingen,214,73,96,visitante,2020-21,0
2021_0413_40_41,2021-04-13T00:00:00+00:00,MHP Riesen Ludwigsburg,41,Basketball Loewen Braunschweig,40,107,71,local,2020-21,0
2021_0413_1510_219,2021-04-13T00:00:00+00:00,FC Bayern Muenchen Basketball,219,Telekom Baskets Bonn,1510,89,71,local,2020-21,0
2021_0413_133_10,2021-04-13T00:00:00+00:00,ALBA Berlin,10,46ers Giessen,133,102,96,local,2020-21,0
2021_0413_450_214,2021-04-13T00:00:00+00:00,BG Goettingen,214,SYNTAINICS MBC Weissenfels,450,99,85,local,2020-21,0
2021_0413_134_127,2021-04-13T00:00:00+00:00,Ratiopharm Ulm,127,Medi Bayreuth,134,99,93,local,2020-21,0
2021_0414_1791_2315,2021-04-14T00:00:00+00:00,Merlins Crailsheim,2315,NINERS Chemnitz,1791,85,73,local,2020-21,0
2021_0414_132_2457,2021-04-14T00:00:00+00:00,Rasta Vechta,2457,Bamberg Baskets,132,76,104,visitante,2020-21,0
2021_0414_19629_1634,2021-04-14T00:00:00+00:00,EWE Baskets Oldenburg,1634,Veolia Towers Hamburg,19629,74,80,visitante,2020-21,0
2021_0419_1634_132,2021-04-19T00:00:00+00:00,Bamberg Baskets,132,EWE Baskets Oldenburg,1634,99,100,visitante,2020-21,0
2021_0419_1791_19629,2021-04-19T00:00:00+00:00,Veolia Towers Hamburg,19629,NINERS Chemnitz,1791,97,98,visitante,2020-21,0
2021_0421_2745_132,2021-04-21T00:00:00+00:00,Bamberg Baskets,132,FITOne Wuerzburg Baskets,2745,78,82,visitante,2020-21,0
2021_0422_10_40,2021-04-22T00:00:00+00:00,Basketball Loewen Braunschweig,40,ALBA Berlin,10,87,82,local,2020-21,0
2021_0423_19629_2745,2021-04-23T00:00:00+00:00,FITOne Wuerzburg Baskets,2745,Veolia Towers Hamburg,19629,83,95,visitante,2020-21,0
2021_0424_134_40,2021-04-24T00:00:00+00:00,Basketball Loewen Braunschweig,40,Medi Bayreuth,134,77,64,local,2020-21,0
2021_0424_2315_2457,2021-04-24T00:00:00+00:00,Rasta Vechta,2457,Merlins Crailsheim,2315,81,98,visitante,2020-21,0
2021_0424_133_41,2021-04-24T00:00:00+00:00,MHP Riesen Ludwigsburg,41,46ers Giessen,133,89,80,local,2020-21,0
2021_0424_1634_127,2021-04-24T00:00:00+00:00,Ratiopharm Ulm,127,EWE Baskets Oldenburg,1634,93,75,local,2020-21,0
2021_0425_219_10,2021-04-25T00:00:00+00:00,ALBA Berlin,10,FC Bayern Muenchen Basketball,219,100,62,local,2020-21,0
2021_0425_1510_1791,2021-04-25T00:00:00+00:00,NINERS Chemnitz,1791,Telekom Baskets Bonn,1510,62,86,visitante,2020-21,0
2021_0425_3361_450,2021-04-25T00:00:00+00:00,SYNTAINICS MBC Weissenfels,450,Fraport Skyliners Frankfurt,3361,81,76,local,2020-21,0
2021_0427_41_3361,2021-04-27T00:00:00+00:00,Fraport Skyliners Frankfurt,3361,MHP Riesen Ludwigsburg,41,69,106,visitante,2020-21,0
2021_0429_40_2745,2021-04-29T00:00:00+00:00,FITOne Wuerzburg Baskets,2745,Basketball Loewen Braunschweig,40,80,90,visitante,2020-21,0
2021_0429_134_19629,2021-04-29T00:00:00+00:00,Veolia Towers Hamburg,19629,Medi Bayreuth,134,83,90,visitante,2020-21,0
2021_0429_127_2315,2021-04-29T00:00:00+00:00,Merlins Crailsheim,2315,Ratiopharm Ulm,127,78,93,visitante,2020-21,0
2021_0430_132_41,2021-04-30T00:00:00+00:00,MHP Riesen Ludwigsburg,41,Bamberg Baskets,132,93,94,visitante,2020-21,0
2021_0430_1510_3361,2021-04-30T00:00:00+00:00,Fraport Skyliners Frankfurt,3361,Telekom Baskets Bonn,1510,73,85,visitante,2020-21,0
2021_0430_1791_133,2021-04-30T00:00:00+00:00,46ers Giessen,133,NINERS Chemnitz,1791,95,71,local,2020-21,0
2021_0430_2457_10,2021-04-30T00:00:00+00:00,ALBA Berlin,10,Rasta Vechta,2457,82,81,local,2020-21,0
2021_0502_40_132,2021-05-02T00:00:00+00:00,Bamberg Baskets,132,Basketball Loewen Braunschweig,40,75,85,visitante,2020-21,0
2021_0502_1791_127,2021-05-02T00:00:00+00:00,Ratiopharm Ulm,127,NINERS Chemnitz,1791,85,70,local,2020-21,0
2021_0502_2315_19629,2021-05-02T00:00:00+00:00,Veolia Towers Hamburg,19629,Merlins Crailsheim,2315,79,85,visitante,2020-21,0
2021_0502_3361_1634,2021-05-02T00:00:00+00:00,EWE Baskets Oldenburg,1634,Fraport Skyliners Frankfurt,3361,82,59,local,2020-21,0
2021_0502_133_2457,2021-05-02T00:00:00+00:00,Rasta Vechta,2457,46ers Giessen,133,82,100,visitante,2020-21,0
2021_0502_214_219,2021-05-02T00:00:00+00:00,FC Bayern Muenchen Basketball,219,BG Goettingen,214,102,90,local,2020-21,0
2021_0502_41_1510,2021-05-02T00:00:00+00:00,Telekom Baskets Bonn,1510,MHP Riesen Ludwigsburg,41,73,89,visitante,2020-21,0
2021_0502_2745_10,2021-05-02T00:00:00+00:00,ALBA Berlin,10,FITOne Wuerzburg Baskets,2745,99,79,local,2020-21,0
2021_0502_450_134,2021-05-02T00:00:00+00:00,Medi Bayreuth,134,SYNTAINICS MBC Weissenfels,450,99,70,local,2020-21,0
2021_0504_10_41,2021-05-04T00:00:00+00:00,MHP Riesen Ludwigsburg,41,ALBA Berlin,10,78,79,visitante,2020-21,0
2021_0504_132_133,2021-05-04T00:00:00+00:00,46ers Giessen,133,Bamberg Baskets,132,90,99,visitante,2020-21,0
2021_0504_134_3361,2021-05-04T00:00:00+00:00,Fraport Skyliners Frankfurt,3361,Medi Bayreuth,134,58,80,visitante,2020-21,0
2021_0504_19629_214,2021-05-04T00:00:00+00:00,BG Goettingen,214,Veolia Towers Hamburg,19629,91,93,visitante,2020-21,0
2021_0505_1510_40,2021-05-05T00:00:00+00:00,Basketball Loewen Braunschweig,40,Telekom Baskets Bonn,1510,85,78,local,2020-21,0
2021_0505_1634_2315,2021-05-05T00:00:00+00:00,Merlins Crailsheim,2315,EWE Baskets Oldenburg,1634,90,73,local,2020-21,0
2021_0505_2745_1791,2021-05-05T00:00:00+00:00,NINERS Chemnitz,1791,FITOne Wuerzburg Baskets,2745,84,83,local,2020-21,0
2021_0505_2457_450,2021-05-05T00:00:00+00:00,SYNTAINICS MBC Weissenfels,450,Rasta Vechta,2457,80,84,visitante,2020-21,0
2021_0507_132_214,2021-05-07T00:00:00+00:00,BG Goettingen,214,Bamberg Baskets,132,106,84,local,2020-21,0
2021_0507_219_127,2021-05-07T00:00:00+00:00,Ratiopharm Ulm,127,FC Bayern Muenchen Basketball,219,98,64,local,2020-21,0
2021_0507_2745_3361,2021-05-07T00:00:00+00:00,Fraport Skyliners Frankfurt,3361,FITOne Wuerzburg Baskets,2745,95,66,local,2020-21,0
2021_0509_132_2315,2021-05-09T00:00:00+00:00,Merlins Crailsheim,2315,Bamberg Baskets,132,77,70,local,2020-21,0
2021_0509_1510_127,2021-05-09T00:00:00+00:00,Ratiopharm Ulm,127,Telekom Baskets Bonn,1510,94,81,local,2020-21,0
2021_0509_1791_10,2021-05-09T00:00:00+00:00,ALBA Berlin,10,NINERS Chemnitz,1791,91,81,local,2020-21,0
2021_0509_3361_19629,2021-05-09T00:00:00+00:00,Veolia Towers Hamburg,19629,Fraport Skyliners Frankfurt,3361,89,96,visitante,2020-21,0
2021_0509_133_40,2021-05-09T00:00:00+00:00,Basketball Loewen Braunschweig,40,46ers Giessen,133,103,91,local,2020-21,0
2021_0509_214_134,2021-05-09T00:00:00+00:00,Medi Bayreuth,134,BG Goettingen,214,99,95,local,2020-21,0
2021_0509_41_219,2021-05-09T00:00:00+00:00,FC Bayern Muenchen Basketball,219,MHP Riesen Ludwigsburg,41,77,91,visitante,2020-21,0
2021_0509_2745_2457,2021-05-09T00:00:00+00:00,Rasta Vechta,2457,FITOne Wuerzburg Baskets,2745,95,62,local,2020-21,0
2021_0509_450_1634,2021-05-09T00:00:00+00:00,EWE Baskets Oldenburg,1634,SYNTAINICS MBC Weissenfels,450,87,72,local,2020-21,0
2021_0511_1634_214,2021-05-11T00:00:00+00:00,BG Goettingen,214,EWE Baskets Oldenburg,1634,77,98,visitante,2020-21,0
2021_0519_41_132,2021-05-19T00:00:00+00:00,Bamberg Baskets,132,MHP Riesen Ludwigsburg,41,69,83,visitante,2020-21,1
2021_0519_219_2315,2021-05-19T00:00:00+00:00,Merlins Crailsheim,2315,FC Bayern Muenchen Basketball,219,66,86,visitante,2020-21,1
2021_0520_10_19629,2021-05-20T00:00:00+00:00,Veolia Towers Hamburg,19629,ALBA Berlin,10,59,82,visitante,2020-21,1
2021_0520_1634_127,2021-05-20T00:00:00+00:00,Ratiopharm Ulm,127,EWE Baskets Oldenburg,1634,93,88,local,2020-21,1
2021_0521_41_132,2021-05-21T00:00:00+00:00,Bamberg Baskets,132,MHP Riesen Ludwigsburg,41,83,86,visitante,2020-21,1
2021_0521_219_2315,2021-05-21T00:00:00+00:00,Merlins Crailsheim,2315,FC Bayern Muenchen Basketball,219,79,83,visitante,2020-21,1
2021_0522_10_19629,2021-05-22T00:00:00+00:00,Veolia Towers Hamburg,19629,ALBA Berlin,10,83,95,visitante,2020-21,1
2021_0522_1634_127,2021-05-22T00:00:00+00:00,Ratiopharm Ulm,127,EWE Baskets Oldenburg,1634,75,77,visitante,2020-21,1
2021_0523_132_41,2021-05-23T00:00:00+00:00,MHP Riesen Ludwigsburg,41,Bamberg Baskets,132,60,96,visitante,2020-21,1
2021_0523_2315_219,2021-05-23T00:00:00+00:00,FC Bayern Muenchen Basketball,219,Merlins Crailsheim,2315,82,96,visitante,2020-21,1
2021_0524_19629_10,2021-05-24T00:00:00+00:00,ALBA Berlin,10,Veolia Towers Hamburg,19629,85,73,local,2020-21,1
2021_0524_127_1634,2021-05-24T00:00:00+00:00,EWE Baskets Oldenburg,1634,Ratiopharm Ulm,127,66,70,visitante,2020-21,1
2021_0525_132_41,2021-05-25T00:00:00+00:00,MHP Riesen Ludwigsburg,41,Bamberg Baskets,132,84,87,visitante,2020-21,1
2021_0525_2315_219,2021-05-25T00:00:00+00:00,FC Bayern Muenchen Basketball,219,Merlins Crailsheim,2315,86,72,local,2020-21,1
2021_0526_127_1634,2021-05-26T00:00:00+00:00,EWE Baskets Oldenburg,1634,Ratiopharm Ulm,127,88,96,visitante,2020-21,1
2021_0527_41_132,2021-05-27T00:00:00+00:00,Bamberg Baskets,132,MHP Riesen Ludwigsburg,41,73,95,visitante,2020-21,1
2021_0529_41_219,2021-05-29T00:00:00+00:00,FC Bayern Muenchen Basketball,219,MHP Riesen Ludwigsburg,41,98,101,visitante,2020-21,1
2021_0530_10_127,2021-05-30T00:00:00+00:00,Ratiopharm Ulm,127,ALBA Berlin,10,73,71,local,2020-21,1
2021_0531_41_219,2021-05-31T00:00:00+00:00,FC Bayern Muenchen Basketball,219,MHP Riesen Ludwigsburg,41,82,72,local,2020-21,1
2021_0601_10_127,2021-06-01T00:00:00+00:00,Ratiopharm Ulm,127,ALBA Berlin,10,78,92,visitante,2020-21,1
2021_0602_219_41,2021-06-02T00:00:00+00:00,MHP Riesen Ludwigsburg,41,FC Bayern Muenchen Basketball,219,78,81,visitante,2020-21,1
2021_0603_127_10,2021-06-03T00:00:00+00:00,ALBA Berlin,10,Ratiopharm Ulm,127,80,72,local,2020-21,1
2021_0604_219_41,2021-06-04T00:00:00+00:00,MHP Riesen Ludwigsburg,41,FC Bayern Muenchen Basketball,219,73,82,visitante,2020-21,1
2021_0605_127_10,2021-06-05T00:00:00+00:00,ALBA Berlin,10,Ratiopharm Ulm,127,77,75,local,2020-21,1
2021_0609_10_219,2021-06-09T00:00:00+00:00,FC Bayern Muenchen Basketball,219,ALBA Berlin,10,86,89,visitante,2020-21,1
2021_0610_10_219,2021-06-10T00:00:00+00:00,FC Bayern Muenchen Basketball,219,ALBA Berlin,10,76,66,local,2020-21,1
2021_0612_219_10,2021-06-12T00:00:00+00:00,ALBA Berlin,10,FC Bayern Muenchen Basketball,219,81,69,local,2020-21,1
2021_0613_219_10,2021-06-13T00:00:00+00:00,ALBA Berlin,10,FC Bayern Muenchen Basketball,219,86,79,local,2020-21,1
2021_0923_10_1510,2021-09-23T00:00:00+00:00,Telekom Baskets Bonn,1510,ALBA Berlin,10,88,86,local,2021-22,0
2021_0925_2315_2745,2021-09-25T00:00:00+00:00,FITOne Wuerzburg Baskets,2745,Merlins Crailsheim,2315,84,111,visitante,2021-22,0
2021_0925_450_215,2021-09-25T00:00:00+00:00,MLP Academics Heidelberg,215,SYNTAINICS MBC Weissenfels,450,85,74,local,2021-22,0
2021_0925_1791_1634,2021-09-25T00:00:00+00:00,EWE Baskets Oldenburg,1634,NINERS Chemnitz,1791,78,79,visitante,2021-22,0
2021_0925_41_19629,2021-09-25T00:00:00+00:00,Veolia Towers Hamburg,19629,MHP Riesen Ludwigsburg,41,87,88,visitante,2021-22,0
2021_0926_3361_40,2021-09-26T00:00:00+00:00,Basketball Loewen Braunschweig,40,Fraport Skyliners Frankfurt,3361,89,76,local,2021-22,0
2021_0926_133_134,2021-09-26T00:00:00+00:00,Medi Bayreuth,134,46ers Giessen,133,74,86,visitante,2021-22,0
2021_0926_214_132,2021-09-26T00:00:00+00:00,Bamberg Baskets,132,BG Goettingen,214,82,76,local,2021-22,0
2021_0926_219_127,2021-09-26T00:00:00+00:00,Ratiopharm Ulm,127,FC Bayern Muenchen Basketball,219,86,83,local,2021-22,0
2021_0928_132_133,2021-09-28T00:00:00+00:00,46ers Giessen,133,Bamberg Baskets,132,87,89,visitante,2021-22,0
2021_0928_10_3361,2021-09-28T00:00:00+00:00,Fraport Skyliners Frankfurt,3361,ALBA Berlin,10,63,101,visitante,2021-22,0
2021_0929_1634_2315,2021-09-29T00:00:00+00:00,Merlins Crailsheim,2315,EWE Baskets Oldenburg,1634,79,82,visitante,2021-22,0
2021_0929_1510_127,2021-09-29T00:00:00+00:00,Ratiopharm Ulm,127,Telekom Baskets Bonn,1510,73,76,visitante,2021-22,0
2021_0929_19629_1791,2021-09-29T00:00:00+00:00,NINERS Chemnitz,1791,Veolia Towers Hamburg,19629,90,82,local,2021-22,0
2021_0930_215_41,2021-09-30T00:00:00+00:00,MHP Riesen Ludwigsburg,41,MLP Academics Heidelberg,215,67,73,visitante,2021-22,0
2021_0930_40_450,2021-09-30T00:00:00+00:00,SYNTAINICS MBC Weissenfels,450,Basketball Loewen Braunschweig,40,106,101,local,2021-22,0
2021_1008_2745_1634,2021-10-08T00:00:00+00:00,EWE Baskets Oldenburg,1634,FITOne Wuerzburg Baskets,2745,88,90,visitante,2021-22,0
2021_1009_133_215,2021-10-09T00:00:00+00:00,MLP Academics Heidelberg,215,46ers Giessen,133,75,68,local,2021-22,0
2021_1009_214_1510,2021-10-09T00:00:00+00:00,Telekom Baskets Bonn,1510,BG Goettingen,214,81,90,visitante,2021-22,0
2021_1009_1791_134,2021-10-09T00:00:00+00:00,Medi Bayreuth,134,NINERS Chemnitz,1791,86,72,local,2021-22,0
2021_1009_127_132,2021-10-09T00:00:00+00:00,Bamberg Baskets,132,Ratiopharm Ulm,127,94,83,local,2021-22,0
2021_1010_219_40,2021-10-10T00:00:00+00:00,Basketball Loewen Braunschweig,40,FC Bayern Muenchen Basketball,219,80,96,visitante,2021-22,0
2021_1010_3361_19629,2021-10-10T00:00:00+00:00,Veolia Towers Hamburg,19629,Fraport Skyliners Frankfurt,3361,74,64,local,2021-22,0
2021_1010_450_2315,2021-10-10T00:00:00+00:00,Merlins Crailsheim,2315,SYNTAINICS MBC Weissenfels,450,111,116,visitante,2021-22,0
2021_1010_41_10,2021-10-10T00:00:00+00:00,ALBA Berlin,10,MHP Riesen Ludwigsburg,41,62,74,visitante,2021-22,0
2021_1015_1510_3361,2021-10-15T00:00:00+00:00,Fraport Skyliners Frankfurt,3361,Telekom Baskets Bonn,1510,76,86,visitante,2021-22,0
2021_1016_40_1791,2021-10-16T00:00:00+00:00,NINERS Chemnitz,1791,Basketball Loewen Braunschweig,40,93,84,local,2021-22,0
2021_1016_214_41,2021-10-16T00:00:00+00:00,MHP Riesen Ludwigsburg,41,BG Goettingen,214,69,78,visitante,2021-22,0
2021_1016_2315_127,2021-10-16T00:00:00+00:00,Ratiopharm Ulm,127,Merlins Crailsheim,2315,93,71,local,2021-22,0
2021_1016_450_2745,2021-10-16T00:00:00+00:00,FITOne Wuerzburg Baskets,2745,SYNTAINICS MBC Weissenfels,450,73,95,visitante,2021-22,0
2021_1017_132_215,2021-10-17T00:00:00+00:00,MLP Academics Heidelberg,215,Bamberg Baskets,132,68,72,visitante,2021-22,0
2021_1017_219_133,2021-10-17T00:00:00+00:00,46ers Giessen,133,FC Bayern Muenchen Basketball,219,64,71,visitante,2021-22,0
2021_1017_19629_134,2021-10-17T00:00:00+00:00,Medi Bayreuth,134,Veolia Towers Hamburg,19629,70,77,visitante,2021-22,0
2021_1017_1634_10,2021-10-17T00:00:00+00:00,ALBA Berlin,10,EWE Baskets Oldenburg,1634,92,74,local,2021-22,0
2021_1022_1634_19629,2021-10-22T00:00:00+00:00,Veolia Towers Hamburg,19629,EWE Baskets Oldenburg,1634,79,77,local,2021-22,0
2021_1023_134_2315,2021-10-23T00:00:00+00:00,Merlins Crailsheim,2315,Medi Bayreuth,134,86,74,local,2021-22,0
2021_1023_133_450,2021-10-23T00:00:00+00:00,SYNTAINICS MBC Weissenfels,450,46ers Giessen,133,81,100,visitante,2021-22,0
2021_1023_40_132,2021-10-23T00:00:00+00:00,Bamberg Baskets,132,Basketball Loewen Braunschweig,40,84,90,visitante,2021-22,0
2021_1023_215_2745,2021-10-23T00:00:00+00:00,FITOne Wuerzburg Baskets,2745,MLP Academics Heidelberg,215,71,76,visitante,2021-22,0
2021_1024_10_214,2021-10-24T00:00:00+00:00,BG Goettingen,214,ALBA Berlin,10,65,59,local,2021-22,0
2021_1024_3361_219,2021-10-24T00:00:00+00:00,FC Bayern Muenchen Basketball,219,Fraport Skyliners Frankfurt,3361,78,50,local,2021-22,0
2021_1024_41_1510,2021-10-24T00:00:00+00:00,Telekom Baskets Bonn,1510,MHP Riesen Ludwigsburg,41,86,91,visitante,2021-22,0
2021_1024_1791_127,2021-10-24T00:00:00+00:00,Ratiopharm Ulm,127,NINERS Chemnitz,1791,81,78,local,2021-22,0
2021_1029_19629_215,2021-10-29T00:00:00+00:00,MLP Academics Heidelberg,215,Veolia Towers Hamburg,19629,75,81,visitante,2021-22,0
2021_1030_450_41,2021-10-30T00:00:00+00:00,MHP Riesen Ludwigsburg,41,SYNTAINICS MBC Weissenfels,450,88,80,local,2021-22,0
2021_1030_127_3361,2021-10-30T00:00:00+00:00,Fraport Skyliners Frankfurt,3361,Ratiopharm Ulm,127,88,80,local,2021-22,0
2021_1030_1510_1791,2021-10-30T00:00:00+00:00,NINERS Chemnitz,1791,Telekom Baskets Bonn,1510,67,76,visitante,2021-22,0
2021_1030_2315_40,2021-10-30T00:00:00+00:00,Basketball Loewen Braunschweig,40,Merlins Crailsheim,2315,90,92,visitante,2021-22,0
2021_1031_134_219,2021-10-31T00:00:00+00:00,FC Bayern Muenchen Basketball,219,Medi Bayreuth,134,87,78,local,2021-22,0
2021_1031_214_1634,2021-10-31T00:00:00+00:00,EWE Baskets Oldenburg,1634,BG Goettingen,214,85,95,visitante,2021-22,0
2021_1031_2745_133,2021-10-31T00:00:00+00:00,46ers Giessen,133,FITOne Wuerzburg Baskets,2745,69,82,visitante,2021-22,0
2021_1031_132_10,2021-10-31T00:00:00+00:00,ALBA Berlin,10,Bamberg Baskets,132,101,89,local,2021-22,0
2021_1102_2745_219,2021-11-02T00:00:00+00:00,FC Bayern Muenchen Basketball,219,FITOne Wuerzburg Baskets,2745,70,90,visitante,2021-22,0
2021_1105_41_1791,2021-11-05T00:00:00+00:00,NINERS Chemnitz,1791,MHP Riesen Ludwigsburg,41,76,74,local,2021-22,0
2021_1106_133_2315,2021-11-06T00:00:00+00:00,Merlins Crailsheim,2315,46ers Giessen,133,104,70,local,2021-22,0
2021_1106_215_134,2021-11-06T00:00:00+00:00,Medi Bayreuth,134,MLP Academics Heidelberg,215,89,87,local,2021-22,0
2021_1106_40_127,2021-11-06T00:00:00+00:00,Ratiopharm Ulm,127,Basketball Loewen Braunschweig,40,90,76,local,2021-22,0
2021_1106_1510_2745,2021-11-06T00:00:00+00:00,FITOne Wuerzburg Baskets,2745,Telekom Baskets Bonn,1510,79,87,visitante,2021-22,0
2021_1107_10_450,2021-11-07T00:00:00+00:00,SYNTAINICS MBC Weissenfels,450,ALBA Berlin,10,72,92,visitante,2021-22,0
2021_1107_3361_132,2021-11-07T00:00:00+00:00,Bamberg Baskets,132,Fraport Skyliners Frankfurt,3361,77,72,local,2021-22,0
2021_1107_19629_214,2021-11-07T00:00:00+00:00,BG Goettingen,214,Veolia Towers Hamburg,19629,46,83,visitante,2021-22,0
2021_1107_219_1634,2021-11-07T00:00:00+00:00,EWE Baskets Oldenburg,1634,FC Bayern Muenchen Basketball,219,80,93,visitante,2021-22,0
2021_1112_1634_132,2021-11-12T00:00:00+00:00,Bamberg Baskets,132,EWE Baskets Oldenburg,1634,71,87,visitante,2021-22,0
2021_1119_132_1510,2021-11-19T00:00:00+00:00,Telekom Baskets Bonn,1510,Bamberg Baskets,132,100,80,local,2021-22,0
2021_1120_40_41,2021-11-20T00:00:00+00:00,MHP Riesen Ludwigsburg,41,Basketball Loewen Braunschweig,40,91,80,local,2021-22,0
2021_1120_134_450,2021-11-20T00:00:00+00:00,SYNTAINICS MBC Weissenfels,450,Medi Bayreuth,134,68,100,visitante,2021-22,0
2021_1120_2315_19629,2021-11-20T00:00:00+00:00,Veolia Towers Hamburg,19629,Merlins Crailsheim,2315,73,90,visitante,2021-22,0
2021_1120_1634_133,2021-11-20T00:00:00+00:00,46ers Giessen,133,EWE Baskets Oldenburg,1634,75,72,local,2021-22,0
2021_1121_1791_215,2021-11-21T00:00:00+00:00,MLP Academics Heidelberg,215,NINERS Chemnitz,1791,64,67,visitante,2021-22,0
2021_1121_214_219,2021-11-21T00:00:00+00:00,FC Bayern Muenchen Basketball,219,BG Goettingen,214,80,66,local,2021-22,0
2021_1121_2745_3361,2021-11-21T00:00:00+00:00,Fraport Skyliners Frankfurt,3361,FITOne Wuerzburg Baskets,2745,83,78,local,2021-22,0
2021_1121_127_10,2021-11-21T00:00:00+00:00,ALBA Berlin,10,Ratiopharm Ulm,127,71,66,local,2021-22,0
2021_1203_133_127,2021-12-03T00:00:00+00:00,Ratiopharm Ulm,127,46ers Giessen,133,87,76,local,2021-22,0
2021_1204_132_134,2021-12-04T00:00:00+00:00,Medi Bayreuth,134,Bamberg Baskets,132,87,84,local,2021-22,0
2021_1204_215_214,2021-12-04T00:00:00+00:00,BG Goettingen,214,MLP Academics Heidelberg,215,96,80,local,2021-22,0
2021_1204_1510_1634,2021-12-04T00:00:00+00:00,EWE Baskets Oldenburg,1634,Telekom Baskets Bonn,1510,76,78,visitante,2021-22,0
2021_1204_450_219,2021-12-04T00:00:00+00:00,FC Bayern Muenchen Basketball,219,SYNTAINICS MBC Weissenfels,450,82,68,local,2021-22,0
2021_1205_3361_2315,2021-12-05T00:00:00+00:00,Merlins Crailsheim,2315,Fraport Skyliners Frankfurt,3361,73,80,visitante,2021-22,0
2021_1205_19629_40,2021-12-05T00:00:00+00:00,Basketball Loewen Braunschweig,40,Veolia Towers Hamburg,19629,92,103,visitante,2021-22,0
2021_1205_41_2745,2021-12-05T00:00:00+00:00,FITOne Wuerzburg Baskets,2745,MHP Riesen Ludwigsburg,41,68,83,visitante,2021-22,0
2021_1205_10_1791,2021-12-05T00:00:00+00:00,NINERS Chemnitz,1791,ALBA Berlin,10,62,83,visitante,2021-22,0
2021_1206_219_215,2021-12-06T00:00:00+00:00,MLP Academics Heidelberg,215,FC Bayern Muenchen Basketball,219,71,77,visitante,2021-22,0
2021_1210_1510_215,2021-12-10T00:00:00+00:00,MLP Academics Heidelberg,215,Telekom Baskets Bonn,1510,70,87,visitante,2021-22,0
2021_1211_134_3361,2021-12-11T00:00:00+00:00,Fraport Skyliners Frankfurt,3361,Medi Bayreuth,134,72,85,visitante,2021-22,0
2021_1211_1791_133,2021-12-11T00:00:00+00:00,46ers Giessen,133,NINERS Chemnitz,1791,75,82,visitante,2021-22,0
2021_1211_2315_41,2021-12-11T00:00:00+00:00,MHP Riesen Ludwigsburg,41,Merlins Crailsheim,2315,61,72,visitante,2021-22,0
2021_1211_214_450,2021-12-11T00:00:00+00:00,SYNTAINICS MBC Weissenfels,450,BG Goettingen,214,90,91,visitante,2021-22,0
2021_1212_2745_40,2021-12-12T00:00:00+00:00,Basketball Loewen Braunschweig,40,FITOne Wuerzburg Baskets,2745,87,86,local,2021-22,0
2021_1212_127_19629,2021-12-12T00:00:00+00:00,Veolia Towers Hamburg,19629,Ratiopharm Ulm,127,74,78,visitante,2021-22,0
2021_1212_10_219,2021-12-12T00:00:00+00:00,FC Bayern Muenchen Basketball,219,ALBA Berlin,10,80,73,local,2021-22,0
2021_1215_41_3361,2021-12-15T00:00:00+00:00,Fraport Skyliners Frankfurt,3361,MHP Riesen Ludwigsburg,41,67,95,visitante,2021-22,0
2021_1217_40_134,2021-12-17T00:00:00+00:00,Medi Bayreuth,134,Basketball Loewen Braunschweig,40,62,99,visitante,2021-22,0
2021_1218_2745_19629,2021-12-18T00:00:00+00:00,Veolia Towers Hamburg,19629,FITOne Wuerzburg Baskets,2745,100,88,local,2021-22,0
2021_1218_133_1510,2021-12-18T00:00:00+00:00,Telekom Baskets Bonn,1510,46ers Giessen,133,103,95,local,2021-22,0
2021_1218_214_2315,2021-12-18T00:00:00+00:00,Merlins Crailsheim,2315,BG Goettingen,214,76,83,visitante,2021-22,0
2021_1218_1791_132,2021-12-18T00:00:00+00:00,Bamberg Baskets,132,NINERS Chemnitz,1791,94,106,visitante,2021-22,0
2021_1218_1634_127,2021-12-18T00:00:00+00:00,Ratiopharm Ulm,127,EWE Baskets Oldenburg,1634,96,89,local,2021-22,0
2021_1219_3361_450,2021-12-19T00:00:00+00:00,SYNTAINICS MBC Weissenfels,450,Fraport Skyliners Frankfurt,3361,89,68,local,2021-22,0
2021_1219_215_10,2021-12-19T00:00:00+00:00,ALBA Berlin,10,MLP Academics Heidelberg,215,83,81,local,2021-22,0
2021_1219_219_41,2021-12-19T00:00:00+00:00,MHP Riesen Ludwigsburg,41,FC Bayern Muenchen Basketball,219,78,79,visitante,2021-22,0
2021_1222_134_1510,2021-12-22T00:00:00+00:00,Telekom Baskets Bonn,1510,Medi Bayreuth,134,96,71,local,2021-22,0
2021_1223_2315_132,2021-12-23T00:00:00+00:00,Bamberg Baskets,132,Merlins Crailsheim,2315,79,93,visitante,2021-22,0
2021_1223_40_133,2021-12-23T00:00:00+00:00,46ers Giessen,133,Basketball Loewen Braunschweig,40,69,71,visitante,2021-22,0
2021_1226_19629_133,2021-12-26T00:00:00+00:00,46ers Giessen,133,Veolia Towers Hamburg,19629,82,104,visitante,2021-22,0
2021_1226_1510_450,2021-12-26T00:00:00+00:00,SYNTAINICS MBC Weissenfels,450,Telekom Baskets Bonn,1510,90,115,visitante,2021-22,0
2021_1226_2315_219,2021-12-26T00:00:00+00:00,FC Bayern Muenchen Basketball,219,Merlins Crailsheim,2315,68,77,visitante,2021-22,0
2021_1227_134_10,2021-12-27T00:00:00+00:00,ALBA Berlin,10,Medi Bayreuth,134,109,79,local,2021-22,0
2021_1227_3361_1791,2021-12-27T00:00:00+00:00,NINERS Chemnitz,1791,Fraport Skyliners Frankfurt,3361,82,78,local,2021-22,0
2021_1227_215_127,2021-12-27T00:00:00+00:00,Ratiopharm Ulm,127,MLP Academics Heidelberg,215,84,79,local,2021-22,0
2021_1227_132_41,2021-12-27T00:00:00+00:00,MHP Riesen Ludwigsburg,41,Bamberg Baskets,132,88,81,local,2021-22,0
2021_1227_2745_214,2021-12-27T00:00:00+00:00,BG Goettingen,214,FITOne Wuerzburg Baskets,2745,86,79,local,2021-22,0
2021_1229_450_132,2021-12-29T00:00:00+00:00,Bamberg Baskets,132,SYNTAINICS MBC Weissenfels,450,98,86,local,2021-22,0
2021_1229_1510_40,2021-12-29T00:00:00+00:00,Basketball Loewen Braunschweig,40,Telekom Baskets Bonn,1510,83,89,visitante,2021-22,0
2021_1229_41_133,2021-12-29T00:00:00+00:00,46ers Giessen,133,MHP Riesen Ludwigsburg,41,87,96,visitante,2021-22,0
2021_1230_3361_215,2021-12-30T00:00:00+00:00,MLP Academics Heidelberg,215,Fraport Skyliners Frankfurt,3361,82,87,visitante,2021-22,0
2021_1230_127_214,2021-12-30T00:00:00+00:00,BG Goettingen,214,Ratiopharm Ulm,127,88,86,local,2021-22,0
2021_1230_1791_2315,2021-12-30T00:00:00+00:00,Merlins Crailsheim,2315,NINERS Chemnitz,1791,92,82,local,2021-22,0
2021_1231_10_2745,2021-12-31T00:00:00+00:00,FITOne Wuerzburg Baskets,2745,ALBA Berlin,10,61,96,visitante,2021-22,0
2022_0102_1791_450,2022-01-02T00:00:00+00:00,SYNTAINICS MBC Weissenfels,450,NINERS Chemnitz,1791,74,91,visitante,2021-22,0
2022_0102_2315_1510,2022-01-02T00:00:00+00:00,Telekom Baskets Bonn,1510,Merlins Crailsheim,2315,76,81,visitante,2021-22,0
2022_0102_133_3361,2022-01-02T00:00:00+00:00,Fraport Skyliners Frankfurt,3361,46ers Giessen,133,90,79,local,2021-22,0
2022_0102_214_40,2022-01-02T00:00:00+00:00,Basketball Loewen Braunschweig,40,BG Goettingen,214,93,85,local,2021-22,0
2022_0102_19629_10,2022-01-02T00:00:00+00:00,ALBA Berlin,10,Veolia Towers Hamburg,19629,88,80,local,2021-22,0
2022_0102_2745_134,2022-01-02T00:00:00+00:00,Medi Bayreuth,134,FITOne Wuerzburg Baskets,2745,88,80,local,2021-22,0
2022_0102_127_41,2022-01-02T00:00:00+00:00,MHP Riesen Ludwigsburg,41,Ratiopharm Ulm,127,66,78,visitante,2021-22,0
2022_0105_134_214,2022-01-05T00:00:00+00:00,BG Goettingen,214,Medi Bayreuth,134,72,75,visitante,2021-22,0
2022_0105_19629_132,2022-01-05T00:00:00+00:00,Bamberg Baskets,132,Veolia Towers Hamburg,19629,87,75,local,2021-22,0
2022_0107_215_2315,2022-01-07T00:00:00+00:00,Merlins Crailsheim,2315,MLP Academics Heidelberg,215,90,100,visitante,2021-22,0
2022_0108_133_214,2022-01-08T00:00:00+00:00,BG Goettingen,214,46ers Giessen,133,87,76,local,2021-22,0
2022_0108_41_134,2022-01-08T00:00:00+00:00,Medi Bayreuth,134,MHP Riesen Ludwigsburg,41,67,87,visitante,2021-22,0
2022_0108_450_127,2022-01-08T00:00:00+00:00,Ratiopharm Ulm,127,SYNTAINICS MBC Weissenfels,450,89,75,local,2021-22,0
2022_0109_219_1791,2022-01-09T00:00:00+00:00,NINERS Chemnitz,1791,FC Bayern Muenchen Basketball,219,65,63,local,2021-22,0
2022_0109_1510_19629,2022-01-09T00:00:00+00:00,Veolia Towers Hamburg,19629,Telekom Baskets Bonn,1510,92,80,local,2021-22,0
2022_0112_1791_214,2022-01-12T00:00:00+00:00,BG Goettingen,214,NINERS Chemnitz,1791,86,87,visitante,2021-22,0
2022_0114_19629_450,2022-01-14T00:00:00+00:00,SYNTAINICS MBC Weissenfels,450,Veolia Towers Hamburg,19629,76,84,visitante,2021-22,0
2022_0115_40_215,2022-01-15T00:00:00+00:00,MLP Academics Heidelberg,215,Basketball Loewen Braunschweig,40,93,82,local,2021-22,0
2022_0115_1634_41,2022-01-15T00:00:00+00:00,MHP Riesen Ludwigsburg,41,EWE Baskets Oldenburg,1634,79,57,local,2021-22,0
2022_0116_219_1510,2022-01-16T00:00:00+00:00,Telekom Baskets Bonn,1510,FC Bayern Muenchen Basketball,219,81,100,visitante,2021-22,0
2022_0116_127_134,2022-01-16T00:00:00+00:00,Medi Bayreuth,134,Ratiopharm Ulm,127,81,92,visitante,2021-22,0
2022_0118_450_1634,2022-01-18T00:00:00+00:00,EWE Baskets Oldenburg,1634,SYNTAINICS MBC Weissenfels,450,82,87,visitante,2021-22,0
2022_0121_134_40,2022-01-21T00:00:00+00:00,Basketball Loewen Braunschweig,40,Medi Bayreuth,134,92,94,visitante,2021-22,0
2022_0122_10_41,2022-01-22T00:00:00+00:00,MHP Riesen Ludwigsburg,41,ALBA Berlin,10,76,75,local,2021-22,0
2022_0122_2315_1634,2022-01-22T00:00:00+00:00,EWE Baskets Oldenburg,1634,Merlins Crailsheim,2315,86,97,visitante,2021-22,0
2022_0122_133_19629,2022-01-22T00:00:00+00:00,Veolia Towers Hamburg,19629,46ers Giessen,133,73,100,visitante,2021-22,0
2022_0122_127_1791,2022-01-22T00:00:00+00:00,NINERS Chemnitz,1791,Ratiopharm Ulm,127,68,77,visitante,2021-22,0
2022_0123_1510_132,2022-01-23T00:00:00+00:00,Bamberg Baskets,132,Telekom Baskets Bonn,1510,81,95,visitante,2021-22,0
2022_0123_215_219,2022-01-23T00:00:00+00:00,FC Bayern Muenchen Basketball,219,MLP Academics Heidelberg,215,92,70,local,2021-22,0
2022_0123_450_214,2022-01-23T00:00:00+00:00,BG Goettingen,214,SYNTAINICS MBC Weissenfels,450,83,93,visitante,2021-22,0
2022_0125_40_1634,2022-01-25T00:00:00+00:00,EWE Baskets Oldenburg,1634,Basketball Loewen Braunschweig,40,78,94,visitante,2021-22,0
2022_0126_132_2745,2022-01-26T00:00:00+00:00,FITOne Wuerzburg Baskets,2745,Bamberg Baskets,132,78,97,visitante,2021-22,0
2022_0128_1791_3361,2022-01-28T00:00:00+00:00,Fraport Skyliners Frankfurt,3361,NINERS Chemnitz,1791,86,87,visitante,2021-22,0
2022_0129_19629_127,2022-01-29T00:00:00+00:00,Ratiopharm Ulm,127,Veolia Towers Hamburg,19629,91,90,local,2021-22,0
2022_0130_219_134,2022-01-30T00:00:00+00:00,Medi Bayreuth,134,FC Bayern Muenchen Basketball,219,60,83,visitante,2021-22,0
2022_0130_1634_1510,2022-01-30T00:00:00+00:00,Telekom Baskets Bonn,1510,EWE Baskets Oldenburg,1634,89,65,local,2021-22,0
2022_0130_2745_10,2022-01-30T00:00:00+00:00,ALBA Berlin,10,FITOne Wuerzburg Baskets,2745,82,70,local,2021-22,0
2022_0202_1634_215,2022-02-02T00:00:00+00:00,MLP Academics Heidelberg,215,EWE Baskets Oldenburg,1634,73,109,visitante,2021-22,0
2022_0203_40_2745,2022-02-03T00:00:00+00:00,FITOne Wuerzburg Baskets,2745,Basketball Loewen Braunschweig,40,75,80,visitante,2021-22,0
2022_0205_134_19629,2022-02-05T00:00:00+00:00,Veolia Towers Hamburg,19629,Medi Bayreuth,134,71,90,visitante,2021-22,0
2022_0205_215_1791,2022-02-05T00:00:00+00:00,NINERS Chemnitz,1791,MLP Academics Heidelberg,215,81,66,local,2021-22,0
2022_0206_40_219,2022-02-06T00:00:00+00:00,FC Bayern Muenchen Basketball,219,Basketball Loewen Braunschweig,40,91,82,local,2021-22,0
2022_0206_1510_10,2022-02-06T00:00:00+00:00,ALBA Berlin,10,Telekom Baskets Bonn,1510,89,77,local,2021-22,0
2022_0206_3361_41,2022-02-06T00:00:00+00:00,MHP Riesen Ludwigsburg,41,Fraport Skyliners Frankfurt,3361,80,71,local,2021-22,0
2022_0206_2745_132,2022-02-06T00:00:00+00:00,Bamberg Baskets,132,FITOne Wuerzburg Baskets,2745,89,90,visitante,2021-22,0
2022_0207_127_1634,2022-02-07T00:00:00+00:00,EWE Baskets Oldenburg,1634,Ratiopharm Ulm,127,78,86,visitante,2021-22,0
2022_0209_3361_1634,2022-02-09T00:00:00+00:00,EWE Baskets Oldenburg,1634,Fraport Skyliners Frankfurt,3361,110,103,local,2021-22,0
2022_0211_19629_2745,2022-02-11T00:00:00+00:00,FITOne Wuerzburg Baskets,2745,Veolia Towers Hamburg,19629,103,113,visitante,2021-22,0
2022_0212_134_215,2022-02-12T00:00:00+00:00,MLP Academics Heidelberg,215,Medi Bayreuth,134,79,85,visitante,2021-22,0
2022_0212_133_132,2022-02-12T00:00:00+00:00,Bamberg Baskets,132,46ers Giessen,133,92,89,local,2021-22,0
2022_0212_214_127,2022-02-12T00:00:00+00:00,Ratiopharm Ulm,127,BG Goettingen,214,87,91,visitante,2021-22,0
2022_0212_1791_41,2022-02-12T00:00:00+00:00,MHP Riesen Ludwigsburg,41,NINERS Chemnitz,1791,56,74,visitante,2021-22,0
2022_0213_219_3361,2022-02-13T00:00:00+00:00,Fraport Skyliners Frankfurt,3361,FC Bayern Muenchen Basketball,219,53,72,visitante,2021-22,0
2022_0213_10_2315,2022-02-13T00:00:00+00:00,Merlins Crailsheim,2315,ALBA Berlin,10,74,106,visitante,2021-22,0
2022_0213_40_1510,2022-02-13T00:00:00+00:00,Telekom Baskets Bonn,1510,Basketball Loewen Braunschweig,40,95,77,local,2021-22,0
2022_0213_1634_450,2022-02-13T00:00:00+00:00,SYNTAINICS MBC Weissenfels,450,EWE Baskets Oldenburg,1634,93,110,visitante,2021-22,0
2022_0215_1791_219,2022-02-15T00:00:00+00:00,FC Bayern Muenchen Basketball,219,NINERS Chemnitz,1791,58,77,visitante,2021-22,0
2022_0215_127_40,2022-02-15T00:00:00+00:00,Basketball Loewen Braunschweig,40,Ratiopharm Ulm,127,78,59,local,2021-22,0
2022_0215_2315_133,2022-02-15T00:00:00+00:00,46ers Giessen,133,Merlins Crailsheim,2315,81,87,visitante,2021-22,0
2022_0215_3361_10,2022-02-15T00:00:00+00:00,ALBA Berlin,10,Fraport Skyliners Frankfurt,3361,72,56,local,2021-22,0
2022_0216_215_450,2022-02-16T00:00:00+00:00,SYNTAINICS MBC Weissenfels,450,MLP Academics Heidelberg,215,70,94,visitante,2021-22,0
2022_0216_41_214,2022-02-16T00:00:00+00:00,BG Goettingen,214,MHP Riesen Ludwigsburg,41,79,86,visitante,2021-22,0
2022_0216_1634_134,2022-02-16T00:00:00+00:00,Medi Bayreuth,134,EWE Baskets Oldenburg,1634,111,95,local,2021-22,0
2022_0216_2745_1510,2022-02-16T00:00:00+00:00,Telekom Baskets Bonn,1510,FITOne Wuerzburg Baskets,2745,90,93,visitante,2021-22,0
2022_0218_127_2745,2022-02-18T00:00:00+00:00,FITOne Wuerzburg Baskets,2745,Ratiopharm Ulm,127,86,92,visitante,2021-22,0
2022_0302_219_19629,2022-03-02T00:00:00+00:00,Veolia Towers Hamburg,19629,FC Bayern Muenchen Basketball,219,75,86,visitante,2021-22,0
2022_0304_2745_127,2022-03-04T00:00:00+00:00,Ratiopharm Ulm,127,FITOne Wuerzburg Baskets,2745,88,76,local,2021-22,0
2022_0305_1510_2315,2022-03-05T00:00:00+00:00,Merlins Crailsheim,2315,Telekom Baskets Bonn,1510,96,101,visitante,2021-22,0
2022_0305_19629_1634,2022-03-05T00:00:00+00:00,EWE Baskets Oldenburg,1634,Veolia Towers Hamburg,19629,85,101,visitante,2021-22,0
2022_0305_450_134,2022-03-05T00:00:00+00:00,Medi Bayreuth,134,SYNTAINICS MBC Weissenfels,450,81,105,visitante,2021-22,0
2022_0306_219_132,2022-03-06T00:00:00+00:00,Bamberg Baskets,132,FC Bayern Muenchen Basketball,219,62,83,visitante,2021-22,0
2022_0306_133_41,2022-03-06T00:00:00+00:00,MHP Riesen Ludwigsburg,41,46ers Giessen,133,76,59,local,2021-22,0
2022_0306_214_1791,2022-03-06T00:00:00+00:00,NINERS Chemnitz,1791,BG Goettingen,214,69,90,visitante,2021-22,0
2022_0308_132_1634,2022-03-08T00:00:00+00:00,EWE Baskets Oldenburg,1634,Bamberg Baskets,132,106,83,local,2021-22,0
2022_0308_1510_219,2022-03-08T00:00:00+00:00,FC Bayern Muenchen Basketball,219,Telekom Baskets Bonn,1510,61,96,visitante,2021-22,0
2022_0309_134_133,2022-03-09T00:00:00+00:00,46ers Giessen,133,Medi Bayreuth,134,95,89,local,2021-22,0
2022_0309_3361_214,2022-03-09T00:00:00+00:00,BG Goettingen,214,Fraport Skyliners Frankfurt,3361,73,65,local,2021-22,0
2022_0312_19629_1510,2022-03-12T00:00:00+00:00,Telekom Baskets Bonn,1510,Veolia Towers Hamburg,19629,85,73,local,2021-22,0
2022_0312_214_134,2022-03-12T00:00:00+00:00,Medi Bayreuth,134,BG Goettingen,214,91,92,visitante,2021-22,0
2022_0312_215_40,2022-03-12T00:00:00+00:00,Basketball Loewen Braunschweig,40,MLP Academics Heidelberg,215,78,81,visitante,2021-22,0
2022_0312_41_132,2022-03-12T00:00:00+00:00,Bamberg Baskets,132,MHP Riesen Ludwigsburg,41,76,95,visitante,2021-22,0
2022_0312_2745_2315,2022-03-12T00:00:00+00:00,Merlins Crailsheim,2315,FITOne Wuerzburg Baskets,2745,74,91,visitante,2021-22,0
2022_0313_133_10,2022-03-13T00:00:00+00:00,ALBA Berlin,10,46ers Giessen,133,84,58,local,2021-22,0
2022_0313_1634_1791,2022-03-13T00:00:00+00:00,NINERS Chemnitz,1791,EWE Baskets Oldenburg,1634,87,92,visitante,2021-22,0
2022_0313_450_3361,2022-03-13T00:00:00+00:00,Fraport Skyliners Frankfurt,3361,SYNTAINICS MBC Weissenfels,450,75,81,visitante,2021-22,0
2022_0316_3361_2745,2022-03-16T00:00:00+00:00,FITOne Wuerzburg Baskets,2745,Fraport Skyliners Frankfurt,3361,69,61,local,2021-22,0
2022_0316_10_40,2022-03-16T00:00:00+00:00,Basketball Loewen Braunschweig,40,ALBA Berlin,10,80,95,visitante,2021-22,0
2022_0317_450_133,2022-03-17T00:00:00+00:00,46ers Giessen,133,SYNTAINICS MBC Weissenfels,450,89,91,visitante,2021-22,0
2022_0318_1510_134,2022-03-18T00:00:00+00:00,Medi Bayreuth,134,Telekom Baskets Bonn,1510,65,86,visitante,2021-22,0
2022_0319_1634_214,2022-03-19T00:00:00+00:00,BG Goettingen,214,EWE Baskets Oldenburg,1634,85,86,visitante,2021-22,0
2022_0319_2745_215,2022-03-19T00:00:00+00:00,MLP Academics Heidelberg,215,FITOne Wuerzburg Baskets,2745,77,97,visitante,2021-22,0
2022_0319_19629_41,2022-03-19T00:00:00+00:00,MHP Riesen Ludwigsburg,41,Veolia Towers Hamburg,19629,79,75,local,2021-22,0
2022_0320_132_450,2022-03-20T00:00:00+00:00,SYNTAINICS MBC Weissenfels,450,Bamberg Baskets,132,78,87,visitante,2021-22,0
2022_0320_40_3361,2022-03-20T00:00:00+00:00,Fraport Skyliners Frankfurt,3361,Basketball Loewen Braunschweig,40,72,67,local,2021-22,0
2022_0323_214_215,2022-03-23T00:00:00+00:00,MLP Academics Heidelberg,215,BG Goettingen,214,82,70,local,2021-22,0
2022_0323_134_1634,2022-03-23T00:00:00+00:00,EWE Baskets Oldenburg,1634,Medi Bayreuth,134,74,71,local,2021-22,0
2022_0324_1791_19629,2022-03-24T00:00:00+00:00,Veolia Towers Hamburg,19629,NINERS Chemnitz,1791,89,85,local,2021-22,0
2022_0325_3361_127,2022-03-25T00:00:00+00:00,Ratiopharm Ulm,127,Fraport Skyliners Frankfurt,3361,61,58,local,2021-22,0
2022_0326_134_132,2022-03-26T00:00:00+00:00,Bamberg Baskets,132,Medi Bayreuth,134,84,71,local,2021-22,0
2022_0326_133_1634,2022-03-26T00:00:00+00:00,EWE Baskets Oldenburg,1634,46ers Giessen,133,75,88,visitante,2021-22,0
2022_0326_215_19629,2022-03-26T00:00:00+00:00,Veolia Towers Hamburg,19629,MLP Academics Heidelberg,215,100,76,local,2021-22,0
2022_0326_450_1510,2022-03-26T00:00:00+00:00,Telekom Baskets Bonn,1510,SYNTAINICS MBC Weissenfels,450,90,85,local,2021-22,0
2022_0327_219_2315,2022-03-27T00:00:00+00:00,Merlins Crailsheim,2315,FC Bayern Muenchen Basketball,219,64,93,visitante,2021-22,0
2022_0327_1791_10,2022-03-27T00:00:00+00:00,ALBA Berlin,10,NINERS Chemnitz,1791,64,81,visitante,2021-22,0
2022_0327_214_2745,2022-03-27T00:00:00+00:00,FITOne Wuerzburg Baskets,2745,BG Goettingen,214,89,76,local,2021-22,0
2022_0327_41_40,2022-03-27T00:00:00+00:00,Basketball Loewen Braunschweig,40,MHP Riesen Ludwigsburg,41,72,90,visitante,2021-22,0
2022_0329_215_3361,2022-03-29T00:00:00+00:00,Fraport Skyliners Frankfurt,3361,MLP Academics Heidelberg,215,65,71,visitante,2021-22,0
2022_0329_132_2315,2022-03-29T00:00:00+00:00,Merlins Crailsheim,2315,Bamberg Baskets,132,81,91,visitante,2021-22,0
2022_0330_41_450,2022-03-30T00:00:00+00:00,SYNTAINICS MBC Weissenfels,450,MHP Riesen Ludwigsburg,41,75,77,visitante,2021-22,0
2022_0401_19629_2315,2022-04-01T00:00:00+00:00,Merlins Crailsheim,2315,Veolia Towers Hamburg,19629,63,113,visitante,2021-22,0
2022_0402_1510_41,2022-04-02T00:00:00+00:00,MHP Riesen Ludwigsburg,41,Telekom Baskets Bonn,1510,88,97,visitante,2021-22,0
2022_0402_215_133,2022-04-02T00:00:00+00:00,46ers Giessen,133,MLP Academics Heidelberg,215,81,95,visitante,2021-22,0
2022_0402_127_450,2022-04-02T00:00:00+00:00,SYNTAINICS MBC Weissenfels,450,Ratiopharm Ulm,127,82,83,visitante,2021-22,0
2022_0402_1634_219,2022-04-02T00:00:00+00:00,FC Bayern Muenchen Basketball,219,EWE Baskets Oldenburg,1634,75,106,visitante,2021-22,0
2022_0403_132_3361,2022-04-03T00:00:00+00:00,Fraport Skyliners Frankfurt,3361,Bamberg Baskets,132,72,75,visitante,2021-22,0
2022_0403_40_214,2022-04-03T00:00:00+00:00,BG Goettingen,214,Basketball Loewen Braunschweig,40,64,101,visitante,2021-22,0
2022_0403_2745_1791,2022-04-03T00:00:00+00:00,NINERS Chemnitz,1791,FITOne Wuerzburg Baskets,2745,71,81,visitante,2021-22,0
2022_0404_10_134,2022-04-04T00:00:00+00:00,Medi Bayreuth,134,ALBA Berlin,10,53,87,visitante,2021-22,0
2022_0406_2315_450,2022-04-06T00:00:00+00:00,SYNTAINICS MBC Weissenfels,450,Merlins Crailsheim,2315,93,90,local,2021-22,0
2022_0406_214_3361,2022-04-06T00:00:00+00:00,Fraport Skyliners Frankfurt,3361,BG Goettingen,214,72,76,visitante,2021-22,0
2022_0408_132_1791,2022-04-08T00:00:00+00:00,NINERS Chemnitz,1791,Bamberg Baskets,132,89,79,local,2021-22,0
2022_0409_134_2745,2022-04-09T00:00:00+00:00,FITOne Wuerzburg Baskets,2745,Medi Bayreuth,134,83,77,local,2021-22,0
2022_0409_2315_215,2022-04-09T00:00:00+00:00,MLP Academics Heidelberg,215,Merlins Crailsheim,2315,72,87,visitante,2021-22,0
2022_0409_41_127,2022-04-09T00:00:00+00:00,Ratiopharm Ulm,127,MHP Riesen Ludwigsburg,41,61,74,visitante,2021-22,0
2022_0409_1634_40,2022-04-09T00:00:00+00:00,Basketball Loewen Braunschweig,40,EWE Baskets Oldenburg,1634,76,90,visitante,2021-22,0
2022_0410_3361_1510,2022-04-10T00:00:00+00:00,Telekom Baskets Bonn,1510,Fraport Skyliners Frankfurt,3361,112,96,local,2021-22,0
2022_0410_133_219,2022-04-10T00:00:00+00:00,FC Bayern Muenchen Basketball,219,46ers Giessen,133,95,85,local,2021-22,0
2022_0410_214_19629,2022-04-10T00:00:00+00:00,Veolia Towers Hamburg,19629,BG Goettingen,214,80,83,visitante,2021-22,0
2022_0410_450_10,2022-04-10T00:00:00+00:00,ALBA Berlin,10,SYNTAINICS MBC Weissenfels,450,95,66,local,2021-22,0
2022_0412_10_1634,2022-04-12T00:00:00+00:00,EWE Baskets Oldenburg,1634,ALBA Berlin,10,86,92,visitante,2021-22,0
2022_0412_40_2315,2022-04-12T00:00:00+00:00,Merlins Crailsheim,2315,Basketball Loewen Braunschweig,40,87,84,local,2021-22,0
2022_0412_127_215,2022-04-12T00:00:00+00:00,MLP Academics Heidelberg,215,Ratiopharm Ulm,127,74,90,visitante,2021-22,0
2022_0413_132_214,2022-04-13T00:00:00+00:00,BG Goettingen,214,Bamberg Baskets,132,87,88,visitante,2021-22,0
2022_0413_219_450,2022-04-13T00:00:00+00:00,SYNTAINICS MBC Weissenfels,450,FC Bayern Muenchen Basketball,219,78,86,visitante,2021-22,0
2022_0413_134_1791,2022-04-13T00:00:00+00:00,NINERS Chemnitz,1791,Medi Bayreuth,134,83,69,local,2021-22,0
2022_0413_1510_133,2022-04-13T00:00:00+00:00,46ers Giessen,133,Telekom Baskets Bonn,1510,72,78,visitante,2021-22,0
2022_0413_19629_3361,2022-04-13T00:00:00+00:00,Fraport Skyliners Frankfurt,3361,Veolia Towers Hamburg,19629,58,68,visitante,2021-22,0
2022_0415_10_127,2022-04-15T00:00:00+00:00,Ratiopharm Ulm,127,ALBA Berlin,10,73,78,visitante,2021-22,0
2022_0416_40_19629,2022-04-16T00:00:00+00:00,Veolia Towers Hamburg,19629,Basketball Loewen Braunschweig,40,92,79,local,2021-22,0
2022_0416_2315_134,2022-04-16T00:00:00+00:00,Medi Bayreuth,134,Merlins Crailsheim,2315,85,90,visitante,2021-22,0
2022_0416_133_2745,2022-04-16T00:00:00+00:00,FITOne Wuerzburg Baskets,2745,46ers Giessen,133,110,97,local,2021-22,0
2022_0416_41_219,2022-04-16T00:00:00+00:00,FC Bayern Muenchen Basketball,219,MHP Riesen Ludwigsburg,41,77,58,local,2021-22,0
2022_0417_132_127,2022-04-17T00:00:00+00:00,Ratiopharm Ulm,127,Bamberg Baskets,132,114,115,visitante,2021-22,0
2022_0417_214_10,2022-04-17T00:00:00+00:00,ALBA Berlin,10,BG Goettingen,214,92,86,local,2021-22,0
2022_0417_450_1791,2022-04-17T00:00:00+00:00,NINERS Chemnitz,1791,SYNTAINICS MBC Weissenfels,450,96,89,local,2021-22,0
2022_0418_215_1510,2022-04-18T00:00:00+00:00,Telekom Baskets Bonn,1510,MLP Academics Heidelberg,215,82,71,local,2021-22,0
2022_0418_1634_3361,2022-04-18T00:00:00+00:00,Fraport Skyliners Frankfurt,3361,EWE Baskets Oldenburg,1634,88,69,local,2021-22,0
2022_0420_133_40,2022-04-20T00:00:00+00:00,Basketball Loewen Braunschweig,40,46ers Giessen,133,82,66,local,2021-22,0
2022_0420_1791_2745,2022-04-20T00:00:00+00:00,FITOne Wuerzburg Baskets,2745,NINERS Chemnitz,1791,82,88,visitante,2021-22,0
2022_0420_2315_10,2022-04-20T00:00:00+00:00,ALBA Berlin,10,Merlins Crailsheim,2315,78,70,local,2021-22,0
2022_0422_134_127,2022-04-22T00:00:00+00:00,Ratiopharm Ulm,127,Medi Bayreuth,134,80,73,local,2021-22,0
2022_0422_10_132,2022-04-22T00:00:00+00:00,Bamberg Baskets,132,ALBA Berlin,10,57,89,visitante,2021-22,0
2022_0423_1791_40,2022-04-23T00:00:00+00:00,Basketball Loewen Braunschweig,40,NINERS Chemnitz,1791,77,68,local,2021-22,0
2022_0423_215_1634,2022-04-23T00:00:00+00:00,EWE Baskets Oldenburg,1634,MLP Academics Heidelberg,215,95,90,local,2021-22,0
2022_0423_41_2315,2022-04-23T00:00:00+00:00,Merlins Crailsheim,2315,MHP Riesen Ludwigsburg,41,75,77,visitante,2021-22,0
2022_0423_2745_450,2022-04-23T00:00:00+00:00,SYNTAINICS MBC Weissenfels,450,FITOne Wuerzburg Baskets,2745,86,92,visitante,2021-22,0
2022_0424_1510_214,2022-04-24T00:00:00+00:00,BG Goettingen,214,Telekom Baskets Bonn,1510,76,78,visitante,2021-22,0
2022_0424_3361_133,2022-04-24T00:00:00+00:00,46ers Giessen,133,Fraport Skyliners Frankfurt,3361,76,75,local,2021-22,0
2022_0424_19629_219,2022-04-24T00:00:00+00:00,FC Bayern Muenchen Basketball,219,Veolia Towers Hamburg,19629,83,87,visitante,2021-22,0
2022_0426_2745_41,2022-04-26T00:00:00+00:00,MHP Riesen Ludwigsburg,41,FITOne Wuerzburg Baskets,2745,86,92,visitante,2021-22,0
2022_0426_2315_214,2022-04-26T00:00:00+00:00,BG Goettingen,214,Merlins Crailsheim,2315,80,86,visitante,2021-22,0
2022_0427_10_19629,2022-04-27T00:00:00+00:00,Veolia Towers Hamburg,19629,ALBA Berlin,10,81,96,visitante,2021-22,0
2022_0428_134_41,2022-04-28T00:00:00+00:00,MHP Riesen Ludwigsburg,41,Medi Bayreuth,134,93,87,local,2021-22,0
2022_0429_2315_3361,2022-04-29T00:00:00+00:00,Fraport Skyliners Frankfurt,3361,Merlins Crailsheim,2315,81,70,local,2021-22,0
2022_0429_133_1791,2022-04-29T00:00:00+00:00,NINERS Chemnitz,1791,46ers Giessen,133,91,70,local,2021-22,0
2022_0429_215_132,2022-04-29T00:00:00+00:00,Bamberg Baskets,132,MLP Academics Heidelberg,215,94,81,local,2021-22,0
2022_0429_1634_2745,2022-04-29T00:00:00+00:00,FITOne Wuerzburg Baskets,2745,EWE Baskets Oldenburg,1634,87,113,visitante,2021-22,0
2022_0429_450_40,2022-04-29T00:00:00+00:00,Basketball Loewen Braunschweig,40,SYNTAINICS MBC Weissenfels,450,79,91,visitante,2021-22,0
2022_0429_127_1510,2022-04-29T00:00:00+00:00,Telekom Baskets Bonn,1510,Ratiopharm Ulm,127,85,74,local,2021-22,0
2022_0501_10_215,2022-05-01T00:00:00+00:00,MLP Academics Heidelberg,215,ALBA Berlin,10,70,110,visitante,2021-22,0
2022_0501_132_40,2022-05-01T00:00:00+00:00,Basketball Loewen Braunschweig,40,Bamberg Baskets,132,68,84,visitante,2021-22,0
2022_0501_219_2745,2022-05-01T00:00:00+00:00,FITOne Wuerzburg Baskets,2745,FC Bayern Muenchen Basketball,219,57,92,visitante,2021-22,0
2022_0501_1791_1510,2022-05-01T00:00:00+00:00,Telekom Baskets Bonn,1510,NINERS Chemnitz,1791,68,90,visitante,2021-22,0
2022_0501_3361_134,2022-05-01T00:00:00+00:00,Medi Bayreuth,134,Fraport Skyliners Frankfurt,3361,70,82,visitante,2021-22,0
2022_0501_214_133,2022-05-01T00:00:00+00:00,46ers Giessen,133,BG Goettingen,214,90,87,local,2021-22,0
2022_0501_41_1634,2022-05-01T00:00:00+00:00,EWE Baskets Oldenburg,1634,MHP Riesen Ludwigsburg,41,102,86,local,2021-22,0
2022_0501_450_19629,2022-05-01T00:00:00+00:00,Veolia Towers Hamburg,19629,SYNTAINICS MBC Weissenfels,450,101,57,local,2021-22,0
2022_0501_127_2315,2022-05-01T00:00:00+00:00,Merlins Crailsheim,2315,Ratiopharm Ulm,127,90,100,visitante,2021-22,0
2022_0504_10_133,2022-05-04T00:00:00+00:00,46ers Giessen,133,ALBA Berlin,10,80,109,visitante,2021-22,0
2022_0506_127_219,2022-05-06T00:00:00+00:00,FC Bayern Muenchen Basketball,219,Ratiopharm Ulm,127,77,65,local,2021-22,0
2022_0507_2315_1791,2022-05-07T00:00:00+00:00,NINERS Chemnitz,1791,Merlins Crailsheim,2315,93,95,visitante,2021-22,0
2022_0508_127_133,2022-05-08T00:00:00+00:00,46ers Giessen,133,Ratiopharm Ulm,127,71,88,visitante,2021-22,0
2022_0508_219_214,2022-05-08T00:00:00+00:00,BG Goettingen,214,FC Bayern Muenchen Basketball,219,64,87,visitante,2021-22,0
2022_0508_132_19629,2022-05-08T00:00:00+00:00,Veolia Towers Hamburg,19629,Bamberg Baskets,132,67,77,visitante,2021-22,0
2022_0510_219_10,2022-05-10T00:00:00+00:00,ALBA Berlin,10,FC Bayern Muenchen Basketball,219,83,78,local,2021-22,1
2022_0511_41_215,2022-05-11T00:00:00+00:00,MLP Academics Heidelberg,215,MHP Riesen Ludwigsburg,41,83,98,visitante,2021-22,1
2022_0513_10_132,2022-05-13T00:00:00+00:00,Bamberg Baskets,132,ALBA Berlin,10,89,114,visitante,2021-22,1
2022_0513_1510_19629,2022-05-13T00:00:00+00:00,Veolia Towers Hamburg,19629,Telekom Baskets Bonn,1510,98,100,visitante,2021-22,1
2022_0513_219_1791,2022-05-13T00:00:00+00:00,NINERS Chemnitz,1791,FC Bayern Muenchen Basketball,219,53,77,visitante,2021-22,1
2022_0514_41_127,2022-05-14T00:00:00+00:00,Ratiopharm Ulm,127,MHP Riesen Ludwigsburg,41,99,104,visitante,2021-22,1
2022_0515_1510_19629,2022-05-15T00:00:00+00:00,Veolia Towers Hamburg,19629,Telekom Baskets Bonn,1510,81,89,visitante,2021-22,1
2022_0515_10_132,2022-05-15T00:00:00+00:00,Bamberg Baskets,132,ALBA Berlin,10,85,97,visitante,2021-22,1
2022_0515_219_1791,2022-05-15T00:00:00+00:00,NINERS Chemnitz,1791,FC Bayern Muenchen Basketball,219,76,93,visitante,2021-22,1
2022_0517_41_127,2022-05-17T00:00:00+00:00,Ratiopharm Ulm,127,MHP Riesen Ludwigsburg,41,77,81,visitante,2021-22,1
2022_0519_127_41,2022-05-19T00:00:00+00:00,MHP Riesen Ludwigsburg,41,Ratiopharm Ulm,127,97,79,local,2021-22,1
2022_0519_132_10,2022-05-19T00:00:00+00:00,ALBA Berlin,10,Bamberg Baskets,132,103,70,local,2021-22,1
2022_0520_19629_1510,2022-05-20T00:00:00+00:00,Telekom Baskets Bonn,1510,Veolia Towers Hamburg,19629,95,88,local,2021-22,1
2022_0520_1791_219,2022-05-20T00:00:00+00:00,FC Bayern Muenchen Basketball,219,NINERS Chemnitz,1791,87,80,local,2021-22,1
2022_0527_10_41,2022-05-27T00:00:00+00:00,MHP Riesen Ludwigsburg,41,ALBA Berlin,10,84,89,visitante,2021-22,1
2022_0528_1510_219,2022-05-28T00:00:00+00:00,FC Bayern Muenchen Basketball,219,Telekom Baskets Bonn,1510,80,68,local,2021-22,1
2022_0529_10_41,2022-05-29T00:00:00+00:00,MHP Riesen Ludwigsburg,41,ALBA Berlin,10,76,100,visitante,2021-22,1
2022_0530_1510_219,2022-05-30T00:00:00+00:00,FC Bayern Muenchen Basketball,219,Telekom Baskets Bonn,1510,82,81,local,2021-22,1
2022_0603_41_10,2022-06-03T00:00:00+00:00,ALBA Berlin,10,MHP Riesen Ludwigsburg,41,73,67,local,2021-22,1
2022_0604_219_1510,2022-06-04T00:00:00+00:00,Telekom Baskets Bonn,1510,FC Bayern Muenchen Basketball,219,86,84,local,2021-22,1
2022_0606_219_1510,2022-06-06T00:00:00+00:00,Telekom Baskets Bonn,1510,FC Bayern Muenchen Basketball,219,83,80,local,2021-22,1
2022_0608_1510_219,2022-06-08T00:00:00+00:00,FC Bayern Muenchen Basketball,219,Telekom Baskets Bonn,1510,87,74,local,2021-22,1
2022_0611_10_219,2022-06-11T00:00:00+00:00,FC Bayern Muenchen Basketball,219,ALBA Berlin,10,73,86,visitante,2021-22,1
2022_0614_219_10,2022-06-14T00:00:00+00:00,ALBA Berlin,10,FC Bayern Muenchen Basketball,219,71,58,local,2021-22,1
2022_0617_10_219,2022-06-17T00:00:00+00:00,FC Bayern Muenchen Basketball,219,ALBA Berlin,10,90,60,local,2021-22,1
2022_0619_219_10,2022-06-19T00:00:00+00:00,ALBA Berlin,10,FC Bayern Muenchen Basketball,219,96,81,local,2021-22,1
2022_0928_10_19629,2022-09-28T00:00:00+00:00,Veolia Towers Hamburg,19629,ALBA Berlin,10,78,81,visitante,2022-23,0
2022_0930_134_3361,2022-09-30T00:00:00+00:00,Fraport Skyliners Frankfurt,3361,Medi Bayreuth,134,82,83,visitante,2022-23,0
2022_1001_219_127,2022-10-01T00:00:00+00:00,Ratiopharm Ulm,127,FC Bayern Muenchen Basketball,219,80,87,visitante,2022-23,0
2022_1001_19629_450,2022-10-01T00:00:00+00:00,SYNTAINICS MBC Weissenfels,450,Veolia Towers Hamburg,19629,74,91,visitante,2022-23,0
2022_1001_2745_1510,2022-10-01T00:00:00+00:00,Telekom Baskets Bonn,1510,FITOne Wuerzburg Baskets,2745,96,71,local,2022-23,0
2022_1002_132_10,2022-10-02T00:00:00+00:00,ALBA Berlin,10,Bamberg Baskets,132,90,80,local,2022-23,0
2022_1002_215_41,2022-10-02T00:00:00+00:00,MHP Riesen Ludwigsburg,41,MLP Academics Heidelberg,215,100,86,local,2022-23,0
2022_1002_2315_1634,2022-10-02T00:00:00+00:00,EWE Baskets Oldenburg,1634,Merlins Crailsheim,2315,95,82,local,2022-23,0
2022_1003_40_2745,2022-10-03T00:00:00+00:00,FITOne Wuerzburg Baskets,2745,Basketball Loewen Braunschweig,40,89,82,local,2022-23,0
2022_1003_3361_219,2022-10-03T00:00:00+00:00,FC Bayern Muenchen Basketball,219,Fraport Skyliners Frankfurt,3361,83,74,local,2022-23,0
2022_1004_132_2315,2022-10-04T00:00:00+00:00,Merlins Crailsheim,2315,Bamberg Baskets,132,84,82,local,2022-23,0
2022_1005_127_214,2022-10-05T00:00:00+00:00,BG Goettingen,214,Ratiopharm Ulm,127,93,84,local,2022-23,0
2022_1005_1634_134,2022-10-05T00:00:00+00:00,Medi Bayreuth,134,EWE Baskets Oldenburg,1634,72,76,visitante,2022-23,0
2022_1007_2315_214,2022-10-07T00:00:00+00:00,BG Goettingen,214,Merlins Crailsheim,2315,81,77,local,2022-23,0
2022_1008_134_19629,2022-10-08T00:00:00+00:00,Veolia Towers Hamburg,19629,Medi Bayreuth,134,95,79,local,2022-23,0
2022_1008_2745_450,2022-10-08T00:00:00+00:00,SYNTAINICS MBC Weissenfels,450,FITOne Wuerzburg Baskets,2745,117,113,local,2022-23,0
2022_1008_1510_132,2022-10-08T00:00:00+00:00,Bamberg Baskets,132,Telekom Baskets Bonn,1510,76,84,visitante,2022-23,0
2022_1008_215_3361,2022-10-08T00:00:00+00:00,Fraport Skyliners Frankfurt,3361,MLP Academics Heidelberg,215,90,93,visitante,2022-23,0
2022_1009_40_41,2022-10-09T00:00:00+00:00,MHP Riesen Ludwigsburg,41,Basketball Loewen Braunschweig,40,80,66,local,2022-23,0
2022_1009_1634_10,2022-10-09T00:00:00+00:00,ALBA Berlin,10,EWE Baskets Oldenburg,1634,89,81,local,2022-23,0
2022_1009_1774_127,2022-10-09T00:00:00+00:00,Ratiopharm Ulm,127,Rostock Seawolves,1774,80,85,visitante,2022-23,0
2022_1009_219_1791,2022-10-09T00:00:00+00:00,NINERS Chemnitz,1791,FC Bayern Muenchen Basketball,219,74,88,visitante,2022-23,0
2022_1012_41_1774,2022-10-12T00:00:00+00:00,Rostock Seawolves,1774,MHP Riesen Ludwigsburg,41,102,95,local,2022-23,0
2022_1018_1774_40,2022-10-18T00:00:00+00:00,Basketball Loewen Braunschweig,40,Rostock Seawolves,1774,95,110,visitante,2022-23,0
2022_1021_1634_127,2022-10-21T00:00:00+00:00,Ratiopharm Ulm,127,EWE Baskets Oldenburg,1634,73,81,visitante,2022-23,0
2022_1022_40_1510,2022-10-22T00:00:00+00:00,Telekom Baskets Bonn,1510,Basketball Loewen Braunschweig,40,79,72,local,2022-23,0
2022_1022_450_3361,2022-10-22T00:00:00+00:00,Fraport Skyliners Frankfurt,3361,SYNTAINICS MBC Weissenfels,450,79,77,local,2022-23,0
2022_1022_1791_2745,2022-10-22T00:00:00+00:00,FITOne Wuerzburg Baskets,2745,NINERS Chemnitz,1791,86,81,local,2022-23,0
2022_1022_19629_219,2022-10-22T00:00:00+00:00,FC Bayern Muenchen Basketball,219,Veolia Towers Hamburg,19629,78,81,visitante,2022-23,0
2022_1023_10_215,2022-10-23T00:00:00+00:00,MLP Academics Heidelberg,215,ALBA Berlin,10,70,78,visitante,2022-23,0
2022_1023_134_2315,2022-10-23T00:00:00+00:00,Merlins Crailsheim,2315,Medi Bayreuth,134,77,99,visitante,2022-23,0
2022_1023_214_1774,2022-10-23T00:00:00+00:00,Rostock Seawolves,1774,BG Goettingen,214,95,92,local,2022-23,0
2022_1023_41_132,2022-10-23T00:00:00+00:00,Bamberg Baskets,132,MHP Riesen Ludwigsburg,41,78,92,visitante,2022-23,0
2022_1028_132_19629,2022-10-28T00:00:00+00:00,Veolia Towers Hamburg,19629,Bamberg Baskets,132,76,66,local,2022-23,0
2022_1029_1510_214,2022-10-29T00:00:00+00:00,BG Goettingen,214,Telekom Baskets Bonn,1510,85,94,visitante,2022-23,0
2022_1029_127_134,2022-10-29T00:00:00+00:00,Medi Bayreuth,134,Ratiopharm Ulm,127,73,88,visitante,2022-23,0
2022_1029_1791_450,2022-10-29T00:00:00+00:00,SYNTAINICS MBC Weissenfels,450,NINERS Chemnitz,1791,89,98,visitante,2022-23,0
2022_1029_215_1634,2022-10-29T00:00:00+00:00,EWE Baskets Oldenburg,1634,MLP Academics Heidelberg,215,94,102,visitante,2022-23,0
2022_1030_219_2315,2022-10-30T00:00:00+00:00,Merlins Crailsheim,2315,FC Bayern Muenchen Basketball,219,77,88,visitante,2022-23,0
2022_1030_3361_40,2022-10-30T00:00:00+00:00,Basketball Loewen Braunschweig,40,Fraport Skyliners Frankfurt,3361,61,59,local,2022-23,0
2022_1030_2745_41,2022-10-30T00:00:00+00:00,MHP Riesen Ludwigsburg,41,FITOne Wuerzburg Baskets,2745,89,86,local,2022-23,0
2022_1030_1774_10,2022-10-30T00:00:00+00:00,ALBA Berlin,10,Rostock Seawolves,1774,104,70,local,2022-23,0
2022_1105_214_2745,2022-11-05T00:00:00+00:00,FITOne Wuerzburg Baskets,2745,BG Goettingen,214,74,82,visitante,2022-23,0
2022_1105_127_1791,2022-11-05T00:00:00+00:00,NINERS Chemnitz,1791,Ratiopharm Ulm,127,99,93,local,2022-23,0
2022_1105_1510_215,2022-11-05T00:00:00+00:00,MLP Academics Heidelberg,215,Telekom Baskets Bonn,1510,65,98,visitante,2022-23,0
2022_1105_2315_450,2022-11-05T00:00:00+00:00,SYNTAINICS MBC Weissenfels,450,Merlins Crailsheim,2315,102,119,visitante,2022-23,0
2022_1106_3361_1634,2022-11-06T00:00:00+00:00,EWE Baskets Oldenburg,1634,Fraport Skyliners Frankfurt,3361,77,70,local,2022-23,0
2022_1106_41_19629,2022-11-06T00:00:00+00:00,Veolia Towers Hamburg,19629,MHP Riesen Ludwigsburg,41,92,103,visitante,2022-23,0
2022_1106_1774_132,2022-11-06T00:00:00+00:00,Bamberg Baskets,132,Rostock Seawolves,1774,97,86,local,2022-23,0
2022_1106_219_134,2022-11-06T00:00:00+00:00,Medi Bayreuth,134,FC Bayern Muenchen Basketball,219,68,81,visitante,2022-23,0
2022_1118_1791_2315,2022-11-18T00:00:00+00:00,Merlins Crailsheim,2315,NINERS Chemnitz,1791,94,106,visitante,2022-23,0
2022_1119_19629_1510,2022-11-19T00:00:00+00:00,Telekom Baskets Bonn,1510,Veolia Towers Hamburg,19629,101,72,local,2022-23,0
2022_1119_2745_1774,2022-11-19T00:00:00+00:00,Rostock Seawolves,1774,FITOne Wuerzburg Baskets,2745,87,97,visitante,2022-23,0
2022_1119_132_3361,2022-11-19T00:00:00+00:00,Fraport Skyliners Frankfurt,3361,Bamberg Baskets,132,83,100,visitante,2022-23,0
2022_1119_134_40,2022-11-19T00:00:00+00:00,Basketball Loewen Braunschweig,40,Medi Bayreuth,134,77,76,local,2022-23,0
2022_1119_450_219,2022-11-19T00:00:00+00:00,FC Bayern Muenchen Basketball,219,SYNTAINICS MBC Weissenfels,450,82,69,local,2022-23,0
2022_1120_215_127,2022-11-20T00:00:00+00:00,Ratiopharm Ulm,127,MLP Academics Heidelberg,215,106,96,local,2022-23,0
2022_1120_1634_214,2022-11-20T00:00:00+00:00,BG Goettingen,214,EWE Baskets Oldenburg,1634,75,93,visitante,2022-23,0
2022_1120_10_41,2022-11-20T00:00:00+00:00,MHP Riesen Ludwigsburg,41,ALBA Berlin,10,91,99,visitante,2022-23,0
2022_1125_40_1634,2022-11-25T00:00:00+00:00,EWE Baskets Oldenburg,1634,Basketball Loewen Braunschweig,40,84,76,local,2022-23,0
2022_1126_450_134,2022-11-26T00:00:00+00:00,Medi Bayreuth,134,SYNTAINICS MBC Weissenfels,450,83,96,visitante,2022-23,0
2022_1126_2315_19629,2022-11-26T00:00:00+00:00,Veolia Towers Hamburg,19629,Merlins Crailsheim,2315,84,92,visitante,2022-23,0
2022_1126_41_1510,2022-11-26T00:00:00+00:00,Telekom Baskets Bonn,1510,MHP Riesen Ludwigsburg,41,80,84,visitante,2022-23,0
2022_1127_3361_127,2022-11-27T00:00:00+00:00,Ratiopharm Ulm,127,Fraport Skyliners Frankfurt,3361,97,82,local,2022-23,0
2022_1127_214_10,2022-11-27T00:00:00+00:00,ALBA Berlin,10,BG Goettingen,214,95,96,visitante,2022-23,0
2022_1127_1774_215,2022-11-27T00:00:00+00:00,MLP Academics Heidelberg,215,Rostock Seawolves,1774,91,84,local,2022-23,0
2022_1127_219_2745,2022-11-27T00:00:00+00:00,FITOne Wuerzburg Baskets,2745,FC Bayern Muenchen Basketball,219,73,83,visitante,2022-23,0
2022_1127_1791_132,2022-11-27T00:00:00+00:00,Bamberg Baskets,132,NINERS Chemnitz,1791,88,75,local,2022-23,0
2022_1206_219_1634,2022-12-06T00:00:00+00:00,EWE Baskets Oldenburg,1634,FC Bayern Muenchen Basketball,219,77,81,visitante,2022-23,0
2022_1206_40_10,2022-12-06T00:00:00+00:00,ALBA Berlin,10,Basketball Loewen Braunschweig,40,95,90,local,2022-23,0
2022_1206_1791_215,2022-12-06T00:00:00+00:00,MLP Academics Heidelberg,215,NINERS Chemnitz,1791,78,87,visitante,2022-23,0
2022_1209_2745_3361,2022-12-09T00:00:00+00:00,Fraport Skyliners Frankfurt,3361,FITOne Wuerzburg Baskets,2745,72,88,visitante,2022-23,0
2022_1210_41_214,2022-12-10T00:00:00+00:00,BG Goettingen,214,MHP Riesen Ludwigsburg,41,76,90,visitante,2022-23,0
2022_1210_127_2315,2022-12-10T00:00:00+00:00,Merlins Crailsheim,2315,Ratiopharm Ulm,127,80,91,visitante,2022-23,0
2022_1210_10_134,2022-12-10T00:00:00+00:00,Medi Bayreuth,134,ALBA Berlin,10,83,91,visitante,2022-23,0
2022_1210_215_40,2022-12-10T00:00:00+00:00,Basketball Loewen Braunschweig,40,MLP Academics Heidelberg,215,79,95,visitante,2022-23,0
2022_1211_132_450,2022-12-11T00:00:00+00:00,SYNTAINICS MBC Weissenfels,450,Bamberg Baskets,132,98,90,local,2022-23,0
2022_1211_19629_1791,2022-12-11T00:00:00+00:00,NINERS Chemnitz,1791,Veolia Towers Hamburg,19629,104,81,local,2022-23,0
2022_1211_1634_1774,2022-12-11T00:00:00+00:00,Rostock Seawolves,1774,EWE Baskets Oldenburg,1634,90,99,visitante,2022-23,0
2022_1211_1510_219,2022-12-11T00:00:00+00:00,FC Bayern Muenchen Basketball,219,Telekom Baskets Bonn,1510,68,78,visitante,2022-23,0
2022_1216_1791_134,2022-12-16T00:00:00+00:00,Medi Bayreuth,134,NINERS Chemnitz,1791,77,84,visitante,2022-23,0
2022_1217_2315_1510,2022-12-17T00:00:00+00:00,Telekom Baskets Bonn,1510,Merlins Crailsheim,2315,99,83,local,2022-23,0
2022_1217_450_215,2022-12-17T00:00:00+00:00,MLP Academics Heidelberg,215,SYNTAINICS MBC Weissenfels,450,85,92,visitante,2022-23,0
2022_1217_214_132,2022-12-17T00:00:00+00:00,Bamberg Baskets,132,BG Goettingen,214,79,95,visitante,2022-23,0
2022_1217_1634_2745,2022-12-17T00:00:00+00:00,FITOne Wuerzburg Baskets,2745,EWE Baskets Oldenburg,1634,79,77,local,2022-23,0
2022_1217_219_40,2022-12-17T00:00:00+00:00,Basketball Loewen Braunschweig,40,FC Bayern Muenchen Basketball,219,78,97,visitante,2022-23,0
2022_1217_3361_41,2022-12-17T00:00:00+00:00,MHP Riesen Ludwigsburg,41,Fraport Skyliners Frankfurt,3361,80,92,visitante,2022-23,0
2022_1218_127_10,2022-12-18T00:00:00+00:00,ALBA Berlin,10,Ratiopharm Ulm,127,110,83,local,2022-23,0
2022_1218_1774_19629,2022-12-18T00:00:00+00:00,Veolia Towers Hamburg,19629,Rostock Seawolves,1774,76,82,visitante,2022-23,0
2022_1222_214_134,2022-12-22T00:00:00+00:00,Medi Bayreuth,134,BG Goettingen,214,89,100,visitante,2022-23,0
2022_1223_2315_1774,2022-12-23T00:00:00+00:00,Rostock Seawolves,1774,Merlins Crailsheim,2315,103,91,local,2022-23,0
2022_1226_40_214,2022-12-26T00:00:00+00:00,BG Goettingen,214,Basketball Loewen Braunschweig,40,78,64,local,2022-23,0
2022_1226_2745_2315,2022-12-26T00:00:00+00:00,Merlins Crailsheim,2315,FITOne Wuerzburg Baskets,2745,78,87,visitante,2022-23,0
2022_1226_1510_1791,2022-12-26T00:00:00+00:00,NINERS Chemnitz,1791,Telekom Baskets Bonn,1510,73,80,visitante,2022-23,0
2022_1226_3361_1774,2022-12-26T00:00:00+00:00,Rostock Seawolves,1774,Fraport Skyliners Frankfurt,3361,83,101,visitante,2022-23,0
2022_1226_134_132,2022-12-26T00:00:00+00:00,Bamberg Baskets,132,Medi Bayreuth,134,86,92,visitante,2022-23,0
2022_1227_10_450,2022-12-27T00:00:00+00:00,SYNTAINICS MBC Weissenfels,450,ALBA Berlin,10,60,86,visitante,2022-23,0
2022_1227_19629_1634,2022-12-27T00:00:00+00:00,EWE Baskets Oldenburg,1634,Veolia Towers Hamburg,19629,96,95,local,2022-23,0
2022_1227_215_219,2022-12-27T00:00:00+00:00,FC Bayern Muenchen Basketball,219,MLP Academics Heidelberg,215,87,83,local,2022-23,0
2022_1227_41_127,2022-12-27T00:00:00+00:00,Ratiopharm Ulm,127,MHP Riesen Ludwigsburg,41,84,87,visitante,2022-23,0
2022_1229_134_214,2022-12-29T00:00:00+00:00,BG Goettingen,214,Medi Bayreuth,134,95,73,local,2022-23,0
2022_1229_1510_3361,2022-12-29T00:00:00+00:00,Fraport Skyliners Frankfurt,3361,Telekom Baskets Bonn,1510,66,89,visitante,2022-23,0
2022_1230_450_41,2022-12-30T00:00:00+00:00,MHP Riesen Ludwigsburg,41,SYNTAINICS MBC Weissenfels,450,66,69,visitante,2022-23,0
2022_1230_127_40,2022-12-30T00:00:00+00:00,Basketball Loewen Braunschweig,40,Ratiopharm Ulm,127,87,95,visitante,2022-23,0
2022_1230_132_215,2022-12-30T00:00:00+00:00,MLP Academics Heidelberg,215,Bamberg Baskets,132,74,101,visitante,2022-23,0
2022_1230_19629_2745,2022-12-30T00:00:00+00:00,FITOne Wuerzburg Baskets,2745,Veolia Towers Hamburg,19629,73,96,visitante,2022-23,0
2023_0103_10_3361,2023-01-03T00:00:00+00:00,Fraport Skyliners Frankfurt,3361,ALBA Berlin,10,74,99,visitante,2022-23,0
2023_0103_127_1510,2023-01-03T00:00:00+00:00,Telekom Baskets Bonn,1510,Ratiopharm Ulm,127,101,92,local,2022-23,0
2023_0103_1634_1791,2023-01-03T00:00:00+00:00,NINERS Chemnitz,1791,EWE Baskets Oldenburg,1634,81,83,visitante,2022-23,0
2023_0103_1774_219,2023-01-03T00:00:00+00:00,FC Bayern Muenchen Basketball,219,Rostock Seawolves,1774,78,65,local,2022-23,0
2023_0104_40_2315,2023-01-04T00:00:00+00:00,Merlins Crailsheim,2315,Basketball Loewen Braunschweig,40,101,91,local,2022-23,0
2023_0104_214_450,2023-01-04T00:00:00+00:00,SYNTAINICS MBC Weissenfels,450,BG Goettingen,214,93,96,visitante,2022-23,0
2023_0104_215_19629,2023-01-04T00:00:00+00:00,Veolia Towers Hamburg,19629,MLP Academics Heidelberg,215,87,83,local,2022-23,0
2023_0104_2745_132,2023-01-04T00:00:00+00:00,Bamberg Baskets,132,FITOne Wuerzburg Baskets,2745,79,73,local,2022-23,0
2023_0106_1510_1774,2023-01-06T00:00:00+00:00,Rostock Seawolves,1774,Telekom Baskets Bonn,1510,71,99,visitante,2022-23,0
2023_0107_132_1634,2023-01-07T00:00:00+00:00,EWE Baskets Oldenburg,1634,Bamberg Baskets,132,78,89,visitante,2022-23,0
2023_0107_450_40,2023-01-07T00:00:00+00:00,Basketball Loewen Braunschweig,40,SYNTAINICS MBC Weissenfels,450,59,63,visitante,2022-23,0
2023_0107_2315_215,2023-01-07T00:00:00+00:00,MLP Academics Heidelberg,215,Merlins Crailsheim,2315,93,102,visitante,2022-23,0
2023_0107_19629_127,2023-01-07T00:00:00+00:00,Ratiopharm Ulm,127,Veolia Towers Hamburg,19629,80,65,local,2022-23,0
2023_0108_134_2745,2023-01-08T00:00:00+00:00,FITOne Wuerzburg Baskets,2745,Medi Bayreuth,134,99,83,local,2022-23,0
2023_0108_1791_41,2023-01-08T00:00:00+00:00,MHP Riesen Ludwigsburg,41,NINERS Chemnitz,1791,80,89,visitante,2022-23,0
2023_0108_3361_214,2023-01-08T00:00:00+00:00,BG Goettingen,214,Fraport Skyliners Frankfurt,3361,75,78,visitante,2022-23,0
2023_0108_219_10,2023-01-08T00:00:00+00:00,ALBA Berlin,10,FC Bayern Muenchen Basketball,219,80,79,local,2022-23,0
2023_0114_40_132,2023-01-14T00:00:00+00:00,Bamberg Baskets,132,Basketball Loewen Braunschweig,40,85,83,local,2022-23,0
2023_0114_127_2745,2023-01-14T00:00:00+00:00,FITOne Wuerzburg Baskets,2745,Ratiopharm Ulm,127,91,84,local,2022-23,0
2023_0114_1634_450,2023-01-14T00:00:00+00:00,SYNTAINICS MBC Weissenfels,450,EWE Baskets Oldenburg,1634,68,108,visitante,2022-23,0
2023_0115_10_1510,2023-01-15T00:00:00+00:00,Telekom Baskets Bonn,1510,ALBA Berlin,10,76,81,visitante,2022-23,0
2023_0115_3361_2315,2023-01-15T00:00:00+00:00,Merlins Crailsheim,2315,Fraport Skyliners Frankfurt,3361,88,72,local,2022-23,0
2023_0115_214_19629,2023-01-15T00:00:00+00:00,Veolia Towers Hamburg,19629,BG Goettingen,214,82,91,visitante,2022-23,0
2023_0115_215_134,2023-01-15T00:00:00+00:00,Medi Bayreuth,134,MLP Academics Heidelberg,215,101,107,visitante,2022-23,0
2023_0115_41_219,2023-01-15T00:00:00+00:00,FC Bayern Muenchen Basketball,219,MHP Riesen Ludwigsburg,41,68,96,visitante,2022-23,0
2023_0118_1774_1791,2023-01-18T00:00:00+00:00,NINERS Chemnitz,1791,Rostock Seawolves,1774,96,81,local,2022-23,0
2023_0118_132_40,2023-01-18T00:00:00+00:00,Basketball Loewen Braunschweig,40,Bamberg Baskets,132,92,83,local,2022-23,0
2023_0120_134_1774,2023-01-20T00:00:00+00:00,Rostock Seawolves,1774,Medi Bayreuth,134,92,83,local,2022-23,0
2023_0121_1791_3361,2023-01-21T00:00:00+00:00,Fraport Skyliners Frankfurt,3361,NINERS Chemnitz,1791,76,89,visitante,2022-23,0
2023_0121_19629_40,2023-01-21T00:00:00+00:00,Basketball Loewen Braunschweig,40,Veolia Towers Hamburg,19629,92,83,local,2022-23,0
2023_0121_1510_1634,2023-01-21T00:00:00+00:00,EWE Baskets Oldenburg,1634,Telekom Baskets Bonn,1510,79,108,visitante,2022-23,0
2023_0121_2315_41,2023-01-21T00:00:00+00:00,MHP Riesen Ludwigsburg,41,Merlins Crailsheim,2315,87,106,visitante,2022-23,0
2023_0122_450_127,2023-01-22T00:00:00+00:00,Ratiopharm Ulm,127,SYNTAINICS MBC Weissenfels,450,91,87,local,2022-23,0
2023_0122_132_219,2023-01-22T00:00:00+00:00,FC Bayern Muenchen Basketball,219,Bamberg Baskets,132,94,87,local,2022-23,0
2023_0123_2745_10,2023-01-23T00:00:00+00:00,ALBA Berlin,10,FITOne Wuerzburg Baskets,2745,79,76,local,2022-23,0
2023_0128_10_2315,2023-01-28T00:00:00+00:00,Merlins Crailsheim,2315,ALBA Berlin,10,77,100,visitante,2022-23,0
2023_0128_215_2745,2023-01-28T00:00:00+00:00,FITOne Wuerzburg Baskets,2745,MLP Academics Heidelberg,215,82,93,visitante,2022-23,0
2023_0128_1774_450,2023-01-28T00:00:00+00:00,SYNTAINICS MBC Weissenfels,450,Rostock Seawolves,1774,77,79,visitante,2022-23,0
2023_0128_41_1634,2023-01-28T00:00:00+00:00,EWE Baskets Oldenburg,1634,MHP Riesen Ludwigsburg,41,75,71,local,2022-23,0
2023_0128_127_132,2023-01-28T00:00:00+00:00,Bamberg Baskets,132,Ratiopharm Ulm,127,87,107,visitante,2022-23,0
2023_0129_219_214,2023-01-29T00:00:00+00:00,BG Goettingen,214,FC Bayern Muenchen Basketball,219,74,105,visitante,2022-23,0
2023_0129_134_1510,2023-01-29T00:00:00+00:00,Telekom Baskets Bonn,1510,Medi Bayreuth,134,94,71,local,2022-23,0
2023_0129_3361_19629,2023-01-29T00:00:00+00:00,Veolia Towers Hamburg,19629,Fraport Skyliners Frankfurt,3361,93,97,visitante,2022-23,0
2023_0129_40_1791,2023-01-29T00:00:00+00:00,NINERS Chemnitz,1791,Basketball Loewen Braunschweig,40,71,78,visitante,2022-23,0
2023_0201_3361_215,2023-02-01T00:00:00+00:00,MLP Academics Heidelberg,215,Fraport Skyliners Frankfurt,3361,94,82,local,2022-23,0
2023_0203_19629_1774,2023-02-03T00:00:00+00:00,Rostock Seawolves,1774,Veolia Towers Hamburg,19629,91,81,local,2022-23,0
2023_0203_2745_1791,2023-02-03T00:00:00+00:00,NINERS Chemnitz,1791,FITOne Wuerzburg Baskets,2745,74,77,visitante,2022-23,0
2023_0205_132_214,2023-02-05T00:00:00+00:00,BG Goettingen,214,Bamberg Baskets,132,92,95,visitante,2022-23,0
2023_0205_40_450,2023-02-05T00:00:00+00:00,SYNTAINICS MBC Weissenfels,450,Basketball Loewen Braunschweig,40,89,73,local,2022-23,0
2023_0205_219_1510,2023-02-05T00:00:00+00:00,Telekom Baskets Bonn,1510,FC Bayern Muenchen Basketball,219,77,73,local,2022-23,0
2023_0205_134_127,2023-02-05T00:00:00+00:00,Ratiopharm Ulm,127,Medi Bayreuth,134,80,64,local,2022-23,0
2023_0205_2315_1791,2023-02-05T00:00:00+00:00,NINERS Chemnitz,1791,Merlins Crailsheim,2315,82,79,local,2022-23,0
2023_0205_215_10,2023-02-05T00:00:00+00:00,ALBA Berlin,10,MLP Academics Heidelberg,215,94,86,local,2022-23,0
2023_0205_41_3361,2023-02-05T00:00:00+00:00,Fraport Skyliners Frankfurt,3361,MHP Riesen Ludwigsburg,41,81,96,visitante,2022-23,0
2023_0205_1774_1634,2023-02-05T00:00:00+00:00,EWE Baskets Oldenburg,1634,Rostock Seawolves,1774,80,73,local,2022-23,0
2023_0206_2745_19629,2023-02-06T00:00:00+00:00,Veolia Towers Hamburg,19629,FITOne Wuerzburg Baskets,2745,56,90,visitante,2022-23,0
2023_0209_214_215,2023-02-09T00:00:00+00:00,MLP Academics Heidelberg,215,BG Goettingen,214,81,87,visitante,2022-23,0
2023_0211_214_2315,2023-02-11T00:00:00+00:00,Merlins Crailsheim,2315,BG Goettingen,214,79,92,visitante,2022-23,0
2023_0211_19629_134,2023-02-11T00:00:00+00:00,Medi Bayreuth,134,Veolia Towers Hamburg,19629,74,86,visitante,2022-23,0
2023_0211_41_40,2023-02-11T00:00:00+00:00,Basketball Loewen Braunschweig,40,MHP Riesen Ludwigsburg,41,92,93,visitante,2022-23,0
2023_0211_127_215,2023-02-11T00:00:00+00:00,MLP Academics Heidelberg,215,Ratiopharm Ulm,127,84,92,visitante,2022-23,0
2023_0211_10_1634,2023-02-11T00:00:00+00:00,EWE Baskets Oldenburg,1634,ALBA Berlin,10,81,89,visitante,2022-23,0
2023_0212_1774_1510,2023-02-12T00:00:00+00:00,Telekom Baskets Bonn,1510,Rostock Seawolves,1774,77,62,local,2022-23,0
2023_0212_1791_219,2023-02-12T00:00:00+00:00,FC Bayern Muenchen Basketball,219,NINERS Chemnitz,1791,79,58,local,2022-23,0
2023_0212_3361_132,2023-02-12T00:00:00+00:00,Bamberg Baskets,132,Fraport Skyliners Frankfurt,3361,100,83,local,2022-23,0
2023_0212_450_2745,2023-02-12T00:00:00+00:00,FITOne Wuerzburg Baskets,2745,SYNTAINICS MBC Weissenfels,450,83,98,visitante,2022-23,0
2023_0214_132_127,2023-02-14T00:00:00+00:00,Ratiopharm Ulm,127,Bamberg Baskets,132,77,97,visitante,2022-23,0
2023_0214_219_19629,2023-02-14T00:00:00+00:00,Veolia Towers Hamburg,19629,FC Bayern Muenchen Basketball,219,89,70,local,2022-23,0
2023_0214_134_41,2023-02-14T00:00:00+00:00,MHP Riesen Ludwigsburg,41,Medi Bayreuth,134,108,94,local,2022-23,0
2023_0214_2315_10,2023-02-14T00:00:00+00:00,ALBA Berlin,10,Merlins Crailsheim,2315,91,85,local,2022-23,0
2023_0214_1634_3361,2023-02-14T00:00:00+00:00,Fraport Skyliners Frankfurt,3361,EWE Baskets Oldenburg,1634,79,87,visitante,2022-23,0
2023_0215_40_1774,2023-02-15T00:00:00+00:00,Rostock Seawolves,1774,Basketball Loewen Braunschweig,40,87,71,local,2022-23,0
2023_0215_1510_450,2023-02-15T00:00:00+00:00,SYNTAINICS MBC Weissenfels,450,Telekom Baskets Bonn,1510,57,91,visitante,2022-23,0
2023_0215_1791_214,2023-02-15T00:00:00+00:00,BG Goettingen,214,NINERS Chemnitz,1791,87,86,local,2022-23,0
2023_0215_2745_215,2023-02-15T00:00:00+00:00,MLP Academics Heidelberg,215,FITOne Wuerzburg Baskets,2745,71,90,visitante,2022-23,0
2023_0302_1510_2315,2023-03-02T00:00:00+00:00,Merlins Crailsheim,2315,Telekom Baskets Bonn,1510,83,101,visitante,2022-23,0
2023_0303_19629_132,2023-03-03T00:00:00+00:00,Bamberg Baskets,132,Veolia Towers Hamburg,19629,88,83,local,2022-23,0
2023_0303_2745_127,2023-03-03T00:00:00+00:00,Ratiopharm Ulm,127,FITOne Wuerzburg Baskets,2745,82,62,local,2022-23,0
2023_0304_1791_40,2023-03-04T00:00:00+00:00,Basketball Loewen Braunschweig,40,NINERS Chemnitz,1791,83,73,local,2022-23,0
2023_0304_450_1774,2023-03-04T00:00:00+00:00,Rostock Seawolves,1774,SYNTAINICS MBC Weissenfels,450,78,102,visitante,2022-23,0
2023_0304_10_219,2023-03-04T00:00:00+00:00,FC Bayern Muenchen Basketball,219,ALBA Berlin,10,76,71,local,2022-23,0
2023_0305_1634_2315,2023-03-05T00:00:00+00:00,Merlins Crailsheim,2315,EWE Baskets Oldenburg,1634,86,94,visitante,2022-23,0
2023_0305_41_215,2023-03-05T00:00:00+00:00,MLP Academics Heidelberg,215,MHP Riesen Ludwigsburg,41,87,111,visitante,2022-23,0
2023_0305_3361_1510,2023-03-05T00:00:00+00:00,Telekom Baskets Bonn,1510,Fraport Skyliners Frankfurt,3361,88,61,local,2022-23,0
2023_0308_41_134,2023-03-08T00:00:00+00:00,Medi Bayreuth,134,MHP Riesen Ludwigsburg,41,93,102,visitante,2022-23,0
2023_0310_215_214,2023-03-10T00:00:00+00:00,BG Goettingen,214,MLP Academics Heidelberg,215,74,84,visitante,2022-23,0
2023_0311_10_1791,2023-03-11T00:00:00+00:00,NINERS Chemnitz,1791,ALBA Berlin,10,91,101,visitante,2022-23,0
2023_0311_19629_41,2023-03-11T00:00:00+00:00,MHP Riesen Ludwigsburg,41,Veolia Towers Hamburg,19629,83,77,local,2022-23,0
2023_0311_450_132,2023-03-11T00:00:00+00:00,Bamberg Baskets,132,SYNTAINICS MBC Weissenfels,450,99,95,local,2022-23,0
2023_0311_127_3361,2023-03-11T00:00:00+00:00,Fraport Skyliners Frankfurt,3361,Ratiopharm Ulm,127,79,94,visitante,2022-23,0
2023_0312_134_219,2023-03-12T00:00:00+00:00,FC Bayern Muenchen Basketball,219,Medi Bayreuth,134,80,79,local,2022-23,0
2023_0312_1510_2745,2023-03-12T00:00:00+00:00,FITOne Wuerzburg Baskets,2745,Telekom Baskets Bonn,1510,73,94,visitante,2022-23,0
2023_0312_1634_40,2023-03-12T00:00:00+00:00,Basketball Loewen Braunschweig,40,EWE Baskets Oldenburg,1634,73,83,visitante,2022-23,0
2023_0312_1774_2315,2023-03-12T00:00:00+00:00,Merlins Crailsheim,2315,Rostock Seawolves,1774,79,86,visitante,2022-23,0
2023_0314_450_10,2023-03-14T00:00:00+00:00,ALBA Berlin,10,SYNTAINICS MBC Weissenfels,450,87,77,local,2022-23,0
2023_0317_2745_134,2023-03-17T00:00:00+00:00,Medi Bayreuth,134,FITOne Wuerzburg Baskets,2745,89,96,visitante,2022-23,0
2023_0318_132_1774,2023-03-18T00:00:00+00:00,Rostock Seawolves,1774,Bamberg Baskets,132,94,88,local,2022-23,0
2023_0318_2315_127,2023-03-18T00:00:00+00:00,Ratiopharm Ulm,127,Merlins Crailsheim,2315,68,76,visitante,2022-23,0
2023_0319_41_10,2023-03-19T00:00:00+00:00,ALBA Berlin,10,MHP Riesen Ludwigsburg,41,83,77,local,2022-23,0
2023_0319_40_215,2023-03-19T00:00:00+00:00,MLP Academics Heidelberg,215,Basketball Loewen Braunschweig,40,82,89,visitante,2022-23,0
2023_0319_219_450,2023-03-19T00:00:00+00:00,SYNTAINICS MBC Weissenfels,450,FC Bayern Muenchen Basketball,219,66,87,visitante,2022-23,0
2023_0319_3361_1791,2023-03-19T00:00:00+00:00,NINERS Chemnitz,1791,Fraport Skyliners Frankfurt,3361,84,89,visitante,2022-23,0
2023_0319_1634_19629,2023-03-19T00:00:00+00:00,Veolia Towers Hamburg,19629,EWE Baskets Oldenburg,1634,58,94,visitante,2022-23,0
2023_0322_132_1791,2023-03-22T00:00:00+00:00,NINERS Chemnitz,1791,Bamberg Baskets,132,83,95,visitante,2022-23,0
2023_0324_134_1634,2023-03-24T00:00:00+00:00,EWE Baskets Oldenburg,1634,Medi Bayreuth,134,75,85,visitante,2022-23,0
2023_0325_1774_2745,2023-03-25T00:00:00+00:00,FITOne Wuerzburg Baskets,2745,Rostock Seawolves,1774,76,72,local,2022-23,0
2023_0325_19629_3361,2023-03-25T00:00:00+00:00,Fraport Skyliners Frankfurt,3361,Veolia Towers Hamburg,19629,70,84,visitante,2022-23,0
2023_0325_450_214,2023-03-25T00:00:00+00:00,BG Goettingen,214,SYNTAINICS MBC Weissenfels,450,93,82,local,2022-23,0
2023_0325_127_41,2023-03-25T00:00:00+00:00,MHP Riesen Ludwigsburg,41,Ratiopharm Ulm,127,76,93,visitante,2022-23,0
2023_0326_10_132,2023-03-26T00:00:00+00:00,Bamberg Baskets,132,ALBA Berlin,10,67,84,visitante,2022-23,0
2023_0326_40_219,2023-03-26T00:00:00+00:00,FC Bayern Muenchen Basketball,219,Basketball Loewen Braunschweig,40,74,63,local,2022-23,0
2023_0326_1791_1510,2023-03-26T00:00:00+00:00,Telekom Baskets Bonn,1510,NINERS Chemnitz,1791,81,79,local,2022-23,0
2023_0326_215_2315,2023-03-26T00:00:00+00:00,Merlins Crailsheim,2315,MLP Academics Heidelberg,215,82,93,visitante,2022-23,0
2023_0329_1510_41,2023-03-29T00:00:00+00:00,MHP Riesen Ludwigsburg,41,Telekom Baskets Bonn,1510,75,91,visitante,2022-23,0
2023_0401_1510_19629,2023-04-01T00:00:00+00:00,Veolia Towers Hamburg,19629,Telekom Baskets Bonn,1510,66,76,visitante,2022-23,0
2023_0401_132_2745,2023-04-01T00:00:00+00:00,FITOne Wuerzburg Baskets,2745,Bamberg Baskets,132,106,99,local,2022-23,0
2023_0401_2315_40,2023-04-01T00:00:00+00:00,Basketball Loewen Braunschweig,40,Merlins Crailsheim,2315,88,93,visitante,2022-23,0
2023_0401_214_127,2023-04-01T00:00:00+00:00,Ratiopharm Ulm,127,BG Goettingen,214,108,101,local,2022-23,0
2023_0402_1634_215,2023-04-02T00:00:00+00:00,MLP Academics Heidelberg,215,EWE Baskets Oldenburg,1634,99,75,local,2022-23,0
2023_0402_219_41,2023-04-02T00:00:00+00:00,MHP Riesen Ludwigsburg,41,FC Bayern Muenchen Basketball,219,72,89,visitante,2022-23,0
2023_0402_134_450,2023-04-02T00:00:00+00:00,SYNTAINICS MBC Weissenfels,450,Medi Bayreuth,134,84,95,visitante,2022-23,0
2023_0402_1791_1774,2023-04-02T00:00:00+00:00,Rostock Seawolves,1774,NINERS Chemnitz,1791,71,69,local,2022-23,0
2023_0402_3361_10,2023-04-02T00:00:00+00:00,ALBA Berlin,10,Fraport Skyliners Frankfurt,3361,79,61,local,2022-23,0
2023_0404_127_219,2023-04-04T00:00:00+00:00,FC Bayern Muenchen Basketball,219,Ratiopharm Ulm,127,77,59,local,2022-23,0
2023_0404_214_19629,2023-04-04T00:00:00+00:00,Veolia Towers Hamburg,19629,BG Goettingen,214,98,71,local,2022-23,0
2023_0405_2315_134,2023-04-05T00:00:00+00:00,Medi Bayreuth,134,Merlins Crailsheim,2315,73,78,visitante,2022-23,0
2023_0405_10_2745,2023-04-05T00:00:00+00:00,FITOne Wuerzburg Baskets,2745,ALBA Berlin,10,47,76,visitante,2022-23,0
2023_0408_40_134,2023-04-08T00:00:00+00:00,Medi Bayreuth,134,Basketball Loewen Braunschweig,40,89,101,visitante,2022-23,0
2023_0408_41_2315,2023-04-08T00:00:00+00:00,Merlins Crailsheim,2315,MHP Riesen Ludwigsburg,41,77,82,visitante,2022-23,0
2023_0408_1634_1510,2023-04-08T00:00:00+00:00,Telekom Baskets Bonn,1510,EWE Baskets Oldenburg,1634,87,76,local,2022-23,0
2023_0408_450_1791,2023-04-08T00:00:00+00:00,NINERS Chemnitz,1791,SYNTAINICS MBC Weissenfels,450,76,72,local,2022-23,0
2023_0409_10_214,2023-04-09T00:00:00+00:00,BG Goettingen,214,ALBA Berlin,10,78,91,visitante,2022-23,0
2023_0409_215_132,2023-04-09T00:00:00+00:00,Bamberg Baskets,132,MLP Academics Heidelberg,215,100,109,visitante,2022-23,0
2023_0409_1774_3361,2023-04-09T00:00:00+00:00,Fraport Skyliners Frankfurt,3361,Rostock Seawolves,1774,99,77,local,2022-23,0
2023_0409_127_19629,2023-04-09T00:00:00+00:00,Veolia Towers Hamburg,19629,Ratiopharm Ulm,127,78,112,visitante,2022-23,0
2023_0410_2745_219,2023-04-10T00:00:00+00:00,FC Bayern Muenchen Basketball,219,FITOne Wuerzburg Baskets,2745,67,49,local,2022-23,0
2023_0411_1791_10,2023-04-11T00:00:00+00:00,ALBA Berlin,10,NINERS Chemnitz,1791,76,70,local,2022-23,0
2023_0411_214_1634,2023-04-11T00:00:00+00:00,EWE Baskets Oldenburg,1634,BG Goettingen,214,97,106,visitante,2022-23,0
2023_0412_132_41,2023-04-12T00:00:00+00:00,MHP Riesen Ludwigsburg,41,Bamberg Baskets,132,73,81,visitante,2022-23,0
2023_0414_215_1774,2023-04-14T00:00:00+00:00,Rostock Seawolves,1774,MLP Academics Heidelberg,215,75,78,visitante,2022-23,0
2023_0415_1510_134,2023-04-15T00:00:00+00:00,Medi Bayreuth,134,Telekom Baskets Bonn,1510,42,86,visitante,2022-23,0
2023_0415_1791_1634,2023-04-15T00:00:00+00:00,EWE Baskets Oldenburg,1634,NINERS Chemnitz,1791,91,89,local,2022-23,0
2023_0415_2315_2745,2023-04-15T00:00:00+00:00,FITOne Wuerzburg Baskets,2745,Merlins Crailsheim,2315,86,85,local,2022-23,0
2023_0415_214_41,2023-04-15T00:00:00+00:00,MHP Riesen Ludwigsburg,41,BG Goettingen,214,80,87,visitante,2022-23,0
2023_0416_40_127,2023-04-16T00:00:00+00:00,Ratiopharm Ulm,127,Basketball Loewen Braunschweig,40,67,84,visitante,2022-23,0
2023_0416_219_132,2023-04-16T00:00:00+00:00,Bamberg Baskets,132,FC Bayern Muenchen Basketball,219,72,73,visitante,2022-23,0
2023_0416_3361_450,2023-04-16T00:00:00+00:00,SYNTAINICS MBC Weissenfels,450,Fraport Skyliners Frankfurt,3361,65,71,visitante,2022-23,0
2023_0416_19629_10,2023-04-16T00:00:00+00:00,ALBA Berlin,10,Veolia Towers Hamburg,19629,83,63,local,2022-23,0
2023_0418_134_1791,2023-04-18T00:00:00+00:00,NINERS Chemnitz,1791,Medi Bayreuth,134,102,86,local,2022-23,0
2023_0418_1774_214,2023-04-18T00:00:00+00:00,BG Goettingen,214,Rostock Seawolves,1774,85,94,visitante,2022-23,0
2023_0418_2745_1634,2023-04-18T00:00:00+00:00,EWE Baskets Oldenburg,1634,FITOne Wuerzburg Baskets,2745,82,78,local,2022-23,0
2023_0419_10_40,2023-04-19T00:00:00+00:00,Basketball Loewen Braunschweig,40,ALBA Berlin,10,78,85,visitante,2022-23,0
2023_0419_219_3361,2023-04-19T00:00:00+00:00,Fraport Skyliners Frankfurt,3361,FC Bayern Muenchen Basketball,219,89,95,visitante,2022-23,0
2023_0419_19629_215,2023-04-19T00:00:00+00:00,MLP Academics Heidelberg,215,Veolia Towers Hamburg,19629,86,90,visitante,2022-23,0
2023_0421_1791_127,2023-04-21T00:00:00+00:00,Ratiopharm Ulm,127,NINERS Chemnitz,1791,86,92,visitante,2022-23,0
2023_0422_214_40,2023-04-22T00:00:00+00:00,Basketball Loewen Braunschweig,40,BG Goettingen,214,79,80,visitante,2022-23,0
2023_0422_215_1510,2023-04-22T00:00:00+00:00,Telekom Baskets Bonn,1510,MLP Academics Heidelberg,215,91,74,local,2022-23,0
2023_0422_41_2745,2023-04-22T00:00:00+00:00,FITOne Wuerzburg Baskets,2745,MHP Riesen Ludwigsburg,41,78,81,visitante,2022-23,0
2023_0422_450_19629,2023-04-22T00:00:00+00:00,Veolia Towers Hamburg,19629,SYNTAINICS MBC Weissenfels,450,80,123,visitante,2022-23,0
2023_0423_10_1774,2023-04-23T00:00:00+00:00,Rostock Seawolves,1774,ALBA Berlin,10,79,104,visitante,2022-23,0
2023_0423_2315_219,2023-04-23T00:00:00+00:00,FC Bayern Muenchen Basketball,219,Merlins Crailsheim,2315,78,69,local,2022-23,0
2023_0423_3361_134,2023-04-23T00:00:00+00:00,Medi Bayreuth,134,Fraport Skyliners Frankfurt,3361,113,107,local,2022-23,0
2023_0423_1634_132,2023-04-23T00:00:00+00:00,Bamberg Baskets,132,EWE Baskets Oldenburg,1634,95,104,visitante,2022-23,0
2023_0424_214_1791,2023-04-24T00:00:00+00:00,NINERS Chemnitz,1791,BG Goettingen,214,81,68,local,2022-23,0
2023_0425_40_3361,2023-04-25T00:00:00+00:00,Fraport Skyliners Frankfurt,3361,Basketball Loewen Braunschweig,40,71,86,visitante,2022-23,0
2023_0425_1510_10,2023-04-25T00:00:00+00:00,ALBA Berlin,10,Telekom Baskets Bonn,1510,77,84,visitante,2022-23,0
2023_0425_19629_2315,2023-04-25T00:00:00+00:00,Merlins Crailsheim,2315,Veolia Towers Hamburg,19629,66,77,visitante,2022-23,0
2023_0425_127_1634,2023-04-25T00:00:00+00:00,EWE Baskets Oldenburg,1634,Ratiopharm Ulm,127,84,97,visitante,2022-23,0
2023_0426_219_1774,2023-04-26T00:00:00+00:00,Rostock Seawolves,1774,FC Bayern Muenchen Basketball,219,76,108,visitante,2022-23,0
2023_0426_134_215,2023-04-26T00:00:00+00:00,MLP Academics Heidelberg,215,Medi Bayreuth,134,102,96,local,2022-23,0
2023_0426_41_450,2023-04-26T00:00:00+00:00,SYNTAINICS MBC Weissenfels,450,MHP Riesen Ludwigsburg,41,100,104,visitante,2022-23,0
2023_0427_2745_214,2023-04-27T00:00:00+00:00,BG Goettingen,214,FITOne Wuerzburg Baskets,2745,92,74,local,2022-23,0
2023_0429_1791_19629,2023-04-29T00:00:00+00:00,Veolia Towers Hamburg,19629,NINERS Chemnitz,1791,80,87,visitante,2022-23,0
2023_0429_2315_132,2023-04-29T00:00:00+00:00,Bamberg Baskets,132,Merlins Crailsheim,2315,92,101,visitante,2022-23,0
2023_0429_1634_41,2023-04-29T00:00:00+00:00,MHP Riesen Ludwigsburg,41,EWE Baskets Oldenburg,1634,80,93,visitante,2022-23,0
2023_0429_1510_40,2023-04-29T00:00:00+00:00,Basketball Loewen Braunschweig,40,Telekom Baskets Bonn,1510,78,89,visitante,2022-23,0
2023_0430_10_127,2023-04-30T00:00:00+00:00,Ratiopharm Ulm,127,ALBA Berlin,10,79,91,visitante,2022-23,0
2023_0430_214_219,2023-04-30T00:00:00+00:00,FC Bayern Muenchen Basketball,219,BG Goettingen,214,75,83,visitante,2022-23,0
2023_0430_215_450,2023-04-30T00:00:00+00:00,SYNTAINICS MBC Weissenfels,450,MLP Academics Heidelberg,215,91,109,visitante,2022-23,0
2023_0430_1774_134,2023-04-30T00:00:00+00:00,Medi Bayreuth,134,Rostock Seawolves,1774,70,99,visitante,2022-23,0
2023_0501_3361_2745,2023-05-01T00:00:00+00:00,FITOne Wuerzburg Baskets,2745,Fraport Skyliners Frankfurt,3361,77,86,visitante,2022-23,0
2023_0502_214_1510,2023-05-02T00:00:00+00:00,Telekom Baskets Bonn,1510,BG Goettingen,214,95,60,local,2022-23,0
2023_0502_127_450,2023-05-02T00:00:00+00:00,SYNTAINICS MBC Weissenfels,450,Ratiopharm Ulm,127,122,128,visitante,2022-23,0
2023_0504_132_1510,2023-05-04T00:00:00+00:00,Telekom Baskets Bonn,1510,Bamberg Baskets,132,102,75,local,2022-23,0
2023_0504_219_215,2023-05-04T00:00:00+00:00,MLP Academics Heidelberg,215,FC Bayern Muenchen Basketball,219,89,78,local,2022-23,0
2023_0504_134_10,2023-05-04T00:00:00+00:00,ALBA Berlin,10,Medi Bayreuth,134,83,72,local,2022-23,0
2023_0504_2745_40,2023-05-04T00:00:00+00:00,Basketball Loewen Braunschweig,40,FITOne Wuerzburg Baskets,2745,77,73,local,2022-23,0
2023_0505_2315_3361,2023-05-05T00:00:00+00:00,Fraport Skyliners Frankfurt,3361,Merlins Crailsheim,2315,83,84,visitante,2022-23,0
2023_0505_41_1791,2023-05-05T00:00:00+00:00,NINERS Chemnitz,1791,MHP Riesen Ludwigsburg,41,79,86,visitante,2022-23,0
2023_0505_450_1634,2023-05-05T00:00:00+00:00,EWE Baskets Oldenburg,1634,SYNTAINICS MBC Weissenfels,450,102,74,local,2022-23,0
2023_0505_127_1774,2023-05-05T00:00:00+00:00,Rostock Seawolves,1774,Ratiopharm Ulm,127,86,116,visitante,2022-23,0
2023_0507_132_134,2023-05-07T00:00:00+00:00,Medi Bayreuth,134,Bamberg Baskets,132,106,120,visitante,2022-23,0
2023_0507_40_19629,2023-05-07T00:00:00+00:00,Veolia Towers Hamburg,19629,Basketball Loewen Braunschweig,40,78,88,visitante,2022-23,0
2023_0507_1510_127,2023-05-07T00:00:00+00:00,Ratiopharm Ulm,127,Telekom Baskets Bonn,1510,83,85,visitante,2022-23,0
2023_0507_214_3361,2023-05-07T00:00:00+00:00,Fraport Skyliners Frankfurt,3361,BG Goettingen,214,88,82,local,2022-23,0
2023_0507_215_1791,2023-05-07T00:00:00+00:00,NINERS Chemnitz,1791,MLP Academics Heidelberg,215,81,74,local,2022-23,0
2023_0507_1634_219,2023-05-07T00:00:00+00:00,FC Bayern Muenchen Basketball,219,EWE Baskets Oldenburg,1634,76,88,visitante,2022-23,0
2023_0507_1774_41,2023-05-07T00:00:00+00:00,MHP Riesen Ludwigsburg,41,Rostock Seawolves,1774,87,92,visitante,2022-23,0
2023_0507_450_2315,2023-05-07T00:00:00+00:00,Merlins Crailsheim,2315,SYNTAINICS MBC Weissenfels,450,69,79,visitante,2022-23,0
2023_0514_10_127,2023-05-14T00:00:00+00:00,Ratiopharm Ulm,127,ALBA Berlin,10,88,64,local,2022-23,1
2023_0516_1634_41,2023-05-16T00:00:00+00:00,MHP Riesen Ludwigsburg,41,EWE Baskets Oldenburg,1634,90,80,local,2022-23,1
2023_0516_219_214,2023-05-16T00:00:00+00:00,BG Goettingen,214,FC Bayern Muenchen Basketball,219,67,87,visitante,2022-23,1
2023_0517_1510_1791,2023-05-17T00:00:00+00:00,NINERS Chemnitz,1791,Telekom Baskets Bonn,1510,63,94,visitante,2022-23,1
2023_0517_127_10,2023-05-17T00:00:00+00:00,ALBA Berlin,10,Ratiopharm Ulm,127,91,77,local,2022-23,1
2023_0518_1634_41,2023-05-18T00:00:00+00:00,MHP Riesen Ludwigsburg,41,EWE Baskets Oldenburg,1634,73,72,local,2022-23,1
2023_0518_219_214,2023-05-18T00:00:00+00:00,BG Goettingen,214,FC Bayern Muenchen Basketball,219,85,87,visitante,2022-23,1
2023_0519_1510_1791,2023-05-19T00:00:00+00:00,NINERS Chemnitz,1791,Telekom Baskets Bonn,1510,78,95,visitante,2022-23,1
2023_0519_10_127,2023-05-19T00:00:00+00:00,Ratiopharm Ulm,127,ALBA Berlin,10,93,81,local,2022-23,1
2023_0521_214_219,2023-05-21T00:00:00+00:00,FC Bayern Muenchen Basketball,219,BG Goettingen,214,65,54,local,2022-23,1
2023_0521_41_1634,2023-05-21T00:00:00+00:00,EWE Baskets Oldenburg,1634,MHP Riesen Ludwigsburg,41,72,86,visitante,2022-23,1
2023_0522_1791_1510,2023-05-22T00:00:00+00:00,Telekom Baskets Bonn,1510,NINERS Chemnitz,1791,89,83,local,2022-23,1
2023_0524_127_10,2023-05-24T00:00:00+00:00,ALBA Berlin,10,Ratiopharm Ulm,127,81,83,visitante,2022-23,1
2023_0528_219_127,2023-05-28T00:00:00+00:00,Ratiopharm Ulm,127,FC Bayern Muenchen Basketball,219,87,69,local,2022-23,1
2023_0529_1510_41,2023-05-29T00:00:00+00:00,MHP Riesen Ludwigsburg,41,Telekom Baskets Bonn,1510,71,80,visitante,2022-23,1
2023_0530_219_127,2023-05-30T00:00:00+00:00,Ratiopharm Ulm,127,FC Bayern Muenchen Basketball,219,93,88,local,2022-23,1
2023_0531_1510_41,2023-05-31T00:00:00+00:00,MHP Riesen Ludwigsburg,41,Telekom Baskets Bonn,1510,65,94,visitante,2022-23,1
2023_0602_127_219,2023-06-02T00:00:00+00:00,FC Bayern Muenchen Basketball,219,Ratiopharm Ulm,127,102,104,visitante,2022-23,1
2023_0603_41_1510,2023-06-03T00:00:00+00:00,Telekom Baskets Bonn,1510,MHP Riesen Ludwigsburg,41,82,73,local,2022-23,1
2023_0609_1510_127,2023-06-09T00:00:00+00:00,Ratiopharm Ulm,127,Telekom Baskets Bonn,1510,79,73,local,2022-23,1
2023_0611_1510_127,2023-06-11T00:00:00+00:00,Ratiopharm Ulm,127,Telekom Baskets Bonn,1510,75,104,visitante,2022-23,1
2023_0614_127_1510,2023-06-14T00:00:00+00:00,Telekom Baskets Bonn,1510,Ratiopharm Ulm,127,84,112,visitante,2022-23,1
2023_0616_127_1510,2023-06-16T00:00:00+00:00,Telekom Baskets Bonn,1510,Ratiopharm Ulm,127,70,74,visitante,2022-23,1
2023_0927_127_1791,2023-09-27T00:00:00+00:00,NINERS Chemnitz,1791,Ratiopharm Ulm,127,85,90,visitante,2023-24,0
2023_0928_215_10,2023-09-28T00:00:00+00:00,ALBA Berlin,10,MLP Academics Heidelberg,215,90,81,local,2023-24,0
2023_0928_2457_132,2023-09-28T00:00:00+00:00,Bamberg Baskets,132,Rasta Vechta,2457,79,101,visitante,2023-24,0
2023_0929_40_1634,2023-09-29T00:00:00+00:00,EWE Baskets Oldenburg,1634,Basketball Loewen Braunschweig,40,86,91,visitante,2023-24,0
2023_0929_219_450,2023-09-29T00:00:00+00:00,SYNTAINICS MBC Weissenfels,450,FC Bayern Muenchen Basketball,219,87,96,visitante,2023-24,0
2023_0929_2315_1774,2023-09-29T00:00:00+00:00,Rostock Seawolves,1774,Merlins Crailsheim,2315,81,85,visitante,2023-24,0
2023_0929_41_19629,2023-09-29T00:00:00+00:00,Veolia Towers Hamburg,19629,MHP Riesen Ludwigsburg,41,87,79,local,2023-24,0
2023_1001_450_40,2023-10-01T00:00:00+00:00,Basketball Loewen Braunschweig,40,SYNTAINICS MBC Weissenfels,450,85,77,local,2023-24,0
2023_1001_2457_1510,2023-10-01T00:00:00+00:00,Telekom Baskets Bonn,1510,Rasta Vechta,2457,79,84,visitante,2023-24,0
2023_1001_19629_2745,2023-10-01T00:00:00+00:00,FITOne Wuerzburg Baskets,2745,Veolia Towers Hamburg,19629,88,58,local,2023-24,0
2023_1001_1774_215,2023-10-01T00:00:00+00:00,MLP Academics Heidelberg,215,Rostock Seawolves,1774,113,122,visitante,2023-24,0
2023_1001_447_127,2023-10-01T00:00:00+00:00,Ratiopharm Ulm,127,Baskets Paderborn,447,99,84,local,2023-24,0
2023_1002_10_2315,2023-10-02T00:00:00+00:00,Merlins Crailsheim,2315,ALBA Berlin,10,75,110,visitante,2023-24,0
2023_1002_1791_132,2023-10-02T00:00:00+00:00,Bamberg Baskets,132,NINERS Chemnitz,1791,79,109,visitante,2023-24,0
2023_1002_1634_219,2023-10-02T00:00:00+00:00,FC Bayern Muenchen Basketball,219,EWE Baskets Oldenburg,1634,67,77,visitante,2023-24,0
2023_1004_1510_447,2023-10-04T00:00:00+00:00,Baskets Paderborn,447,Telekom Baskets Bonn,1510,88,76,local,2023-24,0
2023_1006_2745_41,2023-10-06T00:00:00+00:00,MHP Riesen Ludwigsburg,41,FITOne Wuerzburg Baskets,2745,78,60,local,2023-24,0
2023_1007_214_2315,2023-10-07T00:00:00+00:00,Merlins Crailsheim,2315,BG Goettingen,214,104,110,visitante,2023-24,0
2023_1007_127_10,2023-10-07T00:00:00+00:00,ALBA Berlin,10,Ratiopharm Ulm,127,88,100,visitante,2023-24,0
2023_1007_215_1634,2023-10-07T00:00:00+00:00,EWE Baskets Oldenburg,1634,MLP Academics Heidelberg,215,92,83,local,2023-24,0
2023_1007_2457_447,2023-10-07T00:00:00+00:00,Baskets Paderborn,447,Rasta Vechta,2457,72,103,visitante,2023-24,0
2023_1008_40_1791,2023-10-08T00:00:00+00:00,NINERS Chemnitz,1791,Basketball Loewen Braunschweig,40,86,81,local,2023-24,0
2023_1008_219_19629,2023-10-08T00:00:00+00:00,Veolia Towers Hamburg,19629,FC Bayern Muenchen Basketball,219,79,90,visitante,2023-24,0
2023_1009_1510_450,2023-10-09T00:00:00+00:00,SYNTAINICS MBC Weissenfels,450,Telekom Baskets Bonn,1510,73,100,visitante,2023-24,0
2023_1020_1634_1774,2023-10-20T00:00:00+00:00,Rostock Seawolves,1774,EWE Baskets Oldenburg,1634,89,94,visitante,2023-24,0
2023_1021_19629_127,2023-10-21T00:00:00+00:00,Ratiopharm Ulm,127,Veolia Towers Hamburg,19629,94,78,local,2023-24,0
2023_1021_2745_40,2023-10-21T00:00:00+00:00,Basketball Loewen Braunschweig,40,FITOne Wuerzburg Baskets,2745,76,84,visitante,2023-24,0
2023_1021_41_1510,2023-10-21T00:00:00+00:00,Telekom Baskets Bonn,1510,MHP Riesen Ludwigsburg,41,91,86,local,2023-24,0
2023_1021_447_215,2023-10-21T00:00:00+00:00,MLP Academics Heidelberg,215,Baskets Paderborn,447,94,84,local,2023-24,0
2023_1022_1791_214,2023-10-22T00:00:00+00:00,BG Goettingen,214,NINERS Chemnitz,1791,63,77,visitante,2023-24,0
2023_1022_450_132,2023-10-22T00:00:00+00:00,Bamberg Baskets,132,SYNTAINICS MBC Weissenfels,450,94,86,local,2023-24,0
2023_1022_2315_219,2023-10-22T00:00:00+00:00,FC Bayern Muenchen Basketball,219,Merlins Crailsheim,2315,97,62,local,2023-24,0
2023_1022_10_2457,2023-10-22T00:00:00+00:00,Rasta Vechta,2457,ALBA Berlin,10,80,98,visitante,2023-24,0
2023_1027_132_1634,2023-10-27T00:00:00+00:00,EWE Baskets Oldenburg,1634,Bamberg Baskets,132,92,83,local,2023-24,0
2023_1028_1791_450,2023-10-28T00:00:00+00:00,SYNTAINICS MBC Weissenfels,450,NINERS Chemnitz,1791,65,74,visitante,2023-24,0
2023_1028_127_41,2023-10-28T00:00:00+00:00,MHP Riesen Ludwigsburg,41,Ratiopharm Ulm,127,99,70,local,2023-24,0
2023_1028_215_19629,2023-10-28T00:00:00+00:00,Veolia Towers Hamburg,19629,MLP Academics Heidelberg,215,88,73,local,2023-24,0
2023_1028_2457_40,2023-10-28T00:00:00+00:00,Basketball Loewen Braunschweig,40,Rasta Vechta,2457,90,97,visitante,2023-24,0
2023_1029_219_2745,2023-10-29T00:00:00+00:00,FITOne Wuerzburg Baskets,2745,FC Bayern Muenchen Basketball,219,64,87,visitante,2023-24,0
2023_1029_1774_447,2023-10-29T00:00:00+00:00,Baskets Paderborn,447,Rostock Seawolves,1774,103,108,visitante,2023-24,0
2023_1029_1510_2315,2023-10-29T00:00:00+00:00,Merlins Crailsheim,2315,Telekom Baskets Bonn,1510,68,90,visitante,2023-24,0
2023_1030_214_10,2023-10-30T00:00:00+00:00,ALBA Berlin,10,BG Goettingen,214,114,77,local,2023-24,0
2023_1103_19629_2457,2023-11-03T00:00:00+00:00,Rasta Vechta,2457,Veolia Towers Hamburg,19629,81,85,visitante,2023-24,0
2023_1104_450_214,2023-11-04T00:00:00+00:00,BG Goettingen,214,SYNTAINICS MBC Weissenfels,450,89,97,visitante,2023-24,0
2023_1104_2315_1634,2023-11-04T00:00:00+00:00,EWE Baskets Oldenburg,1634,Merlins Crailsheim,2315,99,63,local,2023-24,0
2023_1104_2745_1791,2023-11-04T00:00:00+00:00,NINERS Chemnitz,1791,FITOne Wuerzburg Baskets,2745,70,68,local,2023-24,0
2023_1105_127_1510,2023-11-05T00:00:00+00:00,Telekom Baskets Bonn,1510,Ratiopharm Ulm,127,87,105,visitante,2023-24,0
2023_1105_215_132,2023-11-05T00:00:00+00:00,Bamberg Baskets,132,MLP Academics Heidelberg,215,109,90,local,2023-24,0
2023_1105_41_1774,2023-11-05T00:00:00+00:00,Rostock Seawolves,1774,MHP Riesen Ludwigsburg,41,77,96,visitante,2023-24,0
2023_1105_40_219,2023-11-05T00:00:00+00:00,FC Bayern Muenchen Basketball,219,Basketball Loewen Braunschweig,40,81,83,visitante,2023-24,0
2023_1106_447_10,2023-11-06T00:00:00+00:00,ALBA Berlin,10,Baskets Paderborn,447,97,81,local,2023-24,0
2023_1110_1774_450,2023-11-10T00:00:00+00:00,SYNTAINICS MBC Weissenfels,450,Rostock Seawolves,1774,97,85,local,2023-24,0
2023_1111_214_19629,2023-11-11T00:00:00+00:00,Veolia Towers Hamburg,19629,BG Goettingen,214,123,118,local,2023-24,0
2023_1111_1634_127,2023-11-11T00:00:00+00:00,Ratiopharm Ulm,127,EWE Baskets Oldenburg,1634,98,94,local,2023-24,0
2023_1111_215_2745,2023-11-11T00:00:00+00:00,FITOne Wuerzburg Baskets,2745,MLP Academics Heidelberg,215,87,54,local,2023-24,0
2023_1111_2457_2315,2023-11-11T00:00:00+00:00,Merlins Crailsheim,2315,Rasta Vechta,2457,58,96,visitante,2023-24,0
2023_1112_10_40,2023-11-12T00:00:00+00:00,Basketball Loewen Braunschweig,40,ALBA Berlin,10,64,92,visitante,2023-24,0
2023_1112_132_41,2023-11-12T00:00:00+00:00,MHP Riesen Ludwigsburg,41,Bamberg Baskets,132,102,90,local,2023-24,0
2023_1112_1510_219,2023-11-12T00:00:00+00:00,FC Bayern Muenchen Basketball,219,Telekom Baskets Bonn,1510,83,88,visitante,2023-24,0
2023_1112_447_1791,2023-11-12T00:00:00+00:00,NINERS Chemnitz,1791,Baskets Paderborn,447,106,68,local,2023-24,0
2023_1117_1791_1774,2023-11-17T00:00:00+00:00,Rostock Seawolves,1774,NINERS Chemnitz,1791,75,85,visitante,2023-24,0
2023_1118_40_447,2023-11-18T00:00:00+00:00,Baskets Paderborn,447,Basketball Loewen Braunschweig,40,92,87,local,2023-24,0
2023_1118_19629_132,2023-11-18T00:00:00+00:00,Bamberg Baskets,132,Veolia Towers Hamburg,19629,90,94,visitante,2023-24,0
2023_1118_1634_2457,2023-11-18T00:00:00+00:00,Rasta Vechta,2457,EWE Baskets Oldenburg,1634,85,67,local,2023-24,0
2023_1119_219_41,2023-11-19T00:00:00+00:00,MHP Riesen Ludwigsburg,41,FC Bayern Muenchen Basketball,219,84,92,visitante,2023-24,0
2023_1119_214_1510,2023-11-19T00:00:00+00:00,Telekom Baskets Bonn,1510,BG Goettingen,214,101,77,local,2023-24,0
2023_1119_10_450,2023-11-19T00:00:00+00:00,SYNTAINICS MBC Weissenfels,450,ALBA Berlin,10,108,75,local,2023-24,0
2023_1119_2745_127,2023-11-19T00:00:00+00:00,Ratiopharm Ulm,127,FITOne Wuerzburg Baskets,2745,88,83,local,2023-24,0
2023_1120_2315_215,2023-11-20T00:00:00+00:00,MLP Academics Heidelberg,215,Merlins Crailsheim,2315,93,86,local,2023-24,0
2023_1124_1791_19629,2023-11-24T00:00:00+00:00,Veolia Towers Hamburg,19629,NINERS Chemnitz,1791,87,96,visitante,2023-24,0
2023_1125_132_40,2023-11-25T00:00:00+00:00,Basketball Loewen Braunschweig,40,Bamberg Baskets,132,78,92,visitante,2023-24,0
2023_1125_127_2315,2023-11-25T00:00:00+00:00,Merlins Crailsheim,2315,Ratiopharm Ulm,127,87,94,visitante,2023-24,0
2023_1125_1774_214,2023-11-25T00:00:00+00:00,BG Goettingen,214,Rostock Seawolves,1774,92,96,visitante,2023-24,0
2023_1126_1510_215,2023-11-26T00:00:00+00:00,MLP Academics Heidelberg,215,Telekom Baskets Bonn,1510,69,92,visitante,2023-24,0
2023_1126_41_10,2023-11-26T00:00:00+00:00,ALBA Berlin,10,MHP Riesen Ludwigsburg,41,79,87,visitante,2023-24,0
2023_1126_447_1634,2023-11-26T00:00:00+00:00,EWE Baskets Oldenburg,1634,Baskets Paderborn,447,84,93,visitante,2023-24,0
2023_1126_2457_219,2023-11-26T00:00:00+00:00,FC Bayern Muenchen Basketball,219,Rasta Vechta,2457,85,81,local,2023-24,0
2023_1127_450_2745,2023-11-27T00:00:00+00:00,FITOne Wuerzburg Baskets,2745,SYNTAINICS MBC Weissenfels,450,88,72,local,2023-24,0
2023_1128_132_1774,2023-11-28T00:00:00+00:00,Rostock Seawolves,1774,Bamberg Baskets,132,83,93,visitante,2023-24,0
2023_1128_214_41,2023-11-28T00:00:00+00:00,MHP Riesen Ludwigsburg,41,BG Goettingen,214,104,76,local,2023-24,0
2023_1201_2745_2457,2023-12-01T00:00:00+00:00,Rasta Vechta,2457,FITOne Wuerzburg Baskets,2745,75,87,visitante,2023-24,0
2023_1202_214_132,2023-12-02T00:00:00+00:00,Bamberg Baskets,132,BG Goettingen,214,85,92,visitante,2023-24,0
2023_1202_450_19629,2023-12-02T00:00:00+00:00,Veolia Towers Hamburg,19629,SYNTAINICS MBC Weissenfels,450,86,81,local,2023-24,0
2023_1202_2315_447,2023-12-02T00:00:00+00:00,Baskets Paderborn,447,Merlins Crailsheim,2315,84,87,visitante,2023-24,0
2023_1202_215_41,2023-12-02T00:00:00+00:00,MHP Riesen Ludwigsburg,41,MLP Academics Heidelberg,215,75,72,local,2023-24,0
2023_1203_40_1510,2023-12-03T00:00:00+00:00,Telekom Baskets Bonn,1510,Basketball Loewen Braunschweig,40,102,94,local,2023-24,0
2023_1203_127_1774,2023-12-03T00:00:00+00:00,Rostock Seawolves,1774,Ratiopharm Ulm,127,107,89,local,2023-24,0
2023_1203_1634_1791,2023-12-03T00:00:00+00:00,NINERS Chemnitz,1791,EWE Baskets Oldenburg,1634,79,58,local,2023-24,0
2023_1213_1510_40,2023-12-13T00:00:00+00:00,Basketball Loewen Braunschweig,40,Telekom Baskets Bonn,1510,80,76,local,2023-24,0
2023_1215_19629_447,2023-12-15T00:00:00+00:00,Baskets Paderborn,447,Veolia Towers Hamburg,19629,86,94,visitante,2023-24,0
2023_1216_2745_1510,2023-12-16T00:00:00+00:00,Telekom Baskets Bonn,1510,FITOne Wuerzburg Baskets,2745,78,97,visitante,2023-24,0
2023_1216_1791_215,2023-12-16T00:00:00+00:00,MLP Academics Heidelberg,215,NINERS Chemnitz,1791,69,93,visitante,2023-24,0
2023_1216_214_2457,2023-12-16T00:00:00+00:00,Rasta Vechta,2457,BG Goettingen,214,90,86,local,2023-24,0
2023_1217_41_450,2023-12-17T00:00:00+00:00,SYNTAINICS MBC Weissenfels,450,MHP Riesen Ludwigsburg,41,81,78,local,2023-24,0
2023_1217_1774_40,2023-12-17T00:00:00+00:00,Basketball Loewen Braunschweig,40,Rostock Seawolves,1774,78,101,visitante,2023-24,0
2023_1217_219_127,2023-12-17T00:00:00+00:00,Ratiopharm Ulm,127,FC Bayern Muenchen Basketball,219,80,95,visitante,2023-24,0
2023_1217_1634_10,2023-12-17T00:00:00+00:00,ALBA Berlin,10,EWE Baskets Oldenburg,1634,90,85,local,2023-24,0
2023_1218_132_2315,2023-12-18T00:00:00+00:00,Merlins Crailsheim,2315,Bamberg Baskets,132,87,97,visitante,2023-24,0
2023_1220_2457_1791,2023-12-20T00:00:00+00:00,NINERS Chemnitz,1791,Rasta Vechta,2457,81,80,local,2023-24,0
2023_1222_127_215,2023-12-22T00:00:00+00:00,MLP Academics Heidelberg,215,Ratiopharm Ulm,127,89,98,visitante,2023-24,0
2023_1222_447_132,2023-12-22T00:00:00+00:00,Bamberg Baskets,132,Baskets Paderborn,447,92,99,visitante,2023-24,0
2023_1223_40_41,2023-12-23T00:00:00+00:00,MHP Riesen Ludwigsburg,41,Basketball Loewen Braunschweig,40,82,83,visitante,2023-24,0
2023_1223_450_1634,2023-12-23T00:00:00+00:00,EWE Baskets Oldenburg,1634,SYNTAINICS MBC Weissenfels,450,89,71,local,2023-24,0
2023_1223_1510_19629,2023-12-23T00:00:00+00:00,Veolia Towers Hamburg,19629,Telekom Baskets Bonn,1510,94,108,visitante,2023-24,0
2023_1223_2315_2745,2023-12-23T00:00:00+00:00,FITOne Wuerzburg Baskets,2745,Merlins Crailsheim,2315,98,96,local,2023-24,0
2023_1226_1791_2315,2023-12-26T00:00:00+00:00,Merlins Crailsheim,2315,NINERS Chemnitz,1791,67,95,visitante,2023-24,0
2023_1226_447_219,2023-12-26T00:00:00+00:00,FC Bayern Muenchen Basketball,219,Baskets Paderborn,447,96,74,local,2023-24,0
2023_1226_1774_1510,2023-12-26T00:00:00+00:00,Telekom Baskets Bonn,1510,Rostock Seawolves,1774,92,98,visitante,2023-24,0
2023_1226_450_2457,2023-12-26T00:00:00+00:00,Rasta Vechta,2457,SYNTAINICS MBC Weissenfels,450,100,74,local,2023-24,0
2023_1227_215_214,2023-12-27T00:00:00+00:00,BG Goettingen,214,MLP Academics Heidelberg,215,113,109,local,2023-24,0
2023_1227_132_2745,2023-12-27T00:00:00+00:00,FITOne Wuerzburg Baskets,2745,Bamberg Baskets,132,83,78,local,2023-24,0
2023_1227_41_1634,2023-12-27T00:00:00+00:00,EWE Baskets Oldenburg,1634,MHP Riesen Ludwigsburg,41,80,104,visitante,2023-24,0
2023_1229_2745_1634,2023-12-29T00:00:00+00:00,EWE Baskets Oldenburg,1634,FITOne Wuerzburg Baskets,2745,78,83,visitante,2023-24,0
2023_1229_1510_132,2023-12-29T00:00:00+00:00,Bamberg Baskets,132,Telekom Baskets Bonn,1510,74,88,visitante,2023-24,0
2023_1229_450_127,2023-12-29T00:00:00+00:00,Ratiopharm Ulm,127,SYNTAINICS MBC Weissenfels,450,107,75,local,2023-24,0
2023_1230_40_214,2023-12-30T00:00:00+00:00,BG Goettingen,214,Basketball Loewen Braunschweig,40,82,110,visitante,2023-24,0
2023_1230_2457_1774,2023-12-30T00:00:00+00:00,Rostock Seawolves,1774,Rasta Vechta,2457,81,85,visitante,2023-24,0
2023_1230_219_215,2023-12-30T00:00:00+00:00,MLP Academics Heidelberg,215,FC Bayern Muenchen Basketball,219,57,83,visitante,2023-24,0
2023_1230_2315_19629,2023-12-30T00:00:00+00:00,Veolia Towers Hamburg,19629,Merlins Crailsheim,2315,89,84,local,2023-24,0
2023_1230_41_447,2023-12-30T00:00:00+00:00,Baskets Paderborn,447,MHP Riesen Ludwigsburg,41,94,104,visitante,2023-24,0
2023_1231_10_1791,2023-12-31T00:00:00+00:00,NINERS Chemnitz,1791,ALBA Berlin,10,90,101,visitante,2023-24,0
2024_0102_127_40,2024-01-02T00:00:00+00:00,Basketball Loewen Braunschweig,40,Ratiopharm Ulm,127,73,90,visitante,2023-24,0
2024_0105_215_2457,2024-01-05T00:00:00+00:00,Rasta Vechta,2457,MLP Academics Heidelberg,215,113,76,local,2023-24,0
2024_0106_214_127,2024-01-06T00:00:00+00:00,Ratiopharm Ulm,127,BG Goettingen,214,100,90,local,2023-24,0
2024_0106_19629_40,2024-01-06T00:00:00+00:00,Basketball Loewen Braunschweig,40,Veolia Towers Hamburg,19629,72,81,visitante,2023-24,0
2024_0106_1791_41,2024-01-06T00:00:00+00:00,MHP Riesen Ludwigsburg,41,NINERS Chemnitz,1791,66,85,visitante,2023-24,0
2024_0106_2315_450,2024-01-06T00:00:00+00:00,SYNTAINICS MBC Weissenfels,450,Merlins Crailsheim,2315,76,87,visitante,2023-24,0
2024_0107_132_10,2024-01-07T00:00:00+00:00,ALBA Berlin,10,Bamberg Baskets,132,77,97,visitante,2023-24,0
2024_0107_1774_219,2024-01-07T00:00:00+00:00,FC Bayern Muenchen Basketball,219,Rostock Seawolves,1774,91,85,local,2023-24,0
2024_0107_1634_1510,2024-01-07T00:00:00+00:00,Telekom Baskets Bonn,1510,EWE Baskets Oldenburg,1634,108,83,local,2023-24,0
2024_0108_447_2745,2024-01-08T00:00:00+00:00,FITOne Wuerzburg Baskets,2745,Baskets Paderborn,447,107,101,local,2023-24,0
2024_0112_1510_1791,2024-01-12T00:00:00+00:00,NINERS Chemnitz,1791,Telekom Baskets Bonn,1510,85,77,local,2023-24,0
2024_0113_1774_19629,2024-01-13T00:00:00+00:00,Veolia Towers Hamburg,19629,Rostock Seawolves,1774,111,94,local,2023-24,0
2024_0113_127_2457,2024-01-13T00:00:00+00:00,Rasta Vechta,2457,Ratiopharm Ulm,127,106,102,local,2023-24,0
2024_0113_41_2315,2024-01-13T00:00:00+00:00,Merlins Crailsheim,2315,MHP Riesen Ludwigsburg,41,59,106,visitante,2023-24,0
2024_0113_1634_214,2024-01-13T00:00:00+00:00,BG Goettingen,214,EWE Baskets Oldenburg,1634,85,106,visitante,2023-24,0
2024_0114_10_2745,2024-01-14T00:00:00+00:00,FITOne Wuerzburg Baskets,2745,ALBA Berlin,10,82,90,visitante,2023-24,0
2024_0114_40_215,2024-01-14T00:00:00+00:00,MLP Academics Heidelberg,215,Basketball Loewen Braunschweig,40,84,83,local,2023-24,0
2024_0114_450_447,2024-01-14T00:00:00+00:00,Baskets Paderborn,447,SYNTAINICS MBC Weissenfels,450,78,114,visitante,2023-24,0
2024_0114_219_132,2024-01-14T00:00:00+00:00,Bamberg Baskets,132,FC Bayern Muenchen Basketball,219,69,91,visitante,2023-24,0
2024_0119_132_127,2024-01-19T00:00:00+00:00,Ratiopharm Ulm,127,Bamberg Baskets,132,84,76,local,2023-24,0
2024_0120_19629_1634,2024-01-20T00:00:00+00:00,EWE Baskets Oldenburg,1634,Veolia Towers Hamburg,19629,91,80,local,2023-24,0
2024_0120_1774_2745,2024-01-20T00:00:00+00:00,FITOne Wuerzburg Baskets,2745,Rostock Seawolves,1774,91,78,local,2023-24,0
2024_0120_2315_40,2024-01-20T00:00:00+00:00,Basketball Loewen Braunschweig,40,Merlins Crailsheim,2315,80,70,local,2023-24,0
2024_0121_1791_219,2024-01-21T00:00:00+00:00,FC Bayern Muenchen Basketball,219,NINERS Chemnitz,1791,86,73,local,2023-24,0
2024_0121_447_214,2024-01-21T00:00:00+00:00,BG Goettingen,214,Baskets Paderborn,447,116,95,local,2023-24,0
2024_0121_1510_10,2024-01-21T00:00:00+00:00,ALBA Berlin,10,Telekom Baskets Bonn,1510,95,87,local,2023-24,0
2024_0121_41_2457,2024-01-21T00:00:00+00:00,Rasta Vechta,2457,MHP Riesen Ludwigsburg,41,74,77,visitante,2023-24,0
2024_0122_215_450,2024-01-22T00:00:00+00:00,SYNTAINICS MBC Weissenfels,450,MLP Academics Heidelberg,215,111,90,local,2023-24,0
2024_0126_450_1510,2024-01-26T00:00:00+00:00,Telekom Baskets Bonn,1510,SYNTAINICS MBC Weissenfels,450,100,92,local,2023-24,0
2024_0127_40_132,2024-01-27T00:00:00+00:00,Bamberg Baskets,132,Basketball Loewen Braunschweig,40,90,91,visitante,2023-24,0
2024_0127_214_1774,2024-01-27T00:00:00+00:00,Rostock Seawolves,1774,BG Goettingen,214,90,104,visitante,2023-24,0
2024_0127_215_1791,2024-01-27T00:00:00+00:00,NINERS Chemnitz,1791,MLP Academics Heidelberg,215,99,77,local,2023-24,0
2024_0127_1634_41,2024-01-27T00:00:00+00:00,MHP Riesen Ludwigsburg,41,EWE Baskets Oldenburg,1634,85,91,visitante,2023-24,0
2024_0127_127_447,2024-01-27T00:00:00+00:00,Baskets Paderborn,447,Ratiopharm Ulm,127,97,76,local,2023-24,0
2024_0128_219_2315,2024-01-28T00:00:00+00:00,Merlins Crailsheim,2315,FC Bayern Muenchen Basketball,219,81,98,visitante,2023-24,0
2024_0128_2457_19629,2024-01-28T00:00:00+00:00,Veolia Towers Hamburg,19629,Rasta Vechta,2457,71,79,visitante,2023-24,0
2024_0128_2745_10,2024-01-28T00:00:00+00:00,ALBA Berlin,10,FITOne Wuerzburg Baskets,2745,75,76,visitante,2023-24,0
2024_0202_447_2315,2024-02-02T00:00:00+00:00,Merlins Crailsheim,2315,Baskets Paderborn,447,96,85,local,2023-24,0
2024_0203_132_450,2024-02-03T00:00:00+00:00,SYNTAINICS MBC Weissenfels,450,Bamberg Baskets,132,78,108,visitante,2023-24,0
2024_0203_19629_1510,2024-02-03T00:00:00+00:00,Telekom Baskets Bonn,1510,Veolia Towers Hamburg,19629,87,80,local,2023-24,0
2024_0203_41_214,2024-02-03T00:00:00+00:00,BG Goettingen,214,MHP Riesen Ludwigsburg,41,72,97,visitante,2023-24,0
2024_0203_1774_1791,2024-02-03T00:00:00+00:00,NINERS Chemnitz,1791,Rostock Seawolves,1774,94,90,local,2023-24,0
2024_0204_10_127,2024-02-04T00:00:00+00:00,Ratiopharm Ulm,127,ALBA Berlin,10,88,98,visitante,2023-24,0
2024_0204_40_2745,2024-02-04T00:00:00+00:00,FITOne Wuerzburg Baskets,2745,Basketball Loewen Braunschweig,40,89,100,visitante,2023-24,0
2024_0204_2457_215,2024-02-04T00:00:00+00:00,MLP Academics Heidelberg,215,Rasta Vechta,2457,87,109,visitante,2023-24,0
2024_0205_219_1634,2024-02-05T00:00:00+00:00,EWE Baskets Oldenburg,1634,FC Bayern Muenchen Basketball,219,73,93,visitante,2023-24,0
2024_0209_215_40,2024-02-09T00:00:00+00:00,Basketball Loewen Braunschweig,40,MLP Academics Heidelberg,215,94,76,local,2023-24,0
2024_0209_2745_132,2024-02-09T00:00:00+00:00,Bamberg Baskets,132,FITOne Wuerzburg Baskets,2745,65,104,visitante,2023-24,0
2024_0210_1510_127,2024-02-10T00:00:00+00:00,Ratiopharm Ulm,127,Telekom Baskets Bonn,1510,97,98,visitante,2023-24,0
2024_0210_1791_1634,2024-02-10T00:00:00+00:00,EWE Baskets Oldenburg,1634,NINERS Chemnitz,1791,69,87,visitante,2023-24,0
2024_0210_2315_41,2024-02-10T00:00:00+00:00,MHP Riesen Ludwigsburg,41,Merlins Crailsheim,2315,100,89,local,2023-24,0
2024_0210_19629_1774,2024-02-10T00:00:00+00:00,Rostock Seawolves,1774,Veolia Towers Hamburg,19629,89,105,visitante,2023-24,0
2024_0211_214_447,2024-02-11T00:00:00+00:00,Baskets Paderborn,447,BG Goettingen,214,70,101,visitante,2023-24,0
2024_0211_450_219,2024-02-11T00:00:00+00:00,FC Bayern Muenchen Basketball,219,SYNTAINICS MBC Weissenfels,450,116,86,local,2023-24,0
2024_0211_2457_10,2024-02-11T00:00:00+00:00,ALBA Berlin,10,Rasta Vechta,2457,98,89,local,2023-24,0
2024_0213_132_215,2024-02-13T00:00:00+00:00,MLP Academics Heidelberg,215,Bamberg Baskets,132,83,98,visitante,2023-24,0
2024_0213_40_450,2024-02-13T00:00:00+00:00,SYNTAINICS MBC Weissenfels,450,Basketball Loewen Braunschweig,40,81,88,visitante,2023-24,0
2024_0213_219_1791,2024-02-13T00:00:00+00:00,NINERS Chemnitz,1791,FC Bayern Muenchen Basketball,219,80,89,visitante,2023-24,0
2024_0213_127_19629,2024-02-13T00:00:00+00:00,Veolia Towers Hamburg,19629,Ratiopharm Ulm,127,70,83,visitante,2023-24,0
2024_0213_10_214,2024-02-13T00:00:00+00:00,BG Goettingen,214,ALBA Berlin,10,85,108,visitante,2023-24,0
2024_0214_41_2745,2024-02-14T00:00:00+00:00,FITOne Wuerzburg Baskets,2745,MHP Riesen Ludwigsburg,41,94,91,local,2023-24,0
2024_0214_1634_2315,2024-02-14T00:00:00+00:00,Merlins Crailsheim,2315,EWE Baskets Oldenburg,1634,58,80,visitante,2023-24,0
2024_0214_1774_2457,2024-02-14T00:00:00+00:00,Rasta Vechta,2457,Rostock Seawolves,1774,92,77,local,2023-24,0
2024_0214_447_1510,2024-02-14T00:00:00+00:00,Telekom Baskets Bonn,1510,Baskets Paderborn,447,92,82,local,2023-24,0
2024_0228_219_214,2024-02-28T00:00:00+00:00,BG Goettingen,214,FC Bayern Muenchen Basketball,219,74,86,visitante,2023-24,0
2024_0301_2745_2315,2024-03-01T00:00:00+00:00,Merlins Crailsheim,2315,FITOne Wuerzburg Baskets,2745,80,86,visitante,2023-24,0
2024_0302_132_447,2024-03-02T00:00:00+00:00,Baskets Paderborn,447,Bamberg Baskets,132,76,97,visitante,2023-24,0
2024_0302_1791_127,2024-03-02T00:00:00+00:00,Ratiopharm Ulm,127,NINERS Chemnitz,1791,82,83,visitante,2023-24,0
2024_0302_450_1774,2024-03-02T00:00:00+00:00,Rostock Seawolves,1774,SYNTAINICS MBC Weissenfels,450,102,106,visitante,2023-24,0
2024_0302_2457_41,2024-03-02T00:00:00+00:00,MHP Riesen Ludwigsburg,41,Rasta Vechta,2457,86,72,local,2023-24,0
2024_0303_10_1634,2024-03-03T00:00:00+00:00,EWE Baskets Oldenburg,1634,ALBA Berlin,10,67,85,visitante,2023-24,0
2024_0303_214_215,2024-03-03T00:00:00+00:00,MLP Academics Heidelberg,215,BG Goettingen,214,91,94,visitante,2023-24,0
2024_0303_219_1510,2024-03-03T00:00:00+00:00,Telekom Baskets Bonn,1510,FC Bayern Muenchen Basketball,219,81,90,visitante,2023-24,0
2024_0309_1634_2745,2024-03-09T00:00:00+00:00,FITOne Wuerzburg Baskets,2745,EWE Baskets Oldenburg,1634,96,76,local,2023-24,0
2024_0309_127_214,2024-03-09T00:00:00+00:00,BG Goettingen,214,Ratiopharm Ulm,127,78,91,visitante,2023-24,0
2024_0309_2315_1791,2024-03-09T00:00:00+00:00,NINERS Chemnitz,1791,Merlins Crailsheim,2315,97,82,local,2023-24,0
2024_0309_41_132,2024-03-09T00:00:00+00:00,Bamberg Baskets,132,MHP Riesen Ludwigsburg,41,92,87,local,2023-24,0
2024_0309_447_450,2024-03-09T00:00:00+00:00,SYNTAINICS MBC Weissenfels,450,Baskets Paderborn,447,78,88,visitante,2023-24,0
2024_0310_215_1510,2024-03-10T00:00:00+00:00,Telekom Baskets Bonn,1510,MLP Academics Heidelberg,215,87,92,visitante,2023-24,0
2024_0310_40_19629,2024-03-10T00:00:00+00:00,Veolia Towers Hamburg,19629,Basketball Loewen Braunschweig,40,81,70,local,2023-24,0
2024_0310_219_2457,2024-03-10T00:00:00+00:00,Rasta Vechta,2457,FC Bayern Muenchen Basketball,219,90,88,local,2023-24,0
2024_0310_1774_10,2024-03-10T00:00:00+00:00,ALBA Berlin,10,Rostock Seawolves,1774,76,75,local,2023-24,0
2024_0313_2745_214,2024-03-13T00:00:00+00:00,BG Goettingen,214,FITOne Wuerzburg Baskets,2745,60,85,visitante,2023-24,0
2024_0315_41_40,2024-03-15T00:00:00+00:00,Basketball Loewen Braunschweig,40,MHP Riesen Ludwigsburg,41,82,86,visitante,2023-24,0
2024_0316_10_447,2024-03-16T00:00:00+00:00,Baskets Paderborn,447,ALBA Berlin,10,69,112,visitante,2023-24,0
2024_0316_215_1774,2024-03-16T00:00:00+00:00,Rostock Seawolves,1774,MLP Academics Heidelberg,215,86,88,visitante,2023-24,0
2024_0316_450_2315,2024-03-16T00:00:00+00:00,Merlins Crailsheim,2315,SYNTAINICS MBC Weissenfels,450,93,98,visitante,2023-24,0
2024_0317_132_1791,2024-03-17T00:00:00+00:00,NINERS Chemnitz,1791,Bamberg Baskets,132,106,84,local,2023-24,0
2024_0317_214_219,2024-03-17T00:00:00+00:00,FC Bayern Muenchen Basketball,219,BG Goettingen,214,77,71,local,2023-24,0
2024_0317_2745_19629,2024-03-17T00:00:00+00:00,Veolia Towers Hamburg,19629,FITOne Wuerzburg Baskets,2745,76,96,visitante,2023-24,0
2024_0318_2457_127,2024-03-18T00:00:00+00:00,Ratiopharm Ulm,127,Rasta Vechta,2457,81,86,visitante,2023-24,0
2024_0322_1774_132,2024-03-22T00:00:00+00:00,Bamberg Baskets,132,Rostock Seawolves,1774,98,91,local,2023-24,0
2024_0322_447_41,2024-03-22T00:00:00+00:00,MHP Riesen Ludwigsburg,41,Baskets Paderborn,447,98,79,local,2023-24,0
2024_0323_2315_214,2024-03-23T00:00:00+00:00,BG Goettingen,214,Merlins Crailsheim,2315,76,80,visitante,2023-24,0
2024_0323_1634_215,2024-03-23T00:00:00+00:00,MLP Academics Heidelberg,215,EWE Baskets Oldenburg,1634,77,99,visitante,2023-24,0
2024_0323_127_2745,2024-03-23T00:00:00+00:00,FITOne Wuerzburg Baskets,2745,Ratiopharm Ulm,127,79,87,visitante,2023-24,0
2024_0324_19629_219,2024-03-24T00:00:00+00:00,FC Bayern Muenchen Basketball,219,Veolia Towers Hamburg,19629,81,80,local,2023-24,0
2024_0324_1791_10,2024-03-24T00:00:00+00:00,ALBA Berlin,10,NINERS Chemnitz,1791,84,79,local,2023-24,0
2024_0325_40_2457,2024-03-25T00:00:00+00:00,Rasta Vechta,2457,Basketball Loewen Braunschweig,40,92,79,local,2023-24,0
2024_0326_1510_1634,2024-03-26T00:00:00+00:00,EWE Baskets Oldenburg,1634,Telekom Baskets Bonn,1510,85,100,visitante,2023-24,0
2024_0327_19629_450,2024-03-27T00:00:00+00:00,SYNTAINICS MBC Weissenfels,450,Veolia Towers Hamburg,19629,76,107,visitante,2023-24,0
2024_0330_450_1791,2024-03-30T00:00:00+00:00,NINERS Chemnitz,1791,SYNTAINICS MBC Weissenfels,450,111,95,local,2023-24,0
2024_0330_215_2315,2024-03-30T00:00:00+00:00,Merlins Crailsheim,2315,MLP Academics Heidelberg,215,86,90,visitante,2023-24,0
2024_0330_2745_447,2024-03-30T00:00:00+00:00,Baskets Paderborn,447,FITOne Wuerzburg Baskets,2745,81,96,visitante,2023-24,0
2024_0330_1510_2457,2024-03-30T00:00:00+00:00,Rasta Vechta,2457,Telekom Baskets Bonn,1510,77,80,visitante,2023-24,0
2024_0331_10_19629,2024-03-31T00:00:00+00:00,Veolia Towers Hamburg,19629,ALBA Berlin,10,65,85,visitante,2023-24,0
2024_0331_132_219,2024-03-31T00:00:00+00:00,FC Bayern Muenchen Basketball,219,Bamberg Baskets,132,99,81,local,2023-24,0
2024_0331_41_127,2024-03-31T00:00:00+00:00,Ratiopharm Ulm,127,MHP Riesen Ludwigsburg,41,94,60,local,2023-24,0
2024_0331_1774_1634,2024-03-31T00:00:00+00:00,EWE Baskets Oldenburg,1634,Rostock Seawolves,1774,99,64,local,2023-24,0
2024_0401_214_40,2024-04-01T00:00:00+00:00,Basketball Loewen Braunschweig,40,BG Goettingen,214,73,75,visitante,2023-24,0
2024_0405_447_1774,2024-04-05T00:00:00+00:00,Rostock Seawolves,1774,Baskets Paderborn,447,92,75,local,2023-24,0
2024_0406_1791_1510,2024-04-06T00:00:00+00:00,Telekom Baskets Bonn,1510,NINERS Chemnitz,1791,66,80,visitante,2023-24,0
2024_0406_2315_2457,2024-04-06T00:00:00+00:00,Rasta Vechta,2457,Merlins Crailsheim,2315,93,102,visitante,2023-24,0
2024_0406_1634_450,2024-04-06T00:00:00+00:00,SYNTAINICS MBC Weissenfels,450,EWE Baskets Oldenburg,1634,88,95,visitante,2023-24,0
2024_0406_127_132,2024-04-06T00:00:00+00:00,Bamberg Baskets,132,Ratiopharm Ulm,127,90,106,visitante,2023-24,0
2024_0407_219_40,2024-04-07T00:00:00+00:00,Basketball Loewen Braunschweig,40,FC Bayern Muenchen Basketball,219,61,91,visitante,2023-24,0
2024_0407_214_2745,2024-04-07T00:00:00+00:00,FITOne Wuerzburg Baskets,2745,BG Goettingen,214,75,67,local,2023-24,0
2024_0407_10_41,2024-04-07T00:00:00+00:00,MHP Riesen Ludwigsburg,41,ALBA Berlin,10,91,100,visitante,2023-24,0
2024_0408_19629_215,2024-04-08T00:00:00+00:00,MLP Academics Heidelberg,215,Veolia Towers Hamburg,19629,83,79,local,2023-24,0
2024_0413_40_2315,2024-04-13T00:00:00+00:00,Merlins Crailsheim,2315,Basketball Loewen Braunschweig,40,88,98,visitante,2023-24,0
2024_0413_1791_447,2024-04-13T00:00:00+00:00,Baskets Paderborn,447,NINERS Chemnitz,1791,82,113,visitante,2023-24,0
2024_0413_41_215,2024-04-13T00:00:00+00:00,MLP Academics Heidelberg,215,MHP Riesen Ludwigsburg,41,68,93,visitante,2023-24,0
2024_0413_2457_1634,2024-04-13T00:00:00+00:00,EWE Baskets Oldenburg,1634,Rasta Vechta,2457,88,82,local,2023-24,0
2024_0414_1510_214,2024-04-14T00:00:00+00:00,BG Goettingen,214,Telekom Baskets Bonn,1510,85,95,visitante,2023-24,0
2024_0414_132_19629,2024-04-14T00:00:00+00:00,Veolia Towers Hamburg,19629,Bamberg Baskets,132,80,86,visitante,2023-24,0
2024_0414_1774_127,2024-04-14T00:00:00+00:00,Ratiopharm Ulm,127,Rostock Seawolves,1774,96,71,local,2023-24,0
2024_0414_450_10,2024-04-14T00:00:00+00:00,ALBA Berlin,10,SYNTAINICS MBC Weissenfels,450,76,67,local,2023-24,0
2024_0414_2745_219,2024-04-14T00:00:00+00:00,FC Bayern Muenchen Basketball,219,FITOne Wuerzburg Baskets,2745,90,82,local,2023-24,0
2024_0417_19629_10,2024-04-17T00:00:00+00:00,ALBA Berlin,10,Veolia Towers Hamburg,19629,84,76,local,2023-24,0
2024_0419_447_2457,2024-04-19T00:00:00+00:00,Rasta Vechta,2457,Baskets Paderborn,447,88,77,local,2023-24,0
2024_0420_2315_1510,2024-04-20T00:00:00+00:00,Telekom Baskets Bonn,1510,Merlins Crailsheim,2315,89,98,visitante,2023-24,0
2024_0420_19629_41,2024-04-20T00:00:00+00:00,MHP Riesen Ludwigsburg,41,Veolia Towers Hamburg,19629,84,89,visitante,2023-24,0
2024_0420_1634_40,2024-04-20T00:00:00+00:00,Basketball Loewen Braunschweig,40,EWE Baskets Oldenburg,1634,66,87,visitante,2023-24,0
2024_0420_2745_1774,2024-04-20T00:00:00+00:00,Rostock Seawolves,1774,FITOne Wuerzburg Baskets,2745,95,86,local,2023-24,0
2024_0421_10_132,2024-04-21T00:00:00+00:00,Bamberg Baskets,132,ALBA Berlin,10,92,98,visitante,2023-24,0
2024_0421_214_1791,2024-04-21T00:00:00+00:00,NINERS Chemnitz,1791,BG Goettingen,214,99,100,visitante,2023-24,0
2024_0421_215_219,2024-04-21T00:00:00+00:00,FC Bayern Muenchen Basketball,219,MLP Academics Heidelberg,215,82,89,visitante,2023-24,0
2024_0421_127_450,2024-04-21T00:00:00+00:00,SYNTAINICS MBC Weissenfels,450,Ratiopharm Ulm,127,79,106,visitante,2023-24,0
2024_0424_10_1774,2024-04-24T00:00:00+00:00,Rostock Seawolves,1774,ALBA Berlin,10,74,91,visitante,2023-24,0
2024_0426_450_215,2024-04-26T00:00:00+00:00,MLP Academics Heidelberg,215,SYNTAINICS MBC Weissenfels,450,97,104,visitante,2023-24,0
2024_0427_132_214,2024-04-27T00:00:00+00:00,BG Goettingen,214,Bamberg Baskets,132,76,85,visitante,2023-24,0
2024_0427_1510_1774,2024-04-27T00:00:00+00:00,Rostock Seawolves,1774,Telekom Baskets Bonn,1510,89,112,visitante,2023-24,0
2024_0427_2315_127,2024-04-27T00:00:00+00:00,Ratiopharm Ulm,127,Merlins Crailsheim,2315,86,66,local,2023-24,0
2024_0427_41_1791,2024-04-27T00:00:00+00:00,NINERS Chemnitz,1791,MHP Riesen Ludwigsburg,41,93,96,visitante,2023-24,0
2024_0428_40_10,2024-04-28T00:00:00+00:00,ALBA Berlin,10,Basketball Loewen Braunschweig,40,81,90,visitante,2023-24,0
2024_0428_219_447,2024-04-28T00:00:00+00:00,Baskets Paderborn,447,FC Bayern Muenchen Basketball,219,73,92,visitante,2023-24,0
2024_0428_1634_19629,2024-04-28T00:00:00+00:00,Veolia Towers Hamburg,19629,EWE Baskets Oldenburg,1634,92,107,visitante,2023-24,0
2024_0428_2457_2745,2024-04-28T00:00:00+00:00,FITOne Wuerzburg Baskets,2745,Rasta Vechta,2457,89,87,local,2023-24,0
2024_0430_10_215,2024-04-30T00:00:00+00:00,MLP Academics Heidelberg,215,ALBA Berlin,10,89,96,visitante,2023-24,0
2024_0430_132_1510,2024-04-30T00:00:00+00:00,Telekom Baskets Bonn,1510,Bamberg Baskets,132,89,79,local,2023-24,0
2024_0430_19629_2315,2024-04-30T00:00:00+00:00,Merlins Crailsheim,2315,Veolia Towers Hamburg,19629,88,94,visitante,2023-24,0
2024_0430_1774_41,2024-04-30T00:00:00+00:00,MHP Riesen Ludwigsburg,41,Rostock Seawolves,1774,85,91,visitante,2023-24,0
2024_0430_2745_450,2024-04-30T00:00:00+00:00,SYNTAINICS MBC Weissenfels,450,FITOne Wuerzburg Baskets,2745,83,107,visitante,2023-24,0
2024_0501_1791_2457,2024-05-01T00:00:00+00:00,Rasta Vechta,2457,NINERS Chemnitz,1791,91,83,local,2023-24,0
2024_0501_214_1634,2024-05-01T00:00:00+00:00,EWE Baskets Oldenburg,1634,BG Goettingen,214,83,87,visitante,2023-24,0
2024_0501_447_40,2024-05-01T00:00:00+00:00,Basketball Loewen Braunschweig,40,Baskets Paderborn,447,81,68,local,2023-24,0
2024_0501_127_219,2024-05-01T00:00:00+00:00,FC Bayern Muenchen Basketball,219,Ratiopharm Ulm,127,81,74,local,2023-24,0
2024_0504_2315_132,2024-05-04T00:00:00+00:00,Bamberg Baskets,132,Merlins Crailsheim,2315,109,82,local,2023-24,0
2024_0504_19629_1791,2024-05-04T00:00:00+00:00,NINERS Chemnitz,1791,Veolia Towers Hamburg,19629,85,79,local,2023-24,0
2024_0504_215_127,2024-05-04T00:00:00+00:00,Ratiopharm Ulm,127,MLP Academics Heidelberg,215,73,57,local,2023-24,0
2024_0504_1634_447,2024-05-04T00:00:00+00:00,Baskets Paderborn,447,EWE Baskets Oldenburg,1634,63,79,visitante,2023-24,0
2024_0505_1510_2745,2024-05-05T00:00:00+00:00,FITOne Wuerzburg Baskets,2745,Telekom Baskets Bonn,1510,100,91,local,2023-24,0
2024_0505_40_1774,2024-05-05T00:00:00+00:00,Rostock Seawolves,1774,Basketball Loewen Braunschweig,40,70,76,visitante,2023-24,0
2024_0505_219_10,2024-05-05T00:00:00+00:00,ALBA Berlin,10,FC Bayern Muenchen Basketball,219,53,77,visitante,2023-24,0
2024_0505_450_41,2024-05-05T00:00:00+00:00,MHP Riesen Ludwigsburg,41,SYNTAINICS MBC Weissenfels,450,90,91,visitante,2023-24,0
2024_0505_2457_214,2024-05-05T00:00:00+00:00,BG Goettingen,214,Rasta Vechta,2457,75,81,visitante,2023-24,0
2024_0508_1791_40,2024-05-08T00:00:00+00:00,Basketball Loewen Braunschweig,40,NINERS Chemnitz,1791,68,82,visitante,2023-24,0
2024_0508_41_219,2024-05-08T00:00:00+00:00,FC Bayern Muenchen Basketball,219,MHP Riesen Ludwigsburg,41,85,80,local,2023-24,0
2024_0508_1774_2315,2024-05-08T00:00:00+00:00,Merlins Crailsheim,2315,Rostock Seawolves,1774,85,70,local,2023-24,0
2024_0508_2745_215,2024-05-08T00:00:00+00:00,MLP Academics Heidelberg,215,FITOne Wuerzburg Baskets,2745,84,98,visitante,2023-24,0
2024_0508_10_1510,2024-05-08T00:00:00+00:00,Telekom Baskets Bonn,1510,ALBA Berlin,10,69,90,visitante,2023-24,0
2024_0509_132_2457,2024-05-09T00:00:00+00:00,Rasta Vechta,2457,Bamberg Baskets,132,65,94,visitante,2023-24,0
2024_0509_214_450,2024-05-09T00:00:00+00:00,SYNTAINICS MBC Weissenfels,450,BG Goettingen,214,92,88,local,2023-24,0
2024_0509_447_19629,2024-05-09T00:00:00+00:00,Veolia Towers Hamburg,19629,Baskets Paderborn,447,93,78,local,2023-24,0
2024_0509_127_1634,2024-05-09T00:00:00+00:00,EWE Baskets Oldenburg,1634,Ratiopharm Ulm,127,74,91,visitante,2023-24,0
2024_0510_10_219,2024-05-10T00:00:00+00:00,FC Bayern Muenchen Basketball,219,ALBA Berlin,10,53,59,visitante,2023-24,0
2024_0512_40_127,2024-05-12T00:00:00+00:00,Ratiopharm Ulm,127,Basketball Loewen Braunschweig,40,77,72,local,2023-24,0
2024_0512_219_1774,2024-05-12T00:00:00+00:00,Rostock Seawolves,1774,FC Bayern Muenchen Basketball,219,73,101,visitante,2023-24,0
2024_0512_1510_41,2024-05-12T00:00:00+00:00,MHP Riesen Ludwigsburg,41,Telekom Baskets Bonn,1510,60,87,visitante,2023-24,0
2024_0512_1791_2745,2024-05-12T00:00:00+00:00,FITOne Wuerzburg Baskets,2745,NINERS Chemnitz,1791,66,79,visitante,2023-24,0
2024_0512_2315_10,2024-05-12T00:00:00+00:00,ALBA Berlin,10,Merlins Crailsheim,2315,103,83,local,2023-24,0
2024_0512_19629_214,2024-05-12T00:00:00+00:00,BG Goettingen,214,Veolia Towers Hamburg,19629,66,79,visitante,2023-24,0
2024_0512_215_447,2024-05-12T00:00:00+00:00,Baskets Paderborn,447,MLP Academics Heidelberg,215,78,93,visitante,2023-24,0
2024_0512_1634_132,2024-05-12T00:00:00+00:00,Bamberg Baskets,132,EWE Baskets Oldenburg,1634,84,107,visitante,2023-24,0
2024_0512_2457_450,2024-05-12T00:00:00+00:00,SYNTAINICS MBC Weissenfels,450,Rasta Vechta,2457,69,98,visitante,2023-24,0
2024_0514_1634_19629,2024-05-14T00:00:00+00:00,Veolia Towers Hamburg,19629,EWE Baskets Oldenburg,1634,93,81,local,2023-24,1
2024_0514_1510_41,2024-05-14T00:00:00+00:00,MHP Riesen Ludwigsburg,41,Telekom Baskets Bonn,1510,69,90,visitante,2023-24,1
2024_0516_41_19629,2024-05-16T00:00:00+00:00,Veolia Towers Hamburg,19629,MHP Riesen Ludwigsburg,41,78,91,visitante,2023-24,1
2024_0517_10_1510,2024-05-17T00:00:00+00:00,Telekom Baskets Bonn,1510,ALBA Berlin,10,68,94,visitante,2023-24,1
2024_0517_1791_2457,2024-05-17T00:00:00+00:00,Rasta Vechta,2457,NINERS Chemnitz,1791,77,83,visitante,2023-24,1
2024_0518_219_41,2024-05-18T00:00:00+00:00,MHP Riesen Ludwigsburg,41,FC Bayern Muenchen Basketball,219,102,98,local,2023-24,1
2024_0518_127_2745,2024-05-18T00:00:00+00:00,FITOne Wuerzburg Baskets,2745,Ratiopharm Ulm,127,78,65,local,2023-24,1
2024_0519_10_1510,2024-05-19T00:00:00+00:00,Telekom Baskets Bonn,1510,ALBA Berlin,10,70,83,visitante,2023-24,1
2024_0519_1791_2457,2024-05-19T00:00:00+00:00,Rasta Vechta,2457,NINERS Chemnitz,1791,96,87,local,2023-24,1
2024_0520_219_41,2024-05-20T00:00:00+00:00,MHP Riesen Ludwigsburg,41,FC Bayern Muenchen Basketball,219,67,83,visitante,2023-24,1
2024_0520_127_2745,2024-05-20T00:00:00+00:00,FITOne Wuerzburg Baskets,2745,Ratiopharm Ulm,127,64,100,visitante,2023-24,1
2024_0521_1510_10,2024-05-21T00:00:00+00:00,ALBA Berlin,10,Telekom Baskets Bonn,1510,93,86,local,2023-24,1
2024_0521_2457_1791,2024-05-21T00:00:00+00:00,NINERS Chemnitz,1791,Rasta Vechta,2457,84,76,local,2023-24,1
2024_0522_41_219,2024-05-22T00:00:00+00:00,FC Bayern Muenchen Basketball,219,MHP Riesen Ludwigsburg,41,84,73,local,2023-24,1
2024_0522_2745_127,2024-05-22T00:00:00+00:00,Ratiopharm Ulm,127,FITOne Wuerzburg Baskets,2745,79,82,visitante,2023-24,1
2024_0523_2457_1791,2024-05-23T00:00:00+00:00,NINERS Chemnitz,1791,Rasta Vechta,2457,84,67,local,2023-24,1
2024_0524_2745_127,2024-05-24T00:00:00+00:00,Ratiopharm Ulm,127,FITOne Wuerzburg Baskets,2745,72,75,visitante,2023-24,1
2024_0524_41_219,2024-05-24T00:00:00+00:00,FC Bayern Muenchen Basketball,219,MHP Riesen Ludwigsburg,41,76,69,local,2023-24,1
2024_0528_10_1791,2024-05-28T00:00:00+00:00,NINERS Chemnitz,1791,ALBA Berlin,10,95,82,local,2023-24,1
2024_0529_219_2745,2024-05-29T00:00:00+00:00,FITOne Wuerzburg Baskets,2745,FC Bayern Muenchen Basketball,219,76,91,visitante,2023-24,1
2024_0531_10_1791,2024-05-31T00:00:00+00:00,NINERS Chemnitz,1791,ALBA Berlin,10,64,86,visitante,2023-24,1
2024_0531_219_2745,2024-05-31T00:00:00+00:00,FITOne Wuerzburg Baskets,2745,FC Bayern Muenchen Basketball,219,75,99,visitante,2023-24,1
2024_0602_2745_219,2024-06-02T00:00:00+00:00,FC Bayern Muenchen Basketball,219,FITOne Wuerzburg Baskets,2745,75,61,local,2023-24,1
2024_0602_1791_10,2024-06-02T00:00:00+00:00,ALBA Berlin,10,NINERS Chemnitz,1791,72,84,visitante,2023-24,1
2024_0604_1791_10,2024-06-04T00:00:00+00:00,ALBA Berlin,10,NINERS Chemnitz,1791,96,85,local,2023-24,1
2024_0606_10_1791,2024-06-06T00:00:00+00:00,NINERS Chemnitz,1791,ALBA Berlin,10,84,97,visitante,2023-24,1
2024_0608_219_10,2024-06-08T00:00:00+00:00,ALBA Berlin,10,FC Bayern Muenchen Basketball,219,67,79,visitante,2023-24,1
2024_0610_219_10,2024-06-10T00:00:00+00:00,ALBA Berlin,10,FC Bayern Muenchen Basketball,219,79,70,local,2023-24,1
2024_0612_10_219,2024-06-12T00:00:00+00:00,FC Bayern Muenchen Basketball,219,ALBA Berlin,10,67,63,local,2023-24,1
2024_0614_10_219,2024-06-14T00:00:00+00:00,FC Bayern Muenchen Basketball,219,ALBA Berlin,10,88,82,local,2023-24,1
2024_0920_219_1791,2024-09-20T00:00:00+00:00,NINERS Chemnitz,1791,FC Bayern Muenchen Basketball,219,59,73,visitante,2024-25,0
2024_0921_1634_215,2024-09-21T00:00:00+00:00,MLP Academics Heidelberg,215,EWE Baskets Oldenburg,1634,82,105,visitante,2024-25,0
2024_0921_214_3361,2024-09-21T00:00:00+00:00,Fraport Skyliners Frankfurt,3361,BG Goettingen,214,100,72,local,2024-25,0
2024_0922_450_1774,2024-09-22T00:00:00+00:00,Rostock Seawolves,1774,SYNTAINICS MBC Weissenfels,450,87,84,local,2024-25,0
2024_0922_132_40,2024-09-22T00:00:00+00:00,Basketball Loewen Braunschweig,40,Bamberg Baskets,132,96,77,local,2024-25,0
2024_0922_1791_127,2024-09-22T00:00:00+00:00,Ratiopharm Ulm,127,NINERS Chemnitz,1791,90,86,local,2024-25,0
2024_0922_19629_10,2024-09-22T00:00:00+00:00,ALBA Berlin,10,Veolia Towers Hamburg,19629,80,97,visitante,2024-25,0
2024_0922_41_219,2024-09-22T00:00:00+00:00,FC Bayern Muenchen Basketball,219,MHP Riesen Ludwigsburg,41,70,78,visitante,2024-25,0
2024_0925_2457_1510,2024-09-25T00:00:00+00:00,Telekom Baskets Bonn,1510,Rasta Vechta,2457,75,83,visitante,2024-25,0
2024_0928_10_1634,2024-09-28T00:00:00+00:00,EWE Baskets Oldenburg,1634,ALBA Berlin,10,70,105,visitante,2024-25,0
2024_0928_127_2745,2024-09-28T00:00:00+00:00,FITOne Wuerzburg Baskets,2745,Ratiopharm Ulm,127,76,85,visitante,2024-25,0
2024_0928_1510_450,2024-09-28T00:00:00+00:00,SYNTAINICS MBC Weissenfels,450,Telekom Baskets Bonn,1510,80,95,visitante,2024-25,0
2024_0928_1774_214,2024-09-28T00:00:00+00:00,BG Goettingen,214,Rostock Seawolves,1774,74,102,visitante,2024-25,0
2024_0929_219_19629,2024-09-29T00:00:00+00:00,Veolia Towers Hamburg,19629,FC Bayern Muenchen Basketball,219,80,81,visitante,2024-25,0
2024_0929_215_2457,2024-09-29T00:00:00+00:00,Rasta Vechta,2457,MLP Academics Heidelberg,215,74,80,visitante,2024-25,0
2024_0929_3361_132,2024-09-29T00:00:00+00:00,Bamberg Baskets,132,Fraport Skyliners Frankfurt,3361,66,58,local,2024-25,0
2024_0930_40_41,2024-09-30T00:00:00+00:00,MHP Riesen Ludwigsburg,41,Basketball Loewen Braunschweig,40,71,91,visitante,2024-25,0
2024_1002_41_1774,2024-10-02T00:00:00+00:00,Rostock Seawolves,1774,MHP Riesen Ludwigsburg,41,64,70,visitante,2024-25,0
2024_1003_450_215,2024-10-03T00:00:00+00:00,MLP Academics Heidelberg,215,SYNTAINICS MBC Weissenfels,450,108,93,local,2024-25,0
2024_1005_1774_2745,2024-10-05T00:00:00+00:00,FITOne Wuerzburg Baskets,2745,Rostock Seawolves,1774,92,65,local,2024-25,0
2024_1005_40_215,2024-10-05T00:00:00+00:00,MLP Academics Heidelberg,215,Basketball Loewen Braunschweig,40,72,65,local,2024-25,0
2024_1005_127_41,2024-10-05T00:00:00+00:00,MHP Riesen Ludwigsburg,41,Ratiopharm Ulm,127,62,63,visitante,2024-25,0
2024_1006_3361_450,2024-10-06T00:00:00+00:00,SYNTAINICS MBC Weissenfels,450,Fraport Skyliners Frankfurt,3361,79,69,local,2024-25,0
2024_1006_214_219,2024-10-06T00:00:00+00:00,FC Bayern Muenchen Basketball,219,BG Goettingen,214,95,81,local,2024-25,0
2024_1006_1510_10,2024-10-06T00:00:00+00:00,ALBA Berlin,10,Telekom Baskets Bonn,1510,87,91,visitante,2024-25,0
2024_1006_1791_2457,2024-10-06T00:00:00+00:00,Rasta Vechta,2457,NINERS Chemnitz,1791,77,88,visitante,2024-25,0
2024_1007_19629_1634,2024-10-07T00:00:00+00:00,EWE Baskets Oldenburg,1634,Veolia Towers Hamburg,19629,78,87,visitante,2024-25,0
2024_1018_2745_19629,2024-10-18T00:00:00+00:00,Veolia Towers Hamburg,19629,FITOne Wuerzburg Baskets,2745,85,91,visitante,2024-25,0
2024_1019_1634_127,2024-10-19T00:00:00+00:00,Ratiopharm Ulm,127,EWE Baskets Oldenburg,1634,66,93,visitante,2024-25,0
2024_1019_2457_3361,2024-10-19T00:00:00+00:00,Fraport Skyliners Frankfurt,3361,Rasta Vechta,2457,80,74,local,2024-25,0
2024_1019_41_214,2024-10-19T00:00:00+00:00,BG Goettingen,214,MHP Riesen Ludwigsburg,41,62,91,visitante,2024-25,0
2024_1019_450_219,2024-10-19T00:00:00+00:00,FC Bayern Muenchen Basketball,219,SYNTAINICS MBC Weissenfels,450,75,79,visitante,2024-25,0
2024_1020_132_1774,2024-10-20T00:00:00+00:00,Rostock Seawolves,1774,Bamberg Baskets,132,89,75,local,2024-25,0
2024_1020_215_1510,2024-10-20T00:00:00+00:00,Telekom Baskets Bonn,1510,MLP Academics Heidelberg,215,95,76,local,2024-25,0
2024_1020_10_1791,2024-10-20T00:00:00+00:00,NINERS Chemnitz,1791,ALBA Berlin,10,81,78,local,2024-25,0
2024_1025_1634_132,2024-10-25T00:00:00+00:00,Bamberg Baskets,132,EWE Baskets Oldenburg,1634,59,67,visitante,2024-25,0
2024_1026_3361_215,2024-10-26T00:00:00+00:00,MLP Academics Heidelberg,215,Fraport Skyliners Frankfurt,3361,95,72,local,2024-25,0
2024_1026_127_2457,2024-10-26T00:00:00+00:00,Rasta Vechta,2457,Ratiopharm Ulm,127,76,85,visitante,2024-25,0
2024_1026_19629_450,2024-10-26T00:00:00+00:00,SYNTAINICS MBC Weissenfels,450,Veolia Towers Hamburg,19629,96,75,local,2024-25,0
2024_1027_10_40,2024-10-27T00:00:00+00:00,Basketball Loewen Braunschweig,40,ALBA Berlin,10,61,65,visitante,2024-25,0
2024_1027_1774_1791,2024-10-27T00:00:00+00:00,NINERS Chemnitz,1791,Rostock Seawolves,1774,68,60,local,2024-25,0
2024_1027_219_2745,2024-10-27T00:00:00+00:00,FITOne Wuerzburg Baskets,2745,FC Bayern Muenchen Basketball,219,69,70,visitante,2024-25,0
2024_1028_1510_41,2024-10-28T00:00:00+00:00,MHP Riesen Ludwigsburg,41,Telekom Baskets Bonn,1510,89,79,local,2024-25,0
2024_1101_1774_3361,2024-11-01T00:00:00+00:00,Fraport Skyliners Frankfurt,3361,Rostock Seawolves,1774,66,83,visitante,2024-25,0
2024_1102_215_2745,2024-11-02T00:00:00+00:00,FITOne Wuerzburg Baskets,2745,MLP Academics Heidelberg,215,72,67,local,2024-25,0
2024_1102_2457_41,2024-11-02T00:00:00+00:00,MHP Riesen Ludwigsburg,41,Rasta Vechta,2457,77,79,visitante,2024-25,0
2024_1102_127_19629,2024-11-02T00:00:00+00:00,Veolia Towers Hamburg,19629,Ratiopharm Ulm,127,72,82,visitante,2024-25,0
2024_1103_10_132,2024-11-03T00:00:00+00:00,Bamberg Baskets,132,ALBA Berlin,10,87,82,local,2024-25,0
2024_1103_214_1791,2024-11-03T00:00:00+00:00,NINERS Chemnitz,1791,BG Goettingen,214,96,88,local,2024-25,0
2024_1103_1634_450,2024-11-03T00:00:00+00:00,SYNTAINICS MBC Weissenfels,450,EWE Baskets Oldenburg,1634,92,77,local,2024-25,0
2024_1103_219_40,2024-11-03T00:00:00+00:00,Basketball Loewen Braunschweig,40,FC Bayern Muenchen Basketball,219,72,90,visitante,2024-25,0
2024_1108_132_2457,2024-11-08T00:00:00+00:00,Rasta Vechta,2457,Bamberg Baskets,132,101,98,local,2024-25,0
2024_1109_127_10,2024-11-09T00:00:00+00:00,ALBA Berlin,10,Ratiopharm Ulm,127,96,88,local,2024-25,0
2024_1109_215_214,2024-11-09T00:00:00+00:00,BG Goettingen,214,MLP Academics Heidelberg,215,73,95,visitante,2024-25,0
2024_1110_40_2745,2024-11-10T00:00:00+00:00,FITOne Wuerzburg Baskets,2745,Basketball Loewen Braunschweig,40,70,53,local,2024-25,0
2024_1110_1510_1774,2024-11-10T00:00:00+00:00,Rostock Seawolves,1774,Telekom Baskets Bonn,1510,64,69,visitante,2024-25,0
2024_1110_1634_1791,2024-11-10T00:00:00+00:00,NINERS Chemnitz,1791,EWE Baskets Oldenburg,1634,87,78,local,2024-25,0
2024_1115_19629_215,2024-11-15T00:00:00+00:00,MLP Academics Heidelberg,215,Veolia Towers Hamburg,19629,73,68,local,2024-25,0
2024_1116_1791_40,2024-11-16T00:00:00+00:00,Basketball Loewen Braunschweig,40,NINERS Chemnitz,1791,82,74,local,2024-25,0
2024_1116_3361_1634,2024-11-16T00:00:00+00:00,EWE Baskets Oldenburg,1634,Fraport Skyliners Frankfurt,3361,102,92,local,2024-25,0
2024_1116_450_132,2024-11-16T00:00:00+00:00,Bamberg Baskets,132,SYNTAINICS MBC Weissenfels,450,94,99,visitante,2024-25,0
2024_1117_1510_219,2024-11-17T00:00:00+00:00,FC Bayern Muenchen Basketball,219,Telekom Baskets Bonn,1510,93,73,local,2024-25,0
2024_1117_214_127,2024-11-17T00:00:00+00:00,Ratiopharm Ulm,127,BG Goettingen,214,109,70,local,2024-25,0
2024_1117_10_2457,2024-11-17T00:00:00+00:00,Rasta Vechta,2457,ALBA Berlin,10,96,93,local,2024-25,0
2024_1117_2745_41,2024-11-17T00:00:00+00:00,MHP Riesen Ludwigsburg,41,FITOne Wuerzburg Baskets,2745,82,91,visitante,2024-25,0
2024_1130_2745_1791,2024-11-30T00:00:00+00:00,NINERS Chemnitz,1791,FITOne Wuerzburg Baskets,2745,81,77,local,2024-25,0
2024_1130_3361_19629,2024-11-30T00:00:00+00:00,Veolia Towers Hamburg,19629,Fraport Skyliners Frankfurt,3361,91,78,local,2024-25,0
2024_1130_1774_215,2024-11-30T00:00:00+00:00,MLP Academics Heidelberg,215,Rostock Seawolves,1774,86,81,local,2024-25,0
2024_1201_41_10,2024-12-01T00:00:00+00:00,ALBA Berlin,10,MHP Riesen Ludwigsburg,41,60,74,visitante,2024-25,0
2024_1201_450_40,2024-12-01T00:00:00+00:00,Basketball Loewen Braunschweig,40,SYNTAINICS MBC Weissenfels,450,76,70,local,2024-25,0
2024_1201_2457_219,2024-12-01T00:00:00+00:00,FC Bayern Muenchen Basketball,219,Rasta Vechta,2457,77,78,visitante,2024-25,0
2024_1201_127_1510,2024-12-01T00:00:00+00:00,Telekom Baskets Bonn,1510,Ratiopharm Ulm,127,75,95,visitante,2024-25,0
2024_1202_132_214,2024-12-02T00:00:00+00:00,BG Goettingen,214,Bamberg Baskets,132,97,88,local,2024-25,0
2024_1206_1510_1634,2024-12-06T00:00:00+00:00,EWE Baskets Oldenburg,1634,Telekom Baskets Bonn,1510,91,96,visitante,2024-25,0
2024_1210_3361_2745,2024-12-10T00:00:00+00:00,FITOne Wuerzburg Baskets,2745,Fraport Skyliners Frankfurt,3361,89,70,local,2024-25,0
2024_1213_40_3361,2024-12-13T00:00:00+00:00,Fraport Skyliners Frankfurt,3361,Basketball Loewen Braunschweig,40,91,92,visitante,2024-25,0
2024_1214_1510_132,2024-12-14T00:00:00+00:00,Bamberg Baskets,132,Telekom Baskets Bonn,1510,92,73,local,2024-25,0
2024_1214_215_127,2024-12-14T00:00:00+00:00,Ratiopharm Ulm,127,MLP Academics Heidelberg,215,67,69,visitante,2024-25,0
2024_1214_19629_2457,2024-12-14T00:00:00+00:00,Rasta Vechta,2457,Veolia Towers Hamburg,19629,69,79,visitante,2024-25,0
2024_1215_1791_41,2024-12-15T00:00:00+00:00,MHP Riesen Ludwigsburg,41,NINERS Chemnitz,1791,69,65,local,2024-25,0
2024_1215_214_1634,2024-12-15T00:00:00+00:00,EWE Baskets Oldenburg,1634,BG Goettingen,214,111,94,local,2024-25,0
2024_1215_219_1774,2024-12-15T00:00:00+00:00,Rostock Seawolves,1774,FC Bayern Muenchen Basketball,219,70,80,visitante,2024-25,0
2024_1218_41_450,2024-12-18T00:00:00+00:00,SYNTAINICS MBC Weissenfels,450,MHP Riesen Ludwigsburg,41,76,70,local,2024-25,0
2024_1221_450_2745,2024-12-21T00:00:00+00:00,FITOne Wuerzburg Baskets,2745,SYNTAINICS MBC Weissenfels,450,86,76,local,2024-25,0
2024_1221_1774_40,2024-12-21T00:00:00+00:00,Basketball Loewen Braunschweig,40,Rostock Seawolves,1774,80,63,local,2024-25,0
2024_1221_1510_1791,2024-12-21T00:00:00+00:00,NINERS Chemnitz,1791,Telekom Baskets Bonn,1510,88,123,visitante,2024-25,0
2024_1221_41_19629,2024-12-21T00:00:00+00:00,Veolia Towers Hamburg,19629,MHP Riesen Ludwigsburg,41,66,73,visitante,2024-25,0
2024_1222_1634_219,2024-12-22T00:00:00+00:00,FC Bayern Muenchen Basketball,219,EWE Baskets Oldenburg,1634,89,75,local,2024-25,0
2024_1222_10_214,2024-12-22T00:00:00+00:00,BG Goettingen,214,ALBA Berlin,10,83,109,visitante,2024-25,0
2024_1222_132_215,2024-12-22T00:00:00+00:00,MLP Academics Heidelberg,215,Bamberg Baskets,132,68,79,visitante,2024-25,0
2024_1223_127_3361,2024-12-23T00:00:00+00:00,Fraport Skyliners Frankfurt,3361,Ratiopharm Ulm,127,87,85,local,2024-25,0
2024_1226_2745_1510,2024-12-26T00:00:00+00:00,Telekom Baskets Bonn,1510,FITOne Wuerzburg Baskets,2745,81,90,visitante,2024-25,0
2024_1226_3361_41,2024-12-26T00:00:00+00:00,MHP Riesen Ludwigsburg,41,Fraport Skyliners Frankfurt,3361,82,61,local,2024-25,0
2024_1226_19629_1774,2024-12-26T00:00:00+00:00,Rostock Seawolves,1774,Veolia Towers Hamburg,19629,92,78,local,2024-25,0
2024_1227_1791_132,2024-12-27T00:00:00+00:00,Bamberg Baskets,132,NINERS Chemnitz,1791,81,80,local,2024-25,0
2024_1227_1634_40,2024-12-27T00:00:00+00:00,Basketball Loewen Braunschweig,40,EWE Baskets Oldenburg,1634,83,82,local,2024-25,0
2024_1228_10_450,2024-12-28T00:00:00+00:00,SYNTAINICS MBC Weissenfels,450,ALBA Berlin,10,94,76,local,2024-25,0
2024_1229_214_1510,2024-12-29T00:00:00+00:00,Telekom Baskets Bonn,1510,BG Goettingen,214,80,67,local,2024-25,0
2024_1229_1634_2457,2024-12-29T00:00:00+00:00,Rasta Vechta,2457,EWE Baskets Oldenburg,1634,98,91,local,2024-25,0
2024_1229_219_3361,2024-12-29T00:00:00+00:00,Fraport Skyliners Frankfurt,3361,FC Bayern Muenchen Basketball,219,84,91,visitante,2024-25,0
2024_1230_450_1791,2024-12-30T00:00:00+00:00,NINERS Chemnitz,1791,SYNTAINICS MBC Weissenfels,450,82,72,local,2024-25,0
2024_1230_40_19629,2024-12-30T00:00:00+00:00,Veolia Towers Hamburg,19629,Basketball Loewen Braunschweig,40,86,91,visitante,2024-25,0
2024_1230_215_41,2024-12-30T00:00:00+00:00,MHP Riesen Ludwigsburg,41,MLP Academics Heidelberg,215,63,67,visitante,2024-25,0
2024_1230_132_2745,2024-12-30T00:00:00+00:00,FITOne Wuerzburg Baskets,2745,Bamberg Baskets,132,70,82,visitante,2024-25,0
2024_1231_1774_10,2024-12-31T00:00:00+00:00,ALBA Berlin,10,Rostock Seawolves,1774,85,96,visitante,2024-25,0
2025_0102_127_132,2025-01-02T00:00:00+00:00,Bamberg Baskets,132,Ratiopharm Ulm,127,77,98,visitante,2024-25,0
2025_0103_214_2745,2025-01-03T00:00:00+00:00,FITOne Wuerzburg Baskets,2745,BG Goettingen,214,79,78,local,2024-25,0
2025_0104_2457_1774,2025-01-04T00:00:00+00:00,Rostock Seawolves,1774,Rasta Vechta,2457,87,83,local,2024-25,0
2025_0104_127_450,2025-01-04T00:00:00+00:00,SYNTAINICS MBC Weissenfels,450,Ratiopharm Ulm,127,89,92,visitante,2024-25,0
2025_0104_3361_1791,2025-01-04T00:00:00+00:00,NINERS Chemnitz,1791,Fraport Skyliners Frankfurt,3361,85,66,local,2024-25,0
2025_0105_219_10,2025-01-05T00:00:00+00:00,ALBA Berlin,10,FC Bayern Muenchen Basketball,219,88,81,local,2024-25,0
2025_0105_1510_40,2025-01-05T00:00:00+00:00,Basketball Loewen Braunschweig,40,Telekom Baskets Bonn,1510,74,94,visitante,2024-25,0
2025_0105_41_1634,2025-01-05T00:00:00+00:00,EWE Baskets Oldenburg,1634,MHP Riesen Ludwigsburg,41,70,64,local,2024-25,0
2025_0106_19629_132,2025-01-06T00:00:00+00:00,Bamberg Baskets,132,Veolia Towers Hamburg,19629,80,83,visitante,2024-25,0
2025_0110_1510_19629,2025-01-10T00:00:00+00:00,Veolia Towers Hamburg,19629,Telekom Baskets Bonn,1510,91,84,local,2024-25,0
2025_0111_40_214,2025-01-11T00:00:00+00:00,BG Goettingen,214,Basketball Loewen Braunschweig,40,86,107,visitante,2024-25,0
2025_0111_2745_1634,2025-01-11T00:00:00+00:00,EWE Baskets Oldenburg,1634,FITOne Wuerzburg Baskets,2745,96,85,local,2024-25,0
2025_0111_1774_127,2025-01-11T00:00:00+00:00,Ratiopharm Ulm,127,Rostock Seawolves,1774,82,72,local,2024-25,0
2025_0111_450_2457,2025-01-11T00:00:00+00:00,Rasta Vechta,2457,SYNTAINICS MBC Weissenfels,450,87,79,local,2024-25,0
2025_0112_10_3361,2025-01-12T00:00:00+00:00,Fraport Skyliners Frankfurt,3361,ALBA Berlin,10,61,75,visitante,2024-25,0
2025_0112_132_41,2025-01-12T00:00:00+00:00,MHP Riesen Ludwigsburg,41,Bamberg Baskets,132,92,73,local,2024-25,0
2025_0112_219_215,2025-01-12T00:00:00+00:00,MLP Academics Heidelberg,215,FC Bayern Muenchen Basketball,219,59,87,visitante,2024-25,0
2025_0117_19629_1791,2025-01-17T00:00:00+00:00,NINERS Chemnitz,1791,Veolia Towers Hamburg,19629,69,60,local,2024-25,0
2025_0118_215_10,2025-01-18T00:00:00+00:00,ALBA Berlin,10,MLP Academics Heidelberg,215,92,65,local,2024-25,0
2025_0118_1634_1774,2025-01-18T00:00:00+00:00,Rostock Seawolves,1774,EWE Baskets Oldenburg,1634,122,118,local,2024-25,0
2025_0118_214_450,2025-01-18T00:00:00+00:00,SYNTAINICS MBC Weissenfels,450,BG Goettingen,214,93,91,local,2024-25,0
2025_0119_127_40,2025-01-19T00:00:00+00:00,Basketball Loewen Braunschweig,40,Ratiopharm Ulm,127,98,99,visitante,2024-25,0
2025_0119_3361_1510,2025-01-19T00:00:00+00:00,Telekom Baskets Bonn,1510,Fraport Skyliners Frankfurt,3361,70,77,visitante,2024-25,0
2025_0120_2457_2745,2025-01-20T00:00:00+00:00,FITOne Wuerzburg Baskets,2745,Rasta Vechta,2457,74,86,visitante,2024-25,0
2025_0124_1791_2457,2025-01-24T00:00:00+00:00,Rasta Vechta,2457,NINERS Chemnitz,1791,89,66,local,2024-25,0
2025_0125_450_214,2025-01-25T00:00:00+00:00,BG Goettingen,214,SYNTAINICS MBC Weissenfels,450,80,94,visitante,2024-25,0
2025_0125_40_41,2025-01-25T00:00:00+00:00,MHP Riesen Ludwigsburg,41,Basketball Loewen Braunschweig,40,69,83,visitante,2024-25,0
2025_0125_1510_127,2025-01-25T00:00:00+00:00,Ratiopharm Ulm,127,Telekom Baskets Bonn,1510,84,75,local,2024-25,0
2025_0126_132_219,2025-01-26T00:00:00+00:00,FC Bayern Muenchen Basketball,219,Bamberg Baskets,132,84,82,local,2024-25,0
2025_0126_2745_19629,2025-01-26T00:00:00+00:00,Veolia Towers Hamburg,19629,FITOne Wuerzburg Baskets,2745,68,66,local,2024-25,0
2025_0127_10_1634,2025-01-27T00:00:00+00:00,EWE Baskets Oldenburg,1634,ALBA Berlin,10,97,92,local,2024-25,0
2025_0130_40_2457,2025-01-30T00:00:00+00:00,Rasta Vechta,2457,Basketball Loewen Braunschweig,40,91,88,local,2024-25,0
2025_0201_214_19629,2025-02-01T00:00:00+00:00,Veolia Towers Hamburg,19629,BG Goettingen,214,91,82,local,2024-25,0
2025_0201_132_450,2025-02-01T00:00:00+00:00,SYNTAINICS MBC Weissenfels,450,Bamberg Baskets,132,69,87,visitante,2024-25,0
2025_0201_1634_2745,2025-02-01T00:00:00+00:00,FITOne Wuerzburg Baskets,2745,EWE Baskets Oldenburg,1634,102,112,visitante,2024-25,0
2025_0202_10_219,2025-02-02T00:00:00+00:00,FC Bayern Muenchen Basketball,219,ALBA Berlin,10,99,86,local,2024-25,0
2025_0202_1791_1510,2025-02-02T00:00:00+00:00,Telekom Baskets Bonn,1510,NINERS Chemnitz,1791,80,84,visitante,2024-25,0
2025_0202_127_41,2025-02-02T00:00:00+00:00,MHP Riesen Ludwigsburg,41,Ratiopharm Ulm,127,92,71,local,2024-25,0
2025_0202_215_1774,2025-02-02T00:00:00+00:00,Rostock Seawolves,1774,MLP Academics Heidelberg,215,88,82,local,2024-25,0
2025_0203_2457_40,2025-02-03T00:00:00+00:00,Basketball Loewen Braunschweig,40,Rasta Vechta,2457,103,70,local,2024-25,0
2025_0208_40_1791,2025-02-08T00:00:00+00:00,NINERS Chemnitz,1791,Basketball Loewen Braunschweig,40,83,95,visitante,2024-25,0
2025_0208_214_3361,2025-02-08T00:00:00+00:00,Fraport Skyliners Frankfurt,3361,BG Goettingen,214,95,94,local,2024-25,0
2025_0208_41_215,2025-02-08T00:00:00+00:00,MLP Academics Heidelberg,215,MHP Riesen Ludwigsburg,41,86,73,local,2024-25,0
2025_0208_450_127,2025-02-08T00:00:00+00:00,Ratiopharm Ulm,127,SYNTAINICS MBC Weissenfels,450,92,66,local,2024-25,0
2025_0209_19629_10,2025-02-09T00:00:00+00:00,ALBA Berlin,10,Veolia Towers Hamburg,19629,92,77,local,2024-25,0
2025_0209_1634_132,2025-02-09T00:00:00+00:00,Bamberg Baskets,132,EWE Baskets Oldenburg,1634,103,85,local,2024-25,0
2025_0209_219_2457,2025-02-09T00:00:00+00:00,Rasta Vechta,2457,FC Bayern Muenchen Basketball,219,79,65,local,2024-25,0
2025_0209_1774_2745,2025-02-09T00:00:00+00:00,FITOne Wuerzburg Baskets,2745,Rostock Seawolves,1774,93,97,visitante,2024-25,0
2025_0211_3361_219,2025-02-11T00:00:00+00:00,FC Bayern Muenchen Basketball,219,Fraport Skyliners Frankfurt,3361,70,56,local,2024-25,0
2025_0211_215_1791,2025-02-11T00:00:00+00:00,NINERS Chemnitz,1791,MLP Academics Heidelberg,215,72,65,local,2024-25,0
2025_0211_1510_41,2025-02-11T00:00:00+00:00,MHP Riesen Ludwigsburg,41,Telekom Baskets Bonn,1510,81,61,local,2024-25,0
2025_0211_2457_450,2025-02-11T00:00:00+00:00,SYNTAINICS MBC Weissenfels,450,Rasta Vechta,2457,91,83,local,2024-25,0
2025_0212_2745_132,2025-02-12T00:00:00+00:00,Bamberg Baskets,132,FITOne Wuerzburg Baskets,2745,93,98,visitante,2024-25,0
2025_0212_19629_40,2025-02-12T00:00:00+00:00,Basketball Loewen Braunschweig,40,Veolia Towers Hamburg,19629,91,79,local,2024-25,0
2025_0212_10_1774,2025-02-12T00:00:00+00:00,Rostock Seawolves,1774,ALBA Berlin,10,71,78,visitante,2024-25,0
2025_0213_127_214,2025-02-13T00:00:00+00:00,BG Goettingen,214,Ratiopharm Ulm,127,72,91,visitante,2024-25,0
2025_0228_40_127,2025-02-28T00:00:00+00:00,Ratiopharm Ulm,127,Basketball Loewen Braunschweig,40,111,75,local,2024-25,0
2025_0301_19629_3361,2025-03-01T00:00:00+00:00,Fraport Skyliners Frankfurt,3361,Veolia Towers Hamburg,19629,78,84,visitante,2024-25,0
2025_0301_214_2457,2025-03-01T00:00:00+00:00,Rasta Vechta,2457,BG Goettingen,214,87,79,local,2024-25,0
2025_0301_41_2745,2025-03-01T00:00:00+00:00,FITOne Wuerzburg Baskets,2745,MHP Riesen Ludwigsburg,41,77,60,local,2024-25,0
2025_0301_1510_1774,2025-03-01T00:00:00+00:00,Rostock Seawolves,1774,Telekom Baskets Bonn,1510,72,83,visitante,2024-25,0
2025_0302_219_1791,2025-03-02T00:00:00+00:00,NINERS Chemnitz,1791,FC Bayern Muenchen Basketball,219,72,94,visitante,2024-25,0
2025_0302_1634_215,2025-03-02T00:00:00+00:00,MLP Academics Heidelberg,215,EWE Baskets Oldenburg,1634,95,79,local,2024-25,0
2025_0303_132_10,2025-03-03T00:00:00+00:00,ALBA Berlin,10,Bamberg Baskets,132,86,77,local,2024-25,0
2025_0307_2457_1510,2025-03-07T00:00:00+00:00,Telekom Baskets Bonn,1510,Rasta Vechta,2457,88,94,visitante,2024-25,0
2025_0308_3361_132,2025-03-08T00:00:00+00:00,Bamberg Baskets,132,Fraport Skyliners Frankfurt,3361,92,85,local,2024-25,0
2025_0308_1791_214,2025-03-08T00:00:00+00:00,BG Goettingen,214,NINERS Chemnitz,1791,90,94,visitante,2024-25,0
2025_0308_1774_19629,2025-03-08T00:00:00+00:00,Veolia Towers Hamburg,19629,Rostock Seawolves,1774,78,77,local,2024-25,0
2025_0308_40_1634,2025-03-08T00:00:00+00:00,EWE Baskets Oldenburg,1634,Basketball Loewen Braunschweig,40,102,90,local,2024-25,0
2025_0309_215_219,2025-03-09T00:00:00+00:00,FC Bayern Muenchen Basketball,219,MLP Academics Heidelberg,215,87,78,local,2024-25,0
2025_0309_2745_450,2025-03-09T00:00:00+00:00,SYNTAINICS MBC Weissenfels,450,FITOne Wuerzburg Baskets,2745,110,101,local,2024-25,0
2025_0309_10_127,2025-03-09T00:00:00+00:00,Ratiopharm Ulm,127,ALBA Berlin,10,101,90,local,2024-25,0
2025_0310_2457_214,2025-03-10T00:00:00+00:00,BG Goettingen,214,Rasta Vechta,2457,66,86,visitante,2024-25,0
2025_0311_219_132,2025-03-11T00:00:00+00:00,Bamberg Baskets,132,FC Bayern Muenchen Basketball,219,69,68,local,2024-25,0
2025_0314_127_2457,2025-03-14T00:00:00+00:00,Rasta Vechta,2457,Ratiopharm Ulm,127,73,84,visitante,2024-25,0
2025_0315_132_1510,2025-03-15T00:00:00+00:00,Telekom Baskets Bonn,1510,Bamberg Baskets,132,87,77,local,2024-25,0
2025_0315_19629_1634,2025-03-15T00:00:00+00:00,EWE Baskets Oldenburg,1634,Veolia Towers Hamburg,19629,99,81,local,2024-25,0
2025_0315_450_1774,2025-03-15T00:00:00+00:00,Rostock Seawolves,1774,SYNTAINICS MBC Weissenfels,450,84,76,local,2024-25,0
2025_0316_10_40,2025-03-16T00:00:00+00:00,Basketball Loewen Braunschweig,40,ALBA Berlin,10,73,108,visitante,2024-25,0
2025_0316_41_3361,2025-03-16T00:00:00+00:00,Fraport Skyliners Frankfurt,3361,MHP Riesen Ludwigsburg,41,77,69,local,2024-25,0
2025_0316_214_215,2025-03-16T00:00:00+00:00,MLP Academics Heidelberg,215,BG Goettingen,214,93,86,local,2024-25,0
2025_0316_1791_2745,2025-03-16T00:00:00+00:00,FITOne Wuerzburg Baskets,2745,NINERS Chemnitz,1791,83,90,visitante,2024-25,0
2025_0317_127_219,2025-03-17T00:00:00+00:00,FC Bayern Muenchen Basketball,219,Ratiopharm Ulm,127,70,62,local,2024-25,0
2025_0322_2457_19629,2025-03-22T00:00:00+00:00,Veolia Towers Hamburg,19629,Rasta Vechta,2457,86,73,local,2024-25,0
2025_0322_1634_41,2025-03-22T00:00:00+00:00,MHP Riesen Ludwigsburg,41,EWE Baskets Oldenburg,1634,66,79,visitante,2024-25,0
2025_0322_3361_127,2025-03-22T00:00:00+00:00,Ratiopharm Ulm,127,Fraport Skyliners Frankfurt,3361,115,88,local,2024-25,0
2025_0322_1774_219,2025-03-22T00:00:00+00:00,FC Bayern Muenchen Basketball,219,Rostock Seawolves,1774,91,66,local,2024-25,0
2025_0323_2745_10,2025-03-23T00:00:00+00:00,ALBA Berlin,10,FITOne Wuerzburg Baskets,2745,80,84,visitante,2024-25,0
2025_0323_215_132,2025-03-23T00:00:00+00:00,Bamberg Baskets,132,MLP Academics Heidelberg,215,90,93,visitante,2024-25,0
2025_0323_1510_214,2025-03-23T00:00:00+00:00,BG Goettingen,214,Telekom Baskets Bonn,1510,85,112,visitante,2024-25,0
2025_0323_40_450,2025-03-23T00:00:00+00:00,SYNTAINICS MBC Weissenfels,450,Basketball Loewen Braunschweig,40,82,77,local,2024-25,0
2025_0328_41_2457,2025-03-28T00:00:00+00:00,Rasta Vechta,2457,MHP Riesen Ludwigsburg,41,64,70,visitante,2024-25,0
2025_0329_19629_1510,2025-03-29T00:00:00+00:00,Telekom Baskets Bonn,1510,Veolia Towers Hamburg,19629,93,96,visitante,2024-25,0
2025_0329_450_1634,2025-03-29T00:00:00+00:00,EWE Baskets Oldenburg,1634,SYNTAINICS MBC Weissenfels,450,95,97,visitante,2024-25,0
2025_0329_127_1774,2025-03-29T00:00:00+00:00,Rostock Seawolves,1774,Ratiopharm Ulm,127,85,67,local,2024-25,0
2025_0329_219_2745,2025-03-29T00:00:00+00:00,FITOne Wuerzburg Baskets,2745,FC Bayern Muenchen Basketball,219,75,81,visitante,2024-25,0
2025_0330_132_40,2025-03-30T00:00:00+00:00,Basketball Loewen Braunschweig,40,Bamberg Baskets,132,114,88,local,2024-25,0
2025_0330_1791_3361,2025-03-30T00:00:00+00:00,Fraport Skyliners Frankfurt,3361,NINERS Chemnitz,1791,65,70,visitante,2024-25,0
2025_0331_10_215,2025-03-31T00:00:00+00:00,MLP Academics Heidelberg,215,ALBA Berlin,10,90,86,local,2024-25,0
2025_0404_3361_450,2025-04-04T00:00:00+00:00,SYNTAINICS MBC Weissenfels,450,Fraport Skyliners Frankfurt,3361,85,72,local,2024-25,0
2025_0405_2745_214,2025-04-05T00:00:00+00:00,BG Goettingen,214,FITOne Wuerzburg Baskets,2745,80,97,visitante,2024-25,0
2025_0405_215_19629,2025-04-05T00:00:00+00:00,Veolia Towers Hamburg,19629,MLP Academics Heidelberg,215,88,81,local,2024-25,0
2025_0405_41_1774,2025-04-05T00:00:00+00:00,Rostock Seawolves,1774,MHP Riesen Ludwigsburg,41,94,89,local,2024-25,0
2025_0406_2457_10,2025-04-06T00:00:00+00:00,ALBA Berlin,10,Rasta Vechta,2457,83,58,local,2024-25,0
2025_0406_40_219,2025-04-06T00:00:00+00:00,FC Bayern Muenchen Basketball,219,Basketball Loewen Braunschweig,40,94,72,local,2024-25,0
2025_0406_1634_1510,2025-04-06T00:00:00+00:00,Telekom Baskets Bonn,1510,EWE Baskets Oldenburg,1634,81,76,local,2024-25,0
2025_0406_1791_127,2025-04-06T00:00:00+00:00,Ratiopharm Ulm,127,NINERS Chemnitz,1791,117,87,local,2024-25,0
2025_0408_219_127,2025-04-08T00:00:00+00:00,Ratiopharm Ulm,127,FC Bayern Muenchen Basketball,219,109,94,local,2024-25,0
2025_0409_19629_214,2025-04-09T00:00:00+00:00,BG Goettingen,214,Veolia Towers Hamburg,19629,75,92,visitante,2024-25,0
2025_0409_1634_3361,2025-04-09T00:00:00+00:00,Fraport Skyliners Frankfurt,3361,EWE Baskets Oldenburg,1634,83,72,local,2024-25,0
2025_0411_450_215,2025-04-11T00:00:00+00:00,MLP Academics Heidelberg,215,SYNTAINICS MBC Weissenfels,450,87,78,local,2024-25,0
2025_0412_214_40,2025-04-12T00:00:00+00:00,Basketball Loewen Braunschweig,40,BG Goettingen,214,101,77,local,2024-25,0
2025_0412_1510_3361,2025-04-12T00:00:00+00:00,Fraport Skyliners Frankfurt,3361,Telekom Baskets Bonn,1510,76,70,local,2024-25,0
2025_0412_1774_2457,2025-04-12T00:00:00+00:00,Rasta Vechta,2457,Rostock Seawolves,1774,68,84,visitante,2024-25,0
2025_0413_132_1791,2025-04-13T00:00:00+00:00,NINERS Chemnitz,1791,Bamberg Baskets,132,99,98,local,2024-25,0
2025_0413_10_41,2025-04-13T00:00:00+00:00,MHP Riesen Ludwigsburg,41,ALBA Berlin,10,63,79,visitante,2024-25,0
2025_0413_219_1634,2025-04-13T00:00:00+00:00,EWE Baskets Oldenburg,1634,FC Bayern Muenchen Basketball,219,83,94,visitante,2024-25,0
2025_0414_127_2745,2025-04-14T00:00:00+00:00,FITOne Wuerzburg Baskets,2745,Ratiopharm Ulm,127,89,72,local,2024-25,0
2025_0416_1791_215,2025-04-16T00:00:00+00:00,MLP Academics Heidelberg,215,NINERS Chemnitz,1791,81,66,local,2024-25,0
2025_0416_1510_10,2025-04-16T00:00:00+00:00,ALBA Berlin,10,Telekom Baskets Bonn,1510,102,88,local,2024-25,0
2025_0417_1774_3361,2025-04-17T00:00:00+00:00,Fraport Skyliners Frankfurt,3361,Rostock Seawolves,1774,72,77,visitante,2024-25,0
2025_0419_1791_450,2025-04-19T00:00:00+00:00,SYNTAINICS MBC Weissenfels,450,NINERS Chemnitz,1791,97,95,local,2024-25,0
2025_0419_2745_2457,2025-04-19T00:00:00+00:00,Rasta Vechta,2457,FITOne Wuerzburg Baskets,2745,78,86,visitante,2024-25,0
2025_0419_41_214,2025-04-19T00:00:00+00:00,BG Goettingen,214,MHP Riesen Ludwigsburg,41,74,79,visitante,2024-25,0
2025_0420_3361_10,2025-04-20T00:00:00+00:00,ALBA Berlin,10,Fraport Skyliners Frankfurt,3361,89,68,local,2024-25,0
2025_0420_215_1510,2025-04-20T00:00:00+00:00,Telekom Baskets Bonn,1510,MLP Academics Heidelberg,215,85,80,local,2024-25,0
2025_0420_219_19629,2025-04-20T00:00:00+00:00,Veolia Towers Hamburg,19629,FC Bayern Muenchen Basketball,219,74,70,local,2024-25,0
2025_0420_132_1774,2025-04-20T00:00:00+00:00,Rostock Seawolves,1774,Bamberg Baskets,132,98,74,local,2024-25,0
2025_0421_1634_127,2025-04-21T00:00:00+00:00,Ratiopharm Ulm,127,EWE Baskets Oldenburg,1634,119,92,local,2024-25,0
2025_0423_10_2745,2025-04-23T00:00:00+00:00,FITOne Wuerzburg Baskets,2745,ALBA Berlin,10,70,69,local,2024-25,0
2025_0425_214_132,2025-04-25T00:00:00+00:00,Bamberg Baskets,132,BG Goettingen,214,92,101,visitante,2024-25,0
2025_0426_40_215,2025-04-26T00:00:00+00:00,MLP Academics Heidelberg,215,Basketball Loewen Braunschweig,40,74,94,visitante,2024-25,0
2025_0426_19629_41,2025-04-26T00:00:00+00:00,MHP Riesen Ludwigsburg,41,Veolia Towers Hamburg,19629,89,78,local,2024-25,0
2025_0426_1774_1634,2025-04-26T00:00:00+00:00,EWE Baskets Oldenburg,1634,Rostock Seawolves,1774,92,79,local,2024-25,0
2025_0426_1510_2745,2025-04-26T00:00:00+00:00,FITOne Wuerzburg Baskets,2745,Telekom Baskets Bonn,1510,83,75,local,2024-25,0
2025_0426_2457_3361,2025-04-26T00:00:00+00:00,Fraport Skyliners Frankfurt,3361,Rasta Vechta,2457,74,75,visitante,2024-25,0
2025_0427_450_219,2025-04-27T00:00:00+00:00,FC Bayern Muenchen Basketball,219,SYNTAINICS MBC Weissenfels,450,90,88,local,2024-25,0
2025_0427_10_1791,2025-04-27T00:00:00+00:00,NINERS Chemnitz,1791,ALBA Berlin,10,81,103,visitante,2024-25,0
2025_0430_450_10,2025-04-30T00:00:00+00:00,ALBA Berlin,10,SYNTAINICS MBC Weissenfels,450,90,62,local,2024-25,0
2025_0430_40_1510,2025-04-30T00:00:00+00:00,Telekom Baskets Bonn,1510,Basketball Loewen Braunschweig,40,85,81,local,2024-25,0
2025_0430_215_2457,2025-04-30T00:00:00+00:00,Rasta Vechta,2457,MLP Academics Heidelberg,215,78,60,local,2024-25,0
2025_0430_132_19629,2025-04-30T00:00:00+00:00,Veolia Towers Hamburg,19629,Bamberg Baskets,132,93,114,visitante,2024-25,0
2025_0501_41_1791,2025-05-01T00:00:00+00:00,NINERS Chemnitz,1791,MHP Riesen Ludwigsburg,41,104,100,local,2024-25,0
2025_0501_2745_3361,2025-05-01T00:00:00+00:00,Fraport Skyliners Frankfurt,3361,FITOne Wuerzburg Baskets,2745,70,85,visitante,2024-25,0
2025_0501_1634_214,2025-05-01T00:00:00+00:00,BG Goettingen,214,EWE Baskets Oldenburg,1634,93,96,visitante,2024-25,0
2025_0503_41_132,2025-05-03T00:00:00+00:00,Bamberg Baskets,132,MHP Riesen Ludwigsburg,41,73,75,visitante,2024-25,0
2025_0503_127_215,2025-05-03T00:00:00+00:00,MLP Academics Heidelberg,215,Ratiopharm Ulm,127,74,90,visitante,2024-25,0
2025_0503_2457_1634,2025-05-03T00:00:00+00:00,EWE Baskets Oldenburg,1634,Rasta Vechta,2457,91,75,local,2024-25,0
2025_0503_19629_450,2025-05-03T00:00:00+00:00,SYNTAINICS MBC Weissenfels,450,Veolia Towers Hamburg,19629,102,81,local,2024-25,0
2025_0504_3361_40,2025-05-04T00:00:00+00:00,Basketball Loewen Braunschweig,40,Fraport Skyliners Frankfurt,3361,79,72,local,2024-25,0
2025_0504_214_219,2025-05-04T00:00:00+00:00,FC Bayern Muenchen Basketball,219,BG Goettingen,214,94,86,local,2024-25,0
2025_0504_1774_1791,2025-05-04T00:00:00+00:00,NINERS Chemnitz,1791,Rostock Seawolves,1774,108,102,local,2024-25,0
2025_0507_1791_19629,2025-05-07T00:00:00+00:00,Veolia Towers Hamburg,19629,NINERS Chemnitz,1791,88,93,visitante,2024-25,0
2025_0507_450_41,2025-05-07T00:00:00+00:00,MHP Riesen Ludwigsburg,41,SYNTAINICS MBC Weissenfels,450,85,76,local,2024-25,0
2025_0507_215_2745,2025-05-07T00:00:00+00:00,FITOne Wuerzburg Baskets,2745,MLP Academics Heidelberg,215,85,102,visitante,2024-25,0
2025_0508_214_10,2025-05-08T00:00:00+00:00,ALBA Berlin,10,BG Goettingen,214,101,69,local,2024-25,0
2025_0508_219_1510,2025-05-08T00:00:00+00:00,Telekom Baskets Bonn,1510,FC Bayern Muenchen Basketball,219,86,90,visitante,2024-25,0
2025_0508_40_1774,2025-05-08T00:00:00+00:00,Rostock Seawolves,1774,Basketball Loewen Braunschweig,40,48,67,visitante,2024-25,0
2025_0508_132_127,2025-05-08T00:00:00+00:00,Ratiopharm Ulm,127,Bamberg Baskets,132,92,77,local,2024-25,0
2025_0511_2457_132,2025-05-11T00:00:00+00:00,Bamberg Baskets,132,Rasta Vechta,2457,86,73,local,2024-25,0
2025_0511_2745_40,2025-05-11T00:00:00+00:00,Basketball Loewen Braunschweig,40,FITOne Wuerzburg Baskets,2745,86,72,local,2024-25,0
2025_0511_41_219,2025-05-11T00:00:00+00:00,FC Bayern Muenchen Basketball,219,MHP Riesen Ludwigsburg,41,73,72,local,2024-25,0
2025_0511_1774_214,2025-05-11T00:00:00+00:00,BG Goettingen,214,Rostock Seawolves,1774,88,85,local,2024-25,0
2025_0511_127_19629,2025-05-11T00:00:00+00:00,Veolia Towers Hamburg,19629,Ratiopharm Ulm,127,64,79,visitante,2024-25,0
2025_0511_3361_215,2025-05-11T00:00:00+00:00,MLP Academics Heidelberg,215,Fraport Skyliners Frankfurt,3361,84,75,local,2024-25,0
2025_0511_1791_1634,2025-05-11T00:00:00+00:00,EWE Baskets Oldenburg,1634,NINERS Chemnitz,1791,104,94,local,2024-25,0
2025_0511_1510_450,2025-05-11T00:00:00+00:00,SYNTAINICS MBC Weissenfels,450,Telekom Baskets Bonn,1510,100,94,local,2024-25,0
2025_0513_1774_1634,2025-05-13T00:00:00+00:00,EWE Baskets Oldenburg,1634,Rostock Seawolves,1774,95,83,local,2024-25,1
2025_0513_450_10,2025-05-13T00:00:00+00:00,ALBA Berlin,10,SYNTAINICS MBC Weissenfels,450,81,78,local,2024-25,1
2025_0515_1634_450,2025-05-15T00:00:00+00:00,SYNTAINICS MBC Weissenfels,450,EWE Baskets Oldenburg,1634,110,95,local,2024-25,1
2025_0517_215_1791,2025-05-17T00:00:00+00:00,NINERS Chemnitz,1791,MLP Academics Heidelberg,215,90,93,visitante,2024-25,1
2025_0517_10_127,2025-05-17T00:00:00+00:00,Ratiopharm Ulm,127,ALBA Berlin,10,94,83,local,2024-25,1
2025_0517_450_219,2025-05-17T00:00:00+00:00,FC Bayern Muenchen Basketball,219,SYNTAINICS MBC Weissenfels,450,78,60,local,2024-25,1
2025_0518_2745_40,2025-05-18T00:00:00+00:00,Basketball Loewen Braunschweig,40,FITOne Wuerzburg Baskets,2745,92,79,local,2024-25,1
2025_0520_1791_215,2025-05-20T00:00:00+00:00,MLP Academics Heidelberg,215,NINERS Chemnitz,1791,74,70,local,2024-25,1
2025_0520_219_450,2025-05-20T00:00:00+00:00,SYNTAINICS MBC Weissenfels,450,FC Bayern Muenchen Basketball,219,65,80,visitante,2024-25,1
2025_0521_40_2745,2025-05-21T00:00:00+00:00,FITOne Wuerzburg Baskets,2745,Basketball Loewen Braunschweig,40,94,90,local,2024-25,1
2025_0521_127_10,2025-05-21T00:00:00+00:00,ALBA Berlin,10,Ratiopharm Ulm,127,62,74,visitante,2024-25,1
2025_0524_10_127,2025-05-24T00:00:00+00:00,Ratiopharm Ulm,127,ALBA Berlin,10,93,84,local,2024-25,1
2025_0524_450_219,2025-05-24T00:00:00+00:00,FC Bayern Muenchen Basketball,219,SYNTAINICS MBC Weissenfels,450,80,69,local,2024-25,1
2025_0525_2745_40,2025-05-25T00:00:00+00:00,Basketball Loewen Braunschweig,40,FITOne Wuerzburg Baskets,2745,80,75,local,2024-25,1
2025_0525_215_1791,2025-05-25T00:00:00+00:00,NINERS Chemnitz,1791,MLP Academics Heidelberg,215,97,88,local,2024-25,1
2025_0527_1791_215,2025-05-27T00:00:00+00:00,MLP Academics Heidelberg,215,NINERS Chemnitz,1791,92,64,local,2024-25,1
2025_0527_40_2745,2025-05-27T00:00:00+00:00,FITOne Wuerzburg Baskets,2745,Basketball Loewen Braunschweig,40,79,72,local,2024-25,1
2025_0529_2745_40,2025-05-29T00:00:00+00:00,Basketball Loewen Braunschweig,40,FITOne Wuerzburg Baskets,2745,88,97,visitante,2024-25,1
2025_0601_215_219,2025-06-01T00:00:00+00:00,FC Bayern Muenchen Basketball,219,MLP Academics Heidelberg,215,90,95,visitante,2024-25,1
2025_0601_2745_127,2025-06-01T00:00:00+00:00,Ratiopharm Ulm,127,FITOne Wuerzburg Baskets,2745,91,87,local,2024-25,1
2025_0604_127_2745,2025-06-04T00:00:00+00:00,FITOne Wuerzburg Baskets,2745,Ratiopharm Ulm,127,87,77,local,2024-25,1
2025_0604_219_215,2025-06-04T00:00:00+00:00,MLP Academics Heidelberg,215,FC Bayern Muenchen Basketball,219,61,90,visitante,2024-25,1
2025_0607_2745_127,2025-06-07T00:00:00+00:00,Ratiopharm Ulm,127,FITOne Wuerzburg Baskets,2745,99,86,local,2024-25,1
2025_0607_215_219,2025-06-07T00:00:00+00:00,FC Bayern Muenchen Basketball,219,MLP Academics Heidelberg,215,98,68,local,2024-25,1
2025_0610_127_2745,2025-06-10T00:00:00+00:00,FITOne Wuerzburg Baskets,2745,Ratiopharm Ulm,127,78,77,local,2024-25,1
2025_0610_219_215,2025-06-10T00:00:00+00:00,MLP Academics Heidelberg,215,FC Bayern Muenchen Basketball,219,82,94,visitante,2024-25,1
2025_0612_2745_127,2025-06-12T00:00:00+00:00,Ratiopharm Ulm,127,FITOne Wuerzburg Baskets,2745,91,84,local,2024-25,1
2025_0615_127_219,2025-06-15T00:00:00+00:00,FC Bayern Muenchen Basketball,219,Ratiopharm Ulm,127,82,66,local,2024-25,1
2025_0618_219_127,2025-06-18T00:00:00+00:00,Ratiopharm Ulm,127,FC Bayern Muenchen Basketball,219,79,64,local,2024-25,1
2025_0621_127_219,2025-06-21T00:00:00+00:00,FC Bayern Muenchen Basketball,219,Ratiopharm Ulm,127,79,81,visitante,2024-25,1
2025_0624_219_127,2025-06-24T00:00:00+00:00,Ratiopharm Ulm,127,FC Bayern Muenchen Basketball,219,53,67,visitante,2024-25,1
2025_0626_127_219,2025-06-26T00:00:00+00:00,FC Bayern Muenchen Basketball,219,Ratiopharm Ulm,127,81,77,local,2024-25,1
