game_id,fecha,equipo_local,club_local_id,equipo_visitante,club_visitante_id,pts_local,pts_visitante,ganador,temporada,is_playoff,fs_match_id,home_fga,home_fgm,home_fg_pct,home_fg2a,home_fg2m,home_fg2_pct,home_fg3a,home_fg3m,home_fg3_pct,home_fta,home_ftm,home_ft_pct,home_oreb,home_dreb,home_reb,home_ast,home_blk,home_tov,home_stl,home_pf,away_fga,away_fgm,away_fg_pct,away_fg2a,away_fg2m,away_fg2_pct,away_fg3a,away_fg3m,away_fg3_pct,away_fta,away_ftm,away_ft_pct,away_oreb,away_dreb,away_reb,away_ast,away_blk,away_tov,away_stl,away_pf,fs_match_orientation
2020_1106_41_214,2020-11-06T00:00:00+00:00,BG Goettingen,214,MHP Riesen Ludwigsburg,41,73,100,visitante,2020-21,0,Q5YtSoY4,56.0,26.0,46.43,28.0,17.0,60.71,28.0,9.0,32.14,18.0,12.0,66.7,9.0,19.0,28.0,19.0,2.0,14.0,4.0,24.0,65.0,36.0,55.38,40.0,26.0,65.0,25.0,10.0,40.0,25.0,18.0,72.0,13.0,24.0,37.0,23.0,1.0,9.0,7.0,20.0,reverse
2020_1107_2745_127,2020-11-07T00:00:00+00:00,Ratiopharm Ulm,127,FITOne Wuerzburg Baskets,2745,90,77,local,2020-21,0,0OQgPqIN,48.0,31.0,64.58,27.0,22.0,81.48,21.0,9.0,42.86,20.0,19.0,95.0,4.0,24.0,28.0,13.0,3.0,19.0,6.0,24.0,62.0,24.0,38.71,40.0,16.0,40.0,22.0,8.0,36.36,28.0,21.0,75.0,14.0,12.0,26.0,22.0,0.0,10.0,7.0,26.0,reverse
2020_1108_10_3361,2020-11-08T00:00:00+00:00,Fraport Skyliners Frankfurt,3361,ALBA Berlin,10,66,79,visitante,2020-21,0,foQcO3XT,65.0,25.0,38.46,46.0,20.0,43.48,19.0,5.0,26.32,16.0,11.0,68.8,11.0,24.0,35.0,15.0,0.0,10.0,10.0,14.0,63.0,31.0,49.21,32.0,20.0,62.5,31.0,11.0,35.48,7.0,6.0,85.7,9.0,29.0,38.0,25.0,5.0,14.0,5.0,18.0,reverse
2020_1108_40_1634,2020-11-08T00:00:00+00:00,EWE Baskets Oldenburg,1634,Basketball Loewen Braunschweig,40,111,83,local,2020-21,0,IgA7r7Io,60.0,35.0,58.33,37.0,25.0,67.57,23.0,10.0,43.48,35.0,31.0,88.6,11.0,24.0,35.0,22.0,0.0,8.0,10.0,25.0,60.0,28.0,46.67,38.0,21.0,55.26,22.0,7.0,31.82,27.0,20.0,74.1,12.0,14.0,26.0,15.0,0.0,14.0,1.0,22.0,reverse
2020_1108_19629_132,2020-11-08T00:00:00+00:00,Bamberg Baskets,132,Veolia Towers Hamburg,19629,75,78,visitante,2020-21,0,GlWOJNuo,59.0,26.0,44.07,29.0,15.0,51.72,30.0,11.0,36.67,16.0,12.0,75.0,4.0,26.0,30.0,18.0,2.0,16.0,7.0,22.0,64.0,27.0,42.19,45.0,19.0,42.22,19.0,8.0,42.11,26.0,16.0,61.5,14.0,29.0,43.0,16.0,1.0,13.0,4.0,22.0,reverse
2020_1108_219_2457,2020-11-08T00:00:00+00:00,Rasta Vechta,2457,FC Bayern Muenchen Basketball,219,78,90,visitante,2020-21,0,dp9BsRXi,55.0,24.0,43.64,38.0,17.0,44.74,17.0,7.0,41.18,30.0,23.0,76.7,8.0,20.0,28.0,22.0,0.0,11.0,4.0,18.0,57.0,35.0,61.4,33.0,24.0,72.73,24.0,11.0,45.83,12.0,9.0,75.0,3.0,27.0,30.0,25.0,3.0,10.0,4.0,24.0,reverse
2020_1113_2457_2745,2020-11-13T00:00:00+00:00,FITOne Wuerzburg Baskets,2745,Rasta Vechta,2457,88,80,local,2020-21,0,f3JGG1Nb,62.0,28.0,45.16,36.0,19.0,52.78,26.0,9.0,34.62,30.0,23.0,76.7,13.0,22.0,35.0,21.0,5.0,10.0,7.0,23.0,65.0,27.0,41.54,37.0,20.0,54.05,28.0,7.0,25.0,23.0,19.0,82.6,15.0,25.0,40.0,17.0,2.0,13.0,5.0,24.0,reverse
2020_1114_127_134,2020-11-14T00:00:00+00:00,Medi Bayreuth,134,Ratiopharm Ulm,127,76,104,visitante,2020-21,0,xS8LFLx5,62.0,29.0,46.77,41.0,22.0,53.66,21.0,7.0,33.33,16.0,11.0,68.8,11.0,24.0,35.0,17.0,1.0,15.0,4.0,19.0,62.0,37.0,59.68,34.0,24.0,70.59,28.0,13.0,46.43,22.0,17.0,77.3,6.0,23.0,29.0,29.0,0.0,12.0,6.0,17.0,reverse
2020_1114_214_40,2020-11-14T00:00:00+00:00,Basketball Loewen Braunschweig,40,BG Goettingen,214,76,79,visitante,2020-21,0,MFAXCJMN,75.0,30.0,40.0,55.0,25.0,45.45,20.0,5.0,25.0,15.0,13.0,86.7,17.0,26.0,43.0,10.0,3.0,9.0,4.0,20.0,57.0,29.0,50.88,32.0,21.0,65.63,25.0,8.0,32.0,18.0,15.0,83.3,5.0,27.0,32.0,19.0,2.0,11.0,4.0,19.0,reverse
2020_1114_450_2315,2020-11-14T00:00:00+00:00,Merlins Crailsheim,2315,SYNTAINICS MBC Weissenfels,450,84,66,local,2020-21,0,rPBTDa7H,61.0,28.0,45.9,31.0,20.0,64.52,30.0,8.0,26.67,27.0,22.0,81.5,11.0,32.0,43.0,17.0,2.0,13.0,8.0,22.0,67.0,22.0,32.84,38.0,15.0,39.47,29.0,7.0,24.14,21.0,15.0,71.4,14.0,24.0,38.0,6.0,4.0,14.0,5.0,23.0,reverse
2020_1115_1510_41,2020-11-15T00:00:00+00:00,MHP Riesen Ludwigsburg,41,Telekom Baskets Bonn,1510,86,82,local,2020-21,0,f3unWtNo,63.0,32.0,50.79,42.0,27.0,64.29,21.0,5.0,23.81,27.0,17.0,63.0,13.0,24.0,37.0,0.0,1.0,11.0,6.0,24.0,65.0,27.0,41.54,34.0,18.0,52.94,31.0,9.0,29.03,24.0,19.0,79.2,15.0,22.0,37.0,0.0,0.0,13.0,6.0,23.0,reverse
2020_1115_3361_219,2020-11-15T00:00:00+00:00,FC Bayern Muenchen Basketball,219,Fraport Skyliners Frankfurt,3361,75,52,local,2020-21,0,vi5xCwxU,62.0,25.0,40.32,35.0,19.0,54.29,27.0,6.0,22.22,24.0,19.0,79.2,15.0,30.0,45.0,0.0,3.0,12.0,8.0,24.0,53.0,18.0,33.96,34.0,14.0,41.18,19.0,4.0,21.05,18.0,12.0,66.7,7.0,24.0,31.0,0.0,0.0,15.0,6.0,27.0,reverse
2020_1115_1634_10,2020-11-15T00:00:00+00:00,ALBA Berlin,10,EWE Baskets Oldenburg,1634,89,86,local,2020-21,0,86qjV0xh,65.0,29.0,44.62,36.0,17.0,47.22,29.0,12.0,41.38,24.0,19.0,79.2,5.0,20.0,25.0,0.0,1.0,5.0,11.0,22.0,62.0,30.0,48.39,41.0,22.0,53.66,21.0,8.0,38.1,20.0,18.0,90.0,12.0,31.0,43.0,0.0,4.0,17.0,3.0,23.0,reverse
2020_1119_134_1510,2020-11-19T00:00:00+00:00,Telekom Baskets Bonn,1510,Medi Bayreuth,134,77,83,visitante,2020-21,0,4dXpR5mB,64.0,30.0,46.88,35.0,22.0,62.86,29.0,8.0,27.59,12.0,9.0,75.0,10.0,27.0,37.0,17.0,1.0,12.0,5.0,18.0,68.0,30.0,44.12,42.0,24.0,57.14,26.0,6.0,23.08,21.0,17.0,81.0,11.0,23.0,34.0,19.0,1.0,7.0,9.0,17.0,reverse
2020_1119_132_1791,2020-11-19T00:00:00+00:00,NINERS Chemnitz,1791,Bamberg Baskets,132,86,93,visitante,2020-21,0,l2CPEuhB,61.0,31.0,50.82,35.0,21.0,60.0,26.0,10.0,38.46,17.0,14.0,82.4,4.0,21.0,25.0,19.0,3.0,17.0,12.0,23.0,69.0,36.0,52.17,43.0,29.0,67.44,26.0,7.0,26.92,24.0,14.0,58.3,14.0,24.0,38.0,25.0,4.0,15.0,10.0,17.0,reverse
2020_1121_40_2457,2020-11-21T00:00:00+00:00,Rasta Vechta,2457,Basketball Loewen Braunschweig,40,78,96,visitante,2020-21,0,ULXbTv74,60.0,25.0,41.67,32.0,17.0,53.13,28.0,8.0,28.57,27.0,20.0,74.1,11.0,28.0,39.0,21.0,2.0,13.0,2.0,20.0,72.0,35.0,48.61,35.0,20.0,57.14,37.0,15.0,40.54,14.0,11.0,78.6,11.0,28.0,39.0,27.0,3.0,9.0,6.0,23.0,reverse
2020_1121_1634_3361,2020-11-21T00:00:00+00:00,Fraport Skyliners Frankfurt,3361,EWE Baskets Oldenburg,1634,69,86,visitante,2020-21,0,xnX2SbMA,54.0,21.0,38.89,33.0,16.0,48.48,21.0,5.0,23.81,27.0,22.0,81.5,8.0,27.0,35.0,13.0,0.0,17.0,4.0,16.0,63.0,30.0,47.62,32.0,16.0,50.0,31.0,14.0,45.16,14.0,12.0,85.7,7.0,24.0,31.0,24.0,3.0,10.0,7.0,28.0,reverse
2020_1121_1791_214,2020-11-21T00:00:00+00:00,BG Goettingen,214,NINERS Chemnitz,1791,103,99,local,2020-21,0,GxW6RIyH,75.0,38.0,50.67,42.0,27.0,64.29,33.0,11.0,33.33,22.0,16.0,72.7,7.0,34.0,41.0,25.0,2.0,8.0,8.0,22.0,75.0,35.0,46.67,46.0,20.0,43.48,29.0,15.0,51.72,19.0,14.0,73.7,8.0,32.0,40.0,24.0,1.0,15.0,2.0,21.0,reverse
2020_1121_133_127,2020-11-21T00:00:00+00:00,Ratiopharm Ulm,127,46ers Giessen,133,106,81,local,2020-21,0,b1LBQxiN,65.0,38.0,58.46,36.0,25.0,69.44,29.0,13.0,44.83,19.0,17.0,89.5,10.0,25.0,35.0,26.0,6.0,13.0,8.0,16.0,64.0,31.0,48.44,36.0,21.0,58.33,28.0,10.0,35.71,10.0,9.0,90.0,8.0,17.0,25.0,18.0,1.0,17.0,10.0,20.0,reverse
2020_1122_2315_132,2020-11-22T00:00:00+00:00,Bamberg Baskets,132,Merlins Crailsheim,2315,95,101,visitante,2020-21,0,jVYfUKib,58.0,32.0,55.17,34.0,21.0,61.76,24.0,11.0,45.83,27.0,20.0,74.1,11.0,20.0,31.0,17.0,1.0,15.0,9.0,22.0,42.0,31.0,73.81,10.0,14.0,100.0,32.0,17.0,53.13,26.0,22.0,84.6,7.0,17.0,24.0,22.0,2.0,16.0,6.0,26.0,reverse
2020_1122_10_1510,2020-11-22T00:00:00+00:00,Telekom Baskets Bonn,1510,ALBA Berlin,10,74,97,visitante,2020-21,0,C4PFPd6T,63.0,27.0,42.86,36.0,19.0,52.78,27.0,8.0,29.63,14.0,12.0,85.7,7.0,21.0,28.0,10.0,0.0,13.0,8.0,20.0,71.0,41.0,57.75,45.0,30.0,66.67,26.0,11.0,42.31,8.0,4.0,50.0,8.0,30.0,38.0,27.0,4.0,12.0,7.0,18.0,reverse
2020_1122_134_450,2020-11-22T00:00:00+00:00,SYNTAINICS MBC Weissenfels,450,Medi Bayreuth,134,81,99,visitante,2020-21,0,8zBoKzUj,78.0,33.0,42.31,51.0,22.0,43.14,27.0,11.0,40.74,7.0,4.0,57.1,18.0,19.0,37.0,18.0,3.0,15.0,7.0,21.0,57.0,32.0,56.14,41.0,22.0,53.66,16.0,10.0,62.5,28.0,25.0,89.3,7.0,26.0,33.0,24.0,3.0,13.0,7.0,17.0,reverse
2020_1122_2745_19629,2020-11-22T00:00:00+00:00,Veolia Towers Hamburg,19629,FITOne Wuerzburg Baskets,2745,90,61,local,2020-21,0,UqCsLGEp,68.0,32.0,47.06,38.0,21.0,55.26,30.0,11.0,36.67,19.0,15.0,78.9,11.0,21.0,32.0,20.0,1.0,9.0,15.0,19.0,60.0,25.0,41.67,43.0,22.0,51.16,17.0,3.0,17.65,11.0,8.0,72.7,14.0,24.0,38.0,13.0,4.0,22.0,5.0,17.0,reverse
2020_1122_219_41,2020-11-22T00:00:00+00:00,MHP Riesen Ludwigsburg,41,FC Bayern Muenchen Basketball,219,70,93,visitante,2020-21,0,phfUrK6i,63.0,23.0,36.51,36.0,14.0,38.89,27.0,9.0,33.33,23.0,15.0,65.2,9.0,13.0,22.0,10.0,2.0,11.0,6.0,16.0,59.0,37.0,62.71,36.0,24.0,66.67,23.0,13.0,56.52,9.0,6.0,66.7,8.0,31.0,39.0,27.0,2.0,16.0,3.0,26.0,reverse
2020_1203_1510_19629,2020-12-03T00:00:00+00:00,Veolia Towers Hamburg,19629,Telekom Baskets Bonn,1510,93,63,local,2020-21,0,OrgYsvMc,65.0,37.0,56.92,40.0,28.0,70.0,25.0,9.0,36.0,17.0,10.0,58.8,13.0,29.0,42.0,17.0,1.0,14.0,13.0,27.0,54.0,20.0,37.04,33.0,14.0,42.42,21.0,6.0,28.57,24.0,17.0,70.8,6.0,17.0,23.0,13.0,3.0,16.0,6.0,20.0,reverse
2020_1204_1634_1791,2020-12-04T00:00:00+00:00,NINERS Chemnitz,1791,EWE Baskets Oldenburg,1634,73,119,visitante,2020-21,0,bF0pux6G,67.0,27.0,40.3,36.0,18.0,50.0,31.0,9.0,29.03,20.0,17.0,85.0,13.0,17.0,30.0,14.0,0.0,12.0,6.0,21.0,62.0,41.0,66.13,32.0,20.0,62.5,30.0,21.0,70.0,19.0,16.0,84.2,4.0,33.0,37.0,27.0,3.0,10.0,7.0,19.0,reverse
2020_1204_2315_214,2020-12-04T00:00:00+00:00,BG Goettingen,214,Merlins Crailsheim,2315,77,89,visitante,2020-21,0,6u4hwGzT,66.0,29.0,43.94,48.0,24.0,50.0,18.0,5.0,27.78,20.0,14.0,70.0,12.0,26.0,38.0,14.0,3.0,13.0,7.0,26.0,61.0,30.0,49.18,32.0,22.0,68.75,29.0,8.0,27.59,27.0,21.0,77.8,8.0,26.0,34.0,12.0,4.0,11.0,3.0,21.0,reverse
2020_1206_1510_1634,2020-12-06T00:00:00+00:00,EWE Baskets Oldenburg,1634,Telekom Baskets Bonn,1510,97,92,local,2020-21,0,dAWEfH53,60.0,35.0,58.33,38.0,25.0,65.79,22.0,10.0,45.45,22.0,19.0,86.4,7.0,23.0,30.0,21.0,2.0,8.0,5.0,18.0,60.0,35.0,58.33,41.0,22.0,53.66,19.0,13.0,68.42,14.0,9.0,64.3,5.0,21.0,26.0,22.0,0.0,12.0,5.0,20.0,reverse
2020_1206_41_2315,2020-12-06T00:00:00+00:00,Merlins Crailsheim,2315,MHP Riesen Ludwigsburg,41,88,97,visitante,2020-21,0,IJXAecjc,59.0,26.0,44.07,29.0,14.0,48.28,30.0,12.0,40.0,28.0,24.0,85.7,5.0,22.0,27.0,21.0,0.0,9.0,4.0,28.0,65.0,30.0,46.15,36.0,21.0,58.33,29.0,9.0,31.03,38.0,28.0,73.7,16.0,26.0,42.0,13.0,0.0,11.0,5.0,19.0,reverse
2020_1206_127_2457,2020-12-06T00:00:00+00:00,Rasta Vechta,2457,Ratiopharm Ulm,127,73,74,visitante,2020-21,0,4GqTWDDd,57.0,27.0,47.37,33.0,19.0,57.58,24.0,8.0,33.33,19.0,13.0,68.4,5.0,26.0,31.0,12.0,2.0,19.0,5.0,23.0,55.0,25.0,45.45,37.0,19.0,51.35,18.0,6.0,33.33,23.0,20.0,87.0,6.0,28.0,34.0,16.0,1.0,18.0,11.0,25.0,reverse
2020_1206_134_10,2020-12-06T00:00:00+00:00,ALBA Berlin,10,Medi Bayreuth,134,71,69,local,2020-21,0,GCnGhezG,70.0,30.0,42.86,35.0,19.0,54.29,35.0,11.0,31.43,2.0,2.0,100.0,19.0,28.0,47.0,21.0,2.0,22.0,8.0,16.0,58.0,25.0,43.1,32.0,17.0,53.13,26.0,8.0,30.77,13.0,11.0,84.6,6.0,22.0,28.0,18.0,3.0,16.0,13.0,15.0,reverse
2020_1206_1791_3361,2020-12-06T00:00:00+00:00,Fraport Skyliners Frankfurt,3361,NINERS Chemnitz,1791,83,70,local,2020-21,0,88AqyT4r,56.0,26.0,46.43,29.0,14.0,48.28,27.0,12.0,44.44,24.0,21.0,87.5,14.0,22.0,36.0,13.0,2.0,14.0,9.0,22.0,51.0,24.0,47.06,26.0,15.0,57.69,25.0,9.0,36.0,18.0,15.0,83.3,8.0,17.0,25.0,16.0,4.0,19.0,10.0,26.0,reverse
2020_1206_450_19629,2020-12-06T00:00:00+00:00,Veolia Towers Hamburg,19629,SYNTAINICS MBC Weissenfels,450,85,80,local,2020-21,0,xMmCgyL9,68.0,33.0,48.53,47.0,23.0,48.94,21.0,10.0,47.62,19.0,11.0,57.9,11.0,31.0,42.0,18.0,0.0,11.0,5.0,20.0,72.0,30.0,41.67,33.0,17.0,51.52,39.0,13.0,33.33,11.0,9.0,81.8,13.0,28.0,41.0,16.0,5.0,12.0,8.0,21.0,reverse
2020_1206_219_214,2020-12-06T00:00:00+00:00,BG Goettingen,214,FC Bayern Muenchen Basketball,219,72,90,visitante,2020-21,0,MBEmzmKl,62.0,25.0,40.32,40.0,20.0,50.0,22.0,5.0,22.73,21.0,17.0,81.0,14.0,20.0,34.0,12.0,3.0,16.0,6.0,28.0,65.0,29.0,44.62,41.0,22.0,53.66,24.0,7.0,29.17,35.0,27.0,77.1,20.0,26.0,46.0,17.0,6.0,13.0,10.0,21.0,reverse
2020_1206_133_132,2020-12-06T00:00:00+00:00,Bamberg Baskets,132,46ers Giessen,133,106,99,local,2020-21,0,4z4hZ6Zf,72.0,40.0,55.56,50.0,32.0,64.0,22.0,8.0,36.36,22.0,18.0,81.8,16.0,23.0,39.0,24.0,6.0,11.0,3.0,17.0,75.0,38.0,50.67,43.0,27.0,62.79,32.0,11.0,34.38,14.0,12.0,85.7,13.0,16.0,29.0,19.0,1.0,8.0,6.0,23.0,reverse
2020_1206_2745_40,2020-12-06T00:00:00+00:00,Basketball Loewen Braunschweig,40,FITOne Wuerzburg Baskets,2745,93,89,local,2020-21,0,rR2dYQl1,56.0,29.0,51.79,28.0,18.0,64.29,28.0,11.0,39.29,31.0,24.0,77.4,8.0,26.0,34.0,17.0,1.0,16.0,5.0,23.0,69.0,33.0,47.83,42.0,22.0,52.38,27.0,11.0,40.74,17.0,12.0,70.6,13.0,21.0,34.0,23.0,2.0,14.0,8.0,26.0,reverse
2020_1208_41_10,2020-12-08T00:00:00+00:00,ALBA Berlin,10,MHP Riesen Ludwigsburg,41,71,78,visitante,2020-21,0,jDuPXgbj,65.0,29.0,44.62,30.0,21.0,70.0,35.0,8.0,22.86,9.0,5.0,55.6,14.0,25.0,39.0,21.0,3.0,11.0,5.0,20.0,62.0,25.0,40.32,31.0,15.0,48.39,31.0,10.0,32.26,21.0,18.0,85.7,12.0,28.0,40.0,15.0,1.0,12.0,5.0,18.0,reverse
2020_1208_450_219,2020-12-08T00:00:00+00:00,FC Bayern Muenchen Basketball,219,SYNTAINICS MBC Weissenfels,450,96,84,local,2020-21,0,M5sgKV4U,64.0,33.0,51.56,47.0,26.0,55.32,17.0,7.0,41.18,26.0,23.0,88.5,9.0,26.0,35.0,21.0,5.0,14.0,7.0,21.0,57.0,27.0,47.37,32.0,17.0,53.13,25.0,10.0,40.0,24.0,20.0,83.3,6.0,21.0,27.0,16.0,4.0,18.0,8.0,24.0,reverse
2020_1208_40_133,2020-12-08T00:00:00+00:00,46ers Giessen,133,Basketball Loewen Braunschweig,40,85,93,visitante,2020-21,0,I5hxsby4,77.0,33.0,42.86,45.0,22.0,48.89,32.0,11.0,34.38,10.0,8.0,80.0,25.0,32.0,57.0,18.0,3.0,14.0,4.0,21.0,76.0,29.0,38.16,44.0,19.0,43.18,32.0,10.0,31.25,33.0,25.0,75.8,17.0,31.0,48.0,21.0,3.0,6.0,8.0,16.0,reverse
2020_1209_2315_1791,2020-12-09T00:00:00+00:00,NINERS Chemnitz,1791,Merlins Crailsheim,2315,76,88,visitante,2020-21,0,MXRkQP2H,53.0,25.0,47.17,29.0,16.0,55.17,24.0,9.0,37.5,28.0,17.0,60.7,8.0,21.0,29.0,18.0,1.0,18.0,3.0,27.0,58.0,24.0,41.38,34.0,18.0,52.94,24.0,6.0,25.0,40.0,34.0,85.0,15.0,26.0,41.0,15.0,1.0,13.0,11.0,24.0,reverse
2020_1209_2457_134,2020-12-09T00:00:00+00:00,Medi Bayreuth,134,Rasta Vechta,2457,92,89,local,2020-21,0,x6alvdLM,60.0,29.0,48.33,34.0,19.0,55.88,26.0,10.0,38.46,28.0,24.0,85.7,12.0,20.0,32.0,20.0,1.0,8.0,5.0,22.0,60.0,32.0,53.33,35.0,22.0,62.86,25.0,10.0,40.0,18.0,15.0,83.3,9.0,20.0,29.0,20.0,3.0,11.0,4.0,24.0,reverse
2020_1210_19629_133,2020-12-10T00:00:00+00:00,46ers Giessen,133,Veolia Towers Hamburg,19629,79,100,visitante,2020-21,0,t0i47cpo,63.0,30.0,47.62,38.0,24.0,63.16,25.0,6.0,24.0,16.0,13.0,81.3,7.0,27.0,34.0,15.0,0.0,21.0,5.0,18.0,70.0,38.0,54.29,42.0,25.0,59.52,28.0,13.0,46.43,19.0,11.0,57.9,8.0,26.0,34.0,26.0,3.0,12.0,15.0,20.0,reverse
2020_1211_2457_1510,2020-12-11T00:00:00+00:00,Telekom Baskets Bonn,1510,Rasta Vechta,2457,80,69,local,2020-21,0,C070Xp47,60.0,28.0,46.67,37.0,20.0,54.05,23.0,8.0,34.78,24.0,16.0,66.7,13.0,27.0,40.0,17.0,4.0,14.0,8.0,22.0,60.0,24.0,40.0,39.0,18.0,46.15,21.0,6.0,28.57,19.0,15.0,78.9,10.0,20.0,30.0,15.0,3.0,13.0,7.0,22.0,reverse
2020_1212_3361_41,2020-12-12T00:00:00+00:00,MHP Riesen Ludwigsburg,41,Fraport Skyliners Frankfurt,3361,94,80,local,2020-21,0,fPWpucND,64.0,34.0,53.13,36.0,24.0,66.67,28.0,10.0,35.71,22.0,16.0,72.7,8.0,23.0,31.0,15.0,3.0,10.0,12.0,19.0,61.0,26.0,42.62,32.0,15.0,46.88,29.0,11.0,37.93,18.0,17.0,94.4,12.0,26.0,38.0,14.0,2.0,21.0,4.0,21.0,reverse
2020_1212_214_450,2020-12-12T00:00:00+00:00,SYNTAINICS MBC Weissenfels,450,BG Goettingen,214,93,85,local,2020-21,0,ji64W4JD,71.0,34.0,47.89,38.0,21.0,55.26,33.0,13.0,39.39,15.0,14.0,93.3,14.0,30.0,44.0,17.0,5.0,14.0,4.0,25.0,71.0,30.0,42.25,47.0,22.0,46.81,24.0,8.0,33.33,24.0,19.0,79.2,13.0,22.0,35.0,19.0,2.0,10.0,7.0,21.0,reverse
2020_1212_1791_2745,2020-12-12T00:00:00+00:00,FITOne Wuerzburg Baskets,2745,NINERS Chemnitz,1791,76,67,local,2020-21,0,0MZhwyhQ,57.0,26.0,45.61,35.0,19.0,54.29,22.0,7.0,31.82,26.0,17.0,65.4,14.0,25.0,39.0,15.0,1.0,15.0,9.0,17.0,58.0,24.0,41.38,34.0,15.0,44.12,24.0,9.0,37.5,11.0,10.0,90.9,11.0,17.0,28.0,17.0,3.0,15.0,6.0,24.0,reverse
2020_1212_2315_1634,2020-12-12T00:00:00+00:00,EWE Baskets Oldenburg,1634,Merlins Crailsheim,2315,80,94,visitante,2020-21,0,6azkvHxK,67.0,28.0,41.79,35.0,19.0,54.29,32.0,9.0,28.13,15.0,15.0,100.0,7.0,17.0,24.0,21.0,2.0,13.0,9.0,24.0,61.0,34.0,55.74,41.0,24.0,58.54,20.0,10.0,50.0,23.0,16.0,69.6,11.0,31.0,42.0,24.0,2.0,21.0,8.0,19.0,reverse
2020_1213_40_134,2020-12-13T00:00:00+00:00,Medi Bayreuth,134,Basketball Loewen Braunschweig,40,79,90,visitante,2020-21,0,bcFTWYUg,59.0,26.0,44.07,36.0,17.0,47.22,23.0,9.0,39.13,26.0,18.0,69.2,9.0,28.0,37.0,15.0,0.0,13.0,4.0,15.0,74.0,36.0,48.65,43.0,23.0,53.49,31.0,13.0,41.94,9.0,5.0,55.6,11.0,27.0,38.0,26.0,2.0,7.0,8.0,23.0,reverse
2020_1213_219_133,2020-12-13T00:00:00+00:00,46ers Giessen,133,FC Bayern Muenchen Basketball,219,71,93,visitante,2020-21,0,2VLKYf0s,58.0,24.0,41.38,32.0,15.0,46.88,26.0,9.0,34.62,15.0,14.0,93.3,4.0,24.0,28.0,16.0,2.0,20.0,5.0,26.0,66.0,33.0,50.0,47.0,28.0,59.57,19.0,5.0,26.32,30.0,22.0,73.3,10.0,29.0,39.0,23.0,4.0,10.0,10.0,19.0,reverse
2020_1213_19629_127,2020-12-13T00:00:00+00:00,Ratiopharm Ulm,127,Veolia Towers Hamburg,19629,73,69,local,2020-21,0,K6GPXEFm,57.0,19.0,33.33,29.0,11.0,37.93,28.0,8.0,28.57,33.0,27.0,81.8,9.0,28.0,37.0,11.0,2.0,12.0,4.0,20.0,64.0,25.0,39.06,34.0,17.0,50.0,30.0,8.0,26.67,14.0,11.0,78.6,10.0,31.0,41.0,15.0,2.0,13.0,3.0,28.0,reverse
2020_1213_10_132,2020-12-13T00:00:00+00:00,Bamberg Baskets,132,ALBA Berlin,10,70,82,visitante,2020-21,0,hKEXVhp0,53.0,27.0,50.94,30.0,19.0,63.33,23.0,8.0,34.78,9.0,8.0,88.9,4.0,25.0,29.0,20.0,1.0,19.0,5.0,22.0,65.0,31.0,47.69,38.0,22.0,57.89,27.0,9.0,33.33,17.0,11.0,64.7,9.0,23.0,32.0,20.0,2.0,10.0,12.0,16.0,reverse
2020_1215_133_450,2020-12-15T00:00:00+00:00,SYNTAINICS MBC Weissenfels,450,46ers Giessen,133,105,93,local,2020-21,0,fa5Wx3nN,71.0,37.0,52.11,41.0,23.0,56.1,30.0,14.0,46.67,23.0,17.0,73.9,16.0,28.0,44.0,29.0,5.0,15.0,6.0,22.0,81.0,37.0,45.68,58.0,31.0,53.45,23.0,6.0,26.09,15.0,13.0,86.7,17.0,20.0,37.0,15.0,2.0,10.0,7.0,20.0,reverse
2020_1216_132_2745,2020-12-16T00:00:00+00:00,FITOne Wuerzburg Baskets,2745,Bamberg Baskets,132,66,81,visitante,2020-21,0,GjButIjA,58.0,25.0,43.1,43.0,23.0,53.49,15.0,2.0,13.33,19.0,14.0,73.7,18.0,16.0,34.0,11.0,1.0,23.0,10.0,15.0,56.0,31.0,55.36,35.0,19.0,54.29,21.0,12.0,57.14,9.0,7.0,77.8,10.0,18.0,28.0,20.0,6.0,18.0,16.0,18.0,reverse
2020_1218_133_1791,2020-12-18T00:00:00+00:00,NINERS Chemnitz,1791,46ers Giessen,133,95,83,local,2020-21,0,6NIyVCa6,57.0,37.0,64.91,36.0,27.0,75.0,21.0,10.0,47.62,16.0,14.0,87.5,6.0,23.0,29.0,24.0,7.0,13.0,5.0,20.0,60.0,30.0,50.0,32.0,16.0,50.0,28.0,14.0,50.0,15.0,13.0,86.7,10.0,16.0,26.0,21.0,2.0,13.0,5.0,22.0,reverse
2020_1219_10_127,2020-12-19T00:00:00+00:00,Ratiopharm Ulm,127,ALBA Berlin,10,83,93,visitante,2020-21,0,ln8tUWEC,57.0,29.0,50.88,30.0,17.0,56.67,27.0,12.0,44.44,15.0,13.0,86.7,8.0,17.0,25.0,18.0,0.0,17.0,9.0,23.0,55.0,32.0,58.18,30.0,20.0,66.67,25.0,12.0,48.0,23.0,17.0,73.9,8.0,20.0,28.0,23.0,1.0,14.0,11.0,13.0,reverse
2020_1219_3361_134,2020-12-19T00:00:00+00:00,Medi Bayreuth,134,Fraport Skyliners Frankfurt,3361,86,104,visitante,2020-21,0,Sx7pTjUI,57.0,30.0,52.63,38.0,23.0,60.53,19.0,7.0,36.84,26.0,19.0,73.1,7.0,16.0,23.0,17.0,1.0,13.0,5.0,13.0,66.0,42.0,63.64,35.0,27.0,77.14,31.0,15.0,48.39,7.0,5.0,71.4,9.0,23.0,32.0,31.0,0.0,12.0,5.0,25.0,reverse
2020_1219_132_1510,2020-12-19T00:00:00+00:00,Telekom Baskets Bonn,1510,Bamberg Baskets,132,66,80,visitante,2020-21,0,tfARiz7J,63.0,21.0,33.33,32.0,15.0,46.88,31.0,6.0,19.35,22.0,18.0,81.8,11.0,22.0,33.0,17.0,3.0,10.0,7.0,23.0,53.0,26.0,49.06,26.0,17.0,65.38,27.0,9.0,33.33,22.0,19.0,86.4,6.0,34.0,40.0,16.0,4.0,15.0,5.0,17.0,reverse
2020_1219_41_2457,2020-12-19T00:00:00+00:00,Rasta Vechta,2457,MHP Riesen Ludwigsburg,41,73,85,visitante,2020-21,0,Kp9VjfMP,52.0,25.0,48.08,34.0,18.0,52.94,18.0,7.0,38.89,20.0,16.0,80.0,9.0,26.0,35.0,14.0,2.0,23.0,5.0,25.0,74.0,31.0,41.89,42.0,22.0,52.38,32.0,9.0,28.13,17.0,14.0,82.4,18.0,21.0,39.0,13.0,2.0,12.0,12.0,24.0,reverse
2020_1220_40_2315,2020-12-20T00:00:00+00:00,Merlins Crailsheim,2315,Basketball Loewen Braunschweig,40,108,75,local,2020-21,0,Yik6phag,64.0,37.0,57.81,31.0,21.0,67.74,33.0,16.0,48.48,22.0,18.0,81.8,11.0,23.0,34.0,25.0,1.0,15.0,11.0,19.0,63.0,28.0,44.44,37.0,21.0,56.76,26.0,7.0,26.92,20.0,12.0,60.0,15.0,16.0,31.0,18.0,3.0,19.0,6.0,20.0,reverse
2020_1220_214_19629,2020-12-20T00:00:00+00:00,Veolia Towers Hamburg,19629,BG Goettingen,214,98,94,local,2020-21,0,QRobnEUt,69.0,30.0,43.48,40.0,17.0,42.5,29.0,13.0,44.83,32.0,25.0,78.1,17.0,24.0,41.0,20.0,1.0,12.0,5.0,22.0,62.0,30.0,48.39,36.0,22.0,61.11,26.0,8.0,30.77,29.0,26.0,89.7,10.0,25.0,35.0,19.0,5.0,12.0,5.0,28.0,reverse
2020_1220_2745_450,2020-12-20T00:00:00+00:00,SYNTAINICS MBC Weissenfels,450,FITOne Wuerzburg Baskets,2745,80,68,local,2020-21,0,vVk2oYqm,59.0,28.0,47.46,34.0,17.0,50.0,25.0,11.0,44.0,15.0,13.0,86.7,9.0,23.0,32.0,16.0,1.0,17.0,11.0,17.0,59.0,25.0,42.37,39.0,19.0,48.72,20.0,6.0,30.0,17.0,12.0,70.6,12.0,21.0,33.0,15.0,2.0,17.0,7.0,17.0,reverse
2020_1220_1634_219,2020-12-20T00:00:00+00:00,FC Bayern Muenchen Basketball,219,EWE Baskets Oldenburg,1634,95,100,visitante,2020-21,0,CrlAqCEa,56.0,29.0,51.79,30.0,20.0,66.67,26.0,9.0,34.62,33.0,28.0,84.8,10.0,20.0,30.0,17.0,1.0,11.0,5.0,27.0,64.0,33.0,51.56,37.0,23.0,62.16,27.0,10.0,37.04,29.0,24.0,82.8,11.0,18.0,29.0,14.0,0.0,9.0,4.0,27.0,reverse
2020_1222_1791_41,2020-12-22T00:00:00+00:00,MHP Riesen Ludwigsburg,41,NINERS Chemnitz,1791,114,91,local,2020-21,0,UJrFrWT5,78.0,41.0,52.56,50.0,29.0,58.0,28.0,12.0,42.86,29.0,23.0,79.3,16.0,16.0,32.0,17.0,4.0,6.0,10.0,22.0,61.0,31.0,50.82,34.0,21.0,61.76,27.0,10.0,37.04,21.0,19.0,90.5,13.0,25.0,38.0,18.0,6.0,18.0,3.0,28.0,reverse
2020_1222_134_2745,2020-12-22T00:00:00+00:00,FITOne Wuerzburg Baskets,2745,Medi Bayreuth,134,93,87,local,2020-21,0,2XtNtAbI,61.0,34.0,55.74,42.0,26.0,61.9,19.0,8.0,42.11,23.0,17.0,73.9,13.0,14.0,27.0,19.0,1.0,10.0,8.0,25.0,54.0,28.0,51.85,38.0,21.0,55.26,16.0,7.0,43.75,24.0,24.0,100.0,10.0,14.0,24.0,18.0,3.0,16.0,5.0,24.0,reverse
2020_1222_2315_3361,2020-12-22T00:00:00+00:00,Fraport Skyliners Frankfurt,3361,Merlins Crailsheim,2315,64,76,visitante,2020-21,0,8AsJsjqC,58.0,24.0,41.38,38.0,19.0,50.0,20.0,5.0,25.0,15.0,13.0,86.7,6.0,31.0,37.0,12.0,4.0,15.0,6.0,26.0,71.0,25.0,35.21,42.0,18.0,42.86,29.0,7.0,24.14,27.0,19.0,70.4,18.0,29.0,47.0,11.0,2.0,8.0,9.0,21.0,reverse
2020_1223_214_1634,2020-12-23T00:00:00+00:00,EWE Baskets Oldenburg,1634,BG Goettingen,214,89,73,local,2020-21,0,E7pRuUDO,67.0,32.0,47.76,41.0,19.0,46.34,26.0,13.0,50.0,15.0,12.0,80.0,9.0,24.0,33.0,27.0,3.0,14.0,11.0,17.0,61.0,30.0,49.18,43.0,24.0,55.81,18.0,6.0,33.33,9.0,7.0,77.8,8.0,24.0,32.0,16.0,2.0,19.0,6.0,20.0,reverse
2020_1223_450_2457,2020-12-23T00:00:00+00:00,Rasta Vechta,2457,SYNTAINICS MBC Weissenfels,450,72,82,visitante,2020-21,0,GCO94DjP,63.0,25.0,39.68,41.0,19.0,46.34,22.0,6.0,27.27,26.0,18.0,69.2,13.0,27.0,40.0,12.0,1.0,13.0,5.0,22.0,66.0,27.0,40.91,30.0,15.0,50.0,36.0,12.0,33.33,21.0,18.0,85.7,14.0,26.0,40.0,21.0,4.0,12.0,6.0,26.0,reverse
2020_1223_1510_133,2020-12-23T00:00:00+00:00,46ers Giessen,133,Telekom Baskets Bonn,1510,68,81,visitante,2020-21,0,ILAy0Xbt,70.0,24.0,34.29,44.0,16.0,36.36,26.0,8.0,30.77,13.0,12.0,92.3,14.0,23.0,37.0,9.0,1.0,13.0,7.0,24.0,58.0,30.0,51.72,33.0,19.0,57.58,25.0,11.0,44.0,23.0,15.0,65.2,8.0,32.0,40.0,17.0,3.0,14.0,4.0,19.0,reverse
2020_1226_3361_40,2020-12-26T00:00:00+00:00,Basketball Loewen Braunschweig,40,Fraport Skyliners Frankfurt,3361,98,103,visitante,2020-21,0,QoEqbBTh,70.0,35.0,50.0,41.0,22.0,53.66,29.0,13.0,44.83,24.0,15.0,62.5,9.0,25.0,34.0,22.0,2.0,10.0,3.0,26.0,61.0,30.0,49.18,32.0,18.0,56.25,29.0,12.0,41.38,36.0,31.0,86.1,8.0,28.0,36.0,15.0,0.0,10.0,5.0,21.0,reverse
2020_1226_134_133,2020-12-26T00:00:00+00:00,46ers Giessen,133,Medi Bayreuth,134,110,99,local,2020-21,0,MD7hdkb5,72.0,41.0,56.94,43.0,28.0,65.12,29.0,13.0,44.83,16.0,15.0,93.8,9.0,21.0,30.0,19.0,0.0,11.0,5.0,24.0,63.0,32.0,50.79,37.0,24.0,64.86,26.0,8.0,30.77,32.0,27.0,84.4,11.0,22.0,33.0,20.0,3.0,11.0,9.0,18.0,reverse
2020_1226_127_1634,2020-12-26T00:00:00+00:00,EWE Baskets Oldenburg,1634,Ratiopharm Ulm,127,89,86,local,2020-21,0,Gz7de9DB,59.0,28.0,47.46,35.0,18.0,51.43,24.0,10.0,41.67,25.0,23.0,92.0,6.0,32.0,38.0,18.0,0.0,14.0,7.0,23.0,56.0,24.0,42.86,33.0,16.0,48.48,23.0,8.0,34.78,34.0,30.0,88.2,3.0,25.0,28.0,18.0,2.0,11.0,8.0,23.0,reverse
2020_1227_19629_1791,2020-12-27T00:00:00+00:00,NINERS Chemnitz,1791,Veolia Towers Hamburg,19629,95,75,local,2020-21,0,zwNcgmrO,46.0,31.0,67.39,27.0,19.0,70.37,19.0,12.0,63.16,24.0,21.0,87.5,4.0,27.0,31.0,20.0,1.0,22.0,8.0,24.0,57.0,23.0,40.35,22.0,15.0,68.18,35.0,8.0,22.86,27.0,23.0,85.2,8.0,11.0,19.0,15.0,0.0,16.0,12.0,20.0,reverse
2020_1227_41_2745,2020-12-27T00:00:00+00:00,FITOne Wuerzburg Baskets,2745,MHP Riesen Ludwigsburg,41,72,87,visitante,2020-21,0,fR50fTSH,63.0,26.0,41.27,39.0,16.0,41.03,24.0,10.0,41.67,13.0,10.0,76.9,9.0,23.0,32.0,16.0,4.0,15.0,7.0,27.0,66.0,29.0,43.94,36.0,20.0,55.56,30.0,9.0,30.0,24.0,20.0,83.3,14.0,28.0,42.0,17.0,3.0,13.0,4.0,17.0,reverse
2020_1227_1510_214,2020-12-27T00:00:00+00:00,BG Goettingen,214,Telekom Baskets Bonn,1510,87,102,visitante,2020-21,0,jkc7DjTu,60.0,31.0,51.67,46.0,24.0,52.17,14.0,7.0,50.0,27.0,20.0,74.1,11.0,24.0,35.0,17.0,1.0,12.0,4.0,21.0,68.0,40.0,58.82,35.0,22.0,62.86,33.0,18.0,54.55,8.0,6.0,75.0,6.0,23.0,29.0,26.0,3.0,10.0,4.0,26.0,reverse
2020_1227_2457_2315,2020-12-27T00:00:00+00:00,Merlins Crailsheim,2315,Rasta Vechta,2457,98,81,local,2020-21,0,ETL1h7cU,67.0,37.0,55.22,44.0,26.0,59.09,23.0,11.0,47.83,20.0,15.0,75.0,13.0,21.0,34.0,14.0,3.0,13.0,9.0,30.0,56.0,25.0,44.64,29.0,18.0,62.07,27.0,7.0,25.93,32.0,24.0,75.0,14.0,19.0,33.0,17.0,5.0,20.0,5.0,23.0,reverse
2020_1227_219_132,2020-12-27T00:00:00+00:00,Bamberg Baskets,132,FC Bayern Muenchen Basketball,219,70,84,visitante,2020-21,0,4h1BCArn,49.0,25.0,51.02,37.0,19.0,51.35,12.0,6.0,50.0,18.0,14.0,77.8,5.0,18.0,23.0,13.0,0.0,15.0,4.0,14.0,55.0,32.0,58.18,39.0,26.0,66.67,16.0,6.0,37.5,16.0,14.0,87.5,5.0,20.0,25.0,18.0,4.0,10.0,9.0,21.0,reverse
2020_1229_2315_127,2020-12-29T00:00:00+00:00,Ratiopharm Ulm,127,Merlins Crailsheim,2315,84,86,visitante,2020-21,0,fsfO98S4,59.0,27.0,45.76,33.0,16.0,48.48,26.0,11.0,42.31,25.0,19.0,76.0,8.0,23.0,31.0,19.0,2.0,12.0,9.0,20.0,56.0,27.0,48.21,31.0,14.0,45.16,25.0,13.0,52.0,27.0,19.0,70.4,11.0,24.0,35.0,17.0,5.0,16.0,6.0,26.0,reverse
2020_1229_41_19629,2020-12-29T00:00:00+00:00,Veolia Towers Hamburg,19629,MHP Riesen Ludwigsburg,41,65,86,visitante,2020-21,0,Q7kKAlDb,60.0,24.0,40.0,30.0,16.0,53.33,30.0,8.0,26.67,18.0,11.0,61.1,14.0,24.0,38.0,11.0,2.0,21.0,6.0,20.0,62.0,33.0,53.23,33.0,19.0,57.58,29.0,14.0,48.28,13.0,8.0,61.5,7.0,26.0,33.0,17.0,7.0,15.0,7.0,19.0,reverse
2020_1230_133_3361,2020-12-30T00:00:00+00:00,Fraport Skyliners Frankfurt,3361,46ers Giessen,133,74,75,visitante,2020-21,0,GdrX7ncH,24.0,65.0,100.0,18.0,39.0,100.0,6.0,26.0,100.0,20.0,26.0,100.0,14.0,27.0,41.0,16.0,5.0,9.0,1.0,16.0,31.0,65.0,100.0,27.0,56.0,100.0,4.0,9.0,100.0,9.0,13.0,100.0,9.0,27.0,36.0,12.0,9.0,9.0,3.0,23.0,reverse
2020_1230_2457_1634,2020-12-30T00:00:00+00:00,EWE Baskets Oldenburg,1634,Rasta Vechta,2457,82,80,local,2020-21,0,YXhS8SsB,68.0,30.0,44.12,40.0,22.0,55.0,28.0,8.0,28.57,17.0,14.0,82.4,11.0,20.0,31.0,20.0,2.0,7.0,11.0,20.0,59.0,29.0,49.15,32.0,20.0,62.5,27.0,9.0,33.33,16.0,13.0,81.3,10.0,25.0,35.0,20.0,2.0,17.0,2.0,23.0,reverse
2020_1230_132_134,2020-12-30T00:00:00+00:00,Medi Bayreuth,134,Bamberg Baskets,132,73,67,local,2020-21,0,CGPajKRq,57.0,26.0,45.61,33.0,18.0,54.55,24.0,8.0,33.33,13.0,13.0,100.0,10.0,30.0,40.0,15.0,0.0,19.0,4.0,17.0,77.0,25.0,32.47,34.0,14.0,41.18,43.0,11.0,25.58,9.0,6.0,66.7,21.0,20.0,41.0,19.0,3.0,13.0,9.0,19.0,reverse
2020_1230_1791_450,2020-12-30T00:00:00+00:00,SYNTAINICS MBC Weissenfels,450,NINERS Chemnitz,1791,79,96,visitante,2020-21,0,6wP3kvsj,61.0,23.0,37.7,31.0,19.0,61.29,30.0,4.0,13.33,31.0,29.0,93.5,12.0,19.0,31.0,14.0,2.0,14.0,6.0,25.0,61.0,33.0,54.1,35.0,22.0,62.86,26.0,11.0,42.31,21.0,19.0,90.5,8.0,24.0,32.0,14.0,4.0,14.0,5.0,28.0,reverse
2021_0102_133_214,2021-01-02T00:00:00+00:00,BG Goettingen,214,46ers Giessen,133,92,90,local,2020-21,0,fa5bBL39,61.0,34.0,55.74,39.0,24.0,61.54,22.0,10.0,45.45,22.0,14.0,63.6,11.0,31.0,42.0,25.0,3.0,19.0,2.0,24.0,72.0,32.0,44.44,36.0,22.0,61.11,36.0,10.0,27.78,20.0,16.0,80.0,13.0,20.0,33.0,15.0,1.0,13.0,8.0,22.0,reverse
2021_0102_127_1510,2021-01-02T00:00:00+00:00,Telekom Baskets Bonn,1510,Ratiopharm Ulm,127,72,73,visitante,2020-21,0,0x6fC1l3,61.0,26.0,42.62,39.0,16.0,41.03,22.0,10.0,45.45,10.0,10.0,100.0,9.0,26.0,35.0,13.0,1.0,15.0,6.0,23.0,53.0,21.0,39.62,28.0,12.0,42.86,25.0,9.0,36.0,24.0,22.0,91.7,6.0,25.0,31.0,21.0,0.0,12.0,3.0,18.0,reverse
2021_0102_134_41,2021-01-02T00:00:00+00:00,MHP Riesen Ludwigsburg,41,Medi Bayreuth,134,89,70,local,2020-21,0,8292AuJF,65.0,34.0,52.31,39.0,20.0,51.28,26.0,14.0,53.85,10.0,7.0,70.0,9.0,22.0,31.0,17.0,2.0,13.0,6.0,21.0,59.0,28.0,47.46,33.0,22.0,66.67,26.0,6.0,23.08,16.0,10.0,62.5,11.0,22.0,33.0,23.0,4.0,18.0,6.0,17.0,reverse
2021_0102_19629_2457,2021-01-02T00:00:00+00:00,Rasta Vechta,2457,Veolia Towers Hamburg,19629,74,92,visitante,2020-21,0,UHcB8JmS,60.0,26.0,43.33,35.0,20.0,57.14,25.0,6.0,24.0,24.0,18.0,75.0,14.0,18.0,32.0,11.0,2.0,19.0,6.0,22.0,65.0,36.0,55.38,40.0,28.0,70.0,25.0,8.0,32.0,17.0,14.0,82.4,12.0,22.0,34.0,17.0,2.0,15.0,14.0,24.0,reverse
2021_0102_450_3361,2021-01-02T00:00:00+00:00,Fraport Skyliners Frankfurt,3361,SYNTAINICS MBC Weissenfels,450,94,89,local,2020-21,0,jRb79aYL,52.0,27.0,51.92,34.0,17.0,50.0,18.0,10.0,55.56,43.0,30.0,69.8,8.0,28.0,36.0,20.0,2.0,14.0,9.0,22.0,67.0,31.0,46.27,38.0,18.0,47.37,29.0,13.0,44.83,19.0,14.0,73.7,10.0,22.0,32.0,25.0,4.0,13.0,8.0,30.0,reverse
2021_0103_132_1634,2021-01-03T00:00:00+00:00,EWE Baskets Oldenburg,1634,Bamberg Baskets,132,85,78,local,2020-21,0,00pw4wdq,67.0,31.0,46.27,48.0,25.0,52.08,19.0,6.0,31.58,20.0,17.0,85.0,11.0,18.0,29.0,19.0,1.0,5.0,11.0,19.0,62.0,31.0,50.0,36.0,23.0,63.89,26.0,8.0,30.77,10.0,8.0,80.0,12.0,26.0,38.0,22.0,3.0,16.0,1.0,16.0,reverse
2021_0103_2745_2315,2021-01-03T00:00:00+00:00,Merlins Crailsheim,2315,FITOne Wuerzburg Baskets,2745,86,80,local,2020-21,0,MFYo2HQe,63.0,30.0,47.62,37.0,18.0,48.65,26.0,12.0,46.15,19.0,14.0,73.7,12.0,20.0,32.0,14.0,2.0,12.0,7.0,21.0,60.0,26.0,43.33,39.0,18.0,46.15,21.0,8.0,38.1,24.0,20.0,83.3,15.0,21.0,36.0,19.0,3.0,14.0,4.0,17.0,reverse
2021_0103_10_219,2021-01-03T00:00:00+00:00,FC Bayern Muenchen Basketball,219,ALBA Berlin,10,72,85,visitante,2020-21,0,zJxj1yt2,63.0,27.0,42.86,43.0,19.0,44.19,20.0,8.0,40.0,12.0,10.0,83.3,14.0,18.0,32.0,18.0,4.0,17.0,8.0,19.0,59.0,33.0,55.93,45.0,29.0,64.44,14.0,4.0,28.57,21.0,15.0,71.4,8.0,22.0,30.0,24.0,5.0,13.0,10.0,17.0,reverse
2021_0106_127_132,2021-01-06T00:00:00+00:00,Bamberg Baskets,132,Ratiopharm Ulm,127,74,67,local,2020-21,0,fgC7wg5h,61.0,27.0,44.26,38.0,23.0,60.53,23.0,4.0,17.39,20.0,16.0,80.0,13.0,26.0,39.0,20.0,5.0,11.0,6.0,18.0,61.0,21.0,34.43,35.0,13.0,37.14,26.0,8.0,30.77,19.0,17.0,89.5,13.0,21.0,34.0,10.0,3.0,11.0,3.0,23.0,reverse
2021_0108_2457_132,2021-01-08T00:00:00+00:00,Bamberg Baskets,132,Rasta Vechta,2457,82,90,visitante,2020-21,0,lMQXPKI2,59.0,29.0,49.15,26.0,17.0,65.38,33.0,12.0,36.36,14.0,12.0,85.7,7.0,19.0,26.0,21.0,5.0,7.0,4.0,18.0,57.0,31.0,54.39,30.0,16.0,53.33,27.0,15.0,55.56,17.0,14.0,82.4,10.0,26.0,36.0,22.0,2.0,12.0,4.0,18.0,reverse
2021_0109_1634_134,2021-01-09T00:00:00+00:00,Medi Bayreuth,134,EWE Baskets Oldenburg,1634,73,80,visitante,2020-21,0,YqBBxDKb,58.0,29.0,50.0,34.0,21.0,61.76,24.0,8.0,33.33,12.0,7.0,58.3,7.0,27.0,34.0,19.0,0.0,15.0,9.0,17.0,61.0,28.0,45.9,30.0,18.0,60.0,31.0,10.0,32.26,20.0,14.0,70.0,9.0,25.0,34.0,24.0,0.0,11.0,7.0,17.0,reverse
2021_0109_1510_2745,2021-01-09T00:00:00+00:00,FITOne Wuerzburg Baskets,2745,Telekom Baskets Bonn,1510,89,77,local,2020-21,0,plKtObmF,56.0,35.0,62.5,37.0,26.0,70.27,19.0,9.0,47.37,14.0,11.0,78.6,5.0,23.0,28.0,14.0,2.0,17.0,5.0,20.0,64.0,26.0,40.63,32.0,13.0,40.63,32.0,13.0,40.63,18.0,13.0,72.2,16.0,16.0,32.0,11.0,1.0,16.0,8.0,20.0,reverse
2021_0109_41_127,2021-01-09T00:00:00+00:00,Ratiopharm Ulm,127,MHP Riesen Ludwigsburg,41,87,89,visitante,2020-21,0,OvJpNI2L,49.0,25.0,51.02,22.0,12.0,54.55,27.0,13.0,48.15,32.0,24.0,75.0,8.0,28.0,36.0,18.0,5.0,15.0,2.0,23.0,68.0,32.0,47.06,38.0,19.0,50.0,30.0,13.0,43.33,19.0,12.0,63.2,14.0,18.0,32.0,18.0,1.0,7.0,4.0,23.0,reverse
2021_0110_10_133,2021-01-10T00:00:00+00:00,46ers Giessen,133,ALBA Berlin,10,82,92,visitante,2020-21,0,zJbLGGuk,67.0,32.0,47.76,38.0,19.0,50.0,29.0,13.0,44.83,8.0,5.0,62.5,14.0,23.0,37.0,18.0,4.0,21.0,6.0,22.0,69.0,34.0,49.28,46.0,25.0,54.35,23.0,9.0,39.13,17.0,15.0,88.2,12.0,21.0,33.0,24.0,4.0,10.0,10.0,13.0,reverse
2021_0110_219_1791,2021-01-10T00:00:00+00:00,NINERS Chemnitz,1791,FC Bayern Muenchen Basketball,219,76,77,visitante,2020-21,0,hf9GHdQr,60.0,24.0,40.0,35.0,13.0,37.14,25.0,11.0,44.0,21.0,17.0,81.0,10.0,22.0,32.0,15.0,1.0,11.0,6.0,20.0,63.0,25.0,39.68,30.0,14.0,46.67,33.0,11.0,33.33,18.0,16.0,88.9,16.0,26.0,42.0,19.0,5.0,14.0,5.0,21.0,reverse
2021_0110_3361_214,2021-01-10T00:00:00+00:00,BG Goettingen,214,Fraport Skyliners Frankfurt,3361,63,81,visitante,2020-21,0,I1IlMxIR,57.0,20.0,35.09,35.0,14.0,40.0,22.0,6.0,27.27,19.0,17.0,89.5,9.0,21.0,30.0,15.0,3.0,16.0,7.0,22.0,63.0,27.0,42.86,37.0,17.0,45.95,26.0,10.0,38.46,22.0,17.0,77.3,14.0,29.0,43.0,22.0,1.0,15.0,7.0,22.0,reverse
2021_0110_19629_2315,2021-01-10T00:00:00+00:00,Merlins Crailsheim,2315,Veolia Towers Hamburg,19629,72,89,visitante,2020-21,0,E9cPFzee,59.0,25.0,42.37,29.0,17.0,58.62,30.0,8.0,26.67,17.0,14.0,82.4,12.0,22.0,34.0,16.0,3.0,19.0,3.0,23.0,64.0,29.0,45.31,33.0,18.0,54.55,31.0,11.0,35.48,25.0,20.0,80.0,13.0,22.0,35.0,23.0,2.0,10.0,9.0,23.0,reverse
2021_0114_40_450,2021-01-14T00:00:00+00:00,SYNTAINICS MBC Weissenfels,450,Basketball Loewen Braunschweig,40,104,91,local,2020-21,0,SCPyPvY8,63.0,32.0,50.79,39.0,24.0,61.54,24.0,8.0,33.33,39.0,32.0,82.1,16.0,24.0,40.0,18.0,2.0,17.0,11.0,23.0,70.0,33.0,47.14,45.0,23.0,51.11,25.0,10.0,40.0,25.0,15.0,60.0,17.0,19.0,36.0,20.0,1.0,17.0,11.0,32.0,reverse
2021_0115_1791_1510,2021-01-15T00:00:00+00:00,Telekom Baskets Bonn,1510,NINERS Chemnitz,1791,92,93,visitante,2020-21,0,rq2TEfA1,74.0,30.0,40.54,35.0,17.0,48.57,39.0,13.0,33.33,22.0,19.0,86.4,,,34.0,,2.0,13.0,11.0,21.0,56.0,31.0,55.36,35.0,18.0,51.43,21.0,13.0,61.9,22.0,18.0,81.8,,,37.0,,3.0,20.0,6.0,23.0,reverse
2021_0116_2315_134,2021-01-16T00:00:00+00:00,Medi Bayreuth,134,Merlins Crailsheim,2315,77,82,visitante,2020-21,0,OvuGxb28,60.0,29.0,48.33,32.0,17.0,53.13,28.0,12.0,42.86,15.0,7.0,46.7,8.0,27.0,35.0,17.0,2.0,16.0,5.0,20.0,64.0,32.0,50.0,33.0,21.0,63.64,31.0,11.0,35.48,13.0,7.0,53.8,8.0,27.0,35.0,21.0,4.0,15.0,11.0,20.0,reverse
2021_0116_41_132,2021-01-16T00:00:00+00:00,Bamberg Baskets,132,MHP Riesen Ludwigsburg,41,75,83,visitante,2020-21,0,xrqKyIHE,59.0,27.0,45.76,29.0,18.0,62.07,30.0,9.0,30.0,14.0,12.0,85.7,13.0,23.0,36.0,14.0,3.0,22.0,5.0,24.0,56.0,29.0,51.79,32.0,18.0,56.25,24.0,11.0,45.83,16.0,14.0,87.5,3.0,19.0,22.0,12.0,1.0,12.0,13.0,18.0,reverse
2021_0116_2457_133,2021-01-16T00:00:00+00:00,46ers Giessen,133,Rasta Vechta,2457,84,97,visitante,2020-21,0,W4rOzxXK,61.0,32.0,52.46,35.0,24.0,68.57,26.0,8.0,30.77,15.0,12.0,80.0,10.0,19.0,29.0,17.0,3.0,14.0,4.0,19.0,65.0,33.0,50.77,43.0,22.0,51.16,22.0,11.0,50.0,22.0,20.0,90.9,13.0,19.0,32.0,22.0,2.0,10.0,8.0,19.0,reverse
2021_0117_40_10,2021-01-17T00:00:00+00:00,ALBA Berlin,10,Basketball Loewen Braunschweig,40,82,76,local,2020-21,0,MZ0XDEP7,62.0,31.0,50.0,29.0,19.0,65.52,33.0,12.0,36.36,9.0,8.0,88.9,6.0,24.0,30.0,22.0,6.0,16.0,7.0,24.0,53.0,24.0,45.28,28.0,13.0,46.43,25.0,11.0,44.0,27.0,17.0,63.0,11.0,21.0,32.0,19.0,1.0,19.0,7.0,15.0,reverse
2021_0117_219_19629,2021-01-17T00:00:00+00:00,Veolia Towers Hamburg,19629,FC Bayern Muenchen Basketball,219,71,85,visitante,2020-21,0,0z1nVFfr,64.0,26.0,40.63,42.0,17.0,40.48,22.0,9.0,40.91,11.0,10.0,90.9,14.0,20.0,34.0,17.0,2.0,14.0,7.0,21.0,55.0,31.0,56.36,39.0,25.0,64.1,16.0,6.0,37.5,24.0,17.0,70.8,6.0,22.0,28.0,18.0,4.0,11.0,5.0,14.0,reverse
2021_0117_3361_2745,2021-01-17T00:00:00+00:00,FITOne Wuerzburg Baskets,2745,Fraport Skyliners Frankfurt,3361,80,72,local,2020-21,0,AesSZenR,59.0,27.0,45.76,34.0,18.0,52.94,25.0,9.0,36.0,18.0,17.0,94.4,10.0,27.0,37.0,23.0,2.0,11.0,5.0,19.0,56.0,25.0,44.64,33.0,16.0,48.48,23.0,9.0,39.13,16.0,13.0,81.3,6.0,21.0,27.0,15.0,0.0,13.0,6.0,16.0,reverse
2021_0117_1634_450,2021-01-17T00:00:00+00:00,SYNTAINICS MBC Weissenfels,450,EWE Baskets Oldenburg,1634,79,87,visitante,2020-21,0,vRajUZ9l,57.0,26.0,45.61,38.0,18.0,47.37,19.0,8.0,42.11,25.0,19.0,76.0,11.0,23.0,34.0,16.0,3.0,14.0,7.0,16.0,65.0,32.0,49.23,31.0,18.0,58.06,34.0,14.0,41.18,10.0,9.0,90.0,9.0,23.0,32.0,21.0,1.0,10.0,6.0,20.0,reverse
2021_0117_214_127,2021-01-17T00:00:00+00:00,Ratiopharm Ulm,127,BG Goettingen,214,98,74,local,2020-21,0,YmafTgPf,58.0,29.0,50.0,27.0,15.0,55.56,31.0,14.0,45.16,26.0,26.0,100.0,9.0,26.0,35.0,17.0,5.0,16.0,8.0,14.0,67.0,31.0,46.27,42.0,23.0,54.76,25.0,8.0,32.0,10.0,4.0,40.0,11.0,19.0,30.0,18.0,5.0,17.0,5.0,25.0,reverse
2021_0122_214_2457,2021-01-22T00:00:00+00:00,Rasta Vechta,2457,BG Goettingen,214,102,90,local,2020-21,0,IyZcmFGQ,66.0,35.0,53.03,35.0,20.0,57.14,31.0,15.0,48.39,23.0,17.0,73.9,6.0,26.0,32.0,24.0,0.0,16.0,8.0,27.0,66.0,28.0,42.42,36.0,21.0,58.33,30.0,7.0,23.33,38.0,27.0,71.1,14.0,27.0,41.0,20.0,5.0,15.0,7.0,23.0,reverse
2021_0123_133_1634,2021-01-23T00:00:00+00:00,EWE Baskets Oldenburg,1634,46ers Giessen,133,97,82,local,2020-21,0,UFh3RXg7,59.0,34.0,57.63,35.0,22.0,62.86,24.0,12.0,50.0,21.0,19.0,90.5,8.0,28.0,36.0,19.0,5.0,14.0,3.0,17.0,73.0,32.0,43.84,50.0,26.0,52.0,23.0,6.0,26.09,13.0,12.0,92.3,13.0,18.0,31.0,15.0,3.0,11.0,7.0,22.0,reverse
2021_0123_450_41,2021-01-23T00:00:00+00:00,MHP Riesen Ludwigsburg,41,SYNTAINICS MBC Weissenfels,450,93,80,local,2020-21,0,ni3bSDv1,67.0,34.0,50.75,42.0,23.0,54.76,25.0,11.0,44.0,19.0,14.0,73.7,8.0,22.0,30.0,19.0,3.0,10.0,8.0,15.0,63.0,32.0,50.79,34.0,22.0,64.71,29.0,10.0,34.48,7.0,6.0,85.7,9.0,24.0,33.0,16.0,1.0,19.0,6.0,22.0,reverse
2021_0123_134_219,2021-01-23T00:00:00+00:00,FC Bayern Muenchen Basketball,219,Medi Bayreuth,134,98,78,local,2020-21,0,dMpkkynE,69.0,39.0,56.52,43.0,25.0,58.14,26.0,14.0,53.85,10.0,6.0,60.0,11.0,20.0,31.0,20.0,7.0,10.0,7.0,15.0,60.0,28.0,46.67,36.0,17.0,47.22,24.0,11.0,45.83,13.0,11.0,84.6,10.0,20.0,30.0,17.0,2.0,18.0,5.0,17.0,reverse
2021_0123_19629_3361,2021-01-23T00:00:00+00:00,Fraport Skyliners Frankfurt,3361,Veolia Towers Hamburg,19629,70,98,visitante,2020-21,0,86i7Qi9D,60.0,26.0,43.33,32.0,17.0,53.13,28.0,9.0,32.14,10.0,9.0,90.0,12.0,14.0,26.0,16.0,2.0,19.0,6.0,15.0,58.0,36.0,62.07,28.0,20.0,71.43,30.0,16.0,53.33,16.0,12.0,75.0,8.0,22.0,30.0,29.0,4.0,16.0,15.0,13.0,reverse
2021_0124_10_2745,2021-01-24T00:00:00+00:00,FITOne Wuerzburg Baskets,2745,ALBA Berlin,10,85,99,visitante,2020-21,0,tAAFyXZ4,64.0,30.0,46.88,43.0,21.0,48.84,21.0,9.0,42.86,21.0,16.0,76.2,,,27.0,,0.0,12.0,11.0,21.0,63.0,35.0,55.56,33.0,21.0,63.64,30.0,14.0,46.67,20.0,17.0,85.0,,,39.0,,5.0,16.0,6.0,19.0,reverse
2021_0124_1510_2315,2021-01-24T00:00:00+00:00,Merlins Crailsheim,2315,Telekom Baskets Bonn,1510,93,84,local,2020-21,0,hUPPrZOs,62.0,33.0,53.23,37.0,24.0,64.86,25.0,9.0,36.0,21.0,18.0,85.7,8.0,30.0,38.0,12.0,0.0,17.0,5.0,20.0,65.0,30.0,46.15,33.0,15.0,45.45,32.0,15.0,46.88,15.0,9.0,60.0,7.0,24.0,31.0,18.0,3.0,13.0,7.0,23.0,reverse
2021_0124_127_1791,2021-01-24T00:00:00+00:00,NINERS Chemnitz,1791,Ratiopharm Ulm,127,63,102,visitante,2020-21,0,zDqgle1K,51.0,22.0,43.14,30.0,16.0,53.33,21.0,6.0,28.57,16.0,13.0,81.3,12.0,15.0,27.0,16.0,1.0,22.0,2.0,25.0,54.0,32.0,59.26,27.0,19.0,70.37,27.0,13.0,48.15,29.0,25.0,86.2,10.0,18.0,28.0,23.0,5.0,9.0,15.0,16.0,reverse
2021_0124_132_40,2021-01-24T00:00:00+00:00,Basketball Loewen Braunschweig,40,Bamberg Baskets,132,84,98,visitante,2020-21,0,niPTsgvl,57.0,26.0,45.61,34.0,16.0,47.06,23.0,10.0,43.48,28.0,22.0,78.6,12.0,22.0,34.0,11.0,1.0,12.0,4.0,22.0,67.0,36.0,53.73,33.0,21.0,63.64,34.0,15.0,44.12,12.0,11.0,91.7,9.0,22.0,31.0,22.0,2.0,9.0,9.0,22.0,reverse
2021_0129_214_132,2021-01-29T00:00:00+00:00,Bamberg Baskets,132,BG Goettingen,214,80,87,visitante,2020-21,0,rJIxtX80,61.0,29.0,47.54,35.0,22.0,62.86,26.0,7.0,26.92,18.0,15.0,83.3,9.0,26.0,35.0,20.0,2.0,14.0,8.0,19.0,58.0,29.0,50.0,32.0,15.0,46.88,26.0,14.0,53.85,18.0,15.0,83.3,4.0,26.0,30.0,17.0,2.0,14.0,8.0,19.0,reverse
2021_0130_450_127,2021-01-30T00:00:00+00:00,Ratiopharm Ulm,127,SYNTAINICS MBC Weissenfels,450,104,92,local,2020-21,0,QsOXtDgf,66.0,38.0,57.58,45.0,27.0,60.0,21.0,11.0,52.38,19.0,17.0,89.5,13.0,23.0,36.0,20.0,0.0,18.0,7.0,17.0,68.0,34.0,50.0,37.0,23.0,62.16,31.0,11.0,35.48,15.0,13.0,86.7,11.0,14.0,25.0,17.0,2.0,16.0,9.0,24.0,reverse
2021_0130_1791_134,2021-01-30T00:00:00+00:00,Medi Bayreuth,134,NINERS Chemnitz,1791,83,61,local,2020-21,0,K09JzikB,57.0,31.0,54.39,29.0,15.0,51.72,28.0,16.0,57.14,11.0,9.0,81.8,3.0,23.0,26.0,21.0,5.0,16.0,11.0,15.0,38.0,23.0,60.53,13.0,18.0,100.0,25.0,5.0,20.0,11.0,10.0,90.9,9.0,22.0,31.0,18.0,2.0,25.0,6.0,19.0,reverse
2021_0130_41_133,2021-01-30T00:00:00+00:00,46ers Giessen,133,MHP Riesen Ludwigsburg,41,85,99,visitante,2020-21,0,M9HtuiO6,60.0,28.0,46.67,32.0,18.0,56.25,28.0,10.0,35.71,26.0,19.0,73.1,8.0,32.0,40.0,,3.0,16.0,3.0,24.0,77.0,36.0,46.75,49.0,26.0,53.06,28.0,10.0,35.71,25.0,17.0,68.0,13.0,28.0,41.0,,1.0,4.0,12.0,24.0,reverse
2021_0130_1634_2745,2021-01-30T00:00:00+00:00,FITOne Wuerzburg Baskets,2745,EWE Baskets Oldenburg,1634,84,124,visitante,2020-21,0,GWGpvBwD,59.0,32.0,54.24,41.0,25.0,60.98,18.0,7.0,38.89,21.0,15.0,71.4,,,24.0,,0.0,16.0,6.0,16.0,73.0,46.0,63.01,41.0,28.0,68.29,32.0,18.0,56.25,20.0,16.0,80.0,,,35.0,,4.0,8.0,13.0,17.0,reverse
2021_0131_10_2457,2021-01-31T00:00:00+00:00,Rasta Vechta,2457,ALBA Berlin,10,70,86,visitante,2020-21,0,UDNdoSpt,62.0,28.0,45.16,32.0,19.0,59.38,30.0,9.0,30.0,7.0,5.0,71.4,,,34.0,,2.0,20.0,6.0,25.0,64.0,27.0,42.19,34.0,14.0,41.18,30.0,13.0,43.33,21.0,19.0,90.5,,,36.0,,2.0,14.0,8.0,15.0,reverse
2021_0131_3361_1510,2021-01-31T00:00:00+00:00,Telekom Baskets Bonn,1510,Fraport Skyliners Frankfurt,3361,79,84,visitante,2020-21,0,UZKlwVhJ,62.0,26.0,41.94,39.0,18.0,46.15,23.0,8.0,34.78,26.0,19.0,73.1,,,33.0,,1.0,10.0,9.0,28.0,60.0,31.0,51.67,34.0,20.0,58.82,26.0,11.0,42.31,21.0,11.0,52.4,,,35.0,,4.0,15.0,4.0,24.0,reverse
2021_0131_219_2315,2021-01-31T00:00:00+00:00,Merlins Crailsheim,2315,FC Bayern Muenchen Basketball,219,105,103,local,2020-21,0,GUL4q6Fh,64.0,31.0,48.44,39.0,21.0,53.85,25.0,10.0,40.0,42.0,33.0,78.6,,,37.0,,2.0,11.0,4.0,28.0,74.0,34.0,45.95,45.0,23.0,51.11,29.0,11.0,37.93,33.0,24.0,72.7,,,42.0,,9.0,13.0,6.0,28.0,reverse
2021_0202_214_10,2021-02-02T00:00:00+00:00,ALBA Berlin,10,BG Goettingen,214,86,75,local,2020-21,0,pUN7lbdd,74.0,33.0,44.59,41.0,21.0,51.22,33.0,12.0,36.36,9.0,8.0,88.9,17.0,27.0,44.0,25.0,1.0,13.0,7.0,15.0,60.0,28.0,46.67,32.0,16.0,50.0,28.0,12.0,42.86,12.0,7.0,58.3,9.0,24.0,33.0,18.0,1.0,17.0,5.0,20.0,reverse
2021_0202_127_3361,2021-02-02T00:00:00+00:00,Fraport Skyliners Frankfurt,3361,Ratiopharm Ulm,127,76,80,visitante,2020-21,0,8ljKYZrp,46.0,26.0,56.52,20.0,13.0,65.0,26.0,13.0,50.0,16.0,13.0,81.3,2.0,31.0,33.0,25.0,0.0,17.0,2.0,25.0,59.0,26.0,44.07,29.0,16.0,55.17,30.0,10.0,33.33,23.0,18.0,78.3,5.0,20.0,25.0,18.0,1.0,7.0,8.0,18.0,reverse
2021_0203_2745_219,2021-02-03T00:00:00+00:00,FC Bayern Muenchen Basketball,219,FITOne Wuerzburg Baskets,2745,74,70,local,2020-21,0,Mo7jDsZd,60.0,24.0,40.0,32.0,19.0,59.38,28.0,5.0,17.86,26.0,21.0,80.8,,,38.0,,6.0,15.0,10.0,21.0,64.0,23.0,35.94,42.0,15.0,35.71,22.0,8.0,36.36,20.0,16.0,80.0,,,42.0,,0.0,19.0,10.0,26.0,reverse
2021_0203_132_450,2021-02-03T00:00:00+00:00,SYNTAINICS MBC Weissenfels,450,Bamberg Baskets,132,80,95,visitante,2020-21,0,O0CPvrUN,66.0,31.0,46.97,34.0,22.0,64.71,32.0,9.0,28.13,14.0,9.0,64.3,,,33.0,,2.0,13.0,4.0,19.0,68.0,34.0,50.0,45.0,26.0,57.78,23.0,8.0,34.78,24.0,19.0,79.2,,,41.0,,2.0,10.0,9.0,18.0,reverse
2021_0205_19629_134,2021-02-05T00:00:00+00:00,Medi Bayreuth,134,Veolia Towers Hamburg,19629,95,92,local,2020-21,0,fLK8rQUb,61.0,35.0,57.38,36.0,27.0,75.0,25.0,8.0,32.0,20.0,17.0,85.0,,,33.0,,3.0,14.0,4.0,25.0,68.0,32.0,47.06,38.0,22.0,57.89,30.0,10.0,33.33,24.0,18.0,75.0,,,30.0,,0.0,11.0,7.0,21.0,reverse
2021_0206_450_1510,2021-02-06T00:00:00+00:00,Telekom Baskets Bonn,1510,SYNTAINICS MBC Weissenfels,450,103,97,local,2020-21,0,Kto7iLDT,59.0,30.0,50.85,39.0,23.0,58.97,20.0,7.0,35.0,44.0,36.0,81.8,,,42.0,13.0,3.0,16.0,6.0,22.0,73.0,32.0,43.84,32.0,19.0,59.38,41.0,13.0,31.71,25.0,20.0,80.0,,,35.0,23.0,1.0,12.0,10.0,33.0,reverse
2021_0206_133_2315,2021-02-06T00:00:00+00:00,Merlins Crailsheim,2315,46ers Giessen,133,101,82,local,2020-21,0,xpADspp5,64.0,34.0,53.13,35.0,19.0,54.29,29.0,15.0,51.72,24.0,18.0,75.0,,,35.0,28.0,3.0,16.0,9.0,18.0,69.0,33.0,47.83,45.0,25.0,55.56,24.0,8.0,33.33,12.0,8.0,66.7,,,32.0,19.0,7.0,18.0,9.0,21.0,reverse
2021_0206_2745_214,2021-02-06T00:00:00+00:00,BG Goettingen,214,FITOne Wuerzburg Baskets,2745,87,82,local,2020-21,0,pADLuOEH,64.0,28.0,43.75,36.0,16.0,44.44,28.0,12.0,42.86,23.0,19.0,82.6,,,38.0,16.0,3.0,9.0,4.0,17.0,62.0,28.0,45.16,31.0,17.0,54.84,31.0,11.0,35.48,19.0,15.0,78.9,,,36.0,13.0,3.0,13.0,4.0,24.0,reverse
2021_0206_2457_3361,2021-02-06T00:00:00+00:00,Fraport Skyliners Frankfurt,3361,Rasta Vechta,2457,96,72,local,2020-21,0,jmEHt4aB,61.0,34.0,55.74,33.0,19.0,57.58,28.0,15.0,53.57,18.0,13.0,72.2,,,27.0,18.0,1.0,6.0,10.0,17.0,61.0,26.0,42.62,33.0,19.0,57.58,28.0,7.0,25.0,16.0,13.0,81.3,,,37.0,19.0,1.0,15.0,4.0,19.0,reverse
2021_0207_132_219,2021-02-07T00:00:00+00:00,FC Bayern Muenchen Basketball,219,Bamberg Baskets,132,93,92,local,2020-21,0,GS2SYUJN,58.0,32.0,55.17,46.0,27.0,58.7,12.0,5.0,41.67,29.0,24.0,82.8,9.0,21.0,30.0,15.0,2.0,13.0,11.0,21.0,60.0,30.0,50.0,29.0,18.0,62.07,31.0,12.0,38.71,20.0,20.0,100.0,9.0,19.0,28.0,23.0,1.0,14.0,7.0,28.0,reverse
2021_0207_40_127,2021-02-07T00:00:00+00:00,Ratiopharm Ulm,127,Basketball Loewen Braunschweig,40,92,94,visitante,2020-21,0,dlsvb5Uo,58.0,30.0,51.72,28.0,17.0,60.71,30.0,13.0,43.33,26.0,19.0,73.1,12.0,18.0,30.0,20.0,3.0,11.0,7.0,27.0,60.0,32.0,53.33,31.0,18.0,58.06,29.0,14.0,48.28,24.0,16.0,66.7,15.0,20.0,35.0,24.0,0.0,15.0,4.0,27.0,reverse
2021_0207_10_1791,2021-02-07T00:00:00+00:00,NINERS Chemnitz,1791,ALBA Berlin,10,65,83,visitante,2020-21,0,2PbOZA4H,63.0,27.0,42.86,40.0,23.0,57.5,23.0,4.0,17.39,9.0,7.0,77.8,8.0,27.0,35.0,14.0,4.0,15.0,8.0,21.0,64.0,29.0,45.31,30.0,13.0,43.33,34.0,16.0,47.06,12.0,9.0,75.0,8.0,29.0,37.0,19.0,5.0,16.0,7.0,13.0,reverse
2021_0207_1634_41,2021-02-07T00:00:00+00:00,MHP Riesen Ludwigsburg,41,EWE Baskets Oldenburg,1634,89,75,local,2020-21,0,tx7Uw2qU,69.0,35.0,50.72,45.0,27.0,60.0,24.0,8.0,33.33,17.0,11.0,64.7,12.0,30.0,42.0,19.0,4.0,8.0,5.0,17.0,68.0,28.0,41.18,44.0,21.0,47.73,24.0,7.0,29.17,15.0,12.0,80.0,11.0,25.0,36.0,14.0,0.0,10.0,3.0,19.0,reverse
2021_0209_2315_10,2021-02-09T00:00:00+00:00,ALBA Berlin,10,Merlins Crailsheim,2315,101,77,local,2020-21,0,Gllje3E4,70.0,34.0,48.57,40.0,22.0,55.0,30.0,12.0,40.0,22.0,20.0,90.9,,,41.0,,3.0,14.0,7.0,15.0,63.0,29.0,46.03,34.0,19.0,55.88,29.0,10.0,34.48,17.0,9.0,52.9,,,30.0,,6.0,16.0,7.0,27.0,reverse
2021_0209_3361_132,2021-02-09T00:00:00+00:00,Bamberg Baskets,132,Fraport Skyliners Frankfurt,3361,86,76,local,2020-21,0,xbkndqab,54.0,30.0,55.56,27.0,22.0,81.48,27.0,8.0,29.63,22.0,18.0,81.8,,,37.0,,3.0,20.0,3.0,22.0,61.0,26.0,42.62,46.0,22.0,47.83,15.0,4.0,26.67,27.0,20.0,74.1,,,29.0,,0.0,12.0,14.0,19.0,reverse
2021_0209_127_219,2021-02-09T00:00:00+00:00,FC Bayern Muenchen Basketball,219,Ratiopharm Ulm,127,81,77,local,2020-21,0,fZascPqh,60.0,28.0,46.67,38.0,20.0,52.63,22.0,8.0,36.36,19.0,17.0,89.5,,,29.0,,3.0,7.0,5.0,23.0,61.0,22.0,36.07,38.0,16.0,42.11,23.0,6.0,26.09,28.0,27.0,96.4,,,42.0,,2.0,13.0,3.0,21.0,reverse
2021_0210_134_214,2021-02-10T00:00:00+00:00,BG Goettingen,214,Medi Bayreuth,134,82,80,local,2020-21,0,xMXYnuMp,67.0,30.0,44.78,42.0,24.0,57.14,25.0,6.0,24.0,19.0,16.0,84.2,,,35.0,,1.0,10.0,8.0,19.0,58.0,31.0,53.45,40.0,26.0,65.0,18.0,5.0,27.78,18.0,13.0,72.2,,,32.0,,5.0,16.0,9.0,19.0,reverse
2021_0210_1791_2457,2021-02-10T00:00:00+00:00,Rasta Vechta,2457,NINERS Chemnitz,1791,77,89,visitante,2020-21,0,GCWxnayi,65.0,28.0,43.08,38.0,23.0,60.53,27.0,5.0,18.52,19.0,16.0,84.2,,,27.0,,3.0,14.0,12.0,16.0,57.0,32.0,56.14,38.0,22.0,57.89,19.0,10.0,52.63,20.0,15.0,75.0,,,38.0,,7.0,20.0,5.0,21.0,reverse
2021_0210_41_40,2021-02-10T00:00:00+00:00,Basketball Loewen Braunschweig,40,MHP Riesen Ludwigsburg,41,74,81,visitante,2020-21,0,6ws3h1bN,48.0,26.0,54.17,28.0,19.0,67.86,20.0,7.0,35.0,24.0,15.0,62.5,,,40.0,,3.0,21.0,1.0,23.0,73.0,29.0,39.73,36.0,17.0,47.22,37.0,12.0,32.43,16.0,12.0,75.0,,,31.0,,1.0,6.0,12.0,26.0,reverse
2021_0210_1634_19629,2021-02-10T00:00:00+00:00,Veolia Towers Hamburg,19629,EWE Baskets Oldenburg,1634,88,89,visitante,2020-21,0,OEibgsqH,51.0,29.0,56.86,34.0,21.0,61.76,17.0,8.0,47.06,28.0,22.0,78.6,,,25.0,,4.0,12.0,10.0,23.0,60.0,31.0,51.67,28.0,17.0,60.71,32.0,14.0,43.75,19.0,15.0,78.9,,,30.0,,1.0,15.0,9.0,24.0,reverse
2021_0212_10_134,2021-02-12T00:00:00+00:00,Medi Bayreuth,134,ALBA Berlin,10,68,80,visitante,2020-21,0,4lRNikP9,66.0,30.0,45.45,47.0,23.0,48.94,19.0,7.0,36.84,3.0,1.0,33.3,13.0,22.0,35.0,21.0,1.0,15.0,4.0,15.0,66.0,31.0,46.97,37.0,20.0,54.05,29.0,11.0,37.93,10.0,7.0,70.0,13.0,23.0,36.0,22.0,5.0,12.0,9.0,11.0,reverse
2021_0212_219_3361,2021-02-12T00:00:00+00:00,Fraport Skyliners Frankfurt,3361,FC Bayern Muenchen Basketball,219,58,84,visitante,2020-21,0,joNJhV93,56.0,18.0,32.14,35.0,14.0,40.0,21.0,4.0,19.05,22.0,20.0,90.9,10.0,20.0,30.0,11.0,0.0,19.0,9.0,23.0,58.0,33.0,56.9,41.0,26.0,63.41,17.0,7.0,41.18,16.0,11.0,68.8,6.0,27.0,33.0,16.0,3.0,14.0,9.0,21.0,reverse
2021_0212_1791_132,2021-02-12T00:00:00+00:00,Bamberg Baskets,132,NINERS Chemnitz,1791,82,85,visitante,2020-21,0,dn62p7Hq,61.0,28.0,45.9,28.0,15.0,53.57,33.0,13.0,39.39,19.0,15.0,78.9,12.0,22.0,34.0,16.0,5.0,14.0,4.0,12.0,64.0,32.0,50.0,41.0,18.0,43.9,23.0,14.0,60.87,11.0,9.0,81.8,10.0,22.0,32.0,13.0,2.0,10.0,7.0,18.0,reverse
2021_0212_2315_40,2021-02-12T00:00:00+00:00,Basketball Loewen Braunschweig,40,Merlins Crailsheim,2315,69,75,visitante,2020-21,0,fwKzkm9S,64.0,25.0,39.06,36.0,21.0,58.33,28.0,4.0,14.29,21.0,15.0,71.4,12.0,22.0,34.0,12.0,4.0,16.0,9.0,23.0,56.0,22.0,39.29,32.0,13.0,40.63,24.0,9.0,37.5,25.0,22.0,88.0,12.0,31.0,43.0,14.0,1.0,20.0,12.0,25.0,reverse
2021_0212_19629_1510,2021-02-12T00:00:00+00:00,Telekom Baskets Bonn,1510,Veolia Towers Hamburg,19629,78,71,local,2020-21,0,nDGSj9vG,56.0,29.0,51.79,29.0,18.0,62.07,27.0,11.0,40.74,12.0,11.0,91.7,8.0,32.0,40.0,17.0,1.0,24.0,4.0,18.0,63.0,25.0,39.68,36.0,17.0,47.22,27.0,8.0,29.63,18.0,13.0,72.2,7.0,19.0,26.0,13.0,1.0,10.0,10.0,21.0,reverse
2021_0212_1634_133,2021-02-12T00:00:00+00:00,46ers Giessen,133,EWE Baskets Oldenburg,1634,97,93,local,2020-21,0,Q3FWkTgM,58.0,37.0,63.79,36.0,27.0,75.0,22.0,10.0,45.45,16.0,13.0,81.3,4.0,23.0,27.0,20.0,2.0,10.0,3.0,15.0,70.0,37.0,52.86,43.0,27.0,62.79,27.0,10.0,37.04,12.0,9.0,75.0,12.0,17.0,29.0,22.0,1.0,7.0,6.0,17.0,reverse
2021_0212_127_214,2021-02-12T00:00:00+00:00,BG Goettingen,214,Ratiopharm Ulm,127,64,93,visitante,2020-21,0,IXOBfiui,62.0,23.0,37.1,38.0,19.0,50.0,24.0,4.0,16.67,18.0,14.0,77.8,14.0,16.0,30.0,14.0,1.0,16.0,6.0,29.0,55.0,30.0,54.55,31.0,19.0,61.29,24.0,11.0,45.83,29.0,22.0,75.9,9.0,28.0,37.0,19.0,2.0,17.0,8.0,18.0,reverse
2021_0212_2457_41,2021-02-12T00:00:00+00:00,MHP Riesen Ludwigsburg,41,Rasta Vechta,2457,84,66,local,2020-21,0,vBe7qRWk,64.0,32.0,50.0,37.0,24.0,64.86,27.0,8.0,29.63,18.0,12.0,66.7,11.0,20.0,31.0,21.0,1.0,9.0,14.0,19.0,52.0,23.0,44.23,32.0,19.0,59.38,20.0,4.0,20.0,20.0,16.0,80.0,9.0,24.0,33.0,15.0,1.0,21.0,2.0,19.0,reverse
2021_0214_132_10,2021-02-14T00:00:00+00:00,ALBA Berlin,10,Bamberg Baskets,132,67,76,visitante,2020-21,0,runc6lv3,78.0,23.0,29.49,39.0,14.0,35.9,39.0,9.0,23.08,17.0,12.0,70.6,23.0,26.0,49.0,18.0,3.0,9.0,6.0,16.0,68.0,28.0,41.18,40.0,18.0,45.0,28.0,10.0,35.71,12.0,10.0,83.3,15.0,35.0,50.0,21.0,3.0,12.0,4.0,17.0,reverse
2021_0214_134_1634,2021-02-14T00:00:00+00:00,EWE Baskets Oldenburg,1634,Medi Bayreuth,134,91,82,local,2020-21,0,0Gt258g9,65.0,36.0,55.38,33.0,24.0,72.73,32.0,12.0,37.5,7.0,7.0,100.0,7.0,26.0,33.0,23.0,2.0,14.0,5.0,20.0,58.0,31.0,53.45,42.0,25.0,59.52,16.0,6.0,37.5,22.0,14.0,63.6,6.0,21.0,27.0,21.0,2.0,13.0,9.0,18.0,reverse
2021_0214_1510_450,2021-02-14T00:00:00+00:00,SYNTAINICS MBC Weissenfels,450,Telekom Baskets Bonn,1510,66,83,visitante,2020-21,0,W4Kpcp1k,61.0,25.0,40.98,25.0,15.0,60.0,36.0,10.0,27.78,11.0,6.0,54.5,3.0,26.0,29.0,20.0,1.0,17.0,8.0,17.0,67.0,33.0,49.25,43.0,25.0,58.14,24.0,8.0,33.33,10.0,9.0,90.0,8.0,35.0,43.0,15.0,1.0,16.0,10.0,16.0,reverse
2021_0214_1791_219,2021-02-14T00:00:00+00:00,FC Bayern Muenchen Basketball,219,NINERS Chemnitz,1791,83,85,visitante,2020-21,0,v7u64S8F,61.0,30.0,49.18,39.0,23.0,58.97,22.0,7.0,31.82,22.0,18.0,81.8,7.0,21.0,28.0,17.0,1.0,12.0,13.0,16.0,56.0,31.0,55.36,33.0,19.0,57.58,23.0,12.0,52.17,18.0,13.0,72.2,5.0,24.0,29.0,18.0,1.0,16.0,7.0,23.0,reverse
2021_0214_3361_127,2021-02-14T00:00:00+00:00,Ratiopharm Ulm,127,Fraport Skyliners Frankfurt,3361,87,68,local,2020-21,0,4lmg7UOd,49.0,27.0,55.1,20.0,11.0,55.0,29.0,16.0,55.17,17.0,17.0,100.0,1.0,23.0,24.0,18.0,1.0,12.0,7.0,17.0,53.0,24.0,45.28,32.0,18.0,56.25,21.0,6.0,28.57,18.0,14.0,77.8,6.0,21.0,27.0,16.0,0.0,15.0,7.0,18.0,reverse
2021_0214_133_19629,2021-02-14T00:00:00+00:00,Veolia Towers Hamburg,19629,46ers Giessen,133,95,78,local,2020-21,0,nXrE26wS,67.0,37.0,55.22,49.0,28.0,57.14,18.0,9.0,50.0,15.0,12.0,80.0,6.0,16.0,22.0,20.0,2.0,7.0,11.0,16.0,63.0,30.0,47.62,38.0,17.0,44.74,25.0,13.0,52.0,8.0,5.0,62.5,15.0,25.0,40.0,19.0,5.0,21.0,5.0,17.0,reverse
2021_0214_214_2315,2021-02-14T00:00:00+00:00,Merlins Crailsheim,2315,BG Goettingen,214,109,81,local,2020-21,0,joaBrond,70.0,40.0,57.14,43.0,28.0,65.12,27.0,12.0,44.44,21.0,17.0,81.0,10.0,28.0,38.0,27.0,3.0,10.0,6.0,21.0,60.0,27.0,45.0,33.0,17.0,51.52,27.0,10.0,37.04,22.0,17.0,77.3,7.0,20.0,27.0,21.0,6.0,16.0,9.0,22.0,reverse
2021_0214_2457_40,2021-02-14T00:00:00+00:00,Basketball Loewen Braunschweig,40,Rasta Vechta,2457,80,71,local,2020-21,0,YTvA3nOL,57.0,25.0,43.86,34.0,17.0,50.0,23.0,8.0,34.78,35.0,22.0,62.9,13.0,23.0,36.0,20.0,4.0,14.0,10.0,20.0,60.0,24.0,40.0,34.0,16.0,47.06,26.0,8.0,30.77,21.0,15.0,71.4,14.0,24.0,38.0,19.0,1.0,15.0,6.0,29.0,reverse
2021_0224_2745_133,2021-02-24T00:00:00+00:00,46ers Giessen,133,FITOne Wuerzburg Baskets,2745,82,101,visitante,2020-21,0,pOhffNTA,64.0,30.0,46.88,33.0,21.0,63.64,31.0,9.0,29.03,14.0,13.0,92.9,9.0,19.0,28.0,18.0,3.0,15.0,7.0,18.0,71.0,38.0,53.52,44.0,29.0,65.91,27.0,9.0,33.33,22.0,16.0,72.7,13.0,26.0,39.0,24.0,3.0,11.0,6.0,17.0,reverse
2021_0227_1510_2457,2021-02-27T00:00:00+00:00,Rasta Vechta,2457,Telekom Baskets Bonn,1510,89,94,visitante,2020-21,0,nghjExxs,71.0,33.0,46.48,34.0,19.0,55.88,37.0,14.0,37.84,13.0,9.0,69.2,14.0,25.0,39.0,22.0,3.0,15.0,3.0,30.0,65.0,31.0,47.69,43.0,25.0,58.14,22.0,6.0,27.27,38.0,29.0,76.3,15.0,27.0,42.0,11.0,1.0,13.0,9.0,19.0,reverse
2021_0227_133_134,2021-02-27T00:00:00+00:00,Medi Bayreuth,134,46ers Giessen,133,92,97,visitante,2020-21,0,tCFNIITP,60.0,34.0,56.67,40.0,26.0,65.0,20.0,8.0,40.0,19.0,16.0,84.2,2.0,25.0,27.0,22.0,4.0,11.0,6.0,22.0,75.0,36.0,48.0,43.0,25.0,58.14,32.0,11.0,34.38,19.0,14.0,73.7,15.0,25.0,40.0,23.0,3.0,10.0,7.0,18.0,reverse
2021_0227_127_450,2021-02-27T00:00:00+00:00,SYNTAINICS MBC Weissenfels,450,Ratiopharm Ulm,127,73,102,visitante,2020-21,0,ngWKbcxf,63.0,24.0,38.1,38.0,16.0,42.11,25.0,8.0,32.0,20.0,17.0,85.0,13.0,16.0,29.0,13.0,4.0,15.0,2.0,20.0,57.0,30.0,52.63,26.0,16.0,61.54,31.0,14.0,45.16,30.0,28.0,93.3,10.0,23.0,33.0,24.0,5.0,12.0,8.0,21.0,reverse
2021_0228_10_2315,2021-02-28T00:00:00+00:00,Merlins Crailsheim,2315,ALBA Berlin,10,62,100,visitante,2020-21,0,E5NyeFyJ,70.0,22.0,31.43,36.0,14.0,38.89,34.0,8.0,23.53,12.0,10.0,83.3,8.0,22.0,30.0,14.0,2.0,11.0,6.0,24.0,65.0,31.0,47.69,37.0,16.0,43.24,28.0,15.0,53.57,28.0,23.0,82.1,12.0,39.0,51.0,23.0,1.0,12.0,5.0,16.0,reverse
2021_0228_132_3361,2021-02-28T00:00:00+00:00,Fraport Skyliners Frankfurt,3361,Bamberg Baskets,132,62,78,visitante,2020-21,0,zFOXeeMC,53.0,25.0,47.17,39.0,23.0,58.97,14.0,2.0,14.29,12.0,10.0,83.3,4.0,23.0,27.0,10.0,3.0,19.0,11.0,18.0,64.0,30.0,46.88,41.0,23.0,56.1,23.0,7.0,30.43,16.0,11.0,68.8,14.0,23.0,37.0,17.0,2.0,14.0,9.0,14.0,reverse
2021_0228_219_2745,2021-02-28T00:00:00+00:00,FITOne Wuerzburg Baskets,2745,FC Bayern Muenchen Basketball,219,76,97,visitante,2020-21,0,hjZSdy76,51.0,24.0,47.06,33.0,20.0,60.61,18.0,4.0,22.22,28.0,24.0,85.7,11.0,24.0,35.0,16.0,0.0,18.0,4.0,24.0,71.0,32.0,45.07,46.0,23.0,50.0,25.0,9.0,36.0,27.0,24.0,88.9,16.0,19.0,35.0,16.0,3.0,6.0,9.0,24.0,reverse
2021_0228_1634_40,2021-02-28T00:00:00+00:00,Basketball Loewen Braunschweig,40,EWE Baskets Oldenburg,1634,89,101,visitante,2020-21,0,0ddfDdim,56.0,29.0,51.79,28.0,14.0,50.0,28.0,15.0,53.57,19.0,16.0,84.2,6.0,20.0,26.0,22.0,3.0,17.0,10.0,18.0,61.0,35.0,57.38,34.0,24.0,70.59,27.0,11.0,40.74,24.0,20.0,83.3,9.0,21.0,30.0,27.0,3.0,13.0,9.0,22.0,reverse
2021_0228_19629_41,2021-02-28T00:00:00+00:00,MHP Riesen Ludwigsburg,41,Veolia Towers Hamburg,19629,73,67,local,2020-21,0,2LGJJbEJ,63.0,25.0,39.68,35.0,16.0,45.71,28.0,9.0,32.14,14.0,14.0,100.0,19.0,28.0,47.0,15.0,0.0,19.0,5.0,19.0,63.0,26.0,41.27,35.0,17.0,48.57,28.0,9.0,32.14,13.0,6.0,46.2,12.0,18.0,30.0,13.0,4.0,12.0,8.0,22.0,reverse
2021_0302_1510_134,2021-03-02T00:00:00+00:00,Medi Bayreuth,134,Telekom Baskets Bonn,1510,91,76,local,2020-21,0,E1FrIowF,53.0,27.0,50.94,31.0,19.0,61.29,22.0,8.0,36.36,36.0,29.0,80.6,8.0,27.0,35.0,22.0,2.0,14.0,8.0,22.0,65.0,28.0,43.08,44.0,21.0,47.73,21.0,7.0,33.33,15.0,13.0,86.7,11.0,19.0,30.0,11.0,3.0,15.0,4.0,31.0,reverse
2021_0303_40_214,2021-03-03T00:00:00+00:00,BG Goettingen,214,Basketball Loewen Braunschweig,40,102,91,local,2020-21,0,6yCzK782,57.0,31.0,54.39,32.0,18.0,56.25,25.0,13.0,52.0,32.0,27.0,84.4,10.0,25.0,35.0,23.0,1.0,17.0,12.0,24.0,62.0,33.0,53.23,37.0,24.0,64.86,25.0,9.0,36.0,24.0,16.0,66.7,9.0,17.0,26.0,18.0,0.0,16.0,11.0,28.0,reverse
2021_0303_127_19629,2021-03-03T00:00:00+00:00,Veolia Towers Hamburg,19629,Ratiopharm Ulm,127,76,89,visitante,2020-21,0,QuZmd4Ge,63.0,27.0,42.86,37.0,19.0,51.35,26.0,8.0,30.77,18.0,14.0,77.8,9.0,22.0,31.0,17.0,3.0,9.0,3.0,22.0,51.0,28.0,54.9,31.0,22.0,70.97,20.0,6.0,30.0,31.0,27.0,87.1,2.0,27.0,29.0,21.0,1.0,8.0,6.0,20.0,reverse
2021_0303_2315_2745,2021-03-03T00:00:00+00:00,FITOne Wuerzburg Baskets,2745,Merlins Crailsheim,2315,94,84,local,2020-21,0,KvGvJRN8,59.0,34.0,57.63,41.0,28.0,68.29,18.0,6.0,33.33,27.0,20.0,74.1,6.0,25.0,31.0,19.0,1.0,16.0,9.0,25.0,53.0,28.0,52.83,28.0,18.0,64.29,25.0,10.0,40.0,27.0,18.0,66.7,4.0,22.0,26.0,21.0,1.0,19.0,11.0,22.0,reverse
2021_0303_450_133,2021-03-03T00:00:00+00:00,46ers Giessen,133,SYNTAINICS MBC Weissenfels,450,81,102,visitante,2020-21,0,jRxC0J7s,60.0,30.0,50.0,35.0,23.0,65.71,25.0,7.0,28.0,22.0,16.0,72.7,7.0,16.0,23.0,18.0,3.0,12.0,5.0,21.0,62.0,36.0,58.06,42.0,25.0,59.52,20.0,11.0,55.0,22.0,19.0,86.4,11.0,26.0,37.0,28.0,1.0,15.0,5.0,23.0,reverse
2021_0304_3361_2457,2021-03-04T00:00:00+00:00,Rasta Vechta,2457,Fraport Skyliners Frankfurt,3361,75,84,visitante,2020-21,0,4WXieOV1,58.0,26.0,44.83,30.0,14.0,46.67,28.0,12.0,42.86,13.0,10.0,76.9,8.0,25.0,33.0,21.0,3.0,19.0,4.0,21.0,61.0,30.0,49.18,44.0,22.0,50.0,17.0,8.0,47.06,26.0,18.0,69.2,7.0,24.0,31.0,22.0,1.0,15.0,6.0,17.0,reverse
2021_0305_134_2315,2021-03-05T00:00:00+00:00,Merlins Crailsheim,2315,Medi Bayreuth,134,78,97,visitante,2020-21,0,fJebCG6g,61.0,27.0,44.26,27.0,13.0,48.15,34.0,14.0,41.18,12.0,10.0,83.3,10.0,20.0,30.0,19.0,3.0,14.0,6.0,21.0,59.0,36.0,61.02,40.0,27.0,67.5,19.0,9.0,47.37,23.0,16.0,69.6,7.0,24.0,31.0,25.0,6.0,10.0,8.0,21.0,reverse
2021_0306_133_1510,2021-03-06T00:00:00+00:00,Telekom Baskets Bonn,1510,46ers Giessen,133,92,75,local,2020-21,0,Y9f2BzMa,66.0,34.0,51.52,49.0,27.0,55.1,17.0,7.0,41.18,23.0,17.0,73.9,10.0,24.0,34.0,18.0,5.0,12.0,13.0,15.0,67.0,30.0,44.78,40.0,21.0,52.5,27.0,9.0,33.33,6.0,6.0,100.0,12.0,23.0,35.0,19.0,5.0,18.0,5.0,23.0,reverse
2021_0306_41_1634,2021-03-06T00:00:00+00:00,EWE Baskets Oldenburg,1634,MHP Riesen Ludwigsburg,41,87,98,visitante,2020-21,0,nZ978Y5I,65.0,31.0,47.69,36.0,18.0,50.0,29.0,13.0,44.83,14.0,12.0,85.7,13.0,17.0,30.0,26.0,2.0,16.0,7.0,26.0,55.0,29.0,52.73,28.0,16.0,57.14,27.0,13.0,48.15,30.0,27.0,90.0,10.0,21.0,31.0,17.0,4.0,14.0,7.0,18.0,reverse
2021_0306_450_40,2021-03-06T00:00:00+00:00,Basketball Loewen Braunschweig,40,SYNTAINICS MBC Weissenfels,450,93,91,local,2020-21,0,ELBaAfy6,67.0,31.0,46.27,44.0,23.0,52.27,23.0,8.0,34.78,28.0,23.0,82.1,14.0,28.0,42.0,19.0,3.0,12.0,3.0,25.0,66.0,27.0,40.91,35.0,15.0,42.86,31.0,12.0,38.71,32.0,25.0,78.1,15.0,25.0,40.0,17.0,2.0,12.0,4.0,26.0,reverse
2021_0307_214_3361,2021-03-07T00:00:00+00:00,Fraport Skyliners Frankfurt,3361,BG Goettingen,214,93,89,local,2020-21,0,0xEB7hLO,67.0,33.0,49.25,37.0,21.0,56.76,30.0,12.0,40.0,20.0,15.0,75.0,12.0,21.0,33.0,19.0,3.0,14.0,10.0,20.0,59.0,34.0,57.63,41.0,26.0,63.41,18.0,8.0,44.44,19.0,13.0,68.4,6.0,25.0,31.0,18.0,6.0,14.0,7.0,22.0,reverse
2021_0307_127_10,2021-03-07T00:00:00+00:00,ALBA Berlin,10,Ratiopharm Ulm,127,84,76,local,2020-21,0,2shfWybP,61.0,27.0,44.26,36.0,17.0,47.22,25.0,10.0,40.0,25.0,20.0,80.0,7.0,27.0,34.0,14.0,2.0,9.0,7.0,20.0,62.0,24.0,38.71,34.0,17.0,50.0,28.0,7.0,25.0,26.0,21.0,80.8,11.0,27.0,38.0,14.0,2.0,13.0,4.0,21.0,reverse
2021_0307_2457_219,2021-03-07T00:00:00+00:00,FC Bayern Muenchen Basketball,219,Rasta Vechta,2457,93,78,local,2020-21,0,YPrQQFLn,69.0,35.0,50.72,44.0,25.0,56.82,25.0,10.0,40.0,17.0,13.0,76.5,14.0,21.0,35.0,17.0,4.0,8.0,3.0,25.0,57.0,25.0,43.86,35.0,18.0,51.43,22.0,7.0,31.82,25.0,21.0,84.0,12.0,21.0,33.0,16.0,1.0,14.0,4.0,23.0,reverse
2021_0309_450_2745,2021-03-09T00:00:00+00:00,FITOne Wuerzburg Baskets,2745,SYNTAINICS MBC Weissenfels,450,73,85,visitante,2020-21,0,dONFgBfc,63.0,27.0,42.86,45.0,20.0,44.44,18.0,7.0,38.89,16.0,12.0,75.0,6.0,23.0,29.0,14.0,2.0,13.0,11.0,20.0,64.0,31.0,48.44,36.0,20.0,55.56,28.0,11.0,39.29,17.0,12.0,70.6,11.0,33.0,44.0,13.0,4.0,18.0,6.0,17.0,reverse
2021_0309_10_1634,2021-03-09T00:00:00+00:00,EWE Baskets Oldenburg,1634,ALBA Berlin,10,89,81,local,2020-21,0,Ak2WXlZT,65.0,35.0,53.85,42.0,29.0,69.05,23.0,6.0,26.09,16.0,13.0,81.3,7.0,28.0,35.0,20.0,0.0,10.0,7.0,24.0,59.0,26.0,44.07,35.0,15.0,42.86,24.0,11.0,45.83,20.0,18.0,90.0,5.0,23.0,28.0,17.0,0.0,12.0,4.0,17.0,reverse
2021_0309_41_1791,2021-03-09T00:00:00+00:00,NINERS Chemnitz,1791,MHP Riesen Ludwigsburg,41,60,96,visitante,2020-21,0,82XGawNm,57.0,20.0,35.09,32.0,15.0,46.88,25.0,5.0,20.0,17.0,15.0,88.2,11.0,23.0,34.0,10.0,0.0,22.0,4.0,23.0,68.0,31.0,45.59,27.0,14.0,51.85,41.0,17.0,41.46,23.0,17.0,73.9,16.0,26.0,42.0,19.0,7.0,10.0,12.0,18.0,reverse
2021_0309_40_219,2021-03-09T00:00:00+00:00,FC Bayern Muenchen Basketball,219,Basketball Loewen Braunschweig,40,94,79,local,2020-21,0,neFuaiEn,61.0,36.0,59.02,42.0,27.0,64.29,19.0,9.0,47.37,18.0,13.0,72.2,8.0,18.0,26.0,24.0,2.0,8.0,8.0,24.0,48.0,24.0,50.0,28.0,15.0,53.57,20.0,9.0,45.0,27.0,22.0,81.5,8.0,19.0,27.0,17.0,1.0,14.0,4.0,19.0,reverse
2021_0313_1510_132,2021-03-13T00:00:00+00:00,Bamberg Baskets,132,Telekom Baskets Bonn,1510,86,82,local,2020-21,0,QRDnRXot,66.0,32.0,48.48,34.0,23.0,67.65,32.0,9.0,28.13,18.0,15.0,83.3,12.0,29.0,41.0,27.0,1.0,16.0,7.0,26.0,59.0,28.0,47.46,39.0,23.0,58.97,20.0,5.0,25.0,29.0,21.0,72.4,5.0,24.0,29.0,16.0,2.0,10.0,9.0,18.0,reverse
2021_0313_3361_133,2021-03-13T00:00:00+00:00,46ers Giessen,133,Fraport Skyliners Frankfurt,3361,79,82,visitante,2020-21,0,rg7t8AoI,54.0,29.0,53.7,24.0,18.0,75.0,30.0,11.0,36.67,10.0,10.0,100.0,7.0,18.0,25.0,20.0,7.0,18.0,7.0,17.0,63.0,30.0,47.62,34.0,17.0,50.0,29.0,13.0,44.83,14.0,11.0,78.6,15.0,18.0,33.0,21.0,1.0,15.0,7.0,15.0,reverse
2021_0313_19629_450,2021-03-13T00:00:00+00:00,SYNTAINICS MBC Weissenfels,450,Veolia Towers Hamburg,19629,78,105,visitante,2020-21,0,l6xs6lGU,57.0,27.0,47.37,33.0,18.0,54.55,24.0,9.0,37.5,17.0,15.0,88.2,7.0,21.0,28.0,16.0,4.0,19.0,5.0,25.0,71.0,40.0,56.34,47.0,31.0,65.96,24.0,9.0,37.5,21.0,16.0,76.2,11.0,24.0,35.0,26.0,2.0,8.0,12.0,18.0,reverse
2021_0313_2457_127,2021-03-13T00:00:00+00:00,Ratiopharm Ulm,127,Rasta Vechta,2457,77,92,visitante,2020-21,0,AFww7U0O,56.0,23.0,41.07,29.0,15.0,51.72,27.0,8.0,29.63,27.0,23.0,85.2,9.0,18.0,27.0,15.0,2.0,9.0,9.0,24.0,59.0,31.0,52.54,35.0,20.0,57.14,24.0,11.0,45.83,23.0,19.0,82.6,10.0,25.0,35.0,24.0,2.0,14.0,3.0,22.0,reverse
2021_0314_10_214,2021-03-14T00:00:00+00:00,BG Goettingen,214,ALBA Berlin,10,58,89,visitante,2020-21,0,Mg7ePBGh,64.0,21.0,32.81,39.0,16.0,41.03,25.0,5.0,20.0,13.0,11.0,84.6,11.0,24.0,35.0,13.0,0.0,20.0,9.0,13.0,67.0,35.0,52.24,41.0,25.0,60.98,26.0,10.0,38.46,9.0,9.0,100.0,7.0,31.0,38.0,25.0,1.0,14.0,13.0,18.0,reverse
2021_0314_40_1791,2021-03-14T00:00:00+00:00,NINERS Chemnitz,1791,Basketball Loewen Braunschweig,40,77,93,visitante,2020-21,0,UJA3Nko5,58.0,26.0,44.83,31.0,15.0,48.39,27.0,11.0,40.74,21.0,14.0,66.7,13.0,19.0,32.0,13.0,1.0,22.0,13.0,23.0,56.0,34.0,60.71,30.0,23.0,76.67,26.0,11.0,42.31,22.0,14.0,63.6,7.0,22.0,29.0,29.0,3.0,16.0,10.0,21.0,reverse
2021_0314_219_1634,2021-03-14T00:00:00+00:00,EWE Baskets Oldenburg,1634,FC Bayern Muenchen Basketball,219,102,108,visitante,2020-21,0,vVHjQi1n,57.0,34.0,59.65,30.0,20.0,66.67,27.0,14.0,51.85,27.0,20.0,74.1,2.0,17.0,19.0,21.0,1.0,11.0,7.0,28.0,69.0,37.0,53.62,44.0,27.0,61.36,25.0,10.0,40.0,26.0,24.0,92.3,16.0,22.0,38.0,21.0,0.0,12.0,8.0,20.0,reverse
2021_0314_2315_41,2021-03-14T00:00:00+00:00,MHP Riesen Ludwigsburg,41,Merlins Crailsheim,2315,58,68,visitante,2020-21,0,0p6aOVVb,70.0,20.0,28.57,37.0,13.0,35.14,33.0,7.0,21.21,16.0,11.0,68.8,23.0,24.0,47.0,13.0,5.0,14.0,6.0,21.0,62.0,22.0,35.48,33.0,14.0,42.42,29.0,8.0,27.59,20.0,16.0,80.0,14.0,31.0,45.0,15.0,3.0,16.0,7.0,21.0,reverse
2021_0315_2745_134,2021-03-15T00:00:00+00:00,Medi Bayreuth,134,FITOne Wuerzburg Baskets,2745,90,75,local,2020-21,0,8A97M90B,59.0,35.0,59.32,36.0,25.0,69.44,23.0,10.0,43.48,18.0,12.0,66.7,,,31.0,,2.0,10.0,5.0,16.0,62.0,31.0,50.0,39.0,23.0,58.97,23.0,8.0,34.78,9.0,7.0,77.8,,,27.0,,1.0,14.0,7.0,18.0,reverse
2021_0316_219_1510,2021-03-16T00:00:00+00:00,Telekom Baskets Bonn,1510,FC Bayern Muenchen Basketball,219,69,78,visitante,2020-21,0,rogdZLio,53.0,25.0,47.17,41.0,21.0,51.22,12.0,4.0,33.33,22.0,15.0,68.2,5.0,25.0,30.0,11.0,4.0,17.0,7.0,20.0,73.0,29.0,39.73,42.0,19.0,45.24,31.0,10.0,32.26,13.0,10.0,76.9,19.0,25.0,44.0,20.0,2.0,12.0,6.0,21.0,reverse
2021_0316_450_10,2021-03-16T00:00:00+00:00,ALBA Berlin,10,SYNTAINICS MBC Weissenfels,450,96,82,local,2020-21,0,8A3lcVra,78.0,37.0,47.44,49.0,25.0,51.02,29.0,12.0,41.38,14.0,10.0,71.4,,,41.0,,2.0,14.0,5.0,16.0,60.0,30.0,50.0,35.0,19.0,54.29,25.0,11.0,44.0,15.0,11.0,73.3,,,33.0,,4.0,22.0,8.0,22.0,reverse
2021_0317_19629_40,2021-03-17T00:00:00+00:00,Basketball Loewen Braunschweig,40,Veolia Towers Hamburg,19629,81,84,visitante,2020-21,0,dW1KJ7pU,59.0,26.0,44.07,26.0,13.0,50.0,33.0,13.0,39.39,23.0,16.0,69.6,5.0,29.0,34.0,17.0,2.0,18.0,6.0,27.0,67.0,28.0,41.79,38.0,21.0,55.26,29.0,7.0,24.14,26.0,21.0,80.8,13.0,28.0,41.0,19.0,2.0,13.0,10.0,27.0,reverse
2021_0319_1634_2457,2021-03-19T00:00:00+00:00,Rasta Vechta,2457,EWE Baskets Oldenburg,1634,71,101,visitante,2020-21,0,jZbCLTFH,56.0,22.0,39.29,31.0,15.0,48.39,25.0,7.0,28.0,24.0,20.0,83.3,,,30.0,,1.0,16.0,5.0,21.0,68.0,35.0,51.47,34.0,21.0,61.76,34.0,14.0,41.18,21.0,17.0,81.0,,,40.0,,2.0,10.0,8.0,24.0,reverse
2021_0320_133_2745,2021-03-20T00:00:00+00:00,FITOne Wuerzburg Baskets,2745,46ers Giessen,133,74,73,local,2020-21,0,bulnFRho,51.0,26.0,50.98,36.0,21.0,58.33,15.0,5.0,33.33,20.0,17.0,85.0,,,29.0,,6.0,17.0,9.0,21.0,61.0,24.0,39.34,36.0,15.0,41.67,25.0,9.0,36.0,18.0,16.0,88.9,,,34.0,,0.0,17.0,9.0,14.0,reverse
2021_0320_450_132,2021-03-20T00:00:00+00:00,Bamberg Baskets,132,SYNTAINICS MBC Weissenfels,450,100,89,local,2020-21,0,xQJSNJdo,68.0,35.0,51.47,35.0,21.0,60.0,33.0,14.0,42.42,20.0,19.0,95.0,,,30.0,,5.0,6.0,6.0,18.0,59.0,34.0,57.63,44.0,27.0,61.36,15.0,7.0,46.67,22.0,14.0,63.6,,,32.0,,3.0,12.0,3.0,17.0,reverse
2021_0320_127_41,2021-03-20T00:00:00+00:00,MHP Riesen Ludwigsburg,41,Ratiopharm Ulm,127,83,77,local,2020-21,0,292GKmVN,71.0,31.0,43.66,37.0,20.0,54.05,34.0,11.0,32.35,10.0,10.0,100.0,,,43.0,,3.0,17.0,8.0,23.0,51.0,20.0,39.22,32.0,12.0,37.5,19.0,8.0,42.11,37.0,29.0,78.4,,,28.0,,2.0,14.0,7.0,17.0,reverse
2021_0320_40_19629,2021-03-20T00:00:00+00:00,Veolia Towers Hamburg,19629,Basketball Loewen Braunschweig,40,74,63,local,2020-21,0,84M0pn0n,69.0,29.0,42.03,41.0,19.0,46.34,28.0,10.0,35.71,9.0,6.0,66.7,,,38.0,,1.0,11.0,10.0,25.0,51.0,19.0,37.25,29.0,13.0,44.83,22.0,6.0,27.27,28.0,19.0,67.9,,,38.0,,1.0,17.0,4.0,21.0,reverse
2021_0321_134_1791,2021-03-21T00:00:00+00:00,NINERS Chemnitz,1791,Medi Bayreuth,134,72,85,visitante,2020-21,0,65BqKydA,63.0,27.0,42.86,29.0,17.0,58.62,34.0,10.0,29.41,10.0,8.0,80.0,13.0,18.0,31.0,22.0,1.0,14.0,9.0,18.0,52.0,29.0,55.77,30.0,22.0,73.33,22.0,7.0,31.82,21.0,20.0,95.2,4.0,23.0,27.0,23.0,4.0,13.0,9.0,16.0,reverse
2021_0321_2315_219,2021-03-21T00:00:00+00:00,FC Bayern Muenchen Basketball,219,Merlins Crailsheim,2315,79,74,local,2020-21,0,OtMvLHt4,61.0,29.0,47.54,37.0,20.0,54.05,24.0,9.0,37.5,15.0,12.0,80.0,14.0,24.0,38.0,12.0,4.0,15.0,6.0,22.0,58.0,25.0,43.1,24.0,12.0,50.0,34.0,13.0,38.24,18.0,11.0,61.1,9.0,18.0,27.0,20.0,1.0,16.0,4.0,20.0,reverse
2021_0321_3361_10,2021-03-21T00:00:00+00:00,ALBA Berlin,10,Fraport Skyliners Frankfurt,3361,94,60,local,2020-21,0,GGIWMwCi,68.0,36.0,52.94,35.0,24.0,68.57,33.0,12.0,36.36,11.0,10.0,90.9,14.0,30.0,44.0,29.0,5.0,20.0,13.0,21.0,52.0,21.0,40.38,28.0,15.0,53.57,24.0,6.0,25.0,18.0,12.0,66.7,6.0,17.0,23.0,20.0,1.0,23.0,9.0,17.0,reverse
2021_0321_214_1510,2021-03-21T00:00:00+00:00,Telekom Baskets Bonn,1510,BG Goettingen,214,99,102,visitante,2020-21,0,AwIzMcRc,71.0,38.0,53.5,51.0,31.0,60.8,20.0,7.0,35.0,27.0,16.0,59.3,13.0,28.0,41.0,11.0,1.0,23.0,13.0,22.0,70.0,34.0,48.6,32.0,18.0,56.3,38.0,16.0,42.1,21.0,18.0,85.7,8.0,22.0,30.0,19.0,2.0,17.0,10.0,27.0,reverse
2021_0323_19629_10,2021-03-23T00:00:00+00:00,ALBA Berlin,10,Veolia Towers Hamburg,19629,75,90,visitante,2020-21,0,CUM2vZkn,64.0,28.0,43.75,33.0,18.0,54.55,31.0,10.0,32.26,10.0,9.0,90.0,8.0,21.0,29.0,16.0,3.0,10.0,4.0,19.0,58.0,33.0,56.9,45.0,26.0,57.78,13.0,7.0,53.85,18.0,17.0,94.4,5.0,28.0,33.0,16.0,0.0,12.0,5.0,17.0,reverse
2021_0323_219_450,2021-03-23T00:00:00+00:00,SYNTAINICS MBC Weissenfels,450,FC Bayern Muenchen Basketball,219,66,85,visitante,2020-21,0,Iai2IILb,62.0,21.0,33.87,35.0,13.0,37.14,27.0,8.0,29.63,19.0,16.0,84.2,11.0,26.0,37.0,11.0,3.0,18.0,6.0,20.0,64.0,31.0,48.44,43.0,21.0,48.84,21.0,10.0,47.62,17.0,13.0,76.5,8.0,30.0,38.0,14.0,6.0,11.0,9.0,22.0,reverse
2021_0323_2745_41,2021-03-23T00:00:00+00:00,MHP Riesen Ludwigsburg,41,FITOne Wuerzburg Baskets,2745,82,72,local,2020-21,0,hELtbQoq,76.0,32.0,42.11,30.0,20.0,66.67,46.0,12.0,26.09,7.0,6.0,85.7,13.0,27.0,40.0,19.0,4.0,7.0,7.0,20.0,59.0,24.0,40.68,36.0,16.0,44.44,23.0,8.0,34.78,20.0,16.0,80.0,10.0,30.0,40.0,21.0,3.0,17.0,4.0,18.0,reverse
2021_0324_1791_40,2021-03-24T00:00:00+00:00,Basketball Loewen Braunschweig,40,NINERS Chemnitz,1791,83,87,visitante,2020-21,0,viqs3cBk,60.0,26.0,43.33,27.0,14.0,51.85,33.0,12.0,36.36,27.0,21.0,77.8,10.0,25.0,35.0,21.0,3.0,15.0,8.0,19.0,63.0,31.0,49.21,31.0,21.0,67.74,32.0,10.0,31.25,27.0,17.0,63.0,11.0,27.0,38.0,19.0,5.0,13.0,9.0,27.0,reverse
2021_0326_1791_1634,2021-03-26T00:00:00+00:00,EWE Baskets Oldenburg,1634,NINERS Chemnitz,1791,98,92,local,2020-21,0,pdAmJeBG,69.0,33.0,47.83,47.0,22.0,46.81,22.0,11.0,50.0,32.0,21.0,65.6,7.0,26.0,33.0,19.0,4.0,8.0,7.0,24.0,70.0,30.0,42.86,42.0,23.0,54.76,28.0,7.0,25.0,27.0,25.0,92.6,14.0,33.0,47.0,19.0,0.0,17.0,5.0,23.0,reverse
2021_0327_132_127,2021-03-27T00:00:00+00:00,Ratiopharm Ulm,127,Bamberg Baskets,132,74,88,visitante,2020-21,0,WC8eHZuT,67.0,28.0,41.79,41.0,17.0,41.46,26.0,11.0,42.31,9.0,7.0,77.8,13.0,22.0,35.0,13.0,2.0,7.0,6.0,16.0,64.0,34.0,53.13,37.0,20.0,54.05,27.0,14.0,51.85,8.0,6.0,75.0,9.0,26.0,35.0,23.0,3.0,10.0,1.0,15.0,reverse
2021_0327_2315_133,2021-03-27T00:00:00+00:00,46ers Giessen,133,Merlins Crailsheim,2315,77,102,visitante,2020-21,0,xfoOCglp,60.0,26.0,43.33,29.0,15.0,51.72,31.0,11.0,35.48,16.0,14.0,87.5,11.0,26.0,37.0,17.0,3.0,17.0,6.0,20.0,75.0,38.0,50.67,39.0,23.0,58.97,36.0,15.0,41.67,13.0,11.0,84.6,12.0,24.0,36.0,25.0,0.0,6.0,12.0,17.0,reverse
2021_0327_2457_214,2021-03-27T00:00:00+00:00,BG Goettingen,214,Rasta Vechta,2457,103,79,local,2020-21,0,jckSBD3j,66.0,36.0,54.55,37.0,21.0,56.76,29.0,15.0,51.72,25.0,16.0,64.0,12.0,24.0,36.0,25.0,1.0,9.0,11.0,22.0,62.0,26.0,41.94,37.0,19.0,51.35,25.0,7.0,28.0,25.0,20.0,80.0,15.0,21.0,36.0,16.0,2.0,17.0,3.0,25.0,reverse
2021_0327_19629_219,2021-03-27T00:00:00+00:00,FC Bayern Muenchen Basketball,219,Veolia Towers Hamburg,19629,86,91,visitante,2020-21,0,0SWIYzB3,68.0,34.0,50.0,40.0,25.0,62.5,28.0,9.0,32.14,12.0,9.0,75.0,9.0,26.0,35.0,18.0,2.0,16.0,7.0,25.0,69.0,30.0,43.48,52.0,20.0,38.46,17.0,10.0,58.82,26.0,21.0,80.8,15.0,25.0,40.0,16.0,0.0,14.0,5.0,21.0,reverse
2021_0328_41_134,2021-03-28T00:00:00+00:00,Medi Bayreuth,134,MHP Riesen Ludwigsburg,41,92,97,visitante,2020-21,0,hM9iIFQM,58.0,32.0,55.17,37.0,23.0,62.16,21.0,9.0,42.86,25.0,19.0,76.0,7.0,21.0,28.0,14.0,1.0,13.0,9.0,20.0,68.0,35.0,51.47,32.0,22.0,68.75,36.0,13.0,36.11,17.0,14.0,82.4,13.0,20.0,33.0,20.0,3.0,13.0,11.0,23.0,reverse
2021_0328_10_450,2021-03-28T00:00:00+00:00,SYNTAINICS MBC Weissenfels,450,ALBA Berlin,10,82,93,visitante,2020-21,0,rixEZGec,64.0,26.0,40.63,36.0,16.0,44.44,28.0,10.0,35.71,29.0,20.0,69.0,13.0,25.0,38.0,19.0,1.0,14.0,9.0,27.0,58.0,25.0,43.1,34.0,13.0,38.24,24.0,12.0,50.0,37.0,31.0,83.8,11.0,29.0,40.0,21.0,3.0,13.0,3.0,22.0,reverse
2021_0328_40_3361,2021-03-28T00:00:00+00:00,Fraport Skyliners Frankfurt,3361,Basketball Loewen Braunschweig,40,68,80,visitante,2020-21,0,40wAzcti,57.0,23.0,40.35,32.0,13.0,40.63,25.0,10.0,40.0,17.0,12.0,70.6,10.0,14.0,24.0,13.0,1.0,16.0,7.0,25.0,49.0,27.0,55.1,32.0,20.0,62.5,17.0,7.0,41.18,29.0,19.0,65.5,13.0,28.0,41.0,18.0,2.0,20.0,9.0,20.0,reverse
2021_0328_2745_1510,2021-03-28T00:00:00+00:00,Telekom Baskets Bonn,1510,FITOne Wuerzburg Baskets,2745,83,73,local,2020-21,0,vJVMXfQ9,63.0,30.0,47.62,37.0,24.0,64.86,26.0,6.0,23.08,21.0,17.0,81.0,9.0,27.0,36.0,13.0,3.0,11.0,6.0,23.0,59.0,25.0,42.37,43.0,19.0,44.19,16.0,6.0,37.5,18.0,17.0,94.4,7.0,25.0,32.0,16.0,1.0,13.0,3.0,24.0,reverse
2021_0330_214_1791,2021-03-30T00:00:00+00:00,NINERS Chemnitz,1791,BG Goettingen,214,55,68,visitante,2020-21,0,tGVOcHi0,63.0,22.0,34.92,35.0,14.0,40.0,28.0,8.0,28.57,6.0,3.0,50.0,13.0,23.0,36.0,10.0,2.0,14.0,7.0,15.0,59.0,25.0,42.37,26.0,13.0,50.0,33.0,12.0,36.36,8.0,6.0,75.0,10.0,29.0,39.0,15.0,3.0,15.0,5.0,15.0,reverse
2021_0331_40_1510,2021-03-31T00:00:00+00:00,Telekom Baskets Bonn,1510,Basketball Loewen Braunschweig,40,94,93,local,2020-21,0,nHjGBUch,53.0,33.0,62.26,35.0,27.0,77.14,18.0,6.0,33.33,27.0,22.0,81.5,8.0,24.0,32.0,11.0,1.0,18.0,6.0,25.0,60.0,29.0,48.33,23.0,13.0,56.52,37.0,16.0,43.24,23.0,19.0,82.6,8.0,14.0,22.0,19.0,1.0,11.0,8.0,26.0,reverse
2021_0401_3361_1791,2021-04-01T00:00:00+00:00,NINERS Chemnitz,1791,Fraport Skyliners Frankfurt,3361,89,76,local,2020-21,0,Qkv1kKiC,60.0,35.0,58.33,34.0,22.0,64.71,26.0,13.0,50.0,15.0,9.0,60.0,8.0,24.0,32.0,25.0,1.0,13.0,7.0,15.0,59.0,27.0,45.76,25.0,14.0,56.0,34.0,13.0,38.24,12.0,9.0,75.0,8.0,18.0,26.0,21.0,2.0,13.0,8.0,15.0,reverse
2021_0401_127_2745,2021-04-01T00:00:00+00:00,FITOne Wuerzburg Baskets,2745,Ratiopharm Ulm,127,64,88,visitante,2020-21,0,IJmtfrws,52.0,26.0,50.0,35.0,20.0,57.14,17.0,6.0,35.29,14.0,8.0,57.1,6.0,17.0,23.0,18.0,3.0,21.0,5.0,21.0,52.0,30.0,57.69,34.0,21.0,61.76,18.0,9.0,50.0,23.0,19.0,82.6,6.0,24.0,30.0,25.0,2.0,18.0,14.0,17.0,reverse
2021_0401_41_450,2021-04-01T00:00:00+00:00,SYNTAINICS MBC Weissenfels,450,MHP Riesen Ludwigsburg,41,74,93,visitante,2020-21,0,dAnpg2hm,65.0,24.0,36.92,42.0,18.0,42.86,23.0,6.0,26.09,27.0,22.0,81.5,16.0,28.0,44.0,12.0,6.0,16.0,3.0,19.0,69.0,35.0,50.72,49.0,27.0,55.1,20.0,8.0,40.0,23.0,17.0,73.9,10.0,27.0,37.0,18.0,2.0,9.0,7.0,20.0,reverse
2021_0403_134_2457,2021-04-03T00:00:00+00:00,Rasta Vechta,2457,Medi Bayreuth,134,79,95,visitante,2020-21,0,pYT4PWXk,67.0,29.0,43.28,33.0,18.0,54.55,34.0,11.0,32.35,18.0,10.0,55.6,12.0,15.0,27.0,16.0,0.0,14.0,10.0,28.0,55.0,32.0,58.18,31.0,22.0,70.97,24.0,10.0,41.67,28.0,21.0,75.0,9.0,29.0,38.0,25.0,3.0,19.0,6.0,24.0,reverse
2021_0403_133_219,2021-04-03T00:00:00+00:00,FC Bayern Muenchen Basketball,219,46ers Giessen,133,94,95,visitante,2020-21,0,EkwZUhAS,71.0,35.0,49.3,49.0,25.0,51.02,22.0,10.0,45.45,21.0,14.0,66.7,8.0,21.0,29.0,26.0,1.0,5.0,10.0,28.0,56.0,28.0,50.0,28.0,15.0,53.57,28.0,13.0,46.43,31.0,26.0,83.9,8.0,34.0,42.0,14.0,6.0,16.0,3.0,24.0,reverse
2021_0404_132_19629,2021-04-04T00:00:00+00:00,Veolia Towers Hamburg,19629,Bamberg Baskets,132,76,64,local,2020-21,0,WQmUVYfM,62.0,29.0,46.77,42.0,23.0,54.76,20.0,6.0,30.0,20.0,12.0,60.0,8.0,25.0,33.0,20.0,2.0,8.0,12.0,18.0,61.0,24.0,39.34,26.0,15.0,57.69,35.0,9.0,25.71,13.0,7.0,53.8,12.0,27.0,39.0,18.0,2.0,18.0,4.0,18.0,reverse
2021_0404_1510_10,2021-04-04T00:00:00+00:00,ALBA Berlin,10,Telekom Baskets Bonn,1510,80,75,local,2020-21,0,OOS8Ojmd,65.0,29.0,44.62,39.0,21.0,53.85,26.0,8.0,30.77,17.0,14.0,82.4,11.0,28.0,39.0,26.0,1.0,15.0,3.0,22.0,65.0,24.0,36.92,32.0,14.0,43.75,33.0,10.0,30.3,21.0,17.0,81.0,11.0,28.0,39.0,16.0,2.0,17.0,9.0,22.0,reverse
2021_0404_2745_1634,2021-04-04T00:00:00+00:00,EWE Baskets Oldenburg,1634,FITOne Wuerzburg Baskets,2745,116,66,local,2020-21,0,GbP0QCIq,68.0,43.0,63.24,31.0,23.0,74.19,37.0,20.0,54.05,11.0,10.0,90.9,9.0,29.0,38.0,28.0,2.0,13.0,10.0,16.0,62.0,24.0,38.71,40.0,16.0,40.0,22.0,8.0,36.36,10.0,10.0,100.0,8.0,17.0,25.0,16.0,1.0,18.0,8.0,18.0,reverse
2021_0404_3361_2315,2021-04-04T00:00:00+00:00,Merlins Crailsheim,2315,Fraport Skyliners Frankfurt,3361,84,92,visitante,2020-21,0,QT6imzQd,60.0,25.0,41.67,31.0,13.0,41.94,29.0,12.0,41.38,27.0,22.0,81.5,10.0,23.0,33.0,13.0,0.0,18.0,11.0,26.0,58.0,26.0,44.83,24.0,10.0,41.67,34.0,16.0,47.06,29.0,24.0,82.8,12.0,25.0,37.0,19.0,1.0,18.0,5.0,24.0,reverse
2021_0405_450_1791,2021-04-05T00:00:00+00:00,NINERS Chemnitz,1791,SYNTAINICS MBC Weissenfels,450,86,84,local,2020-21,0,YuVQWEuG,70.0,31.0,44.29,42.0,22.0,52.38,28.0,9.0,32.14,28.0,15.0,53.6,21.0,27.0,48.0,19.0,6.0,15.0,7.0,18.0,64.0,29.0,45.31,40.0,20.0,50.0,24.0,9.0,37.5,18.0,17.0,94.4,8.0,22.0,30.0,15.0,5.0,14.0,10.0,24.0,reverse
2021_0405_214_41,2021-04-05T00:00:00+00:00,MHP Riesen Ludwigsburg,41,BG Goettingen,214,90,81,local,2020-21,0,YgAaoEf9,65.0,29.0,44.62,30.0,19.0,63.33,35.0,10.0,28.57,24.0,22.0,91.7,6.0,26.0,32.0,22.0,1.0,9.0,6.0,25.0,59.0,26.0,44.07,37.0,19.0,51.35,22.0,7.0,31.82,24.0,22.0,91.7,8.0,30.0,38.0,14.0,3.0,16.0,3.0,23.0,reverse
2021_0405_127_40,2021-04-05T00:00:00+00:00,Basketball Loewen Braunschweig,40,Ratiopharm Ulm,127,57,91,visitante,2020-21,0,vXAenfu3,58.0,21.0,36.21,30.0,14.0,46.67,28.0,7.0,25.0,18.0,8.0,44.4,8.0,25.0,33.0,9.0,3.0,12.0,2.0,22.0,59.0,28.0,47.46,33.0,13.0,39.39,26.0,15.0,57.69,22.0,20.0,90.9,7.0,33.0,40.0,15.0,0.0,8.0,3.0,23.0,reverse
2021_0406_219_134,2021-04-06T00:00:00+00:00,Medi Bayreuth,134,FC Bayern Muenchen Basketball,219,62,83,visitante,2020-21,0,vZykhM7g,58.0,21.0,36.21,38.0,18.0,47.37,20.0,3.0,15.0,18.0,17.0,94.4,11.0,18.0,29.0,11.0,2.0,18.0,8.0,22.0,55.0,30.0,54.55,35.0,27.0,77.14,20.0,3.0,15.0,25.0,20.0,80.0,6.0,27.0,33.0,21.0,2.0,13.0,7.0,21.0,reverse
2021_0407_2315_1510,2021-04-07T00:00:00+00:00,Telekom Baskets Bonn,1510,Merlins Crailsheim,2315,88,91,visitante,2020-21,0,MHX9mbMO,61.0,30.0,49.18,34.0,17.0,50.0,27.0,13.0,48.15,18.0,15.0,83.3,8.0,26.0,34.0,21.0,6.0,12.0,4.0,12.0,73.0,32.0,43.84,34.0,18.0,52.94,39.0,14.0,35.9,13.0,13.0,100.0,13.0,24.0,37.0,21.0,1.0,11.0,8.0,23.0,reverse
2021_0407_2457_19629,2021-04-07T00:00:00+00:00,Veolia Towers Hamburg,19629,Rasta Vechta,2457,88,82,local,2020-21,0,0QoFbOUP,65.0,31.0,47.69,35.0,22.0,62.86,30.0,9.0,30.0,24.0,17.0,70.8,13.0,27.0,40.0,18.0,1.0,12.0,8.0,20.0,60.0,31.0,51.67,35.0,23.0,65.71,25.0,8.0,32.0,19.0,12.0,63.2,7.0,27.0,34.0,16.0,2.0,14.0,6.0,23.0,reverse
2021_0407_214_133,2021-04-07T00:00:00+00:00,46ers Giessen,133,BG Goettingen,214,98,79,local,2020-21,0,naucj0x6,63.0,38.0,60.32,29.0,22.0,75.86,34.0,16.0,47.06,13.0,8.0,61.5,9.0,28.0,37.0,23.0,3.0,17.0,7.0,21.0,60.0,27.0,45.0,26.0,13.0,50.0,34.0,14.0,41.18,17.0,11.0,64.7,9.0,15.0,24.0,19.0,0.0,15.0,8.0,15.0,reverse
2021_0409_2315_450,2021-04-09T00:00:00+00:00,SYNTAINICS MBC Weissenfels,450,Merlins Crailsheim,2315,82,77,local,2020-21,0,Cp93pY9F,59.0,28.0,47.46,37.0,22.0,59.46,22.0,6.0,27.27,25.0,20.0,80.0,13.0,18.0,31.0,16.0,2.0,16.0,7.0,26.0,54.0,24.0,44.44,30.0,18.0,60.0,24.0,6.0,25.0,29.0,23.0,79.3,12.0,20.0,32.0,14.0,0.0,17.0,7.0,23.0,reverse
2021_0410_10_19629,2021-04-10T00:00:00+00:00,Veolia Towers Hamburg,19629,ALBA Berlin,10,75,68,local,2020-21,0,jVlQS5vr,61.0,29.0,47.54,44.0,20.0,45.45,17.0,9.0,52.94,11.0,8.0,72.7,6.0,19.0,25.0,16.0,1.0,12.0,13.0,20.0,55.0,27.0,49.09,32.0,22.0,68.75,23.0,5.0,21.74,11.0,9.0,81.8,9.0,27.0,36.0,25.0,2.0,21.0,7.0,14.0,reverse
2021_0410_1634_1510,2021-04-10T00:00:00+00:00,Telekom Baskets Bonn,1510,EWE Baskets Oldenburg,1634,87,106,visitante,2020-21,0,OrmYQq9f,67.0,31.0,46.27,42.0,21.0,50.0,25.0,10.0,40.0,16.0,15.0,93.8,15.0,29.0,44.0,15.0,2.0,22.0,3.0,16.0,75.0,39.0,52.0,42.0,27.0,64.29,33.0,12.0,36.36,17.0,16.0,94.1,8.0,21.0,29.0,30.0,2.0,8.0,15.0,20.0,reverse
2021_0410_127_133,2021-04-10T00:00:00+00:00,46ers Giessen,133,Ratiopharm Ulm,127,79,109,visitante,2020-21,0,ULmURPgl,60.0,30.0,50.0,35.0,20.0,57.14,25.0,10.0,40.0,11.0,9.0,81.8,6.0,18.0,24.0,15.0,2.0,16.0,3.0,17.0,69.0,41.0,59.42,43.0,27.0,62.79,26.0,14.0,53.85,15.0,13.0,86.7,10.0,26.0,36.0,30.0,2.0,10.0,9.0,17.0,reverse
2021_0410_2457_1791,2021-04-10T00:00:00+00:00,NINERS Chemnitz,1791,Rasta Vechta,2457,69,82,visitante,2020-21,0,xnixQ3O0,64.0,24.0,37.5,23.0,12.0,52.17,41.0,12.0,29.27,13.0,9.0,69.2,17.0,26.0,43.0,16.0,5.0,16.0,0.0,18.0,66.0,31.0,46.97,43.0,22.0,51.16,23.0,9.0,39.13,15.0,11.0,73.3,10.0,25.0,35.0,20.0,4.0,4.0,9.0,21.0,reverse
2021_0410_134_132,2021-04-10T00:00:00+00:00,Bamberg Baskets,132,Medi Bayreuth,134,97,88,local,2020-21,0,KAtsPNw7,62.0,34.0,54.84,30.0,18.0,60.0,32.0,16.0,50.0,16.0,13.0,81.3,8.0,18.0,26.0,25.0,0.0,9.0,5.0,22.0,52.0,30.0,57.69,34.0,23.0,67.65,18.0,7.0,38.89,23.0,21.0,91.3,4.0,21.0,25.0,16.0,3.0,12.0,6.0,23.0,reverse
2021_0411_219_40,2021-04-11T00:00:00+00:00,Basketball Loewen Braunschweig,40,FC Bayern Muenchen Basketball,219,85,83,local,2020-21,0,nHYSnRVD,59.0,32.0,54.24,42.0,24.0,57.14,17.0,8.0,47.06,20.0,13.0,65.0,12.0,20.0,32.0,18.0,1.0,17.0,3.0,22.0,59.0,30.0,50.85,35.0,22.0,62.86,24.0,8.0,33.33,15.0,15.0,100.0,7.0,19.0,26.0,19.0,1.0,11.0,9.0,22.0,reverse
2021_0411_214_2745,2021-04-11T00:00:00+00:00,FITOne Wuerzburg Baskets,2745,BG Goettingen,214,73,96,visitante,2020-21,0,Q7XWoooK,66.0,28.0,42.42,35.0,20.0,57.14,31.0,8.0,25.81,13.0,9.0,69.2,12.0,25.0,37.0,16.0,3.0,14.0,6.0,22.0,68.0,34.0,50.0,39.0,20.0,51.28,29.0,14.0,48.28,22.0,14.0,63.6,13.0,26.0,39.0,21.0,4.0,9.0,11.0,20.0,reverse
2021_0413_40_41,2021-04-13T00:00:00+00:00,MHP Riesen Ludwigsburg,41,Basketball Loewen Braunschweig,40,107,71,local,2020-21,0,GxCBv3wf,66.0,38.0,57.58,32.0,20.0,62.5,34.0,18.0,52.94,17.0,13.0,76.5,6.0,23.0,29.0,26.0,1.0,9.0,8.0,15.0,58.0,30.0,51.72,36.0,26.0,72.22,22.0,4.0,18.18,12.0,7.0,58.3,7.0,23.0,30.0,23.0,2.0,18.0,5.0,18.0,reverse
2021_0413_1510_219,2021-04-13T00:00:00+00:00,FC Bayern Muenchen Basketball,219,Telekom Baskets Bonn,1510,89,71,local,2020-21,0,8WMyo50Q,63.0,32.0,50.79,36.0,24.0,66.67,27.0,8.0,29.63,22.0,17.0,77.3,9.0,31.0,40.0,16.0,5.0,11.0,5.0,26.0,57.0,26.0,45.61,42.0,21.0,50.0,15.0,5.0,33.33,19.0,14.0,73.7,3.0,21.0,24.0,11.0,3.0,11.0,7.0,18.0,reverse
2021_0413_133_10,2021-04-13T00:00:00+00:00,ALBA Berlin,10,46ers Giessen,133,102,96,local,2020-21,0,xnD7uqOm,62.0,38.0,61.29,33.0,23.0,69.7,29.0,15.0,51.72,17.0,13.0,76.5,8.0,19.0,27.0,26.0,1.0,10.0,8.0,12.0,62.0,34.0,54.84,26.0,17.0,65.38,36.0,17.0,47.22,12.0,11.0,91.7,8.0,16.0,24.0,27.0,0.0,11.0,7.0,22.0,reverse
2021_0413_450_214,2021-04-13T00:00:00+00:00,BG Goettingen,214,SYNTAINICS MBC Weissenfels,450,99,85,local,2020-21,0,YD6GwNh0,66.0,32.0,48.48,39.0,15.0,38.46,27.0,17.0,62.96,20.0,18.0,90.0,12.0,27.0,39.0,19.0,2.0,13.0,3.0,26.0,66.0,30.0,45.45,40.0,27.0,67.5,26.0,3.0,11.54,27.0,22.0,81.5,11.0,22.0,33.0,13.0,4.0,11.0,8.0,20.0,reverse
2021_0413_134_127,2021-04-13T00:00:00+00:00,Ratiopharm Ulm,127,Medi Bayreuth,134,99,93,local,2020-21,0,KU8SzLxJ,58.0,35.0,60.34,40.0,26.0,65.0,18.0,9.0,50.0,24.0,20.0,83.3,6.0,19.0,25.0,23.0,0.0,12.0,9.0,23.0,56.0,34.0,60.71,39.0,27.0,69.23,17.0,7.0,41.18,23.0,20.0,87.0,4.0,18.0,22.0,19.0,0.0,12.0,5.0,25.0,reverse
2021_0414_1791_2315,2021-04-14T00:00:00+00:00,Merlins Crailsheim,2315,NINERS Chemnitz,1791,85,73,local,2020-21,0,rPD3tP8s,60.0,29.0,48.33,34.0,20.0,58.82,26.0,9.0,34.62,26.0,18.0,69.2,14.0,18.0,32.0,18.0,3.0,18.0,14.0,21.0,56.0,27.0,48.21,34.0,20.0,58.82,22.0,7.0,31.82,19.0,14.0,73.7,12.0,19.0,31.0,18.0,1.0,21.0,10.0,26.0,reverse
2021_0414_132_2457,2021-04-14T00:00:00+00:00,Rasta Vechta,2457,Bamberg Baskets,132,76,104,visitante,2020-21,0,C45Kxs86,62.0,30.0,48.39,39.0,20.0,51.28,23.0,10.0,43.48,10.0,8.0,80.0,11.0,15.0,26.0,22.0,1.0,17.0,8.0,19.0,57.0,33.0,57.89,26.0,16.0,61.54,31.0,17.0,54.84,22.0,21.0,95.5,7.0,22.0,29.0,26.0,1.0,12.0,9.0,15.0,reverse
2021_0414_19629_1634,2021-04-14T00:00:00+00:00,EWE Baskets Oldenburg,1634,Veolia Towers Hamburg,19629,74,80,visitante,2020-21,0,MZnBa4FJ,62.0,29.0,46.77,33.0,15.0,45.45,29.0,14.0,48.28,6.0,2.0,33.3,6.0,24.0,30.0,19.0,1.0,15.0,5.0,18.0,58.0,30.0,51.72,38.0,21.0,55.26,20.0,9.0,45.0,13.0,11.0,84.6,5.0,30.0,35.0,19.0,3.0,12.0,6.0,14.0,reverse
2021_0419_1634_132,2021-04-19T00:00:00+00:00,Bamberg Baskets,132,EWE Baskets Oldenburg,1634,99,100,visitante,2020-21,0,rRY5lv7I,65.0,37.0,56.92,41.0,25.0,60.98,24.0,12.0,50.0,14.0,13.0,92.9,11.0,26.0,37.0,25.0,4.0,14.0,4.0,23.0,68.0,35.0,51.47,39.0,18.0,46.15,29.0,17.0,58.62,24.0,13.0,54.2,12.0,18.0,30.0,26.0,2.0,9.0,9.0,19.0,reverse
2021_0419_1791_19629,2021-04-19T00:00:00+00:00,Veolia Towers Hamburg,19629,NINERS Chemnitz,1791,97,98,visitante,2020-21,0,4jvMRe6t,71.0,34.0,47.89,42.0,25.0,59.52,29.0,9.0,31.03,28.0,20.0,71.4,14.0,15.0,29.0,19.0,3.0,7.0,11.0,23.0,50.0,33.0,66.0,27.0,19.0,70.37,23.0,14.0,60.87,23.0,18.0,78.3,4.0,28.0,32.0,23.0,2.0,21.0,4.0,24.0,reverse
2021_0421_2745_132,2021-04-21T00:00:00+00:00,Bamberg Baskets,132,FITOne Wuerzburg Baskets,2745,78,82,visitante,2020-21,0,hCA39EjC,62.0,28.0,45.16,26.0,15.0,57.69,36.0,13.0,36.11,14.0,9.0,64.3,4.0,30.0,34.0,20.0,2.0,18.0,6.0,20.0,64.0,31.0,48.44,44.0,23.0,52.27,20.0,8.0,40.0,19.0,15.0,78.9,5.0,31.0,36.0,19.0,4.0,14.0,10.0,20.0,reverse
2021_0422_10_40,2021-04-22T00:00:00+00:00,Basketball Loewen Braunschweig,40,ALBA Berlin,10,87,82,local,2020-21,0,hxtgitNa,57.0,26.0,45.61,38.0,18.0,47.37,19.0,8.0,42.11,29.0,27.0,93.1,13.0,24.0,37.0,18.0,1.0,17.0,8.0,20.0,64.0,32.0,50.0,35.0,22.0,62.86,29.0,10.0,34.48,12.0,8.0,66.7,11.0,19.0,30.0,23.0,2.0,14.0,9.0,22.0,reverse
2021_0423_19629_2745,2021-04-23T00:00:00+00:00,FITOne Wuerzburg Baskets,2745,Veolia Towers Hamburg,19629,83,95,visitante,2020-21,0,zLLiCsaP,65.0,30.0,46.15,36.0,18.0,50.0,29.0,12.0,41.38,17.0,11.0,64.7,10.0,24.0,34.0,15.0,3.0,12.0,3.0,22.0,67.0,32.0,47.76,41.0,20.0,48.78,26.0,12.0,46.15,24.0,22.0,91.7,11.0,29.0,40.0,16.0,3.0,6.0,7.0,16.0,reverse
2021_0424_134_40,2021-04-24T00:00:00+00:00,Basketball Loewen Braunschweig,40,Medi Bayreuth,134,77,64,local,2020-21,0,ADCJ717t,67.0,27.0,40.3,35.0,16.0,45.71,32.0,11.0,34.38,22.0,12.0,54.5,15.0,26.0,41.0,18.0,4.0,7.0,9.0,17.0,63.0,22.0,34.92,38.0,16.0,42.11,25.0,6.0,24.0,15.0,14.0,93.3,14.0,28.0,42.0,14.0,1.0,14.0,4.0,24.0,reverse
2021_0424_2315_2457,2021-04-24T00:00:00+00:00,Rasta Vechta,2457,Merlins Crailsheim,2315,81,98,visitante,2020-21,0,025W4aia,51.0,24.0,47.06,22.0,12.0,54.55,29.0,12.0,41.38,29.0,21.0,72.4,,,32.0,,2.0,16.0,3.0,21.0,57.0,35.0,61.4,25.0,18.0,72.0,32.0,17.0,53.13,18.0,11.0,61.1,,,26.0,,2.0,11.0,10.0,24.0,reverse
2021_0424_133_41,2021-04-24T00:00:00+00:00,MHP Riesen Ludwigsburg,41,46ers Giessen,133,89,80,local,2020-21,0,hx2O6LMn,69.0,33.0,47.83,39.0,23.0,58.97,30.0,10.0,33.33,16.0,13.0,81.3,10.0,27.0,37.0,20.0,0.0,13.0,9.0,12.0,66.0,34.0,51.52,35.0,25.0,71.43,31.0,9.0,29.03,7.0,5.0,71.4,6.0,27.0,33.0,18.0,3.0,15.0,5.0,17.0,reverse
2021_0424_1634_127,2021-04-24T00:00:00+00:00,Ratiopharm Ulm,127,EWE Baskets Oldenburg,1634,93,75,local,2020-21,0,WS0S5uxg,59.0,34.0,57.63,42.0,26.0,61.9,17.0,8.0,47.06,19.0,17.0,89.5,5.0,28.0,33.0,16.0,3.0,12.0,9.0,15.0,55.0,24.0,43.64,27.0,16.0,59.26,28.0,8.0,28.57,25.0,19.0,76.0,8.0,22.0,30.0,14.0,1.0,15.0,5.0,14.0,reverse
2021_0425_219_10,2021-04-25T00:00:00+00:00,ALBA Berlin,10,FC Bayern Muenchen Basketball,219,100,62,local,2020-21,0,MHgu3wMB,56.0,36.0,64.29,41.0,30.0,73.17,15.0,6.0,40.0,25.0,22.0,88.0,7.0,25.0,32.0,22.0,2.0,15.0,8.0,22.0,49.0,21.0,42.86,30.0,14.0,46.67,19.0,7.0,36.84,21.0,15.0,71.4,6.0,14.0,20.0,16.0,2.0,17.0,7.0,26.0,reverse
2021_0425_1510_1791,2021-04-25T00:00:00+00:00,NINERS Chemnitz,1791,Telekom Baskets Bonn,1510,62,86,visitante,2020-21,0,Uscm1HjO,63.0,24.0,38.1,38.0,17.0,44.74,25.0,7.0,28.0,15.0,7.0,46.7,11.0,24.0,35.0,17.0,1.0,18.0,7.0,23.0,69.0,31.0,44.93,43.0,25.0,58.14,26.0,6.0,23.08,25.0,20.0,80.0,14.0,31.0,45.0,15.0,7.0,14.0,13.0,16.0,reverse
2021_0425_3361_450,2021-04-25T00:00:00+00:00,SYNTAINICS MBC Weissenfels,450,Fraport Skyliners Frankfurt,3361,81,76,local,2020-21,0,vg4z4J65,61.0,29.0,47.54,36.0,19.0,52.78,25.0,10.0,40.0,17.0,13.0,76.5,7.0,26.0,33.0,13.0,3.0,12.0,9.0,19.0,64.0,27.0,42.19,36.0,17.0,47.22,28.0,10.0,35.71,15.0,12.0,80.0,10.0,27.0,37.0,20.0,3.0,15.0,6.0,18.0,reverse
2021_0427_41_3361,2021-04-27T00:00:00+00:00,Fraport Skyliners Frankfurt,3361,MHP Riesen Ludwigsburg,41,69,106,visitante,2020-21,0,b1uoOsgD,55.0,22.0,40.0,33.0,15.0,45.45,22.0,7.0,31.82,22.0,18.0,81.8,6.0,25.0,31.0,12.0,2.0,18.0,4.0,19.0,77.0,37.0,48.05,32.0,19.0,59.38,45.0,18.0,40.0,18.0,14.0,77.8,14.0,28.0,42.0,26.0,2.0,9.0,10.0,20.0,reverse
2021_0429_40_2745,2021-04-29T00:00:00+00:00,FITOne Wuerzburg Baskets,2745,Basketball Loewen Braunschweig,40,80,90,visitante,2020-21,0,4dmbJb6h,57.0,31.0,54.39,37.0,24.0,64.86,20.0,7.0,35.0,14.0,11.0,78.6,6.0,24.0,30.0,20.0,0.0,22.0,9.0,17.0,60.0,32.0,53.33,32.0,19.0,59.38,28.0,13.0,46.43,14.0,13.0,92.9,5.0,21.0,26.0,20.0,2.0,17.0,11.0,19.0,reverse
2021_0429_134_19629,2021-04-29T00:00:00+00:00,Veolia Towers Hamburg,19629,Medi Bayreuth,134,83,90,visitante,2020-21,0,8Yei0y6U,64.0,30.0,46.88,43.0,24.0,55.81,21.0,6.0,28.57,22.0,17.0,77.3,7.0,21.0,28.0,23.0,1.0,8.0,6.0,19.0,56.0,29.0,51.79,25.0,16.0,64.0,31.0,13.0,41.94,21.0,19.0,90.5,6.0,28.0,34.0,26.0,3.0,15.0,5.0,21.0,reverse
2021_0429_127_2315,2021-04-29T00:00:00+00:00,Merlins Crailsheim,2315,Ratiopharm Ulm,127,78,93,visitante,2020-21,0,WrkjLKyt,59.0,30.0,50.85,33.0,20.0,60.61,26.0,10.0,38.46,13.0,8.0,61.5,10.0,17.0,27.0,17.0,3.0,17.0,7.0,23.0,57.0,33.0,57.89,32.0,20.0,62.5,25.0,13.0,52.0,17.0,14.0,82.4,8.0,18.0,26.0,17.0,2.0,15.0,8.0,18.0,reverse
2021_0430_132_41,2021-04-30T00:00:00+00:00,MHP Riesen Ludwigsburg,41,Bamberg Baskets,132,93,94,visitante,2020-21,0,pE7rblzp,69.0,29.0,42.03,40.0,16.0,40.0,29.0,13.0,44.83,32.0,22.0,68.8,9.0,24.0,33.0,18.0,4.0,4.0,5.0,22.0,67.0,32.0,47.76,33.0,18.0,54.55,34.0,14.0,41.18,22.0,16.0,72.7,9.0,33.0,42.0,25.0,5.0,12.0,1.0,24.0,reverse
2021_0430_1510_3361,2021-04-30T00:00:00+00:00,Fraport Skyliners Frankfurt,3361,Telekom Baskets Bonn,1510,73,85,visitante,2020-21,0,8lpFFG5H,64.0,27.0,42.19,34.0,17.0,50.0,30.0,10.0,33.33,12.0,9.0,75.0,11.0,19.0,30.0,18.0,0.0,10.0,3.0,18.0,62.0,32.0,51.61,36.0,21.0,58.33,26.0,11.0,42.31,15.0,10.0,66.7,12.0,28.0,40.0,19.0,2.0,11.0,5.0,15.0,reverse
2021_0430_1791_133,2021-04-30T00:00:00+00:00,46ers Giessen,133,NINERS Chemnitz,1791,95,71,local,2020-21,0,0Ot7Hxy5,69.0,36.0,52.17,38.0,23.0,60.53,31.0,13.0,41.94,14.0,10.0,71.4,12.0,32.0,44.0,25.0,4.0,12.0,9.0,16.0,66.0,26.0,39.39,34.0,15.0,44.12,32.0,11.0,34.38,13.0,8.0,61.5,12.0,22.0,34.0,18.0,2.0,15.0,10.0,18.0,reverse
2021_0430_2457_10,2021-04-30T00:00:00+00:00,ALBA Berlin,10,Rasta Vechta,2457,82,81,local,2020-21,0,vFuBGdjB,61.0,27.0,44.26,30.0,16.0,53.33,31.0,11.0,35.48,25.0,17.0,68.0,11.0,23.0,34.0,21.0,2.0,7.0,6.0,18.0,59.0,27.0,45.76,22.0,13.0,59.09,37.0,14.0,37.84,20.0,13.0,65.0,11.0,25.0,36.0,21.0,1.0,12.0,0.0,25.0,reverse
2021_0502_40_132,2021-05-02T00:00:00+00:00,Bamberg Baskets,132,Basketball Loewen Braunschweig,40,75,85,visitante,2020-21,0,Sxcmc8kj,61.0,27.0,44.26,27.0,16.0,59.26,34.0,11.0,32.35,17.0,12.0,70.6,10.0,21.0,31.0,19.0,3.0,15.0,6.0,26.0,59.0,25.0,42.37,36.0,15.0,41.67,23.0,10.0,43.48,33.0,25.0,75.8,15.0,26.0,41.0,21.0,1.0,15.0,8.0,20.0,reverse
2021_0502_1791_127,2021-05-02T00:00:00+00:00,Ratiopharm Ulm,127,NINERS Chemnitz,1791,85,70,local,2020-21,0,EqdoI9RF,55.0,31.0,56.36,30.0,19.0,63.33,25.0,12.0,48.0,13.0,11.0,84.6,6.0,18.0,24.0,24.0,6.0,17.0,8.0,18.0,54.0,26.0,48.15,28.0,15.0,53.57,26.0,11.0,42.31,15.0,10.0,66.7,10.0,19.0,29.0,20.0,2.0,23.0,7.0,17.0,reverse
2021_0502_2315_19629,2021-05-02T00:00:00+00:00,Veolia Towers Hamburg,19629,Merlins Crailsheim,2315,79,85,visitante,2020-21,0,zgcsJkC9,74.0,32.0,43.24,48.0,28.0,58.33,26.0,4.0,15.38,18.0,11.0,61.1,17.0,18.0,35.0,11.0,1.0,13.0,10.0,23.0,52.0,29.0,55.77,24.0,17.0,70.83,28.0,12.0,42.86,22.0,15.0,68.2,6.0,29.0,35.0,20.0,1.0,21.0,3.0,20.0,reverse
2021_0502_3361_1634,2021-05-02T00:00:00+00:00,EWE Baskets Oldenburg,1634,Fraport Skyliners Frankfurt,3361,82,59,local,2020-21,0,IH2xKVd3,67.0,32.0,47.76,31.0,19.0,61.29,36.0,13.0,36.11,10.0,7.0,70.0,10.0,33.0,43.0,25.0,2.0,10.0,7.0,15.0,63.0,23.0,36.51,37.0,15.0,40.54,26.0,8.0,30.77,8.0,5.0,62.5,8.0,24.0,32.0,16.0,1.0,12.0,4.0,13.0,reverse
2021_0502_133_2457,2021-05-02T00:00:00+00:00,Rasta Vechta,2457,46ers Giessen,133,82,100,visitante,2020-21,0,86ekHTtM,79.0,35.0,44.3,47.0,25.0,53.19,32.0,10.0,31.25,5.0,3.0,60.0,16.0,21.0,37.0,20.0,2.0,9.0,7.0,23.0,62.0,32.0,51.61,33.0,22.0,66.67,29.0,10.0,34.48,30.0,27.0,90.0,10.0,30.0,40.0,24.0,4.0,10.0,6.0,13.0,reverse
2021_0502_214_219,2021-05-02T00:00:00+00:00,FC Bayern Muenchen Basketball,219,BG Goettingen,214,102,90,local,2020-21,0,QNFjdS4d,63.0,35.0,55.56,38.0,25.0,65.79,25.0,10.0,40.0,27.0,22.0,81.5,12.0,28.0,40.0,26.0,4.0,10.0,5.0,27.0,66.0,27.0,40.91,47.0,20.0,42.55,19.0,7.0,36.84,38.0,29.0,76.3,16.0,18.0,34.0,14.0,0.0,6.0,7.0,26.0,reverse
2021_0502_41_1510,2021-05-02T00:00:00+00:00,Telekom Baskets Bonn,1510,MHP Riesen Ludwigsburg,41,73,89,visitante,2020-21,0,SjxMB74q,53.0,24.0,45.28,31.0,18.0,58.06,22.0,6.0,27.27,25.0,19.0,76.0,12.0,25.0,37.0,10.0,3.0,23.0,5.0,27.0,68.0,31.0,45.59,31.0,18.0,58.06,37.0,13.0,35.14,21.0,16.0,76.2,17.0,19.0,36.0,16.0,2.0,14.0,14.0,26.0,reverse
2021_0502_2745_10,2021-05-02T00:00:00+00:00,ALBA Berlin,10,FITOne Wuerzburg Baskets,2745,99,79,local,2020-21,0,M9agGmdS,72.0,37.0,51.39,41.0,27.0,65.85,31.0,10.0,32.26,19.0,15.0,78.9,10.0,22.0,32.0,24.0,3.0,8.0,9.0,24.0,50.0,27.0,54.0,27.0,17.0,62.96,23.0,10.0,43.48,26.0,17.0,65.4,5.0,26.0,31.0,15.0,1.0,20.0,4.0,24.0,reverse
2021_0502_450_134,2021-05-02T00:00:00+00:00,Medi Bayreuth,134,SYNTAINICS MBC Weissenfels,450,99,70,local,2020-21,0,vR3YKBsc,68.0,33.0,48.53,43.0,21.0,48.84,25.0,12.0,48.0,24.0,21.0,87.5,10.0,28.0,38.0,21.0,0.0,12.0,12.0,19.0,58.0,27.0,46.55,33.0,23.0,69.7,25.0,4.0,16.0,19.0,15.0,78.9,7.0,25.0,32.0,12.0,1.0,20.0,7.0,23.0,reverse
2021_0504_10_41,2021-05-04T00:00:00+00:00,MHP Riesen Ludwigsburg,41,ALBA Berlin,10,78,79,visitante,2020-21,0,86HKW8t9,70.0,28.0,40.0,28.0,13.0,46.43,42.0,15.0,35.71,10.0,8.0,80.0,10.0,22.0,32.0,19.0,0.0,9.0,10.0,16.0,61.0,30.0,49.18,32.0,18.0,56.25,29.0,12.0,41.38,9.0,7.0,77.8,10.0,31.0,41.0,20.0,2.0,16.0,6.0,16.0,reverse
2021_0504_132_133,2021-05-04T00:00:00+00:00,46ers Giessen,133,Bamberg Baskets,132,90,99,visitante,2020-21,0,f3DGXlR2,76.0,38.0,50.0,56.0,30.0,53.57,20.0,8.0,40.0,10.0,8.0,80.0,12.0,21.0,33.0,18.0,5.0,10.0,6.0,20.0,66.0,35.0,53.03,37.0,21.0,56.76,29.0,14.0,48.28,16.0,15.0,93.8,10.0,25.0,35.0,21.0,1.0,12.0,4.0,15.0,reverse
2021_0504_134_3361,2021-05-04T00:00:00+00:00,Fraport Skyliners Frankfurt,3361,Medi Bayreuth,134,58,80,visitante,2020-21,0,hbZX85l2,66.0,26.0,39.39,36.0,20.0,55.56,30.0,6.0,20.0,11.0,5.0,45.5,10.0,23.0,33.0,18.0,0.0,14.0,13.0,17.0,56.0,29.0,51.79,31.0,19.0,61.29,25.0,10.0,40.0,19.0,13.0,68.4,6.0,35.0,41.0,22.0,2.0,17.0,7.0,16.0,reverse
2021_0504_19629_214,2021-05-04T00:00:00+00:00,BG Goettingen,214,Veolia Towers Hamburg,19629,91,93,visitante,2020-21,0,E7zU9oZe,49.0,33.0,67.35,25.0,21.0,84.0,24.0,12.0,50.0,23.0,15.0,65.2,7.0,28.0,35.0,21.0,4.0,22.0,3.0,19.0,78.0,40.0,51.28,54.0,35.0,64.81,24.0,5.0,20.83,16.0,11.0,68.8,10.0,14.0,24.0,19.0,0.0,5.0,9.0,22.0,reverse
2021_0505_1510_40,2021-05-05T00:00:00+00:00,Basketball Loewen Braunschweig,40,Telekom Baskets Bonn,1510,85,78,local,2020-21,0,beAXT6QR,57.0,26.0,45.61,29.0,13.0,44.83,28.0,13.0,46.43,29.0,20.0,69.0,11.0,27.0,38.0,23.0,1.0,11.0,4.0,21.0,64.0,29.0,45.31,35.0,22.0,62.86,29.0,7.0,24.14,17.0,13.0,76.5,10.0,25.0,35.0,11.0,1.0,11.0,5.0,26.0,reverse
2021_0505_1634_2315,2021-05-05T00:00:00+00:00,Merlins Crailsheim,2315,EWE Baskets Oldenburg,1634,90,73,local,2020-21,0,2TGOVSeF,61.0,33.0,54.1,38.0,24.0,63.16,23.0,9.0,39.13,21.0,17.0,81.0,7.0,32.0,39.0,23.0,4.0,9.0,4.0,19.0,66.0,25.0,37.88,39.0,16.0,41.03,27.0,9.0,33.33,17.0,14.0,82.4,10.0,24.0,34.0,16.0,1.0,8.0,7.0,18.0,reverse
2021_0505_2745_1791,2021-05-05T00:00:00+00:00,NINERS Chemnitz,1791,FITOne Wuerzburg Baskets,2745,84,83,local,2020-21,0,04daPQYr,60.0,30.0,50.0,24.0,14.0,58.33,36.0,16.0,44.44,13.0,8.0,61.5,9.0,26.0,35.0,17.0,0.0,17.0,7.0,17.0,65.0,30.0,46.15,36.0,21.0,58.33,29.0,9.0,31.03,18.0,14.0,77.8,8.0,24.0,32.0,24.0,1.0,13.0,9.0,18.0,reverse
2021_0505_2457_450,2021-05-05T00:00:00+00:00,SYNTAINICS MBC Weissenfels,450,Rasta Vechta,2457,80,84,visitante,2020-21,0,tKFSUnBL,61.0,31.0,50.82,30.0,21.0,70.0,31.0,10.0,32.26,18.0,10.0,55.6,8.0,26.0,34.0,21.0,4.0,13.0,10.0,23.0,58.0,25.0,43.1,34.0,13.0,38.24,24.0,12.0,50.0,28.0,22.0,78.6,9.0,28.0,37.0,18.0,0.0,15.0,6.0,24.0,reverse
2021_0507_132_214,2021-05-07T00:00:00+00:00,BG Goettingen,214,Bamberg Baskets,132,106,84,local,2020-21,0,zLcq2cyI,68.0,40.0,58.82,46.0,26.0,56.52,22.0,14.0,63.64,15.0,12.0,80.0,9.0,30.0,39.0,25.0,4.0,9.0,9.0,18.0,62.0,28.0,45.16,36.0,17.0,47.22,26.0,11.0,42.31,23.0,17.0,73.9,7.0,20.0,27.0,20.0,1.0,10.0,3.0,18.0,reverse
2021_0507_219_127,2021-05-07T00:00:00+00:00,Ratiopharm Ulm,127,FC Bayern Muenchen Basketball,219,98,64,local,2020-21,0,6syQARJk,55.0,34.0,61.82,31.0,21.0,67.74,24.0,13.0,54.17,22.0,17.0,77.3,5.0,20.0,25.0,24.0,3.0,13.0,13.0,15.0,51.0,24.0,47.06,33.0,18.0,54.55,18.0,6.0,33.33,12.0,10.0,83.3,8.0,17.0,25.0,15.0,2.0,26.0,5.0,24.0,reverse
2021_0507_2745_3361,2021-05-07T00:00:00+00:00,Fraport Skyliners Frankfurt,3361,FITOne Wuerzburg Baskets,2745,95,66,local,2020-21,0,6R4Oy1NC,62.0,37.0,59.68,35.0,24.0,68.57,27.0,13.0,48.15,12.0,8.0,66.7,8.0,25.0,33.0,16.0,0.0,11.0,6.0,22.0,54.0,23.0,42.59,31.0,16.0,51.61,23.0,7.0,30.43,20.0,13.0,65.0,10.0,19.0,29.0,20.0,0.0,17.0,4.0,17.0,reverse
2021_0509_132_2315,2021-05-09T00:00:00+00:00,Merlins Crailsheim,2315,Bamberg Baskets,132,77,70,local,2020-21,0,SGmGLrY7,60.0,29.0,48.33,34.0,21.0,61.76,26.0,8.0,30.77,17.0,11.0,64.7,9.0,28.0,37.0,21.0,2.0,13.0,8.0,18.0,68.0,24.0,35.29,35.0,15.0,42.86,33.0,9.0,27.27,18.0,13.0,72.2,18.0,27.0,45.0,14.0,2.0,14.0,4.0,17.0,reverse
2021_0509_1510_127,2021-05-09T00:00:00+00:00,Ratiopharm Ulm,127,Telekom Baskets Bonn,1510,94,81,local,2020-21,0,8ULxwp3r,55.0,34.0,61.82,27.0,18.0,66.67,28.0,16.0,57.14,18.0,10.0,55.6,6.0,22.0,28.0,20.0,3.0,14.0,7.0,16.0,65.0,32.0,49.23,38.0,25.0,65.79,27.0,7.0,25.93,10.0,10.0,100.0,11.0,19.0,30.0,17.0,2.0,14.0,6.0,17.0,reverse
2021_0509_1791_10,2021-05-09T00:00:00+00:00,ALBA Berlin,10,NINERS Chemnitz,1791,91,81,local,2020-21,0,GWtbpSA8,58.0,33.0,56.9,34.0,22.0,64.71,24.0,11.0,45.83,16.0,14.0,87.5,7.0,21.0,28.0,27.0,2.0,15.0,11.0,15.0,60.0,31.0,51.67,32.0,21.0,65.63,28.0,10.0,35.71,10.0,9.0,90.0,8.0,16.0,24.0,23.0,1.0,18.0,9.0,21.0,reverse
2021_0509_3361_19629,2021-05-09T00:00:00+00:00,Veolia Towers Hamburg,19629,Fraport Skyliners Frankfurt,3361,89,96,visitante,2020-21,0,lQlCMOI1,68.0,35.0,51.47,49.0,30.0,61.22,19.0,5.0,26.32,18.0,14.0,77.8,8.0,25.0,33.0,20.0,2.0,6.0,6.0,26.0,56.0,29.0,51.79,28.0,14.0,50.0,28.0,15.0,53.57,32.0,23.0,71.9,6.0,27.0,33.0,27.0,2.0,10.0,3.0,19.0,reverse
2021_0509_133_40,2021-05-09T00:00:00+00:00,Basketball Loewen Braunschweig,40,46ers Giessen,133,103,91,local,2020-21,0,fNu2qnQE,70.0,38.0,54.29,42.0,26.0,61.9,28.0,12.0,42.86,22.0,15.0,68.2,14.0,26.0,40.0,23.0,2.0,7.0,6.0,19.0,70.0,35.0,50.0,43.0,26.0,60.47,27.0,9.0,33.33,16.0,12.0,75.0,11.0,23.0,34.0,22.0,3.0,8.0,2.0,21.0,reverse
2021_0509_214_134,2021-05-09T00:00:00+00:00,Medi Bayreuth,134,BG Goettingen,214,99,95,local,2020-21,0,fRe3Oplk,66.0,32.0,48.48,47.0,25.0,53.19,19.0,7.0,36.84,35.0,28.0,80.0,12.0,23.0,35.0,19.0,1.0,8.0,10.0,23.0,59.0,31.0,52.54,24.0,11.0,45.83,35.0,20.0,57.14,18.0,13.0,72.2,6.0,25.0,31.0,21.0,5.0,17.0,3.0,30.0,reverse
2021_0509_41_219,2021-05-09T00:00:00+00:00,FC Bayern Muenchen Basketball,219,MHP Riesen Ludwigsburg,41,77,91,visitante,2020-21,0,jkZAsQfR,70.0,28.0,40.0,48.0,25.0,52.08,22.0,3.0,13.64,22.0,18.0,81.8,19.0,24.0,43.0,19.0,1.0,15.0,7.0,23.0,60.0,30.0,50.0,32.0,18.0,56.25,28.0,12.0,42.86,22.0,19.0,86.4,7.0,25.0,32.0,20.0,5.0,14.0,10.0,19.0,reverse
2021_0509_2745_2457,2021-05-09T00:00:00+00:00,Rasta Vechta,2457,FITOne Wuerzburg Baskets,2745,95,62,local,2020-21,0,xnV6r6uL,70.0,32.0,45.71,30.0,16.0,53.33,40.0,16.0,40.0,18.0,15.0,83.3,12.0,32.0,44.0,28.0,1.0,12.0,13.0,19.0,56.0,22.0,39.29,30.0,17.0,56.67,26.0,5.0,19.23,18.0,13.0,72.2,6.0,26.0,32.0,16.0,2.0,20.0,5.0,18.0,reverse
2021_0509_450_1634,2021-05-09T00:00:00+00:00,EWE Baskets Oldenburg,1634,SYNTAINICS MBC Weissenfels,450,87,72,local,2020-21,0,61a7N43e,74.0,32.0,43.24,45.0,24.0,53.33,29.0,8.0,27.59,20.0,15.0,75.0,15.0,32.0,47.0,21.0,5.0,11.0,9.0,18.0,64.0,29.0,45.31,39.0,21.0,53.85,25.0,8.0,32.0,13.0,6.0,46.2,7.0,29.0,36.0,21.0,4.0,14.0,9.0,19.0,reverse
2021_0511_1634_214,2021-05-11T00:00:00+00:00,BG Goettingen,214,EWE Baskets Oldenburg,1634,77,98,visitante,2020-21,0,AZmfKvin,60.0,31.0,51.67,34.0,22.0,64.71,26.0,9.0,34.62,16.0,10.0,62.5,5.0,19.0,24.0,29.0,1.0,10.0,5.0,16.0,63.0,35.0,55.56,28.0,19.0,67.86,35.0,16.0,45.71,12.0,12.0,100.0,9.0,29.0,38.0,28.0,1.0,12.0,5.0,18.0,reverse
2021_0519_41_132,2021-05-19T00:00:00+00:00,Bamberg Baskets,132,MHP Riesen Ludwigsburg,41,69,83,visitante,2020-21,1,WzPXSoG9,58.0,23.0,39.66,33.0,15.0,45.45,25.0,8.0,32.0,21.0,15.0,71.4,12.0,27.0,39.0,14.0,1.0,15.0,2.0,21.0,75.0,30.0,40.0,44.0,18.0,40.91,31.0,12.0,38.71,15.0,11.0,73.3,20.0,24.0,44.0,12.0,4.0,8.0,8.0,20.0,reverse
2021_0519_219_2315,2021-05-19T00:00:00+00:00,Merlins Crailsheim,2315,FC Bayern Muenchen Basketball,219,66,86,visitante,2020-21,1,IwIJmw45,60.0,23.0,38.33,31.0,15.0,48.39,29.0,8.0,27.59,15.0,14.0,93.3,10.0,24.0,34.0,9.0,2.0,15.0,3.0,22.0,64.0,28.0,43.75,39.0,17.0,43.59,25.0,11.0,44.0,22.0,19.0,86.4,13.0,28.0,41.0,21.0,4.0,9.0,11.0,18.0,reverse
2021_0520_10_19629,2021-05-20T00:00:00+00:00,Veolia Towers Hamburg,19629,ALBA Berlin,10,59,82,visitante,2020-21,1,4SuA9cFl,62.0,22.0,35.48,40.0,17.0,42.5,22.0,5.0,22.73,15.0,10.0,66.7,8.0,24.0,32.0,17.0,3.0,12.0,8.0,14.0,48.0,32.0,66.67,18.0,20.0,100.0,30.0,12.0,40.0,9.0,8.0,88.9,13.0,33.0,46.0,18.0,6.0,14.0,7.0,17.0,reverse
2021_0520_1634_127,2021-05-20T00:00:00+00:00,Ratiopharm Ulm,127,EWE Baskets Oldenburg,1634,93,88,local,2020-21,1,61ZeUl3p,67.0,32.0,47.76,33.0,22.0,66.67,34.0,10.0,29.41,21.0,19.0,90.5,14.0,24.0,38.0,17.0,2.0,14.0,5.0,21.0,62.0,34.0,54.84,40.0,26.0,65.0,22.0,8.0,36.36,14.0,12.0,85.7,5.0,22.0,27.0,19.0,1.0,13.0,8.0,20.0,reverse
2021_0521_41_132,2021-05-21T00:00:00+00:00,Bamberg Baskets,132,MHP Riesen Ludwigsburg,41,83,86,visitante,2020-21,1,ARNyS5VF,65.0,29.0,44.62,38.0,22.0,57.89,27.0,7.0,25.93,25.0,18.0,72.0,11.0,27.0,38.0,18.0,5.0,14.0,8.0,21.0,64.0,28.0,43.75,40.0,18.0,45.0,24.0,10.0,41.67,24.0,20.0,83.3,10.0,23.0,33.0,16.0,2.0,12.0,6.0,19.0,reverse
2021_0521_219_2315,2021-05-21T00:00:00+00:00,Merlins Crailsheim,2315,FC Bayern Muenchen Basketball,219,79,83,visitante,2020-21,1,C0HNncJB,59.0,27.0,45.76,31.0,16.0,51.61,28.0,11.0,39.29,19.0,14.0,73.7,17.0,15.0,32.0,21.0,3.0,15.0,6.0,19.0,57.0,33.0,57.89,34.0,23.0,67.65,23.0,10.0,43.48,8.0,7.0,87.5,8.0,16.0,24.0,19.0,3.0,15.0,7.0,19.0,reverse
2021_0522_10_19629,2021-05-22T00:00:00+00:00,Veolia Towers Hamburg,19629,ALBA Berlin,10,83,95,visitante,2020-21,1,bkuE8HUf,73.0,31.0,42.47,42.0,17.0,40.48,31.0,14.0,45.16,13.0,7.0,53.8,12.0,21.0,33.0,18.0,1.0,9.0,7.0,21.0,61.0,32.0,52.46,33.0,21.0,63.64,28.0,11.0,39.29,21.0,20.0,95.2,6.0,32.0,38.0,23.0,2.0,12.0,6.0,18.0,reverse
2021_0522_1634_127,2021-05-22T00:00:00+00:00,Ratiopharm Ulm,127,EWE Baskets Oldenburg,1634,75,77,visitante,2020-21,1,phYaT8Ij,58.0,27.0,46.55,38.0,24.0,63.16,20.0,3.0,15.0,22.0,18.0,81.8,8.0,24.0,32.0,17.0,0.0,9.0,6.0,22.0,56.0,27.0,48.21,37.0,21.0,56.76,19.0,6.0,31.58,22.0,17.0,77.3,6.0,24.0,30.0,20.0,0.0,11.0,4.0,22.0,reverse
2021_0523_132_41,2021-05-23T00:00:00+00:00,MHP Riesen Ludwigsburg,41,Bamberg Baskets,132,60,96,visitante,2020-21,1,Qys6Aw0r,69.0,24.0,34.78,43.0,20.0,46.51,26.0,4.0,15.38,12.0,8.0,66.7,13.0,22.0,35.0,11.0,1.0,17.0,7.0,21.0,62.0,31.0,50.0,24.0,14.0,58.33,38.0,17.0,44.74,19.0,17.0,89.5,9.0,32.0,41.0,25.0,3.0,12.0,10.0,16.0,reverse
2021_0523_2315_219,2021-05-23T00:00:00+00:00,FC Bayern Muenchen Basketball,219,Merlins Crailsheim,2315,82,96,visitante,2020-21,1,jiGRoHYH,54.0,29.0,53.7,35.0,20.0,57.14,19.0,9.0,47.37,20.0,15.0,75.0,6.0,16.0,22.0,17.0,4.0,15.0,8.0,28.0,50.0,29.0,58.0,25.0,15.0,60.0,25.0,14.0,56.0,30.0,24.0,80.0,6.0,20.0,26.0,18.0,2.0,16.0,5.0,16.0,reverse
2021_0524_19629_10,2021-05-24T00:00:00+00:00,ALBA Berlin,10,Veolia Towers Hamburg,19629,85,73,local,2020-21,1,ChqI7yp1,61.0,30.0,49.18,31.0,19.0,61.29,30.0,11.0,36.67,18.0,14.0,77.8,8.0,32.0,40.0,15.0,2.0,16.0,4.0,20.0,76.0,26.0,34.21,50.0,21.0,42.0,26.0,5.0,19.23,17.0,16.0,94.1,14.0,24.0,38.0,14.0,1.0,9.0,9.0,19.0,reverse
2021_0524_127_1634,2021-05-24T00:00:00+00:00,EWE Baskets Oldenburg,1634,Ratiopharm Ulm,127,66,70,visitante,2020-21,1,beMshhei,62.0,23.0,37.1,30.0,11.0,36.67,32.0,12.0,37.5,11.0,8.0,72.7,7.0,28.0,35.0,18.0,4.0,12.0,8.0,19.0,65.0,24.0,36.92,39.0,14.0,35.9,26.0,10.0,38.46,14.0,12.0,85.7,13.0,31.0,44.0,14.0,2.0,12.0,7.0,15.0,reverse
2021_0525_132_41,2021-05-25T00:00:00+00:00,MHP Riesen Ludwigsburg,41,Bamberg Baskets,132,84,87,visitante,2020-21,1,rV4xAWNq,74.0,33.0,44.59,50.0,25.0,50.0,24.0,8.0,33.33,10.0,10.0,100.0,15.0,21.0,36.0,10.0,3.0,9.0,7.0,22.0,62.0,31.0,50.0,32.0,19.0,59.38,30.0,12.0,40.0,14.0,13.0,92.9,10.0,25.0,35.0,18.0,4.0,15.0,3.0,20.0,reverse
2021_0525_2315_219,2021-05-25T00:00:00+00:00,FC Bayern Muenchen Basketball,219,Merlins Crailsheim,2315,86,72,local,2020-21,1,x6gGiagI,65.0,33.0,50.77,39.0,23.0,58.97,26.0,10.0,38.46,11.0,10.0,90.9,9.0,30.0,39.0,20.0,8.0,12.0,8.0,19.0,60.0,22.0,36.67,29.0,15.0,51.72,31.0,7.0,22.58,22.0,21.0,95.5,8.0,23.0,31.0,13.0,0.0,13.0,7.0,16.0,reverse
2021_0526_127_1634,2021-05-26T00:00:00+00:00,EWE Baskets Oldenburg,1634,Ratiopharm Ulm,127,88,96,visitante,2020-21,1,S2CKZOwf,67.0,31.0,46.27,41.0,23.0,56.1,26.0,8.0,30.77,22.0,18.0,81.8,9.0,20.0,29.0,24.0,1.0,7.0,7.0,27.0,54.0,31.0,57.41,38.0,24.0,63.16,16.0,7.0,43.75,37.0,27.0,73.0,7.0,27.0,34.0,16.0,3.0,11.0,3.0,19.0,reverse
2021_0527_41_132,2021-05-27T00:00:00+00:00,Bamberg Baskets,132,MHP Riesen Ludwigsburg,41,73,95,visitante,2020-21,1,Esoai3pE,58.0,28.0,48.28,34.0,23.0,67.65,24.0,5.0,20.83,18.0,12.0,66.7,8.0,18.0,26.0,13.0,2.0,18.0,3.0,22.0,66.0,35.0,53.03,45.0,27.0,60.0,21.0,8.0,38.1,23.0,17.0,73.9,15.0,20.0,35.0,20.0,4.0,12.0,8.0,17.0,reverse
2021_0529_41_219,2021-05-29T00:00:00+00:00,FC Bayern Muenchen Basketball,219,MHP Riesen Ludwigsburg,41,98,101,visitante,2020-21,1,25vOhfcl,57.0,32.0,56.14,30.0,17.0,56.67,27.0,15.0,55.56,23.0,19.0,82.6,9.0,28.0,37.0,16.0,4.0,15.0,2.0,23.0,68.0,34.0,50.0,38.0,19.0,50.0,30.0,15.0,50.0,27.0,18.0,66.7,9.0,17.0,26.0,14.0,4.0,6.0,10.0,22.0,reverse
2021_0530_10_127,2021-05-30T00:00:00+00:00,Ratiopharm Ulm,127,ALBA Berlin,10,73,71,local,2020-21,1,2FVXQYlJ,63.0,23.0,36.51,37.0,14.0,37.84,26.0,9.0,34.62,19.0,18.0,94.7,9.0,29.0,38.0,18.0,1.0,10.0,6.0,19.0,73.0,28.0,38.36,42.0,21.0,50.0,31.0,7.0,22.58,9.0,8.0,88.9,12.0,31.0,43.0,13.0,2.0,9.0,7.0,20.0,reverse
2021_0531_41_219,2021-05-31T00:00:00+00:00,FC Bayern Muenchen Basketball,219,MHP Riesen Ludwigsburg,41,82,72,local,2020-21,1,pUTSiECf,61.0,33.0,54.1,42.0,23.0,54.76,19.0,10.0,52.63,9.0,6.0,66.7,10.0,22.0,32.0,17.0,2.0,19.0,9.0,22.0,63.0,28.0,44.44,37.0,21.0,56.76,26.0,7.0,26.92,12.0,9.0,75.0,13.0,17.0,30.0,9.0,2.0,20.0,9.0,17.0,reverse
2021_0601_10_127,2021-06-01T00:00:00+00:00,Ratiopharm Ulm,127,ALBA Berlin,10,78,92,visitante,2020-21,1,GWYEkIRJ,54.0,26.0,48.15,33.0,17.0,51.52,21.0,9.0,42.86,22.0,17.0,77.3,9.0,19.0,28.0,14.0,1.0,15.0,8.0,25.0,59.0,31.0,52.54,37.0,22.0,59.46,22.0,9.0,40.91,27.0,21.0,77.8,9.0,21.0,30.0,25.0,1.0,12.0,9.0,20.0,reverse
2021_0602_219_41,2021-06-02T00:00:00+00:00,MHP Riesen Ludwigsburg,41,FC Bayern Muenchen Basketball,219,78,81,visitante,2020-21,1,d4XWjYR0,66.0,26.0,39.39,40.0,16.0,40.0,26.0,10.0,38.46,21.0,16.0,76.2,13.0,23.0,36.0,15.0,4.0,10.0,9.0,24.0,57.0,25.0,43.86,29.0,12.0,41.38,28.0,13.0,46.43,23.0,18.0,78.3,10.0,29.0,39.0,21.0,3.0,16.0,7.0,21.0,reverse
2021_0603_127_10,2021-06-03T00:00:00+00:00,ALBA Berlin,10,Ratiopharm Ulm,127,80,72,local,2020-21,1,fNXIlxsQ,61.0,31.0,50.82,27.0,20.0,74.07,34.0,11.0,32.35,9.0,7.0,77.8,7.0,26.0,33.0,21.0,2.0,11.0,6.0,22.0,62.0,24.0,38.71,36.0,19.0,52.78,26.0,5.0,19.23,22.0,19.0,86.4,13.0,23.0,36.0,14.0,3.0,11.0,1.0,19.0,reverse
2021_0604_219_41,2021-06-04T00:00:00+00:00,MHP Riesen Ludwigsburg,41,FC Bayern Muenchen Basketball,219,73,82,visitante,2020-21,1,YRZBGPsJ,67.0,24.0,35.82,42.0,17.0,40.48,25.0,7.0,28.0,23.0,18.0,78.3,19.0,19.0,38.0,12.0,2.0,21.0,11.0,21.0,62.0,29.0,46.77,37.0,19.0,51.35,25.0,10.0,40.0,14.0,14.0,100.0,13.0,26.0,39.0,20.0,4.0,19.0,13.0,24.0,reverse
2021_0605_127_10,2021-06-05T00:00:00+00:00,ALBA Berlin,10,Ratiopharm Ulm,127,77,75,local,2020-21,1,2sn6QEH0,63.0,27.0,42.86,36.0,19.0,52.78,27.0,8.0,29.63,17.0,15.0,88.2,11.0,27.0,38.0,16.0,1.0,11.0,10.0,20.0,64.0,28.0,43.75,34.0,17.0,50.0,30.0,11.0,36.67,10.0,8.0,80.0,9.0,25.0,34.0,15.0,1.0,16.0,5.0,21.0,reverse
2021_0609_10_219,2021-06-09T00:00:00+00:00,FC Bayern Muenchen Basketball,219,ALBA Berlin,10,86,89,visitante,2020-21,1,GY7qCGKQ,66.0,33.0,50.0,40.0,26.0,65.0,26.0,7.0,26.92,17.0,13.0,76.5,13.0,21.0,34.0,22.0,2.0,13.0,7.0,27.0,60.0,28.0,46.67,32.0,16.0,50.0,28.0,12.0,42.86,28.0,21.0,75.0,10.0,20.0,30.0,16.0,3.0,12.0,6.0,17.0,reverse
2021_0610_10_219,2021-06-10T00:00:00+00:00,FC Bayern Muenchen Basketball,219,ALBA Berlin,10,76,66,local,2020-21,1,IsfB7zTs,55.0,28.0,50.91,38.0,19.0,50.0,17.0,9.0,52.94,12.0,11.0,91.7,5.0,22.0,27.0,16.0,3.0,14.0,9.0,23.0,62.0,25.0,40.32,37.0,20.0,54.05,25.0,5.0,20.0,13.0,11.0,84.6,13.0,23.0,36.0,18.0,2.0,19.0,7.0,19.0,reverse
2021_0612_219_10,2021-06-12T00:00:00+00:00,ALBA Berlin,10,FC Bayern Muenchen Basketball,219,81,69,local,2020-21,1,06qG6frl,70.0,30.0,42.86,42.0,23.0,54.76,28.0,7.0,25.0,19.0,14.0,73.7,14.0,33.0,47.0,20.0,2.0,8.0,9.0,23.0,56.0,24.0,42.86,32.0,15.0,46.88,24.0,9.0,37.5,21.0,12.0,57.1,4.0,28.0,32.0,16.0,2.0,11.0,2.0,22.0,reverse
2021_0613_219_10,2021-06-13T00:00:00+00:00,ALBA Berlin,10,FC Bayern Muenchen Basketball,219,86,79,local,2020-21,1,zNYa3Djh,54.0,26.0,48.15,35.0,18.0,51.43,19.0,8.0,42.11,32.0,26.0,81.3,10.0,23.0,33.0,14.0,3.0,12.0,1.0,26.0,64.0,27.0,42.19,42.0,19.0,45.24,22.0,8.0,36.36,21.0,17.0,81.0,15.0,18.0,33.0,15.0,4.0,10.0,4.0,29.0,reverse
2021_0923_10_1510,2021-09-23T00:00:00+00:00,Telekom Baskets Bonn,1510,ALBA Berlin,10,88,86,local,2021-22,0,dvUTWQvB,67.0,28.0,41.79,30.0,14.0,46.67,37.0,14.0,37.84,21.0,18.0,85.7,11.0,,11.0,17.0,3.0,15.0,14.0,24.0,66.0,31.0,46.97,38.0,20.0,52.63,28.0,11.0,39.29,16.0,13.0,81.3,11.0,,11.0,0.0,1.0,20.0,7.0,18.0,reverse
2021_0925_2315_2745,2021-09-25T00:00:00+00:00,FITOne Wuerzburg Baskets,2745,Merlins Crailsheim,2315,84,111,visitante,2021-22,0,j1TXVpfH,58.0,28.0,48.28,40.0,23.0,57.5,18.0,5.0,27.78,27.0,23.0,85.2,9.0,23.0,32.0,21.0,3.0,22.0,4.0,24.0,65.0,35.0,53.85,33.0,19.0,57.58,32.0,16.0,50.0,30.0,25.0,83.3,9.0,23.0,32.0,25.0,4.0,14.0,12.0,28.0,reverse
2021_0925_450_215,2021-09-25T00:00:00+00:00,MLP Academics Heidelberg,215,SYNTAINICS MBC Weissenfels,450,85,74,local,2021-22,0,UiSyV49N,62.0,32.0,51.61,43.0,28.0,65.12,19.0,4.0,21.05,26.0,17.0,65.4,7.0,24.0,31.0,13.0,1.0,7.0,8.0,18.0,63.0,27.0,42.86,35.0,18.0,51.43,28.0,9.0,32.14,14.0,11.0,78.6,11.0,26.0,37.0,12.0,1.0,16.0,3.0,25.0,reverse
2021_0925_1791_1634,2021-09-25T00:00:00+00:00,EWE Baskets Oldenburg,1634,NINERS Chemnitz,1791,78,79,visitante,2021-22,0,nTMtUOOT,59.0,26.0,44.07,29.0,15.0,51.72,30.0,11.0,36.67,22.0,15.0,68.2,9.0,22.0,31.0,13.0,1.0,13.0,10.0,13.0,60.0,32.0,53.33,38.0,23.0,60.53,22.0,9.0,40.91,9.0,6.0,66.7,7.0,26.0,33.0,25.0,3.0,16.0,8.0,20.0,reverse
2021_0925_41_19629,2021-09-25T00:00:00+00:00,Veolia Towers Hamburg,19629,MHP Riesen Ludwigsburg,41,87,88,visitante,2021-22,0,lx98PrXp,58.0,31.0,53.45,37.0,21.0,56.76,21.0,10.0,47.62,19.0,15.0,78.9,7.0,18.0,25.0,28.0,2.0,13.0,3.0,21.0,64.0,32.0,50.0,31.0,18.0,58.06,33.0,14.0,42.42,18.0,10.0,55.6,15.0,23.0,38.0,22.0,4.0,13.0,3.0,17.0,reverse
2021_0926_3361_40,2021-09-26T00:00:00+00:00,Basketball Loewen Braunschweig,40,Fraport Skyliners Frankfurt,3361,89,76,local,2021-22,0,Gr1fmnPi,58.0,32.0,55.17,38.0,22.0,57.89,20.0,10.0,50.0,27.0,15.0,55.6,9.0,24.0,33.0,22.0,0.0,15.0,10.0,24.0,57.0,28.0,49.12,33.0,19.0,57.58,24.0,9.0,37.5,19.0,11.0,57.9,10.0,23.0,33.0,17.0,2.0,21.0,4.0,25.0,reverse
2021_0926_133_134,2021-09-26T00:00:00+00:00,Medi Bayreuth,134,46ers Giessen,133,74,86,visitante,2021-22,0,b7jan6vb,56.0,30.0,53.57,41.0,25.0,60.98,15.0,5.0,33.33,18.0,9.0,50.0,9.0,20.0,29.0,16.0,2.0,15.0,4.0,20.0,66.0,33.0,50.0,37.0,26.0,70.27,29.0,7.0,24.14,17.0,13.0,76.5,13.0,21.0,34.0,14.0,1.0,12.0,7.0,16.0,reverse
2021_0926_214_132,2021-09-26T00:00:00+00:00,Bamberg Baskets,132,BG Goettingen,214,82,76,local,2021-22,0,2ucjlS9o,54.0,27.0,50.0,31.0,20.0,64.52,23.0,7.0,30.43,30.0,21.0,70.0,9.0,29.0,38.0,15.0,3.0,20.0,6.0,17.0,69.0,29.0,42.03,41.0,20.0,48.78,28.0,9.0,32.14,12.0,9.0,75.0,10.0,18.0,28.0,14.0,2.0,15.0,8.0,27.0,reverse
2021_0926_219_127,2021-09-26T00:00:00+00:00,Ratiopharm Ulm,127,FC Bayern Muenchen Basketball,219,86,83,local,2021-22,0,xbk3oQg4,67.0,33.0,49.25,42.0,24.0,57.14,25.0,9.0,36.0,18.0,11.0,61.1,12.0,29.0,41.0,24.0,1.0,15.0,8.0,17.0,67.0,30.0,44.78,35.0,21.0,60.0,32.0,9.0,28.13,15.0,14.0,93.3,7.0,23.0,30.0,15.0,1.0,9.0,8.0,18.0,reverse
2021_0928_132_133,2021-09-28T00:00:00+00:00,46ers Giessen,133,Bamberg Baskets,132,87,89,visitante,2021-22,0,pOl7pp9A,71.0,33.0,46.48,42.0,21.0,50.0,29.0,12.0,41.38,13.0,9.0,69.2,12.0,27.0,39.0,18.0,2.0,14.0,2.0,26.0,64.0,30.0,46.88,38.0,22.0,57.89,26.0,8.0,30.77,29.0,21.0,72.4,9.0,28.0,37.0,22.0,0.0,8.0,9.0,19.0,reverse
2021_0928_10_3361,2021-09-28T00:00:00+00:00,Fraport Skyliners Frankfurt,3361,ALBA Berlin,10,63,101,visitante,2021-22,0,GCSkxMGj,63.0,27.0,42.86,38.0,22.0,57.89,25.0,5.0,20.0,6.0,4.0,66.7,12.0,16.0,28.0,18.0,1.0,22.0,10.0,18.0,67.0,38.0,56.72,33.0,20.0,60.61,34.0,18.0,52.94,9.0,7.0,77.8,13.0,23.0,36.0,32.0,4.0,17.0,7.0,11.0,reverse
2021_0929_1634_2315,2021-09-29T00:00:00+00:00,Merlins Crailsheim,2315,EWE Baskets Oldenburg,1634,79,82,visitante,2021-22,0,,,,,,,,,,,,,,,,,,,,,,,,,,,,,,,,,,,,,,,,,,
2021_0929_1510_127,2021-09-29T00:00:00+00:00,Ratiopharm Ulm,127,Telekom Baskets Bonn,1510,73,76,visitante,2021-22,0,6wwGrOwN,48.0,29.0,60.42,36.0,25.0,69.44,12.0,4.0,33.33,19.0,11.0,57.9,6.0,23.0,29.0,12.0,7.0,19.0,6.0,23.0,83.0,30.0,36.14,37.0,20.0,54.05,46.0,10.0,21.74,12.0,6.0,50.0,32.0,14.0,46.0,14.0,1.0,12.0,8.0,24.0,reverse
2021_0929_19629_1791,2021-09-29T00:00:00+00:00,NINERS Chemnitz,1791,Veolia Towers Hamburg,19629,90,82,local,2021-22,0,WKAx0P8c,61.0,33.0,54.1,41.0,25.0,60.98,20.0,8.0,40.0,21.0,16.0,76.2,6.0,28.0,34.0,19.0,1.0,17.0,13.0,22.0,70.0,27.0,38.57,37.0,18.0,48.65,33.0,9.0,27.27,25.0,19.0,76.0,19.0,22.0,41.0,16.0,3.0,19.0,12.0,23.0,reverse
2021_0930_215_41,2021-09-30T00:00:00+00:00,MHP Riesen Ludwigsburg,41,MLP Academics Heidelberg,215,67,73,visitante,2021-22,0,,,,,,,,,,,,,,,,,,,,,,,,,,,,,,,,,,,,,,,,,,
2021_0930_40_450,2021-09-30T00:00:00+00:00,SYNTAINICS MBC Weissenfels,450,Basketball Loewen Braunschweig,40,106,101,local,2021-22,0,hUBY05gi,68.0,38.0,55.88,40.0,28.0,70.0,28.0,10.0,35.71,30.0,20.0,66.7,13.0,22.0,35.0,21.0,1.0,15.0,6.0,21.0,76.0,38.0,50.0,55.0,28.0,50.91,21.0,10.0,47.62,20.0,15.0,75.0,16.0,21.0,37.0,25.0,2.0,15.0,8.0,27.0,reverse
2021_1008_2745_1634,2021-10-08T00:00:00+00:00,EWE Baskets Oldenburg,1634,FITOne Wuerzburg Baskets,2745,88,90,visitante,2021-22,0,6iMnZch9,60.0,28.0,46.67,27.0,16.0,59.26,33.0,12.0,36.36,27.0,20.0,74.1,8.0,20.0,28.0,13.0,3.0,9.0,6.0,21.0,61.0,31.0,50.82,45.0,24.0,53.33,16.0,7.0,43.75,25.0,21.0,84.0,12.0,27.0,39.0,22.0,5.0,10.0,4.0,21.0,reverse
2021_1009_133_215,2021-10-09T00:00:00+00:00,MLP Academics Heidelberg,215,46ers Giessen,133,75,68,local,2021-22,0,prLjYH7F,67.0,27.0,40.3,52.0,23.0,44.23,15.0,4.0,26.67,22.0,19.0,86.4,16.0,27.0,43.0,7.0,4.0,10.0,4.0,23.0,57.0,24.0,42.11,34.0,17.0,50.0,23.0,7.0,30.43,24.0,14.0,58.3,9.0,24.0,33.0,17.0,4.0,13.0,6.0,26.0,reverse
2021_1009_214_1510,2021-10-09T00:00:00+00:00,Telekom Baskets Bonn,1510,BG Goettingen,214,81,90,visitante,2021-22,0,v5KfXyNL,54.0,24.0,44.44,21.0,13.0,61.9,33.0,11.0,33.33,28.0,22.0,78.6,10.0,20.0,30.0,17.0,0.0,13.0,4.0,28.0,53.0,24.0,45.28,24.0,13.0,54.17,29.0,11.0,37.93,35.0,31.0,88.6,12.0,26.0,38.0,17.0,3.0,15.0,7.0,22.0,reverse
2021_1009_1791_134,2021-10-09T00:00:00+00:00,Medi Bayreuth,134,NINERS Chemnitz,1791,86,72,local,2021-22,0,h8ObWexS,62.0,33.0,53.23,41.0,21.0,51.22,21.0,12.0,57.14,12.0,8.0,66.7,4.0,28.0,32.0,20.0,4.0,19.0,12.0,15.0,69.0,30.0,43.48,40.0,24.0,60.0,29.0,6.0,20.69,6.0,6.0,100.0,9.0,27.0,36.0,15.0,1.0,20.0,9.0,14.0,reverse
2021_1009_127_132,2021-10-09T00:00:00+00:00,Bamberg Baskets,132,Ratiopharm Ulm,127,94,83,local,2021-22,0,bk1RRFpq,66.0,32.0,48.48,33.0,18.0,54.55,33.0,14.0,42.42,20.0,16.0,80.0,13.0,19.0,32.0,24.0,1.0,11.0,7.0,21.0,62.0,30.0,48.39,43.0,27.0,62.79,19.0,3.0,15.79,27.0,20.0,74.1,14.0,21.0,35.0,16.0,1.0,11.0,9.0,21.0,reverse
2021_1010_219_40,2021-10-10T00:00:00+00:00,Basketball Loewen Braunschweig,40,FC Bayern Muenchen Basketball,219,80,96,visitante,2021-22,0,xt0VQZak,56.0,26.0,46.43,37.0,20.0,54.05,19.0,6.0,31.58,35.0,22.0,62.9,10.0,24.0,34.0,17.0,1.0,20.0,8.0,28.0,62.0,26.0,41.94,35.0,19.0,54.29,27.0,7.0,25.93,40.0,37.0,92.5,11.0,26.0,37.0,17.0,4.0,13.0,14.0,25.0,reverse
2021_1010_3361_19629,2021-10-10T00:00:00+00:00,Veolia Towers Hamburg,19629,Fraport Skyliners Frankfurt,3361,74,64,local,2021-22,0,OdbwPDU1,69.0,27.0,39.13,34.0,14.0,41.18,35.0,13.0,37.14,16.0,7.0,43.8,13.0,23.0,36.0,21.0,1.0,16.0,15.0,23.0,50.0,21.0,42.0,29.0,15.0,51.72,21.0,6.0,28.57,24.0,16.0,66.7,9.0,28.0,37.0,14.0,4.0,26.0,11.0,17.0,reverse
2021_1010_450_2315,2021-10-10T00:00:00+00:00,Merlins Crailsheim,2315,SYNTAINICS MBC Weissenfels,450,111,116,visitante,2021-22,0,p6aZPgFe,78.0,41.0,52.56,46.0,27.0,58.7,32.0,14.0,43.75,19.0,15.0,78.9,13.0,18.0,31.0,25.0,2.0,11.0,9.0,19.0,77.0,42.0,54.55,44.0,29.0,65.91,33.0,13.0,39.39,22.0,19.0,86.4,18.0,24.0,42.0,23.0,3.0,14.0,6.0,20.0,reverse
2021_1010_41_10,2021-10-10T00:00:00+00:00,ALBA Berlin,10,MHP Riesen Ludwigsburg,41,62,74,visitante,2021-22,0,Q1xMmc72,55.0,22.0,40.0,27.0,15.0,55.56,28.0,7.0,25.0,15.0,11.0,73.3,10.0,26.0,36.0,18.0,5.0,23.0,9.0,12.0,67.0,31.0,46.27,44.0,24.0,54.55,23.0,7.0,30.43,12.0,5.0,41.7,12.0,24.0,36.0,11.0,2.0,15.0,15.0,18.0,reverse
2021_1015_1510_3361,2021-10-15T00:00:00+00:00,Fraport Skyliners Frankfurt,3361,Telekom Baskets Bonn,1510,76,86,visitante,2021-22,0,v5tQnHM8,59.0,28.0,47.46,36.0,20.0,55.56,23.0,8.0,34.78,16.0,12.0,75.0,10.0,29.0,39.0,16.0,4.0,19.0,4.0,21.0,69.0,31.0,44.93,33.0,18.0,54.55,36.0,13.0,36.11,18.0,11.0,61.1,12.0,22.0,34.0,24.0,2.0,8.0,11.0,19.0,reverse
2021_1016_40_1791,2021-10-16T00:00:00+00:00,NINERS Chemnitz,1791,Basketball Loewen Braunschweig,40,93,84,local,2021-22,0,CIvYpeiL,55.0,32.0,58.18,25.0,19.0,76.0,30.0,13.0,43.33,21.0,16.0,76.2,6.0,23.0,29.0,23.0,2.0,17.0,9.0,21.0,54.0,32.0,59.26,28.0,22.0,78.57,26.0,10.0,38.46,19.0,12.0,63.2,8.0,22.0,30.0,22.0,2.0,19.0,9.0,22.0,reverse
2021_1016_214_41,2021-10-16T00:00:00+00:00,MHP Riesen Ludwigsburg,41,BG Goettingen,214,69,78,visitante,2021-22,0,YRuUoyxF,71.0,25.0,35.21,38.0,16.0,42.11,33.0,9.0,27.27,20.0,10.0,50.0,16.0,22.0,38.0,13.0,3.0,6.0,10.0,21.0,55.0,24.0,43.64,34.0,13.0,38.24,21.0,11.0,52.38,19.0,15.0,78.9,9.0,32.0,41.0,19.0,3.0,18.0,3.0,24.0,reverse
2021_1016_2315_127,2021-10-16T00:00:00+00:00,Ratiopharm Ulm,127,Merlins Crailsheim,2315,93,71,local,2021-22,0,W2L4uZEr,61.0,35.0,57.38,39.0,27.0,69.23,22.0,8.0,36.36,22.0,15.0,68.2,8.0,28.0,36.0,18.0,4.0,12.0,5.0,15.0,63.0,26.0,41.27,34.0,15.0,44.12,29.0,11.0,37.93,11.0,8.0,72.7,10.0,23.0,33.0,16.0,3.0,16.0,5.0,25.0,reverse
2021_1016_450_2745,2021-10-16T00:00:00+00:00,FITOne Wuerzburg Baskets,2745,SYNTAINICS MBC Weissenfels,450,73,95,visitante,2021-22,0,UgZxpF6R,60.0,26.0,43.33,34.0,19.0,55.88,26.0,7.0,26.92,20.0,14.0,70.0,15.0,17.0,32.0,15.0,2.0,15.0,5.0,13.0,68.0,37.0,54.41,38.0,24.0,63.16,30.0,13.0,43.33,9.0,8.0,88.9,14.0,24.0,38.0,18.0,0.0,10.0,7.0,18.0,reverse
2021_1017_132_215,2021-10-17T00:00:00+00:00,MLP Academics Heidelberg,215,Bamberg Baskets,132,68,72,visitante,2021-22,0,6ZSGxXb1,59.0,28.0,47.46,39.0,22.0,56.41,20.0,6.0,30.0,16.0,6.0,37.5,11.0,25.0,36.0,13.0,3.0,18.0,10.0,16.0,50.0,27.0,54.0,19.0,16.0,84.21,31.0,11.0,35.48,14.0,9.0,64.3,9.0,23.0,32.0,24.0,3.0,20.0,11.0,20.0,reverse
2021_1017_219_133,2021-10-17T00:00:00+00:00,46ers Giessen,133,FC Bayern Muenchen Basketball,219,64,71,visitante,2021-22,0,OAwCwDqe,63.0,26.0,41.27,43.0,19.0,44.19,20.0,7.0,35.0,14.0,7.0,50.0,14.0,22.0,36.0,15.0,2.0,20.0,6.0,23.0,71.0,26.0,36.62,48.0,22.0,45.83,23.0,4.0,17.39,20.0,15.0,75.0,24.0,30.0,54.0,10.0,4.0,18.0,10.0,22.0,reverse
2021_1017_19629_134,2021-10-17T00:00:00+00:00,Medi Bayreuth,134,Veolia Towers Hamburg,19629,70,77,visitante,2021-22,0,QPK8vgUl,52.0,25.0,48.08,30.0,19.0,63.33,22.0,6.0,27.27,18.0,14.0,77.8,7.0,28.0,35.0,15.0,9.0,15.0,7.0,17.0,71.0,29.0,40.85,38.0,18.0,47.37,33.0,11.0,33.33,10.0,8.0,80.0,14.0,22.0,36.0,21.0,0.0,11.0,4.0,19.0,reverse
2021_1017_1634_10,2021-10-17T00:00:00+00:00,ALBA Berlin,10,EWE Baskets Oldenburg,1634,92,74,local,2021-22,0,pQRKyiE7,69.0,36.0,52.17,42.0,27.0,64.29,27.0,9.0,33.33,14.0,11.0,78.6,13.0,26.0,39.0,21.0,3.0,15.0,5.0,18.0,69.0,29.0,42.03,45.0,24.0,53.33,24.0,5.0,20.83,19.0,11.0,57.9,15.0,21.0,36.0,17.0,2.0,15.0,9.0,21.0,reverse
2021_1022_1634_19629,2021-10-22T00:00:00+00:00,Veolia Towers Hamburg,19629,EWE Baskets Oldenburg,1634,79,77,local,2021-22,0,YuL20zi8,58.0,26.0,44.83,32.0,19.0,59.38,26.0,7.0,26.92,24.0,20.0,83.3,12.0,26.0,38.0,16.0,2.0,17.0,4.0,17.0,60.0,28.0,46.67,38.0,19.0,50.0,22.0,9.0,40.91,13.0,10.0,76.9,7.0,20.0,27.0,9.0,1.0,13.0,10.0,22.0,reverse
2021_1023_134_2315,2021-10-23T00:00:00+00:00,Merlins Crailsheim,2315,Medi Bayreuth,134,86,74,local,2021-22,0,hUXzrSzs,64.0,32.0,50.0,41.0,22.0,53.66,23.0,10.0,43.48,15.0,12.0,80.0,11.0,27.0,38.0,18.0,3.0,15.0,7.0,23.0,63.0,26.0,41.27,39.0,22.0,56.41,24.0,4.0,16.67,21.0,18.0,85.7,10.0,22.0,32.0,13.0,5.0,13.0,7.0,19.0,reverse
2021_1023_133_450,2021-10-23T00:00:00+00:00,SYNTAINICS MBC Weissenfels,450,46ers Giessen,133,81,100,visitante,2021-22,0,CWJ6af6E,64.0,30.0,46.88,43.0,24.0,55.81,21.0,6.0,28.57,19.0,15.0,78.9,13.0,14.0,27.0,12.0,3.0,15.0,6.0,25.0,65.0,41.0,63.08,46.0,35.0,76.09,19.0,6.0,31.58,19.0,12.0,63.2,11.0,24.0,35.0,18.0,2.0,12.0,7.0,19.0,reverse
2021_1023_40_132,2021-10-23T00:00:00+00:00,Bamberg Baskets,132,Basketball Loewen Braunschweig,40,84,90,visitante,2021-22,0,0fyqt65g,60.0,28.0,46.67,32.0,18.0,56.25,28.0,10.0,35.71,25.0,18.0,72.0,15.0,19.0,34.0,22.0,1.0,19.0,9.0,20.0,55.0,30.0,54.55,25.0,15.0,60.0,30.0,15.0,50.0,20.0,15.0,75.0,6.0,21.0,27.0,26.0,0.0,19.0,11.0,26.0,reverse
2021_1023_215_2745,2021-10-23T00:00:00+00:00,FITOne Wuerzburg Baskets,2745,MLP Academics Heidelberg,215,71,76,visitante,2021-22,0,6Xyusnjm,62.0,27.0,43.55,37.0,17.0,45.95,25.0,10.0,40.0,15.0,7.0,46.7,15.0,25.0,40.0,20.0,3.0,16.0,4.0,20.0,66.0,27.0,40.91,43.0,18.0,41.86,23.0,9.0,39.13,23.0,13.0,56.5,15.0,23.0,38.0,15.0,5.0,10.0,6.0,19.0,reverse
2021_1024_10_214,2021-10-24T00:00:00+00:00,BG Goettingen,214,ALBA Berlin,10,65,59,local,2021-22,0,vozmuQKa,51.0,24.0,47.06,37.0,21.0,56.76,14.0,3.0,21.43,14.0,12.0,85.7,7.0,37.0,44.0,8.0,2.0,22.0,6.0,27.0,68.0,20.0,29.41,39.0,17.0,43.59,29.0,3.0,10.34,30.0,16.0,53.3,17.0,21.0,38.0,10.0,3.0,10.0,13.0,18.0,reverse
2021_1024_3361_219,2021-10-24T00:00:00+00:00,FC Bayern Muenchen Basketball,219,Fraport Skyliners Frankfurt,3361,78,50,local,2021-22,0,bmjlw4kC,53.0,26.0,49.06,34.0,15.0,44.12,19.0,11.0,57.89,22.0,16.0,72.7,9.0,27.0,36.0,19.0,2.0,15.0,9.0,19.0,52.0,18.0,34.62,33.0,14.0,42.42,19.0,4.0,21.05,11.0,10.0,90.9,9.0,20.0,29.0,9.0,4.0,20.0,4.0,19.0,reverse
2021_1024_41_1510,2021-10-24T00:00:00+00:00,Telekom Baskets Bonn,1510,MHP Riesen Ludwigsburg,41,86,91,visitante,2021-22,0,Kdipvpz6,66.0,34.0,51.52,35.0,24.0,68.57,31.0,10.0,32.26,14.0,8.0,57.1,12.0,25.0,37.0,19.0,4.0,19.0,4.0,24.0,65.0,30.0,46.15,38.0,17.0,44.74,27.0,13.0,48.15,21.0,18.0,85.7,11.0,19.0,30.0,21.0,3.0,12.0,7.0,18.0,reverse
2021_1024_1791_127,2021-10-24T00:00:00+00:00,Ratiopharm Ulm,127,NINERS Chemnitz,1791,81,78,local,2021-22,0,hAkhxO4I,56.0,28.0,50.0,33.0,20.0,60.61,23.0,8.0,34.78,23.0,17.0,73.9,10.0,26.0,36.0,16.0,0.0,13.0,6.0,18.0,59.0,29.0,49.15,30.0,18.0,60.0,29.0,11.0,37.93,17.0,9.0,52.9,10.0,18.0,28.0,23.0,0.0,12.0,6.0,26.0,reverse
2021_1029_19629_215,2021-10-29T00:00:00+00:00,MLP Academics Heidelberg,215,Veolia Towers Hamburg,19629,75,81,visitante,2021-22,0,6DgdyrKO,62.0,28.0,45.16,34.0,18.0,52.94,28.0,10.0,35.71,12.0,9.0,75.0,6.0,25.0,31.0,17.0,6.0,16.0,9.0,22.0,61.0,27.0,44.26,35.0,19.0,54.29,26.0,8.0,30.77,23.0,19.0,82.6,11.0,29.0,40.0,18.0,0.0,17.0,9.0,19.0,reverse
2021_1030_450_41,2021-10-30T00:00:00+00:00,MHP Riesen Ludwigsburg,41,SYNTAINICS MBC Weissenfels,450,88,80,local,2021-22,0,8IXv0RdP,74.0,30.0,40.54,45.0,23.0,51.11,29.0,7.0,24.14,26.0,21.0,80.8,20.0,15.0,35.0,11.0,20.0,8.0,13.0,22.0,44.0,24.0,54.55,26.0,15.0,57.69,18.0,9.0,50.0,27.0,23.0,85.2,5.0,28.0,33.0,16.0,1.0,20.0,3.0,24.0,reverse
2021_1030_127_3361,2021-10-30T00:00:00+00:00,Fraport Skyliners Frankfurt,3361,Ratiopharm Ulm,127,88,80,local,2021-22,0,ARJ6eo5t,63.0,31.0,49.21,35.0,16.0,45.71,28.0,15.0,53.57,17.0,11.0,64.7,7.0,26.0,33.0,23.0,7.0,13.0,9.0,24.0,60.0,28.0,46.67,38.0,21.0,55.26,22.0,7.0,31.82,31.0,17.0,54.8,14.0,27.0,41.0,21.0,5.0,17.0,6.0,17.0,reverse
2021_1030_1510_1791,2021-10-30T00:00:00+00:00,NINERS Chemnitz,1791,Telekom Baskets Bonn,1510,67,76,visitante,2021-22,0,v1OAf5Kn,59.0,23.0,38.98,29.0,15.0,51.72,30.0,8.0,26.67,14.0,13.0,92.9,12.0,27.0,39.0,15.0,2.0,23.0,8.0,27.0,60.0,23.0,38.33,27.0,12.0,44.44,33.0,11.0,33.33,27.0,19.0,70.4,11.0,25.0,36.0,14.0,5.0,16.0,11.0,19.0,reverse
2021_1030_2315_40,2021-10-30T00:00:00+00:00,Basketball Loewen Braunschweig,40,Merlins Crailsheim,2315,90,92,visitante,2021-22,0,IiNEgPZh,80.0,33.0,41.25,38.0,22.0,57.89,42.0,11.0,26.19,22.0,13.0,59.1,19.0,35.0,54.0,23.0,2.0,19.0,4.0,20.0,79.0,35.0,44.3,44.0,25.0,56.82,35.0,10.0,28.57,16.0,12.0,75.0,10.0,30.0,40.0,24.0,3.0,10.0,13.0,24.0,reverse
2021_1031_134_219,2021-10-31T00:00:00+00:00,FC Bayern Muenchen Basketball,219,Medi Bayreuth,134,87,78,local,2021-22,0,0GCJhqka,66.0,32.0,48.48,35.0,21.0,60.0,31.0,11.0,35.48,14.0,12.0,85.7,11.0,21.0,32.0,21.0,11.0,9.0,7.0,25.0,56.0,25.0,44.64,38.0,18.0,47.37,18.0,7.0,38.89,29.0,21.0,72.4,11.0,24.0,35.0,17.0,1.0,11.0,4.0,19.0,reverse
2021_1031_214_1634,2021-10-31T00:00:00+00:00,EWE Baskets Oldenburg,1634,BG Goettingen,214,85,95,visitante,2021-22,0,6DFRjNJB,74.0,32.0,43.24,48.0,22.0,45.83,26.0,10.0,38.46,18.0,11.0,61.1,16.0,20.0,36.0,19.0,16.0,6.0,4.0,21.0,54.0,32.0,59.26,33.0,18.0,54.55,21.0,14.0,66.67,22.0,17.0,77.3,5.0,27.0,32.0,21.0,7.0,9.0,4.0,20.0,reverse
2021_1031_2745_133,2021-10-31T00:00:00+00:00,46ers Giessen,133,FITOne Wuerzburg Baskets,2745,69,82,visitante,2021-22,0,CjGNi345,56.0,22.0,39.29,40.0,18.0,45.0,16.0,4.0,25.0,27.0,21.0,77.8,10.0,21.0,31.0,15.0,10.0,17.0,10.0,26.0,56.0,31.0,55.36,41.0,24.0,58.54,15.0,7.0,46.67,21.0,13.0,61.9,6.0,25.0,31.0,18.0,6.0,16.0,8.0,22.0,reverse
2021_1031_132_10,2021-10-31T00:00:00+00:00,ALBA Berlin,10,Bamberg Baskets,132,101,89,local,2021-22,0,p4EVksZH,62.0,38.0,61.29,44.0,29.0,65.91,18.0,9.0,50.0,18.0,16.0,88.9,11.0,25.0,36.0,24.0,11.0,13.0,3.0,19.0,73.0,32.0,43.84,41.0,25.0,60.98,32.0,7.0,21.88,23.0,18.0,78.3,14.0,13.0,27.0,21.0,2.0,4.0,3.0,18.0,reverse
2021_1102_2745_219,2021-11-02T00:00:00+00:00,FC Bayern Muenchen Basketball,219,FITOne Wuerzburg Baskets,2745,70,90,visitante,2021-22,0,QsAtaqO3,60.0,25.0,41.67,33.0,16.0,48.48,27.0,9.0,33.33,16.0,11.0,68.8,7.0,17.0,24.0,19.0,0.0,8.0,2.0,27.0,56.0,33.0,58.93,39.0,28.0,71.79,17.0,5.0,29.41,27.0,19.0,70.4,9.0,32.0,41.0,23.0,5.0,12.0,6.0,23.0,reverse
2021_1105_41_1791,2021-11-05T00:00:00+00:00,NINERS Chemnitz,1791,MHP Riesen Ludwigsburg,41,76,74,local,2021-22,0,2u9zk1lO,63.0,28.0,44.44,37.0,21.0,56.76,26.0,7.0,26.92,19.0,13.0,68.4,15.0,30.0,45.0,21.0,2.0,20.0,5.0,27.0,66.0,26.0,39.39,33.0,19.0,57.58,33.0,7.0,21.21,24.0,15.0,62.5,13.0,22.0,35.0,11.0,2.0,12.0,7.0,16.0,reverse
2021_1106_133_2315,2021-11-06T00:00:00+00:00,Merlins Crailsheim,2315,46ers Giessen,133,104,70,local,2021-22,0,Iiqp94Zu,66.0,38.0,57.58,41.0,26.0,63.41,25.0,12.0,48.0,18.0,16.0,88.9,8.0,26.0,34.0,18.0,0.0,9.0,13.0,28.0,54.0,22.0,40.74,34.0,18.0,52.94,20.0,4.0,20.0,32.0,22.0,68.8,12.0,18.0,30.0,15.0,1.0,18.0,1.0,18.0,reverse
2021_1106_215_134,2021-11-06T00:00:00+00:00,Medi Bayreuth,134,MLP Academics Heidelberg,215,89,87,local,2021-22,0,tW7vlL3U,53.0,29.0,54.72,26.0,17.0,65.38,27.0,12.0,44.44,27.0,19.0,70.4,10.0,20.0,30.0,23.0,4.0,14.0,4.0,25.0,72.0,31.0,43.06,47.0,24.0,51.06,25.0,7.0,28.0,23.0,18.0,78.3,22.0,13.0,35.0,14.0,2.0,9.0,6.0,26.0,reverse
2021_1106_40_127,2021-11-06T00:00:00+00:00,Ratiopharm Ulm,127,Basketball Loewen Braunschweig,40,90,76,local,2021-22,0,Wfml8Oln,64.0,31.0,48.44,42.0,25.0,59.52,22.0,6.0,27.27,24.0,22.0,91.7,9.0,27.0,36.0,25.0,4.0,8.0,4.0,21.0,61.0,27.0,44.26,34.0,22.0,64.71,27.0,5.0,18.52,23.0,17.0,73.9,8.0,25.0,33.0,20.0,3.0,12.0,7.0,24.0,reverse
2021_1106_1510_2745,2021-11-06T00:00:00+00:00,FITOne Wuerzburg Baskets,2745,Telekom Baskets Bonn,1510,79,87,visitante,2021-22,0,EJxg7r4h,55.0,29.0,52.73,37.0,22.0,59.46,18.0,7.0,38.89,18.0,14.0,77.8,12.0,18.0,30.0,20.0,1.0,18.0,4.0,18.0,67.0,32.0,47.76,34.0,21.0,61.76,33.0,11.0,33.33,14.0,12.0,85.7,18.0,15.0,33.0,19.0,4.0,14.0,6.0,22.0,reverse
2021_1107_10_450,2021-11-07T00:00:00+00:00,SYNTAINICS MBC Weissenfels,450,ALBA Berlin,10,72,92,visitante,2021-22,0,Qyk44tlB,62.0,28.0,45.16,37.0,17.0,45.95,25.0,11.0,44.0,5.0,5.0,100.0,9.0,23.0,32.0,14.0,0.0,17.0,7.0,20.0,67.0,35.0,52.24,37.0,20.0,54.05,30.0,15.0,50.0,11.0,7.0,63.6,7.0,25.0,32.0,28.0,3.0,12.0,8.0,13.0,reverse
2021_1107_3361_132,2021-11-07T00:00:00+00:00,Bamberg Baskets,132,Fraport Skyliners Frankfurt,3361,77,72,local,2021-22,0,noj05MY4,58.0,26.0,44.83,32.0,16.0,50.0,26.0,10.0,38.46,22.0,15.0,68.2,6.0,22.0,28.0,18.0,3.0,12.0,9.0,15.0,61.0,27.0,44.26,32.0,16.0,50.0,29.0,11.0,37.93,8.0,7.0,87.5,11.0,27.0,38.0,13.0,4.0,19.0,6.0,23.0,reverse
2021_1107_19629_214,2021-11-07T00:00:00+00:00,BG Goettingen,214,Veolia Towers Hamburg,19629,46,83,visitante,2021-22,0,hAyc62Jb,67.0,18.0,26.87,44.0,13.0,29.55,23.0,5.0,21.74,11.0,5.0,45.5,16.0,20.0,36.0,9.0,1.0,22.0,7.0,23.0,60.0,30.0,50.0,28.0,21.0,75.0,32.0,9.0,28.13,22.0,14.0,63.6,13.0,35.0,48.0,18.0,2.0,21.0,12.0,19.0,reverse
2021_1107_219_1634,2021-11-07T00:00:00+00:00,EWE Baskets Oldenburg,1634,FC Bayern Muenchen Basketball,219,80,93,visitante,2021-22,0,80v9303H,58.0,29.0,50.0,40.0,20.0,50.0,18.0,9.0,50.0,16.0,13.0,81.3,3.0,19.0,22.0,16.0,2.0,10.0,4.0,28.0,56.0,31.0,55.36,35.0,21.0,60.0,21.0,10.0,47.62,31.0,21.0,67.7,7.0,25.0,32.0,25.0,4.0,9.0,4.0,21.0,reverse
2021_1112_1634_132,2021-11-12T00:00:00+00:00,Bamberg Baskets,132,EWE Baskets Oldenburg,1634,71,87,visitante,2021-22,0,YaVMH5tI,64.0,26.0,40.63,31.0,19.0,61.29,33.0,7.0,21.21,16.0,12.0,75.0,12.0,18.0,30.0,13.0,1.0,16.0,6.0,18.0,65.0,35.0,53.85,51.0,29.0,56.86,14.0,6.0,42.86,14.0,11.0,78.6,12.0,26.0,38.0,23.0,3.0,14.0,10.0,21.0,reverse
2021_1119_132_1510,2021-11-19T00:00:00+00:00,Telekom Baskets Bonn,1510,Bamberg Baskets,132,100,80,local,2021-22,0,M3rD2KIN,58.0,36.0,62.07,31.0,22.0,70.97,27.0,14.0,51.85,22.0,14.0,63.6,13.0,22.0,35.0,20.0,2.0,18.0,10.0,22.0,58.0,29.0,50.0,28.0,17.0,60.71,30.0,12.0,40.0,14.0,10.0,71.4,10.0,15.0,25.0,21.0,1.0,20.0,4.0,22.0,reverse
2021_1120_40_41,2021-11-20T00:00:00+00:00,MHP Riesen Ludwigsburg,41,Basketball Loewen Braunschweig,40,91,80,local,2021-22,0,GQsH1vYT,40.0,31.0,77.5,3.0,16.0,100.0,37.0,15.0,40.54,14.0,14.0,100.0,13.0,23.0,36.0,21.0,5.0,10.0,11.0,18.0,59.0,29.0,49.15,36.0,21.0,58.33,23.0,8.0,34.78,18.0,12.0,66.7,12.0,25.0,37.0,18.0,2.0,17.0,6.0,18.0,reverse
2021_1120_134_450,2021-11-20T00:00:00+00:00,SYNTAINICS MBC Weissenfels,450,Medi Bayreuth,134,68,100,visitante,2021-22,0,IZTrcbto,62.0,26.0,41.94,39.0,21.0,53.85,23.0,5.0,21.74,13.0,11.0,84.6,9.0,19.0,28.0,15.0,2.0,7.0,7.0,19.0,62.0,33.0,53.23,27.0,15.0,55.56,35.0,18.0,51.43,14.0,12.0,85.7,9.0,26.0,35.0,19.0,1.0,10.0,3.0,14.0,reverse
2021_1120_2315_19629,2021-11-20T00:00:00+00:00,Veolia Towers Hamburg,19629,Merlins Crailsheim,2315,73,90,visitante,2021-22,0,YsCVK1Yi,61.0,26.0,42.62,24.0,19.0,79.17,37.0,7.0,18.92,19.0,14.0,73.7,13.0,18.0,31.0,13.0,3.0,15.0,13.0,22.0,59.0,32.0,54.24,33.0,21.0,63.64,26.0,11.0,42.31,21.0,15.0,71.4,11.0,32.0,43.0,24.0,2.0,18.0,7.0,19.0,reverse
2021_1120_1634_133,2021-11-20T00:00:00+00:00,46ers Giessen,133,EWE Baskets Oldenburg,1634,75,72,local,2021-22,0,fiDRLsJo,50.0,25.0,50.0,32.0,20.0,62.5,18.0,5.0,27.78,37.0,20.0,54.1,10.0,24.0,34.0,20.0,0.0,14.0,10.0,21.0,60.0,26.0,43.33,46.0,21.0,45.65,14.0,5.0,35.71,20.0,15.0,75.0,13.0,22.0,35.0,13.0,2.0,15.0,6.0,31.0,reverse
2021_1121_1791_215,2021-11-21T00:00:00+00:00,MLP Academics Heidelberg,215,NINERS Chemnitz,1791,64,67,visitante,2021-22,0,S4BZJLmb,66.0,22.0,33.33,39.0,16.0,41.03,27.0,6.0,22.22,22.0,14.0,63.6,12.0,30.0,42.0,11.0,3.0,10.0,6.0,21.0,61.0,25.0,40.98,31.0,16.0,51.61,30.0,9.0,30.0,16.0,8.0,50.0,8.0,33.0,41.0,23.0,1.0,13.0,2.0,24.0,reverse
2021_1121_214_219,2021-11-21T00:00:00+00:00,FC Bayern Muenchen Basketball,219,BG Goettingen,214,80,66,local,2021-22,0,vuFwJu34,55.0,29.0,52.73,33.0,20.0,60.61,22.0,9.0,40.91,24.0,13.0,54.2,9.0,30.0,39.0,20.0,2.0,13.0,6.0,23.0,64.0,23.0,35.94,40.0,15.0,37.5,24.0,8.0,33.33,19.0,12.0,63.2,14.0,22.0,36.0,11.0,3.0,12.0,5.0,24.0,reverse
2021_1121_2745_3361,2021-11-21T00:00:00+00:00,Fraport Skyliners Frankfurt,3361,FITOne Wuerzburg Baskets,2745,83,78,local,2021-22,0,M34rIaIA,66.0,35.0,53.03,43.0,28.0,65.12,23.0,7.0,30.43,12.0,6.0,50.0,11.0,21.0,32.0,14.0,6.0,17.0,11.0,20.0,64.0,31.0,48.44,46.0,24.0,52.17,18.0,7.0,38.89,18.0,9.0,50.0,14.0,23.0,37.0,20.0,5.0,19.0,11.0,20.0,reverse
2021_1121_127_10,2021-11-21T00:00:00+00:00,ALBA Berlin,10,Ratiopharm Ulm,127,71,66,local,2021-22,0,0f3nHJXG,71.0,25.0,35.21,44.0,18.0,40.91,27.0,7.0,25.93,18.0,14.0,77.8,19.0,31.0,50.0,16.0,6.0,14.0,7.0,18.0,65.0,23.0,35.38,45.0,18.0,40.0,20.0,5.0,25.0,16.0,15.0,93.8,11.0,26.0,37.0,9.0,3.0,13.0,4.0,23.0,reverse
2021_1203_133_127,2021-12-03T00:00:00+00:00,Ratiopharm Ulm,127,46ers Giessen,133,87,76,local,2021-22,0,UT7jGwmN,71.0,34.0,47.89,48.0,25.0,52.08,23.0,9.0,39.13,19.0,10.0,52.6,17.0,25.0,42.0,16.0,2.0,14.0,9.0,17.0,65.0,30.0,46.15,43.0,25.0,58.14,22.0,5.0,22.73,13.0,11.0,84.6,11.0,25.0,36.0,14.0,3.0,16.0,9.0,21.0,reverse
2021_1204_132_134,2021-12-04T00:00:00+00:00,Medi Bayreuth,134,Bamberg Baskets,132,87,84,local,2021-22,0,8K6fFc2T,67.0,29.0,43.28,38.0,19.0,50.0,29.0,10.0,34.48,23.0,18.0,78.3,7.0,27.0,34.0,18.0,5.0,8.0,11.0,16.0,68.0,27.0,39.71,29.0,14.0,48.28,39.0,13.0,33.33,16.0,15.0,93.8,13.0,33.0,46.0,22.0,2.0,19.0,4.0,25.0,reverse
2021_1204_215_214,2021-12-04T00:00:00+00:00,BG Goettingen,214,MLP Academics Heidelberg,215,96,80,local,2021-22,0,E1qNAHAp,57.0,31.0,54.39,30.0,20.0,66.67,27.0,11.0,40.74,30.0,23.0,76.7,12.0,25.0,37.0,19.0,3.0,16.0,8.0,23.0,62.0,27.0,43.55,31.0,16.0,51.61,31.0,11.0,35.48,26.0,15.0,57.7,13.0,16.0,29.0,15.0,1.0,12.0,7.0,26.0,reverse
2021_1204_1510_1634,2021-12-04T00:00:00+00:00,EWE Baskets Oldenburg,1634,Telekom Baskets Bonn,1510,76,78,visitante,2021-22,0,S4mR9yQj,65.0,31.0,47.69,42.0,21.0,50.0,23.0,10.0,43.48,8.0,4.0,50.0,15.0,25.0,40.0,13.0,5.0,20.0,8.0,21.0,66.0,31.0,46.97,46.0,24.0,52.17,20.0,7.0,35.0,16.0,9.0,56.3,13.0,20.0,33.0,13.0,2.0,15.0,11.0,16.0,reverse
2021_1204_450_219,2021-12-04T00:00:00+00:00,FC Bayern Muenchen Basketball,219,SYNTAINICS MBC Weissenfels,450,82,68,local,2021-22,0,t8y9YK2i,60.0,29.0,48.33,36.0,21.0,58.33,24.0,8.0,33.33,17.0,16.0,94.1,10.0,28.0,38.0,14.0,0.0,14.0,10.0,16.0,58.0,26.0,44.83,33.0,17.0,51.52,25.0,9.0,36.0,13.0,7.0,53.8,5.0,25.0,30.0,19.0,5.0,17.0,8.0,22.0,reverse
2021_1205_3361_2315,2021-12-05T00:00:00+00:00,Merlins Crailsheim,2315,Fraport Skyliners Frankfurt,3361,73,80,visitante,2021-22,0,v1jEVInA,62.0,27.0,43.55,38.0,21.0,55.26,24.0,6.0,25.0,20.0,13.0,65.0,5.0,22.0,27.0,13.0,2.0,8.0,8.0,18.0,66.0,26.0,39.39,33.0,15.0,45.45,33.0,11.0,33.33,21.0,17.0,81.0,16.0,34.0,50.0,18.0,4.0,15.0,6.0,20.0,reverse
2021_1205_19629_40,2021-12-05T00:00:00+00:00,Basketball Loewen Braunschweig,40,Veolia Towers Hamburg,19629,92,103,visitante,2021-22,0,0AiAWbX3,60.0,32.0,53.33,35.0,23.0,65.71,25.0,9.0,36.0,26.0,19.0,73.1,10.0,24.0,34.0,20.0,2.0,18.0,6.0,25.0,75.0,35.0,46.67,35.0,22.0,62.86,40.0,13.0,32.5,22.0,20.0,90.9,15.0,20.0,35.0,22.0,4.0,19.0,12.0,25.0,reverse
2021_1205_41_2745,2021-12-05T00:00:00+00:00,FITOne Wuerzburg Baskets,2745,MHP Riesen Ludwigsburg,41,68,83,visitante,2021-22,0,KbzDXvIc,66.0,25.0,37.88,39.0,17.0,43.59,27.0,8.0,29.63,20.0,10.0,50.0,14.0,27.0,41.0,17.0,0.0,11.0,3.0,19.0,76.0,31.0,40.79,32.0,17.0,53.13,44.0,14.0,31.82,11.0,7.0,63.6,19.0,35.0,54.0,17.0,2.0,10.0,7.0,19.0,reverse
2021_1205_10_1791,2021-12-05T00:00:00+00:00,NINERS Chemnitz,1791,ALBA Berlin,10,62,83,visitante,2021-22,0,YNkIUx2G,65.0,23.0,35.38,32.0,15.0,46.88,33.0,8.0,24.24,9.0,8.0,88.9,14.0,23.0,37.0,15.0,3.0,16.0,7.0,16.0,69.0,31.0,44.93,40.0,20.0,50.0,29.0,11.0,37.93,13.0,10.0,76.9,15.0,28.0,43.0,23.0,5.0,11.0,10.0,13.0,reverse
2021_1206_219_215,2021-12-06T00:00:00+00:00,MLP Academics Heidelberg,215,FC Bayern Muenchen Basketball,219,71,77,visitante,2021-22,0,p0IoDAWr,56.0,26.0,46.43,34.0,17.0,50.0,22.0,9.0,40.91,12.0,10.0,83.3,7.0,15.0,22.0,9.0,2.0,17.0,14.0,28.0,53.0,26.0,49.06,33.0,19.0,57.58,20.0,7.0,35.0,27.0,18.0,66.7,14.0,22.0,36.0,14.0,2.0,21.0,7.0,18.0,reverse
2021_1210_1510_215,2021-12-10T00:00:00+00:00,MLP Academics Heidelberg,215,Telekom Baskets Bonn,1510,70,87,visitante,2021-22,0,SO7jCUok,58.0,27.0,46.55,36.0,23.0,63.89,22.0,4.0,18.18,16.0,12.0,75.0,8.0,23.0,31.0,14.0,1.0,19.0,5.0,18.0,66.0,31.0,46.97,39.0,22.0,56.41,27.0,9.0,33.33,21.0,16.0,76.2,12.0,23.0,35.0,24.0,3.0,14.0,11.0,24.0,reverse
2021_1211_134_3361,2021-12-11T00:00:00+00:00,Fraport Skyliners Frankfurt,3361,Medi Bayreuth,134,72,85,visitante,2021-22,0,zkBbA8G1,72.0,31.0,43.06,48.0,25.0,52.08,24.0,6.0,25.0,10.0,4.0,40.0,17.0,25.0,42.0,15.0,3.0,11.0,4.0,15.0,64.0,31.0,48.44,38.0,18.0,47.37,26.0,13.0,50.0,16.0,10.0,62.5,8.0,28.0,36.0,12.0,2.0,8.0,8.0,17.0,reverse
2021_1211_1791_133,2021-12-11T00:00:00+00:00,46ers Giessen,133,NINERS Chemnitz,1791,75,82,visitante,2021-22,0,6F6fBl1e,68.0,27.0,39.71,49.0,24.0,48.98,19.0,3.0,15.79,24.0,18.0,75.0,16.0,19.0,35.0,15.0,0.0,16.0,13.0,24.0,57.0,30.0,52.63,36.0,23.0,63.89,21.0,7.0,33.33,22.0,15.0,68.2,13.0,25.0,38.0,15.0,6.0,22.0,8.0,24.0,reverse
2021_1211_2315_41,2021-12-11T00:00:00+00:00,MHP Riesen Ludwigsburg,41,Merlins Crailsheim,2315,61,72,visitante,2021-22,0,EuA29SV7,72.0,32.0,44.44,46.0,26.0,56.52,26.0,6.0,23.08,21.0,16.0,76.2,16.0,19.0,35.0,19.0,3.0,16.0,5.0,21.0,65.0,34.0,52.31,40.0,24.0,60.0,25.0,10.0,40.0,15.0,13.0,86.7,12.0,19.0,31.0,21.0,4.0,16.0,5.0,24.0,reverse
2021_1211_214_450,2021-12-11T00:00:00+00:00,SYNTAINICS MBC Weissenfels,450,BG Goettingen,214,90,91,visitante,2021-22,0,GploYB88,67.0,34.0,50.75,41.0,28.0,68.29,26.0,6.0,23.08,21.0,16.0,76.2,16.0,19.0,35.0,19.0,3.0,16.0,5.0,21.0,65.0,34.0,52.31,40.0,24.0,60.0,25.0,10.0,40.0,15.0,13.0,86.7,12.0,19.0,31.0,21.0,4.0,16.0,5.0,24.0,reverse
2021_1212_2745_40,2021-12-12T00:00:00+00:00,Basketball Loewen Braunschweig,40,FITOne Wuerzburg Baskets,2745,87,86,local,2021-22,0,EV6lXVNE,60.0,30.0,50.0,34.0,18.0,52.94,26.0,12.0,46.15,25.0,15.0,60.0,13.0,20.0,33.0,23.0,1.0,21.0,10.0,26.0,54.0,27.0,50.0,32.0,19.0,59.38,22.0,8.0,36.36,26.0,24.0,92.3,7.0,22.0,29.0,17.0,0.0,21.0,12.0,23.0,reverse
2021_1212_127_19629,2021-12-12T00:00:00+00:00,Veolia Towers Hamburg,19629,Ratiopharm Ulm,127,74,78,visitante,2021-22,0,8h6hWkwL,69.0,27.0,39.13,40.0,18.0,45.0,29.0,9.0,31.03,12.0,11.0,91.7,6.0,22.0,28.0,21.0,2.0,11.0,15.0,22.0,61.0,26.0,42.62,35.0,15.0,42.86,26.0,11.0,42.31,20.0,15.0,75.0,14.0,37.0,51.0,15.0,4.0,23.0,4.0,11.0,reverse
2021_1212_10_219,2021-12-12T00:00:00+00:00,FC Bayern Muenchen Basketball,219,ALBA Berlin,10,80,73,local,2021-22,0,nq5dV9hR,54.0,29.0,53.7,29.0,17.0,58.62,25.0,12.0,48.0,12.0,10.0,83.3,6.0,18.0,24.0,18.0,0.0,16.0,12.0,18.0,59.0,30.0,50.85,37.0,22.0,59.46,22.0,8.0,36.36,6.0,5.0,83.3,10.0,18.0,28.0,14.0,1.0,16.0,7.0,16.0,reverse
2021_1215_41_3361,2021-12-15T00:00:00+00:00,Fraport Skyliners Frankfurt,3361,MHP Riesen Ludwigsburg,41,67,95,visitante,2021-22,0,Y35AxRaf,52.0,22.0,42.31,26.0,11.0,42.31,26.0,11.0,42.31,20.0,12.0,60.0,18.0,25.0,43.0,11.0,4.0,34.0,4.0,20.0,68.0,32.0,47.06,37.0,20.0,54.05,31.0,12.0,38.71,21.0,19.0,90.5,12.0,13.0,25.0,15.0,3.0,12.0,20.0,16.0,reverse
2021_1217_40_134,2021-12-17T00:00:00+00:00,Medi Bayreuth,134,Basketball Loewen Braunschweig,40,62,99,visitante,2021-22,0,SxmPQT0r,56.0,20.0,35.71,27.0,16.0,59.26,29.0,4.0,13.79,26.0,18.0,69.2,9.0,18.0,27.0,14.0,2.0,16.0,7.0,28.0,68.0,36.0,52.94,33.0,25.0,75.76,35.0,11.0,31.43,24.0,16.0,66.7,16.0,29.0,45.0,25.0,2.0,13.0,4.0,26.0,reverse
2021_1218_2745_19629,2021-12-18T00:00:00+00:00,Veolia Towers Hamburg,19629,FITOne Wuerzburg Baskets,2745,100,88,local,2021-22,0,t6QVq97K,65.0,35.0,53.85,30.0,22.0,73.33,35.0,13.0,37.14,18.0,17.0,94.4,13.0,29.0,42.0,21.0,2.0,16.0,4.0,17.0,70.0,36.0,51.43,45.0,27.0,60.0,25.0,9.0,36.0,11.0,7.0,63.6,9.0,18.0,27.0,23.0,1.0,10.0,8.0,19.0,reverse
2021_1218_133_1510,2021-12-18T00:00:00+00:00,Telekom Baskets Bonn,1510,46ers Giessen,133,103,95,local,2021-22,0,6ToTPmGl,61.0,31.0,50.82,34.0,23.0,67.65,27.0,8.0,29.63,43.0,33.0,76.7,14.0,23.0,37.0,22.0,3.0,15.0,8.0,23.0,69.0,34.0,49.28,45.0,23.0,51.11,24.0,11.0,45.83,22.0,16.0,72.7,14.0,22.0,36.0,18.0,1.0,12.0,8.0,29.0,reverse
2021_1218_214_2315,2021-12-18T00:00:00+00:00,Merlins Crailsheim,2315,BG Goettingen,214,76,83,visitante,2021-22,0,0joXO7Vf,58.0,29.0,50.0,31.0,21.0,67.74,27.0,8.0,29.63,16.0,10.0,62.5,7.0,25.0,32.0,17.0,5.0,12.0,6.0,19.0,69.0,33.0,47.83,42.0,24.0,57.14,27.0,9.0,33.33,12.0,8.0,66.7,12.0,25.0,37.0,19.0,4.0,9.0,7.0,17.0,reverse
2021_1218_1791_132,2021-12-18T00:00:00+00:00,Bamberg Baskets,132,NINERS Chemnitz,1791,94,106,visitante,2021-22,0,EgkyORp1,52.0,32.0,61.54,16.0,20.0,100.0,36.0,12.0,33.33,22.0,18.0,81.8,16.0,13.0,29.0,23.0,3.0,18.0,10.0,23.0,61.0,38.0,62.3,35.0,26.0,74.29,26.0,12.0,46.15,21.0,18.0,85.7,10.0,24.0,34.0,24.0,4.0,21.0,8.0,19.0,reverse
2021_1218_1634_127,2021-12-18T00:00:00+00:00,Ratiopharm Ulm,127,EWE Baskets Oldenburg,1634,96,89,local,2021-22,0,dIvtNo07,56.0,29.0,51.79,35.0,20.0,57.14,21.0,9.0,42.86,33.0,28.0,84.8,8.0,22.0,30.0,18.0,4.0,10.0,6.0,18.0,75.0,32.0,42.67,45.0,22.0,48.89,30.0,10.0,33.33,17.0,15.0,88.2,20.0,21.0,41.0,22.0,2.0,8.0,6.0,27.0,reverse
2021_1219_3361_450,2021-12-19T00:00:00+00:00,SYNTAINICS MBC Weissenfels,450,Fraport Skyliners Frankfurt,3361,89,68,local,2021-22,0,2FRRpkhE,67.0,30.0,44.78,37.0,18.0,48.65,30.0,12.0,40.0,22.0,17.0,77.3,9.0,29.0,38.0,18.0,4.0,10.0,10.0,24.0,61.0,25.0,40.98,39.0,22.0,56.41,22.0,3.0,13.64,23.0,15.0,65.2,9.0,28.0,37.0,15.0,5.0,18.0,7.0,23.0,reverse
2021_1219_215_10,2021-12-19T00:00:00+00:00,ALBA Berlin,10,MLP Academics Heidelberg,215,83,81,local,2021-22,0,z9wpM5FD,61.0,28.0,45.9,37.0,20.0,54.05,24.0,8.0,33.33,24.0,19.0,79.2,11.0,21.0,32.0,24.0,1.0,10.0,7.0,20.0,58.0,29.0,50.0,43.0,21.0,48.84,15.0,8.0,53.33,20.0,15.0,75.0,10.0,23.0,33.0,14.0,0.0,11.0,7.0,23.0,reverse
2021_1219_219_41,2021-12-19T00:00:00+00:00,MHP Riesen Ludwigsburg,41,FC Bayern Muenchen Basketball,219,78,79,visitante,2021-22,0,OUFzqTMQ,57.0,28.0,49.12,41.0,21.0,51.22,16.0,7.0,43.75,18.0,15.0,83.3,7.0,19.0,26.0,14.0,1.0,7.0,7.0,22.0,51.0,28.0,54.9,29.0,19.0,65.52,22.0,9.0,40.91,20.0,14.0,70.0,8.0,22.0,30.0,13.0,2.0,15.0,2.0,21.0,reverse
2021_1222_134_1510,2021-12-22T00:00:00+00:00,Telekom Baskets Bonn,1510,Medi Bayreuth,134,96,71,local,2021-22,0,fD66w7pl,75.0,35.0,46.67,37.0,22.0,59.46,38.0,13.0,34.21,20.0,13.0,65.0,20.0,20.0,40.0,13.0,3.0,11.0,7.0,19.0,52.0,25.0,48.08,32.0,16.0,50.0,20.0,9.0,45.0,16.0,12.0,75.0,7.0,20.0,27.0,16.0,4.0,20.0,8.0,21.0,reverse
2021_1223_2315_132,2021-12-23T00:00:00+00:00,Bamberg Baskets,132,Merlins Crailsheim,2315,79,93,visitante,2021-22,0,AuTRKGjr,60.0,27.0,45.0,37.0,18.0,48.65,23.0,9.0,39.13,23.0,16.0,69.6,11.0,25.0,36.0,21.0,0.0,14.0,4.0,17.0,61.0,33.0,54.1,35.0,22.0,62.86,26.0,11.0,42.31,18.0,16.0,88.9,4.0,26.0,30.0,15.0,2.0,9.0,8.0,24.0,reverse
2021_1223_40_133,2021-12-23T00:00:00+00:00,46ers Giessen,133,Basketball Loewen Braunschweig,40,69,71,visitante,2021-22,0,ju0FyoF0,69.0,23.0,33.33,38.0,14.0,36.84,31.0,9.0,29.03,20.0,14.0,70.0,16.0,27.0,43.0,16.0,2.0,17.0,8.0,17.0,63.0,26.0,41.27,41.0,19.0,46.34,22.0,7.0,31.82,16.0,12.0,75.0,11.0,33.0,44.0,20.0,5.0,20.0,8.0,17.0,reverse
2021_1226_19629_133,2021-12-26T00:00:00+00:00,46ers Giessen,133,Veolia Towers Hamburg,19629,82,104,visitante,2021-22,0,OhbNZOqD,59.0,28.0,47.46,40.0,21.0,52.5,19.0,7.0,36.84,24.0,19.0,79.2,11.0,26.0,37.0,14.0,2.0,21.0,10.0,22.0,67.0,35.0,52.24,30.0,19.0,63.33,37.0,16.0,43.24,25.0,18.0,72.0,11.0,23.0,34.0,27.0,2.0,14.0,8.0,23.0,reverse
2021_1226_1510_450,2021-12-26T00:00:00+00:00,SYNTAINICS MBC Weissenfels,450,Telekom Baskets Bonn,1510,90,115,visitante,2021-22,0,zT1RYraJ,55.0,25.0,45.45,23.0,13.0,56.52,32.0,12.0,37.5,33.0,28.0,84.8,8.0,20.0,28.0,15.0,2.0,15.0,3.0,22.0,73.0,40.0,54.79,36.0,25.0,69.44,37.0,15.0,40.54,21.0,20.0,95.2,12.0,21.0,33.0,29.0,3.0,8.0,10.0,28.0,reverse
2021_1226_2315_219,2021-12-26T00:00:00+00:00,FC Bayern Muenchen Basketball,219,Merlins Crailsheim,2315,68,77,visitante,2021-22,0,v1S7sy3J,61.0,23.0,37.7,30.0,16.0,53.33,31.0,7.0,22.58,24.0,15.0,62.5,10.0,26.0,36.0,18.0,2.0,6.0,6.0,21.0,54.0,25.0,46.3,36.0,15.0,41.67,18.0,10.0,55.56,20.0,17.0,85.0,5.0,31.0,36.0,18.0,1.0,10.0,3.0,21.0,reverse
2021_1227_134_10,2021-12-27T00:00:00+00:00,ALBA Berlin,10,Medi Bayreuth,134,109,79,local,2021-22,0,AqJwxFQt,69.0,39.0,56.52,39.0,26.0,66.67,30.0,13.0,43.33,22.0,18.0,81.8,12.0,24.0,36.0,28.0,1.0,14.0,11.0,14.0,54.0,27.0,50.0,26.0,15.0,57.69,28.0,12.0,42.86,18.0,15.0,83.3,5.0,16.0,21.0,19.0,0.0,21.0,10.0,22.0,reverse
2021_1227_3361_1791,2021-12-27T00:00:00+00:00,NINERS Chemnitz,1791,Fraport Skyliners Frankfurt,3361,82,78,local,2021-22,0,lzIsyZum,61.0,28.0,45.9,33.0,17.0,51.52,28.0,11.0,39.29,19.0,15.0,78.9,6.0,34.0,40.0,19.0,3.0,20.0,7.0,24.0,72.0,25.0,34.72,45.0,17.0,37.78,27.0,8.0,29.63,24.0,20.0,83.3,15.0,27.0,42.0,16.0,0.0,13.0,12.0,24.0,reverse
2021_1227_215_127,2021-12-27T00:00:00+00:00,Ratiopharm Ulm,127,MLP Academics Heidelberg,215,84,79,local,2021-22,0,IiRBteIP,62.0,30.0,48.39,33.0,19.0,57.58,29.0,11.0,37.93,17.0,13.0,76.5,7.0,26.0,33.0,20.0,1.0,12.0,5.0,20.0,60.0,28.0,46.67,40.0,21.0,52.5,20.0,7.0,35.0,18.0,16.0,88.9,8.0,25.0,33.0,16.0,0.0,11.0,6.0,21.0,reverse
2021_1227_132_41,2021-12-27T00:00:00+00:00,MHP Riesen Ludwigsburg,41,Bamberg Baskets,132,88,81,local,2021-22,0,p2BjZCAa,69.0,32.0,46.38,33.0,16.0,48.48,36.0,16.0,44.44,12.0,8.0,66.7,10.0,23.0,33.0,17.0,1.0,11.0,8.0,19.0,65.0,30.0,46.15,39.0,21.0,53.85,26.0,9.0,34.62,17.0,12.0,70.6,13.0,27.0,40.0,18.0,1.0,17.0,3.0,18.0,reverse
2021_1227_2745_214,2021-12-27T00:00:00+00:00,BG Goettingen,214,FITOne Wuerzburg Baskets,2745,86,79,local,2021-22,0,Wb7nzgeg,56.0,28.0,50.0,28.0,14.0,50.0,28.0,14.0,50.0,23.0,16.0,69.6,6.0,24.0,30.0,17.0,2.0,12.0,6.0,20.0,66.0,27.0,40.91,43.0,17.0,39.53,23.0,10.0,43.48,18.0,15.0,83.3,13.0,27.0,40.0,16.0,2.0,11.0,6.0,25.0,reverse
2021_1229_450_132,2021-12-29T00:00:00+00:00,Bamberg Baskets,132,SYNTAINICS MBC Weissenfels,450,98,86,local,2021-22,0,vPAfYWP5,70.0,35.0,50.0,40.0,21.0,52.5,30.0,14.0,46.67,20.0,14.0,70.0,14.0,32.0,46.0,25.0,4.0,10.0,3.0,17.0,70.0,28.0,40.0,35.0,14.0,40.0,35.0,14.0,40.0,21.0,16.0,76.2,13.0,22.0,35.0,11.0,1.0,7.0,3.0,19.0,reverse
2021_1229_1510_40,2021-12-29T00:00:00+00:00,Basketball Loewen Braunschweig,40,Telekom Baskets Bonn,1510,83,89,visitante,2021-22,0,pxteWAfI,66.0,31.0,46.97,37.0,21.0,56.76,29.0,10.0,34.48,19.0,11.0,57.9,11.0,27.0,38.0,18.0,2.0,14.0,6.0,25.0,69.0,30.0,43.48,34.0,21.0,61.76,35.0,9.0,25.71,29.0,20.0,69.0,14.0,27.0,41.0,23.0,3.0,10.0,9.0,21.0,reverse
2021_1229_41_133,2021-12-29T00:00:00+00:00,46ers Giessen,133,MHP Riesen Ludwigsburg,41,87,96,visitante,2021-22,0,IF9bXjuC,63.0,27.0,42.86,38.0,16.0,42.11,25.0,11.0,44.0,28.0,22.0,78.6,15.0,19.0,34.0,12.0,1.0,11.0,4.0,25.0,68.0,35.0,51.47,42.0,23.0,54.76,26.0,12.0,46.15,20.0,14.0,70.0,15.0,25.0,40.0,14.0,3.0,9.0,3.0,23.0,reverse
2021_1230_3361_215,2021-12-30T00:00:00+00:00,MLP Academics Heidelberg,215,Fraport Skyliners Frankfurt,3361,82,87,visitante,2021-22,0,OSvaVU9O,60.0,28.0,46.67,42.0,22.0,52.38,18.0,6.0,33.33,24.0,20.0,83.3,8.0,26.0,34.0,12.0,3.0,11.0,8.0,27.0,58.0,28.0,48.28,32.0,17.0,53.13,26.0,11.0,42.31,29.0,20.0,69.0,7.0,25.0,32.0,19.0,0.0,12.0,4.0,28.0,reverse
2021_1230_127_214,2021-12-30T00:00:00+00:00,BG Goettingen,214,Ratiopharm Ulm,127,88,86,local,2021-22,0,xWStfEnP,68.0,32.0,47.06,33.0,16.0,48.48,35.0,16.0,45.71,9.0,8.0,88.9,10.0,20.0,30.0,22.0,2.0,12.0,9.0,23.0,63.0,31.0,49.21,45.0,23.0,51.11,18.0,8.0,44.44,21.0,16.0,76.2,15.0,24.0,39.0,21.0,3.0,15.0,3.0,15.0,reverse
2021_1230_1791_2315,2021-12-30T00:00:00+00:00,Merlins Crailsheim,2315,NINERS Chemnitz,1791,92,82,local,2021-22,0,dG9DlhAn,63.0,31.0,49.21,34.0,19.0,55.88,29.0,12.0,41.38,20.0,18.0,90.0,7.0,22.0,29.0,18.0,0.0,13.0,10.0,16.0,62.0,34.0,54.84,43.0,27.0,62.79,19.0,7.0,36.84,7.0,7.0,100.0,6.0,25.0,31.0,24.0,4.0,19.0,2.0,18.0,reverse
2021_1231_10_2745,2021-12-31T00:00:00+00:00,FITOne Wuerzburg Baskets,2745,ALBA Berlin,10,61,96,visitante,2021-22,0,z78HmCPh,61.0,26.0,42.62,47.0,23.0,48.94,14.0,3.0,21.43,7.0,6.0,85.7,6.0,17.0,23.0,14.0,0.0,22.0,14.0,20.0,66.0,35.0,53.03,37.0,25.0,67.57,29.0,10.0,34.48,20.0,16.0,80.0,14.0,28.0,42.0,28.0,1.0,22.0,14.0,12.0,reverse
2022_0102_1791_450,2022-01-02T00:00:00+00:00,SYNTAINICS MBC Weissenfels,450,NINERS Chemnitz,1791,74,91,visitante,2021-22,0,Im9dlqG3,68.0,24.0,35.29,43.0,20.0,46.51,25.0,4.0,16.0,38.0,22.0,57.9,19.0,23.0,42.0,11.0,2.0,9.0,9.0,20.0,63.0,32.0,50.79,28.0,21.0,75.0,35.0,11.0,31.43,18.0,16.0,88.9,6.0,32.0,38.0,25.0,2.0,15.0,6.0,26.0,reverse
2022_0102_2315_1510,2022-01-02T00:00:00+00:00,Telekom Baskets Bonn,1510,Merlins Crailsheim,2315,76,81,visitante,2021-22,0,OQ9hkP0c,66.0,26.0,39.39,34.0,19.0,55.88,32.0,7.0,21.88,18.0,17.0,94.4,20.0,26.0,46.0,20.0,1.0,17.0,1.0,21.0,58.0,27.0,46.55,27.0,18.0,66.67,31.0,9.0,29.03,19.0,18.0,94.7,5.0,17.0,22.0,17.0,3.0,9.0,9.0,23.0,reverse
2022_0102_133_3361,2022-01-02T00:00:00+00:00,Fraport Skyliners Frankfurt,3361,46ers Giessen,133,90,79,local,2021-22,0,pzBlj5oi,64.0,31.0,48.44,41.0,24.0,58.54,23.0,7.0,30.43,29.0,21.0,72.4,13.0,29.0,42.0,20.0,4.0,14.0,6.0,23.0,62.0,27.0,43.55,41.0,20.0,48.78,21.0,7.0,33.33,32.0,18.0,56.3,11.0,25.0,36.0,18.0,3.0,14.0,3.0,28.0,reverse
2022_0102_214_40,2022-01-02T00:00:00+00:00,Basketball Loewen Braunschweig,40,BG Goettingen,214,93,85,local,2021-22,0,xW4YqUOH,65.0,37.0,56.92,39.0,26.0,66.67,26.0,11.0,42.31,17.0,8.0,47.1,11.0,25.0,36.0,24.0,1.0,14.0,4.0,22.0,60.0,28.0,46.67,25.0,12.0,48.0,35.0,16.0,45.71,17.0,13.0,76.5,5.0,23.0,28.0,18.0,2.0,12.0,5.0,22.0,reverse
2022_0102_19629_10,2022-01-02T00:00:00+00:00,ALBA Berlin,10,Veolia Towers Hamburg,19629,88,80,local,2021-22,0,rXBPojf5,67.0,35.0,52.24,37.0,24.0,64.86,30.0,11.0,36.67,8.0,7.0,87.5,8.0,30.0,38.0,25.0,1.0,16.0,7.0,18.0,67.0,28.0,41.79,32.0,19.0,59.38,35.0,9.0,25.71,17.0,15.0,88.2,11.0,22.0,33.0,20.0,3.0,14.0,7.0,20.0,reverse
2022_0102_2745_134,2022-01-02T00:00:00+00:00,Medi Bayreuth,134,FITOne Wuerzburg Baskets,2745,88,80,local,2021-22,0,4tDLnWva,66.0,32.0,48.48,39.0,20.0,51.28,27.0,12.0,44.44,13.0,12.0,92.3,9.0,23.0,32.0,22.0,4.0,8.0,5.0,22.0,64.0,31.0,48.44,47.0,27.0,57.45,17.0,4.0,23.53,17.0,14.0,82.4,10.0,25.0,35.0,16.0,3.0,10.0,5.0,21.0,reverse
2022_0102_127_41,2022-01-02T00:00:00+00:00,MHP Riesen Ludwigsburg,41,Ratiopharm Ulm,127,66,78,visitante,2021-22,0,Qe1UpA9B,66.0,24.0,36.36,37.0,16.0,43.24,29.0,8.0,27.59,12.0,10.0,83.3,10.0,21.0,31.0,13.0,5.0,12.0,8.0,21.0,59.0,27.0,45.76,38.0,21.0,55.26,21.0,6.0,28.57,21.0,18.0,85.7,11.0,33.0,44.0,15.0,2.0,16.0,5.0,14.0,reverse
2022_0105_134_214,2022-01-05T00:00:00+00:00,BG Goettingen,214,Medi Bayreuth,134,72,75,visitante,2021-22,0,KtsKsrgT,64.0,28.0,43.75,36.0,18.0,50.0,28.0,10.0,35.71,11.0,6.0,54.5,14.0,19.0,33.0,14.0,2.0,10.0,6.0,19.0,42.0,26.0,61.9,21.0,17.0,80.95,21.0,9.0,42.86,18.0,14.0,77.8,8.0,24.0,32.0,18.0,0.0,15.0,3.0,16.0,reverse
2022_0105_19629_132,2022-01-05T00:00:00+00:00,Bamberg Baskets,132,Veolia Towers Hamburg,19629,87,75,local,2021-22,0,IN3uzmdn,62.0,32.0,51.61,35.0,23.0,65.71,27.0,9.0,33.33,22.0,14.0,63.6,11.0,29.0,40.0,18.0,3.0,14.0,10.0,20.0,65.0,27.0,41.54,34.0,18.0,52.94,31.0,9.0,29.03,18.0,11.0,61.1,13.0,24.0,37.0,14.0,0.0,16.0,7.0,24.0,reverse
2022_0107_215_2315,2022-01-07T00:00:00+00:00,Merlins Crailsheim,2315,MLP Academics Heidelberg,215,90,100,visitante,2021-22,0,WjD0m3V9,64.0,33.0,51.56,31.0,21.0,67.74,33.0,12.0,36.36,14.0,13.0,92.9,6.0,19.0,25.0,18.0,2.0,10.0,8.0,23.0,56.0,34.0,60.71,33.0,22.0,66.67,23.0,12.0,52.17,24.0,20.0,83.3,6.0,23.0,29.0,14.0,2.0,13.0,6.0,19.0,reverse
2022_0108_133_214,2022-01-08T00:00:00+00:00,BG Goettingen,214,46ers Giessen,133,87,76,local,2021-22,0,0W0Dp1FS,53.0,29.0,54.72,30.0,17.0,56.67,23.0,12.0,52.17,27.0,17.0,63.0,3.0,32.0,35.0,17.0,6.0,12.0,4.0,26.0,67.0,24.0,35.82,39.0,17.0,43.59,28.0,7.0,25.0,26.0,21.0,80.8,15.0,24.0,39.0,16.0,2.0,12.0,2.0,28.0,reverse
2022_0108_41_134,2022-01-08T00:00:00+00:00,Medi Bayreuth,134,MHP Riesen Ludwigsburg,41,67,87,visitante,2021-22,0,h619os0M,45.0,19.0,42.22,20.0,12.0,60.0,25.0,7.0,28.0,31.0,22.0,71.0,5.0,21.0,26.0,11.0,2.0,14.0,8.0,14.0,72.0,33.0,45.83,40.0,21.0,52.5,32.0,12.0,37.5,9.0,9.0,100.0,17.0,29.0,46.0,14.0,0.0,12.0,8.0,21.0,reverse
2022_0108_450_127,2022-01-08T00:00:00+00:00,Ratiopharm Ulm,127,SYNTAINICS MBC Weissenfels,450,89,75,local,2021-22,0,EF25nNpG,68.0,33.0,48.53,42.0,25.0,59.52,26.0,8.0,30.77,18.0,15.0,83.3,12.0,35.0,47.0,17.0,4.0,16.0,6.0,17.0,76.0,30.0,39.47,44.0,22.0,50.0,32.0,8.0,25.0,12.0,7.0,58.3,12.0,24.0,36.0,18.0,4.0,9.0,8.0,20.0,reverse
2022_0109_219_1791,2022-01-09T00:00:00+00:00,NINERS Chemnitz,1791,FC Bayern Muenchen Basketball,219,65,63,local,2021-22,0,j1TZ12p3,56.0,24.0,42.86,35.0,17.0,48.57,21.0,7.0,33.33,16.0,10.0,62.5,10.0,32.0,42.0,13.0,4.0,20.0,5.0,19.0,63.0,23.0,36.51,31.0,17.0,54.84,32.0,6.0,18.75,16.0,11.0,68.8,10.0,25.0,35.0,12.0,1.0,12.0,11.0,20.0,reverse
2022_0109_1510_19629,2022-01-09T00:00:00+00:00,Veolia Towers Hamburg,19629,Telekom Baskets Bonn,1510,92,80,local,2021-22,0,p4xpuuwj,74.0,30.0,40.54,32.0,15.0,46.88,42.0,15.0,35.71,27.0,17.0,63.0,20.0,17.0,37.0,20.0,0.0,7.0,9.0,18.0,59.0,32.0,54.24,31.0,23.0,74.19,28.0,9.0,32.14,10.0,7.0,70.0,10.0,28.0,38.0,24.0,0.0,18.0,3.0,26.0,reverse
2022_0112_1791_214,2022-01-12T00:00:00+00:00,BG Goettingen,214,NINERS Chemnitz,1791,86,87,visitante,2021-22,0,0j72vmVs,64.0,30.0,46.88,31.0,17.0,54.84,33.0,13.0,39.39,19.0,13.0,68.4,10.0,19.0,29.0,17.0,1.0,11.0,5.0,19.0,55.0,33.0,60.0,40.0,23.0,57.5,15.0,10.0,66.67,18.0,11.0,61.1,6.0,26.0,32.0,21.0,3.0,15.0,5.0,23.0,reverse
2022_0114_19629_450,2022-01-14T00:00:00+00:00,SYNTAINICS MBC Weissenfels,450,Veolia Towers Hamburg,19629,76,84,visitante,2021-22,0,8xOv1Ma9,67.0,29.0,43.28,43.0,25.0,58.14,24.0,4.0,16.67,26.0,14.0,53.8,12.0,34.0,46.0,14.0,1.0,10.0,3.0,18.0,73.0,30.0,41.1,32.0,18.0,56.25,41.0,12.0,29.27,16.0,12.0,75.0,12.0,30.0,42.0,22.0,4.0,7.0,6.0,21.0,reverse
2022_0115_40_215,2022-01-15T00:00:00+00:00,MLP Academics Heidelberg,215,Basketball Loewen Braunschweig,40,93,82,local,2021-22,0,nTMr0tFF,70.0,29.0,41.43,35.0,16.0,45.71,35.0,13.0,37.14,26.0,22.0,84.6,9.0,26.0,35.0,18.0,2.0,10.0,13.0,23.0,70.0,30.0,42.86,38.0,20.0,52.63,32.0,10.0,31.25,22.0,12.0,54.5,18.0,33.0,51.0,21.0,4.0,15.0,5.0,28.0,reverse
2022_0115_1634_41,2022-01-15T00:00:00+00:00,MHP Riesen Ludwigsburg,41,EWE Baskets Oldenburg,1634,79,57,local,2021-22,0,tjMna0UL,65.0,27.0,41.54,34.0,16.0,47.06,31.0,11.0,35.48,25.0,14.0,56.0,14.0,28.0,42.0,18.0,2.0,7.0,9.0,19.0,63.0,17.0,26.98,41.0,15.0,36.59,22.0,2.0,9.09,29.0,21.0,72.4,19.0,30.0,49.0,8.0,2.0,15.0,3.0,25.0,reverse
2022_0116_219_1510,2022-01-16T00:00:00+00:00,Telekom Baskets Bonn,1510,FC Bayern Muenchen Basketball,219,81,100,visitante,2021-22,0,WYJUjxx2,64.0,29.0,45.31,40.0,22.0,55.0,24.0,7.0,29.17,20.0,16.0,80.0,9.0,14.0,23.0,14.0,1.0,12.0,9.0,24.0,50.0,32.0,64.0,21.0,13.0,61.9,29.0,19.0,65.52,19.0,17.0,89.5,5.0,25.0,30.0,25.0,1.0,18.0,6.0,25.0,reverse
2022_0116_127_134,2022-01-16T00:00:00+00:00,Medi Bayreuth,134,Ratiopharm Ulm,127,81,92,visitante,2021-22,0,hrLQiIMe,60.0,28.0,46.67,36.0,19.0,52.78,24.0,9.0,37.5,20.0,16.0,80.0,9.0,21.0,30.0,10.0,1.0,15.0,3.0,23.0,62.0,31.0,50.0,37.0,25.0,67.57,25.0,6.0,24.0,28.0,24.0,85.7,12.0,21.0,33.0,16.0,2.0,9.0,8.0,21.0,reverse
2022_0118_450_1634,2022-01-18T00:00:00+00:00,EWE Baskets Oldenburg,1634,SYNTAINICS MBC Weissenfels,450,82,87,visitante,2021-22,0,UROVFqBU,78.0,32.0,41.03,51.0,25.0,49.02,27.0,7.0,25.93,17.0,11.0,64.7,13.0,23.0,36.0,16.0,1.0,4.0,6.0,19.0,55.0,28.0,50.91,36.0,17.0,47.22,19.0,11.0,57.89,25.0,20.0,80.0,5.0,35.0,40.0,18.0,5.0,15.0,2.0,21.0,reverse
2022_0121_134_40,2022-01-21T00:00:00+00:00,Basketball Loewen Braunschweig,40,Medi Bayreuth,134,92,94,visitante,2021-22,0,ns2HEuU8,65.0,34.0,52.31,43.0,24.0,55.81,22.0,10.0,45.45,20.0,14.0,70.0,11.0,19.0,30.0,20.0,1.0,14.0,10.0,28.0,58.0,30.0,51.72,31.0,20.0,64.52,27.0,10.0,37.04,30.0,24.0,80.0,10.0,24.0,34.0,15.0,2.0,18.0,8.0,24.0,reverse
2022_0122_10_41,2022-01-22T00:00:00+00:00,MHP Riesen Ludwigsburg,41,ALBA Berlin,10,76,75,local,2021-22,0,,,,,,,,,,,,,,,,,,,,,,,,,,,,,,,,,,,,,,,,,,
2022_0122_2315_1634,2022-01-22T00:00:00+00:00,EWE Baskets Oldenburg,1634,Merlins Crailsheim,2315,86,97,visitante,2021-22,0,t41LDaqF,60.0,29.0,48.33,31.0,17.0,54.84,29.0,12.0,41.38,23.0,16.0,69.6,9.0,20.0,29.0,17.0,3.0,15.0,8.0,26.0,57.0,32.0,56.14,39.0,22.0,56.41,18.0,10.0,55.56,29.0,23.0,79.3,6.0,25.0,31.0,26.0,1.0,14.0,10.0,22.0,reverse
2022_0122_133_19629,2022-01-22T00:00:00+00:00,Veolia Towers Hamburg,19629,46ers Giessen,133,73,100,visitante,2021-22,0,2F3l7cMr,63.0,26.0,41.27,36.0,18.0,50.0,27.0,8.0,29.63,19.0,13.0,68.4,6.0,28.0,34.0,18.0,2.0,19.0,5.0,20.0,77.0,40.0,51.95,53.0,32.0,60.38,24.0,8.0,33.33,18.0,12.0,66.7,11.0,32.0,43.0,23.0,3.0,12.0,13.0,17.0,reverse
2022_0122_127_1791,2022-01-22T00:00:00+00:00,NINERS Chemnitz,1791,Ratiopharm Ulm,127,68,77,visitante,2021-22,0,06HMBwER,56.0,24.0,42.86,25.0,15.0,60.0,31.0,9.0,29.03,14.0,11.0,78.6,8.0,22.0,30.0,14.0,4.0,18.0,11.0,27.0,50.0,24.0,48.0,33.0,15.0,45.45,17.0,9.0,52.94,28.0,20.0,71.4,7.0,25.0,32.0,16.0,3.0,16.0,8.0,17.0,reverse
2022_0123_1510_132,2022-01-23T00:00:00+00:00,Bamberg Baskets,132,Telekom Baskets Bonn,1510,81,95,visitante,2021-22,0,h4d14e61,62.0,29.0,46.77,34.0,20.0,58.82,28.0,9.0,32.14,23.0,14.0,60.9,12.0,27.0,39.0,21.0,1.0,11.0,2.0,21.0,68.0,33.0,48.53,29.0,15.0,51.72,39.0,18.0,46.15,18.0,11.0,61.1,13.0,28.0,41.0,14.0,3.0,9.0,4.0,25.0,reverse
2022_0123_215_219,2022-01-23T00:00:00+00:00,FC Bayern Muenchen Basketball,219,MLP Academics Heidelberg,215,92,70,local,2021-22,0,Wfe53FL7,63.0,31.0,49.21,35.0,18.0,51.43,28.0,13.0,46.43,24.0,17.0,70.8,13.0,28.0,41.0,19.0,3.0,4.0,3.0,18.0,64.0,26.0,40.63,41.0,18.0,43.9,23.0,8.0,34.78,14.0,10.0,71.4,12.0,21.0,33.0,12.0,1.0,10.0,4.0,24.0,reverse
2022_0123_450_214,2022-01-23T00:00:00+00:00,BG Goettingen,214,SYNTAINICS MBC Weissenfels,450,83,93,visitante,2021-22,0,Au7d5yie,74.0,30.0,40.54,46.0,21.0,45.65,28.0,9.0,32.14,18.0,14.0,77.8,13.0,18.0,31.0,15.0,4.0,8.0,11.0,21.0,59.0,35.0,59.32,38.0,26.0,68.42,21.0,9.0,42.86,22.0,14.0,63.6,12.0,31.0,43.0,21.0,4.0,18.0,4.0,24.0,reverse
2022_0125_40_1634,2022-01-25T00:00:00+00:00,EWE Baskets Oldenburg,1634,Basketball Loewen Braunschweig,40,78,94,visitante,2021-22,0,UVbJz5U6,68.0,29.0,42.65,37.0,20.0,54.05,31.0,9.0,29.03,19.0,11.0,57.9,14.0,23.0,37.0,15.0,4.0,16.0,10.0,20.0,66.0,36.0,54.55,50.0,31.0,62.0,16.0,5.0,31.25,25.0,17.0,68.0,13.0,28.0,41.0,20.0,0.0,13.0,11.0,19.0,reverse
2022_0126_132_2745,2022-01-26T00:00:00+00:00,FITOne Wuerzburg Baskets,2745,Bamberg Baskets,132,78,97,visitante,2021-22,0,2umutLNq,71.0,32.0,45.07,47.0,24.0,51.06,24.0,8.0,33.33,12.0,6.0,50.0,14.0,16.0,30.0,16.0,3.0,9.0,9.0,18.0,66.0,38.0,57.58,37.0,24.0,64.86,29.0,14.0,48.28,9.0,7.0,77.8,13.0,26.0,39.0,29.0,4.0,13.0,6.0,12.0,reverse
2022_0128_1791_3361,2022-01-28T00:00:00+00:00,Fraport Skyliners Frankfurt,3361,NINERS Chemnitz,1791,86,87,visitante,2021-22,0,KAlmSbb8,60.0,28.0,46.67,34.0,17.0,50.0,26.0,11.0,42.31,23.0,19.0,82.6,9.0,23.0,32.0,13.0,0.0,17.0,9.0,22.0,66.0,33.0,50.0,39.0,25.0,64.1,27.0,8.0,29.63,20.0,13.0,65.0,14.0,24.0,38.0,24.0,2.0,17.0,10.0,25.0,reverse
2022_0129_19629_127,2022-01-29T00:00:00+00:00,Ratiopharm Ulm,127,Veolia Towers Hamburg,19629,91,90,local,2021-22,0,h0t0PdrR,67.0,35.0,52.24,43.0,27.0,62.79,24.0,8.0,33.33,16.0,13.0,81.3,12.0,21.0,33.0,13.0,1.0,12.0,9.0,17.0,57.0,34.0,59.65,23.0,17.0,73.91,34.0,17.0,50.0,9.0,5.0,55.6,4.0,22.0,26.0,28.0,0.0,14.0,5.0,21.0,reverse
2022_0130_219_134,2022-01-30T00:00:00+00:00,Medi Bayreuth,134,FC Bayern Muenchen Basketball,219,60,83,visitante,2021-22,0,pbLvIEz1,50.0,19.0,38.0,30.0,13.0,43.33,20.0,6.0,30.0,22.0,16.0,72.7,7.0,18.0,25.0,10.0,0.0,17.0,3.0,21.0,56.0,27.0,48.21,26.0,17.0,65.38,30.0,10.0,33.33,24.0,19.0,79.2,14.0,23.0,37.0,15.0,1.0,13.0,8.0,25.0,reverse
2022_0130_1634_1510,2022-01-30T00:00:00+00:00,Telekom Baskets Bonn,1510,EWE Baskets Oldenburg,1634,89,65,local,2021-22,0,vLKrHYk7,60.0,32.0,53.33,39.0,24.0,61.54,21.0,8.0,38.1,23.0,17.0,73.9,9.0,31.0,40.0,14.0,0.0,15.0,8.0,19.0,61.0,26.0,42.62,42.0,22.0,52.38,19.0,4.0,21.05,14.0,9.0,64.3,7.0,20.0,27.0,14.0,1.0,14.0,10.0,23.0,reverse
2022_0130_2745_10,2022-01-30T00:00:00+00:00,ALBA Berlin,10,FITOne Wuerzburg Baskets,2745,82,70,local,2021-22,0,67MzJfLf,63.0,30.0,47.62,38.0,22.0,57.89,25.0,8.0,32.0,21.0,14.0,66.7,16.0,28.0,44.0,26.0,9.0,17.0,6.0,17.0,65.0,28.0,43.08,45.0,22.0,48.89,20.0,6.0,30.0,12.0,8.0,66.7,10.0,22.0,32.0,12.0,2.0,13.0,6.0,21.0,reverse
2022_0202_1634_215,2022-02-02T00:00:00+00:00,MLP Academics Heidelberg,215,EWE Baskets Oldenburg,1634,73,109,visitante,2021-22,0,8IR5RL8j,62.0,29.0,46.77,44.0,23.0,52.27,18.0,6.0,33.33,15.0,9.0,60.0,7.0,13.0,20.0,17.0,0.0,17.0,7.0,21.0,72.0,44.0,61.11,43.0,33.0,76.74,29.0,11.0,37.93,17.0,10.0,58.8,16.0,28.0,44.0,28.0,5.0,14.0,8.0,21.0,reverse
2022_0203_40_2745,2022-02-03T00:00:00+00:00,FITOne Wuerzburg Baskets,2745,Basketball Loewen Braunschweig,40,75,80,visitante,2021-22,0,QikhlwHd,62.0,26.0,41.94,32.0,13.0,40.63,30.0,13.0,43.33,12.0,10.0,83.3,14.0,20.0,34.0,20.0,1.0,19.0,5.0,24.0,63.0,28.0,44.44,39.0,20.0,51.28,24.0,8.0,33.33,25.0,16.0,64.0,18.0,20.0,38.0,21.0,4.0,14.0,7.0,21.0,reverse
2022_0205_134_19629,2022-02-05T00:00:00+00:00,Veolia Towers Hamburg,19629,Medi Bayreuth,134,71,90,visitante,2021-22,0,fT2VvxrE,63.0,27.0,42.86,38.0,17.0,44.74,25.0,10.0,40.0,6.0,5.0,83.3,11.0,19.0,30.0,16.0,0.0,15.0,7.0,18.0,59.0,34.0,57.63,32.0,21.0,65.63,27.0,13.0,48.15,14.0,9.0,64.3,7.0,25.0,32.0,24.0,4.0,14.0,9.0,9.0,reverse
2022_0205_215_1791,2022-02-05T00:00:00+00:00,NINERS Chemnitz,1791,MLP Academics Heidelberg,215,81,66,local,2021-22,0,hOOnGh5D,52.0,27.0,51.92,29.0,20.0,68.97,23.0,7.0,30.43,24.0,20.0,83.3,6.0,25.0,31.0,16.0,2.0,20.0,9.0,21.0,58.0,22.0,37.93,33.0,17.0,51.52,25.0,5.0,20.0,18.0,17.0,94.4,12.0,21.0,33.0,7.0,0.0,19.0,12.0,23.0,reverse
2022_0206_40_219,2022-02-06T00:00:00+00:00,FC Bayern Muenchen Basketball,219,Basketball Loewen Braunschweig,40,91,82,local,2021-22,0,0ngpZ6Bh,66.0,30.0,45.45,33.0,20.0,60.61,33.0,10.0,30.3,27.0,21.0,77.8,10.0,24.0,34.0,20.0,1.0,14.0,7.0,24.0,60.0,26.0,43.33,30.0,17.0,56.67,30.0,9.0,30.0,27.0,21.0,77.8,11.0,27.0,38.0,12.0,1.0,17.0,5.0,30.0,reverse
2022_0206_1510_10,2022-02-06T00:00:00+00:00,ALBA Berlin,10,Telekom Baskets Bonn,1510,89,77,local,2021-22,0,4Kw6Lmsg,76.0,35.0,46.05,44.0,25.0,56.82,32.0,10.0,31.25,13.0,9.0,69.2,16.0,35.0,51.0,21.0,6.0,12.0,4.0,17.0,68.0,28.0,41.18,39.0,19.0,48.72,29.0,9.0,31.03,17.0,12.0,70.6,9.0,23.0,32.0,16.0,3.0,8.0,7.0,18.0,reverse
2022_0206_3361_41,2022-02-06T00:00:00+00:00,MHP Riesen Ludwigsburg,41,Fraport Skyliners Frankfurt,3361,80,71,local,2021-22,0,QTv2MTRn,58.0,30.0,51.72,37.0,23.0,62.16,21.0,7.0,33.33,27.0,13.0,48.1,14.0,22.0,36.0,16.0,3.0,14.0,11.0,25.0,54.0,23.0,42.59,26.0,14.0,53.85,28.0,9.0,32.14,23.0,16.0,69.6,14.0,17.0,31.0,13.0,0.0,18.0,6.0,23.0,reverse
2022_0206_2745_132,2022-02-06T00:00:00+00:00,Bamberg Baskets,132,FITOne Wuerzburg Baskets,2745,89,90,visitante,2021-22,0,nqTAK7da,61.0,26.0,42.62,24.0,9.0,37.5,37.0,17.0,45.95,23.0,20.0,87.0,11.0,20.0,31.0,17.0,1.0,12.0,8.0,22.0,55.0,30.0,54.55,31.0,19.0,61.29,24.0,11.0,45.83,26.0,19.0,73.1,6.0,25.0,31.0,27.0,3.0,15.0,7.0,24.0,reverse
2022_0207_127_1634,2022-02-07T00:00:00+00:00,EWE Baskets Oldenburg,1634,Ratiopharm Ulm,127,78,86,visitante,2021-22,0,f9WIIoRB,76.0,30.0,39.47,44.0,23.0,52.27,32.0,7.0,21.88,16.0,11.0,68.8,14.0,21.0,35.0,21.0,4.0,8.0,12.0,27.0,57.0,28.0,49.12,34.0,18.0,52.94,23.0,10.0,43.48,28.0,20.0,71.4,12.0,33.0,45.0,18.0,3.0,19.0,5.0,16.0,reverse
2022_0209_3361_1634,2022-02-09T00:00:00+00:00,EWE Baskets Oldenburg,1634,Fraport Skyliners Frankfurt,3361,110,103,local,2021-22,0,b7tlvahd,66.0,39.0,59.09,37.0,25.0,67.57,29.0,14.0,48.28,27.0,18.0,66.7,9.0,18.0,27.0,25.0,1.0,13.0,9.0,29.0,61.0,34.0,55.74,38.0,25.0,65.79,23.0,9.0,39.13,32.0,26.0,81.3,11.0,21.0,32.0,25.0,6.0,16.0,5.0,24.0,reverse
2022_0211_19629_2745,2022-02-11T00:00:00+00:00,FITOne Wuerzburg Baskets,2745,Veolia Towers Hamburg,19629,103,113,visitante,2021-22,0,vwhlYQQb,54.0,38.0,70.37,29.0,23.0,79.31,25.0,15.0,60.0,14.0,12.0,85.7,4.0,13.0,17.0,26.0,0.0,12.0,3.0,16.0,73.0,45.0,61.64,43.0,29.0,67.44,30.0,16.0,53.33,8.0,7.0,87.5,15.0,14.0,29.0,24.0,0.0,10.0,9.0,19.0,reverse
2022_0212_134_215,2022-02-12T00:00:00+00:00,MLP Academics Heidelberg,215,Medi Bayreuth,134,79,85,visitante,2021-22,0,8CdhXpt5,56.0,28.0,50.0,33.0,16.0,48.48,23.0,12.0,52.17,13.0,11.0,84.6,6.0,18.0,24.0,7.0,0.0,8.0,5.0,25.0,50.0,28.0,56.0,29.0,15.0,51.72,21.0,13.0,61.9,24.0,14.0,58.3,9.0,23.0,32.0,22.0,0.0,10.0,3.0,22.0,reverse
2022_0212_133_132,2022-02-12T00:00:00+00:00,Bamberg Baskets,132,46ers Giessen,133,92,89,local,2021-22,0,URp1VOAH,61.0,31.0,50.82,37.0,21.0,56.76,24.0,10.0,41.67,27.0,20.0,74.1,8.0,30.0,38.0,17.0,3.0,16.0,4.0,20.0,66.0,30.0,45.45,41.0,22.0,53.66,25.0,8.0,32.0,26.0,21.0,80.8,10.0,23.0,33.0,19.0,1.0,12.0,10.0,27.0,reverse
2022_0212_214_127,2022-02-12T00:00:00+00:00,Ratiopharm Ulm,127,BG Goettingen,214,87,91,visitante,2021-22,0,n3edW4eB,64.0,34.0,53.13,48.0,29.0,60.42,16.0,5.0,31.25,17.0,14.0,82.4,10.0,21.0,31.0,18.0,4.0,12.0,4.0,18.0,59.0,28.0,47.46,27.0,14.0,51.85,32.0,14.0,43.75,25.0,21.0,84.0,9.0,21.0,30.0,21.0,4.0,13.0,6.0,24.0,reverse
2022_0212_1791_41,2022-02-12T00:00:00+00:00,MHP Riesen Ludwigsburg,41,NINERS Chemnitz,1791,56,74,visitante,2021-22,0,vgtCm6Qo,63.0,19.0,30.16,38.0,15.0,39.47,25.0,4.0,16.0,19.0,14.0,73.7,11.0,20.0,31.0,8.0,1.0,14.0,10.0,20.0,56.0,26.0,46.43,33.0,18.0,54.55,23.0,8.0,34.78,16.0,14.0,87.5,11.0,33.0,44.0,17.0,1.0,21.0,6.0,20.0,reverse
2022_0213_219_3361,2022-02-13T00:00:00+00:00,Fraport Skyliners Frankfurt,3361,FC Bayern Muenchen Basketball,219,53,72,visitante,2021-22,0,GdEocmIH,62.0,21.0,33.87,41.0,19.0,46.34,21.0,2.0,9.52,13.0,9.0,69.2,13.0,24.0,37.0,10.0,1.0,16.0,5.0,18.0,54.0,25.0,46.3,27.0,16.0,59.26,27.0,9.0,33.33,15.0,13.0,86.7,5.0,29.0,34.0,20.0,4.0,14.0,13.0,19.0,reverse
2022_0213_10_2315,2022-02-13T00:00:00+00:00,Merlins Crailsheim,2315,ALBA Berlin,10,74,106,visitante,2021-22,0,xhl9T2uU,61.0,30.0,49.18,41.0,23.0,56.1,20.0,7.0,35.0,12.0,7.0,58.3,8.0,23.0,31.0,16.0,1.0,16.0,3.0,25.0,67.0,37.0,55.22,40.0,23.0,57.5,27.0,14.0,51.85,25.0,18.0,72.0,10.0,25.0,35.0,35.0,4.0,6.0,9.0,11.0,reverse
2022_0213_40_1510,2022-02-13T00:00:00+00:00,Telekom Baskets Bonn,1510,Basketball Loewen Braunschweig,40,95,77,local,2021-22,0,rVl5UrQN,67.0,33.0,49.25,32.0,23.0,71.88,35.0,10.0,28.57,21.0,19.0,90.5,14.0,24.0,38.0,17.0,1.0,16.0,11.0,21.0,63.0,27.0,42.86,45.0,22.0,48.89,18.0,5.0,27.78,23.0,18.0,78.3,13.0,22.0,35.0,14.0,3.0,18.0,7.0,24.0,reverse
2022_0213_1634_450,2022-02-13T00:00:00+00:00,SYNTAINICS MBC Weissenfels,450,EWE Baskets Oldenburg,1634,93,110,visitante,2021-22,0,v1zyPMmo,57.0,34.0,59.65,38.0,27.0,71.05,19.0,7.0,36.84,21.0,18.0,85.7,5.0,26.0,31.0,25.0,4.0,21.0,4.0,20.0,77.0,40.0,51.95,44.0,24.0,54.55,33.0,16.0,48.48,16.0,14.0,87.5,12.0,19.0,31.0,27.0,2.0,10.0,13.0,24.0,reverse
2022_0215_1791_219,2022-02-15T00:00:00+00:00,FC Bayern Muenchen Basketball,219,NINERS Chemnitz,1791,58,77,visitante,2021-22,0,IquGnQuh,40.0,22.0,55.0,8.0,17.0,100.0,32.0,5.0,15.63,13.0,8.0,61.5,9.0,20.0,29.0,13.0,3.0,12.0,3.0,16.0,54.0,26.0,48.15,28.0,15.0,53.57,26.0,11.0,42.31,14.0,12.0,85.7,8.0,28.0,36.0,14.0,0.0,13.0,5.0,19.0,reverse
2022_0215_127_40,2022-02-15T00:00:00+00:00,Basketball Loewen Braunschweig,40,Ratiopharm Ulm,127,78,59,local,2021-22,0,Q9rOp4A4,61.0,27.0,44.26,40.0,18.0,45.0,21.0,9.0,42.86,18.0,15.0,83.3,13.0,31.0,44.0,16.0,1.0,14.0,6.0,16.0,51.0,20.0,39.22,23.0,12.0,52.17,28.0,8.0,28.57,12.0,11.0,91.7,7.0,21.0,28.0,13.0,5.0,15.0,5.0,19.0,reverse
2022_0215_2315_133,2022-02-15T00:00:00+00:00,46ers Giessen,133,Merlins Crailsheim,2315,81,87,visitante,2021-22,0,0WC7xtIp,65.0,32.0,49.23,41.0,24.0,58.54,24.0,8.0,33.33,14.0,9.0,64.3,14.0,31.0,45.0,14.0,3.0,15.0,2.0,18.0,67.0,31.0,46.27,42.0,22.0,52.38,25.0,9.0,36.0,22.0,14.0,63.6,10.0,21.0,31.0,15.0,3.0,5.0,7.0,17.0,reverse
2022_0215_3361_10,2022-02-15T00:00:00+00:00,ALBA Berlin,10,Fraport Skyliners Frankfurt,3361,72,56,local,2021-22,0,Gbyyr2fN,59.0,24.0,40.68,30.0,13.0,43.33,29.0,11.0,37.93,15.0,13.0,86.7,10.0,33.0,43.0,19.0,3.0,22.0,9.0,14.0,65.0,23.0,35.38,45.0,19.0,42.22,20.0,4.0,20.0,9.0,6.0,66.7,13.0,22.0,35.0,11.0,2.0,16.0,14.0,17.0,reverse
2022_0216_215_450,2022-02-16T00:00:00+00:00,SYNTAINICS MBC Weissenfels,450,MLP Academics Heidelberg,215,70,94,visitante,2021-22,0,C6vKopeb,52.0,23.0,44.23,33.0,21.0,63.64,19.0,2.0,10.53,31.0,22.0,71.0,10.0,16.0,26.0,12.0,1.0,15.0,5.0,23.0,65.0,33.0,50.77,36.0,25.0,69.44,29.0,8.0,27.59,22.0,20.0,90.9,15.0,22.0,37.0,22.0,1.0,12.0,9.0,24.0,reverse
2022_0216_41_214,2022-02-16T00:00:00+00:00,BG Goettingen,214,MHP Riesen Ludwigsburg,41,79,86,visitante,2021-22,0,8YXSqOPA,63.0,28.0,44.44,37.0,18.0,48.65,26.0,10.0,38.46,18.0,13.0,72.2,9.0,24.0,33.0,15.0,1.0,14.0,3.0,21.0,59.0,31.0,52.54,34.0,22.0,64.71,25.0,9.0,36.0,24.0,15.0,62.5,9.0,27.0,36.0,16.0,4.0,10.0,3.0,24.0,reverse
2022_0216_1634_134,2022-02-16T00:00:00+00:00,Medi Bayreuth,134,EWE Baskets Oldenburg,1634,111,95,local,2021-22,0,bHVAy0Xj,69.0,44.0,63.77,46.0,32.0,69.57,23.0,12.0,52.17,13.0,11.0,84.6,12.0,18.0,30.0,25.0,1.0,13.0,11.0,14.0,57.0,35.0,61.4,32.0,20.0,62.5,25.0,15.0,60.0,10.0,10.0,100.0,4.0,11.0,15.0,24.0,2.0,15.0,7.0,18.0,reverse
2022_0216_2745_1510,2022-02-16T00:00:00+00:00,Telekom Baskets Bonn,1510,FITOne Wuerzburg Baskets,2745,90,93,visitante,2021-22,0,nPWWrruH,72.0,33.0,45.83,30.0,18.0,60.0,42.0,15.0,35.71,13.0,9.0,69.2,17.0,17.0,34.0,15.0,4.0,15.0,7.0,21.0,57.0,33.0,57.89,44.0,26.0,59.09,13.0,7.0,53.85,26.0,20.0,76.9,8.0,23.0,31.0,18.0,5.0,16.0,9.0,19.0,reverse
2022_0218_127_2745,2022-02-18T00:00:00+00:00,FITOne Wuerzburg Baskets,2745,Ratiopharm Ulm,127,86,92,visitante,2021-22,0,jyQRGPeO,64.0,33.0,51.56,42.0,25.0,59.52,22.0,8.0,36.36,16.0,12.0,75.0,10.0,17.0,27.0,20.0,2.0,16.0,6.0,24.0,59.0,34.0,57.63,43.0,28.0,65.12,16.0,6.0,37.5,31.0,18.0,58.1,12.0,24.0,36.0,19.0,0.0,15.0,8.0,20.0,reverse
2022_0302_219_19629,2022-03-02T00:00:00+00:00,Veolia Towers Hamburg,19629,FC Bayern Muenchen Basketball,219,75,86,visitante,2021-22,0,pEaa8YsG,62.0,23.0,37.1,30.0,9.0,30.0,32.0,14.0,43.75,23.0,15.0,65.2,13.0,22.0,35.0,19.0,0.0,11.0,9.0,20.0,58.0,31.0,53.45,26.0,17.0,65.38,32.0,14.0,43.75,17.0,10.0,58.8,9.0,27.0,36.0,25.0,4.0,16.0,5.0,22.0,reverse
2022_0304_2745_127,2022-03-04T00:00:00+00:00,Ratiopharm Ulm,127,FITOne Wuerzburg Baskets,2745,88,76,local,2021-22,0,CKJh0qAi,58.0,32.0,55.17,35.0,21.0,60.0,23.0,11.0,47.83,20.0,13.0,65.0,11.0,22.0,33.0,20.0,2.0,16.0,6.0,15.0,66.0,31.0,46.97,54.0,28.0,51.85,12.0,3.0,25.0,15.0,11.0,73.3,14.0,18.0,32.0,16.0,1.0,14.0,10.0,18.0,reverse
2022_0305_1510_2315,2022-03-05T00:00:00+00:00,Merlins Crailsheim,2315,Telekom Baskets Bonn,1510,96,101,visitante,2021-22,0,jBIda3Pc,63.0,32.0,50.79,28.0,17.0,60.71,35.0,15.0,42.86,27.0,17.0,63.0,10.0,22.0,32.0,17.0,3.0,14.0,5.0,27.0,75.0,35.0,46.67,40.0,25.0,62.5,35.0,10.0,28.57,27.0,21.0,77.8,20.0,26.0,46.0,22.0,3.0,9.0,7.0,23.0,reverse
2022_0305_19629_1634,2022-03-05T00:00:00+00:00,EWE Baskets Oldenburg,1634,Veolia Towers Hamburg,19629,85,101,visitante,2021-22,0,t0B9d19G,75.0,28.0,37.33,45.0,21.0,46.67,30.0,7.0,23.33,30.0,22.0,73.3,14.0,24.0,38.0,18.0,5.0,9.0,7.0,24.0,84.0,38.0,45.24,51.0,29.0,56.86,33.0,9.0,27.27,26.0,16.0,61.5,22.0,36.0,58.0,21.0,3.0,14.0,4.0,23.0,reverse
2022_0305_450_134,2022-03-05T00:00:00+00:00,Medi Bayreuth,134,SYNTAINICS MBC Weissenfels,450,81,105,visitante,2021-22,0,nwC5csfA,63.0,28.0,44.44,29.0,20.0,68.97,34.0,8.0,23.53,19.0,17.0,89.5,9.0,20.0,29.0,13.0,1.0,9.0,2.0,21.0,57.0,36.0,63.16,30.0,22.0,73.33,27.0,14.0,51.85,24.0,19.0,79.2,3.0,26.0,29.0,26.0,0.0,9.0,5.0,17.0,reverse
2022_0306_219_132,2022-03-06T00:00:00+00:00,Bamberg Baskets,132,FC Bayern Muenchen Basketball,219,62,83,visitante,2021-22,0,vyipjanp,57.0,21.0,36.84,24.0,10.0,41.67,33.0,11.0,33.33,15.0,9.0,60.0,11.0,27.0,38.0,14.0,2.0,13.0,2.0,24.0,59.0,26.0,44.07,28.0,12.0,42.86,31.0,14.0,45.16,24.0,17.0,70.8,10.0,23.0,33.0,17.0,0.0,7.0,6.0,20.0,reverse
2022_0306_133_41,2022-03-06T00:00:00+00:00,MHP Riesen Ludwigsburg,41,46ers Giessen,133,76,59,local,2021-22,0,n1jlkJ1j,74.0,31.0,41.89,44.0,25.0,56.82,30.0,6.0,20.0,11.0,8.0,72.7,12.0,24.0,36.0,14.0,5.0,12.0,8.0,22.0,51.0,20.0,39.22,39.0,18.0,46.15,12.0,2.0,16.67,34.0,17.0,50.0,10.0,31.0,41.0,9.0,1.0,19.0,4.0,13.0,reverse
2022_0306_214_1791,2022-03-06T00:00:00+00:00,NINERS Chemnitz,1791,BG Goettingen,214,69,90,visitante,2021-22,0,f3FDeLOM,59.0,27.0,45.76,37.0,21.0,56.76,22.0,6.0,27.27,18.0,9.0,50.0,11.0,20.0,31.0,14.0,2.0,15.0,9.0,22.0,57.0,31.0,54.39,30.0,16.0,53.33,27.0,15.0,55.56,19.0,13.0,68.4,7.0,25.0,32.0,18.0,3.0,13.0,6.0,18.0,reverse
2022_0308_132_1634,2022-03-08T00:00:00+00:00,EWE Baskets Oldenburg,1634,Bamberg Baskets,132,106,83,local,2021-22,0,xjJte9k9,76.0,41.0,53.95,46.0,29.0,63.04,30.0,12.0,40.0,16.0,12.0,75.0,13.0,21.0,34.0,25.0,6.0,7.0,10.0,14.0,69.0,33.0,47.83,41.0,26.0,63.41,28.0,7.0,25.0,11.0,10.0,90.9,16.0,22.0,38.0,19.0,1.0,17.0,5.0,18.0,reverse
2022_0308_1510_219,2022-03-08T00:00:00+00:00,FC Bayern Muenchen Basketball,219,Telekom Baskets Bonn,1510,61,96,visitante,2021-22,0,GtIpfT4F,50.0,20.0,40.0,31.0,14.0,45.16,19.0,6.0,31.58,23.0,15.0,65.2,7.0,19.0,26.0,13.0,2.0,17.0,6.0,17.0,66.0,35.0,53.03,33.0,21.0,63.64,33.0,14.0,42.42,16.0,12.0,75.0,13.0,25.0,38.0,23.0,3.0,10.0,8.0,23.0,reverse
2022_0309_134_133,2022-03-09T00:00:00+00:00,46ers Giessen,133,Medi Bayreuth,134,95,89,local,2021-22,0,WjyFx1Zs,60.0,35.0,58.33,40.0,26.0,65.0,20.0,9.0,45.0,17.0,14.0,82.4,8.0,22.0,30.0,17.0,1.0,11.0,5.0,17.0,63.0,34.0,53.97,36.0,23.0,63.89,27.0,11.0,40.74,11.0,10.0,90.9,8.0,17.0,25.0,19.0,2.0,10.0,6.0,18.0,reverse
2022_0309_3361_214,2022-03-09T00:00:00+00:00,BG Goettingen,214,Fraport Skyliners Frankfurt,3361,73,65,local,2021-22,0,AszJyLll,61.0,21.0,34.43,32.0,10.0,31.25,29.0,11.0,37.93,23.0,20.0,87.0,11.0,26.0,37.0,12.0,5.0,7.0,5.0,21.0,56.0,21.0,37.5,35.0,17.0,48.57,21.0,4.0,19.05,21.0,19.0,90.5,9.0,29.0,38.0,14.0,5.0,11.0,2.0,23.0,reverse
2022_0312_19629_1510,2022-03-12T00:00:00+00:00,Telekom Baskets Bonn,1510,Veolia Towers Hamburg,19629,85,73,local,2021-22,0,44ZMzu4f,69.0,30.0,43.48,33.0,18.0,54.55,36.0,12.0,33.33,16.0,13.0,81.3,15.0,20.0,35.0,14.0,2.0,16.0,10.0,17.0,67.0,28.0,41.79,35.0,18.0,51.43,32.0,10.0,31.25,10.0,7.0,70.0,18.0,23.0,41.0,11.0,1.0,22.0,12.0,22.0,reverse
2022_0312_214_134,2022-03-12T00:00:00+00:00,Medi Bayreuth,134,BG Goettingen,214,91,92,visitante,2021-22,0,GvwRZbJ0,73.0,33.0,45.21,44.0,21.0,47.73,29.0,12.0,41.38,20.0,13.0,65.0,11.0,28.0,39.0,17.0,2.0,10.0,6.0,15.0,46.0,37.0,80.43,12.0,30.0,100.0,34.0,7.0,20.59,17.0,11.0,64.7,19.0,33.0,52.0,15.0,2.0,13.0,8.0,19.0,reverse
2022_0312_215_40,2022-03-12T00:00:00+00:00,Basketball Loewen Braunschweig,40,MLP Academics Heidelberg,215,78,81,visitante,2021-22,0,b3SVYIY6,60.0,25.0,41.67,29.0,13.0,44.83,31.0,12.0,38.71,27.0,16.0,59.3,9.0,21.0,30.0,18.0,1.0,14.0,6.0,28.0,54.0,24.0,44.44,29.0,14.0,48.28,25.0,10.0,40.0,29.0,22.0,75.9,8.0,29.0,37.0,18.0,3.0,17.0,7.0,22.0,reverse
2022_0312_41_132,2022-03-12T00:00:00+00:00,Bamberg Baskets,132,MHP Riesen Ludwigsburg,41,76,95,visitante,2021-22,0,xfRZXxlD,50.0,25.0,50.0,27.0,11.0,40.74,23.0,14.0,60.87,20.0,12.0,60.0,5.0,20.0,25.0,12.0,1.0,20.0,5.0,20.0,73.0,36.0,49.32,41.0,29.0,70.73,32.0,7.0,21.88,19.0,16.0,84.2,18.0,24.0,42.0,19.0,1.0,13.0,14.0,19.0,reverse
2022_0312_2745_2315,2022-03-12T00:00:00+00:00,Merlins Crailsheim,2315,FITOne Wuerzburg Baskets,2745,74,91,visitante,2021-22,0,Q9KHdMQD,62.0,27.0,43.55,28.0,19.0,67.86,34.0,8.0,23.53,14.0,10.0,71.4,6.0,17.0,23.0,17.0,4.0,10.0,10.0,24.0,56.0,32.0,57.14,36.0,24.0,66.67,20.0,8.0,40.0,25.0,19.0,76.0,12.0,33.0,45.0,20.0,0.0,15.0,4.0,20.0,reverse
2022_0313_133_10,2022-03-13T00:00:00+00:00,ALBA Berlin,10,46ers Giessen,133,84,58,local,2021-22,0,I7adkvJm,62.0,36.0,58.06,36.0,26.0,72.22,26.0,10.0,38.46,9.0,6.0,66.7,6.0,30.0,36.0,27.0,5.0,15.0,6.0,9.0,62.0,21.0,33.87,39.0,11.0,28.21,23.0,10.0,43.48,7.0,6.0,85.7,10.0,20.0,30.0,15.0,1.0,20.0,9.0,15.0,reverse
2022_0313_1634_1791,2022-03-13T00:00:00+00:00,NINERS Chemnitz,1791,EWE Baskets Oldenburg,1634,87,92,visitante,2021-22,0,Op0hjK3s,65.0,30.0,46.15,39.0,20.0,51.28,26.0,10.0,38.46,21.0,17.0,81.0,10.0,26.0,36.0,17.0,5.0,15.0,8.0,23.0,67.0,31.0,46.27,36.0,19.0,52.78,31.0,12.0,38.71,23.0,18.0,78.3,9.0,24.0,33.0,18.0,4.0,13.0,9.0,22.0,reverse
2022_0313_450_3361,2022-03-13T00:00:00+00:00,Fraport Skyliners Frankfurt,3361,SYNTAINICS MBC Weissenfels,450,75,81,visitante,2021-22,0,nP8Qf0eQ,66.0,28.0,42.42,48.0,23.0,47.92,18.0,5.0,27.78,17.0,14.0,82.4,12.0,26.0,38.0,17.0,3.0,13.0,5.0,20.0,61.0,28.0,45.9,40.0,18.0,45.0,21.0,10.0,47.62,17.0,15.0,88.2,7.0,27.0,34.0,15.0,7.0,11.0,6.0,20.0,reverse
2022_0316_3361_2745,2022-03-16T00:00:00+00:00,FITOne Wuerzburg Baskets,2745,Fraport Skyliners Frankfurt,3361,69,61,local,2021-22,0,dx3h6Hyk,57.0,24.0,42.11,40.0,18.0,45.0,17.0,6.0,35.29,23.0,15.0,65.2,11.0,33.0,44.0,13.0,1.0,17.0,10.0,18.0,67.0,21.0,31.34,32.0,13.0,40.63,35.0,8.0,22.86,14.0,11.0,78.6,13.0,25.0,38.0,17.0,4.0,14.0,6.0,19.0,reverse
2022_0316_10_40,2022-03-16T00:00:00+00:00,Basketball Loewen Braunschweig,40,ALBA Berlin,10,80,95,visitante,2021-22,0,8nD1bNv4,63.0,27.0,42.86,38.0,15.0,39.47,25.0,12.0,48.0,18.0,14.0,77.8,11.0,21.0,32.0,20.0,1.0,18.0,5.0,21.0,62.0,33.0,53.23,34.0,19.0,55.88,28.0,14.0,50.0,17.0,15.0,88.2,6.0,27.0,33.0,22.0,5.0,15.0,8.0,17.0,reverse
2022_0317_450_133,2022-03-17T00:00:00+00:00,46ers Giessen,133,SYNTAINICS MBC Weissenfels,450,89,91,visitante,2021-22,0,0nXEJRB5,67.0,31.0,46.27,40.0,17.0,42.5,27.0,14.0,51.85,23.0,13.0,56.5,15.0,23.0,38.0,20.0,2.0,13.0,6.0,15.0,59.0,33.0,55.93,38.0,23.0,60.53,21.0,10.0,47.62,21.0,15.0,71.4,7.0,26.0,33.0,17.0,6.0,13.0,9.0,23.0,reverse
2022_0318_1510_134,2022-03-18T00:00:00+00:00,Medi Bayreuth,134,Telekom Baskets Bonn,1510,65,86,visitante,2021-22,0,dbb0lbYg,54.0,23.0,42.59,32.0,16.0,50.0,22.0,7.0,31.82,16.0,12.0,75.0,3.0,29.0,32.0,9.0,0.0,18.0,4.0,16.0,68.0,30.0,44.12,29.0,16.0,55.17,39.0,14.0,35.9,15.0,12.0,80.0,9.0,28.0,37.0,22.0,3.0,11.0,10.0,22.0,reverse
2022_0319_1634_214,2022-03-19T00:00:00+00:00,BG Goettingen,214,EWE Baskets Oldenburg,1634,85,86,visitante,2021-22,0,AyX8pGXI,67.0,31.0,46.27,46.0,24.0,52.17,21.0,7.0,33.33,17.0,16.0,94.1,8.0,26.0,34.0,13.0,5.0,14.0,6.0,22.0,70.0,34.0,48.57,50.0,30.0,60.0,20.0,4.0,20.0,21.0,14.0,66.7,13.0,28.0,41.0,16.0,5.0,15.0,7.0,23.0,reverse
2022_0319_2745_215,2022-03-19T00:00:00+00:00,MLP Academics Heidelberg,215,FITOne Wuerzburg Baskets,2745,77,97,visitante,2021-22,0,dYS4odIC,57.0,24.0,42.11,28.0,18.0,64.29,29.0,6.0,20.69,24.0,23.0,95.8,8.0,27.0,35.0,14.0,1.0,16.0,7.0,32.0,62.0,30.0,48.39,40.0,22.0,55.0,22.0,8.0,36.36,36.0,29.0,80.6,11.0,24.0,35.0,19.0,3.0,11.0,6.0,22.0,reverse
2022_0319_19629_41,2022-03-19T00:00:00+00:00,MHP Riesen Ludwigsburg,41,Veolia Towers Hamburg,19629,79,75,local,2021-22,0,rP1N3wYt,61.0,30.0,49.18,41.0,21.0,51.22,20.0,9.0,45.0,16.0,10.0,62.5,11.0,18.0,29.0,13.0,3.0,12.0,9.0,18.0,61.0,28.0,45.9,33.0,19.0,57.58,28.0,9.0,32.14,15.0,10.0,66.7,15.0,23.0,38.0,21.0,1.0,16.0,9.0,20.0,reverse
2022_0320_132_450,2022-03-20T00:00:00+00:00,SYNTAINICS MBC Weissenfels,450,Bamberg Baskets,132,78,87,visitante,2021-22,0,jX9e8JPP,57.0,27.0,47.37,28.0,18.0,64.29,29.0,9.0,31.03,17.0,15.0,88.2,5.0,27.0,32.0,17.0,1.0,16.0,5.0,26.0,67.0,29.0,43.28,42.0,21.0,50.0,25.0,8.0,32.0,29.0,21.0,72.4,14.0,22.0,36.0,15.0,1.0,8.0,9.0,19.0,reverse
2022_0320_40_3361,2022-03-20T00:00:00+00:00,Fraport Skyliners Frankfurt,3361,Basketball Loewen Braunschweig,40,72,67,local,2021-22,0,MF0R2cmm,51.0,23.0,45.1,31.0,18.0,58.06,20.0,5.0,25.0,29.0,21.0,72.4,3.0,24.0,27.0,17.0,1.0,13.0,8.0,18.0,51.0,23.0,45.1,26.0,13.0,50.0,25.0,10.0,40.0,13.0,11.0,84.6,5.0,27.0,32.0,19.0,3.0,22.0,5.0,29.0,reverse
2022_0323_214_215,2022-03-23T00:00:00+00:00,MLP Academics Heidelberg,215,BG Goettingen,214,82,70,local,2021-22,0,lWRVJz6l,59.0,31.0,52.54,37.0,27.0,72.97,22.0,4.0,18.18,21.0,14.0,66.7,8.0,27.0,35.0,16.0,3.0,11.0,5.0,19.0,62.0,25.0,40.32,30.0,18.0,60.0,32.0,7.0,21.88,15.0,11.0,73.3,10.0,24.0,34.0,12.0,0.0,15.0,4.0,20.0,reverse
2022_0323_134_1634,2022-03-23T00:00:00+00:00,EWE Baskets Oldenburg,1634,Medi Bayreuth,134,74,71,local,2021-22,0,EiK8kYft,69.0,27.0,39.13,41.0,20.0,48.78,28.0,7.0,25.0,15.0,13.0,86.7,14.0,32.0,46.0,16.0,5.0,15.0,9.0,19.0,61.0,25.0,40.98,43.0,22.0,51.16,18.0,3.0,16.67,24.0,18.0,75.0,7.0,29.0,36.0,18.0,2.0,10.0,4.0,17.0,reverse
2022_0324_1791_19629,2022-03-24T00:00:00+00:00,Veolia Towers Hamburg,19629,NINERS Chemnitz,1791,89,85,local,2021-22,0,84WheRnU,65.0,30.0,46.15,28.0,21.0,75.0,37.0,9.0,24.32,26.0,20.0,76.9,13.0,24.0,37.0,21.0,0.0,12.0,7.0,20.0,61.0,28.0,45.9,26.0,16.0,61.54,35.0,12.0,34.29,20.0,17.0,85.0,12.0,25.0,37.0,18.0,3.0,15.0,6.0,25.0,reverse
2022_0325_3361_127,2022-03-25T00:00:00+00:00,Ratiopharm Ulm,127,Fraport Skyliners Frankfurt,3361,61,58,local,2021-22,0,4vjW1H2g,51.0,22.0,43.14,28.0,14.0,50.0,23.0,8.0,34.78,18.0,9.0,50.0,8.0,24.0,32.0,12.0,0.0,15.0,8.0,16.0,53.0,23.0,43.4,37.0,18.0,48.65,16.0,5.0,31.25,11.0,7.0,63.6,7.0,27.0,34.0,14.0,2.0,15.0,6.0,15.0,reverse
2022_0326_134_132,2022-03-26T00:00:00+00:00,Bamberg Baskets,132,Medi Bayreuth,134,84,71,local,2021-22,0,GEgz1yIa,59.0,32.0,54.24,32.0,20.0,62.5,27.0,12.0,44.44,10.0,8.0,80.0,8.0,23.0,31.0,17.0,3.0,15.0,14.0,20.0,61.0,25.0,40.98,31.0,16.0,51.61,30.0,9.0,30.0,14.0,12.0,85.7,12.0,20.0,32.0,17.0,1.0,17.0,5.0,15.0,reverse
2022_0326_133_1634,2022-03-26T00:00:00+00:00,EWE Baskets Oldenburg,1634,46ers Giessen,133,75,88,visitante,2021-22,0,Aygv0eX5,71.0,27.0,38.03,42.0,20.0,47.62,29.0,7.0,24.14,19.0,14.0,73.7,16.0,23.0,39.0,17.0,3.0,15.0,9.0,24.0,65.0,31.0,47.69,51.0,28.0,54.9,14.0,3.0,21.43,29.0,23.0,79.3,13.0,30.0,43.0,18.0,3.0,17.0,8.0,19.0,reverse
2022_0326_215_19629,2022-03-26T00:00:00+00:00,Veolia Towers Hamburg,19629,MLP Academics Heidelberg,215,100,76,local,2021-22,0,63nmbZ1I,66.0,37.0,56.06,31.0,23.0,74.19,35.0,14.0,40.0,14.0,12.0,85.7,10.0,25.0,35.0,28.0,1.0,16.0,8.0,25.0,51.0,24.0,47.06,33.0,16.0,48.48,18.0,8.0,44.44,25.0,20.0,80.0,4.0,20.0,24.0,18.0,3.0,18.0,8.0,17.0,reverse
2022_0326_450_1510,2022-03-26T00:00:00+00:00,Telekom Baskets Bonn,1510,SYNTAINICS MBC Weissenfels,450,90,85,local,2021-22,0,lSiraFnC,64.0,29.0,45.31,33.0,19.0,57.58,31.0,10.0,32.26,34.0,22.0,64.7,13.0,26.0,39.0,16.0,2.0,10.0,4.0,20.0,65.0,31.0,47.69,38.0,22.0,57.89,27.0,9.0,33.33,21.0,14.0,66.7,11.0,25.0,36.0,16.0,2.0,14.0,7.0,27.0,reverse
2022_0327_219_2315,2022-03-27T00:00:00+00:00,Merlins Crailsheim,2315,FC Bayern Muenchen Basketball,219,64,93,visitante,2021-22,0,pfoicgHO,64.0,22.0,34.38,32.0,17.0,53.13,32.0,5.0,15.63,19.0,15.0,78.9,7.0,17.0,24.0,6.0,1.0,9.0,7.0,14.0,60.0,34.0,56.67,30.0,21.0,70.0,30.0,13.0,43.33,15.0,12.0,80.0,9.0,34.0,43.0,28.0,1.0,14.0,6.0,18.0,reverse
2022_0327_1791_10,2022-03-27T00:00:00+00:00,ALBA Berlin,10,NINERS Chemnitz,1791,64,81,visitante,2021-22,0,bcZYLxfP,59.0,21.0,35.59,29.0,14.0,48.28,30.0,7.0,23.33,21.0,15.0,71.4,21.0,22.0,43.0,15.0,4.0,21.0,5.0,13.0,67.0,35.0,52.24,42.0,28.0,66.67,25.0,7.0,28.0,6.0,4.0,66.7,9.0,19.0,28.0,21.0,2.0,12.0,16.0,24.0,reverse
2022_0327_214_2745,2022-03-27T00:00:00+00:00,FITOne Wuerzburg Baskets,2745,BG Goettingen,214,89,76,local,2021-22,0,IsG5GGHn,58.0,32.0,55.17,39.0,26.0,66.67,19.0,6.0,31.58,26.0,19.0,73.1,8.0,28.0,36.0,21.0,1.0,10.0,5.0,22.0,67.0,25.0,37.31,35.0,13.0,37.14,32.0,12.0,37.5,20.0,14.0,70.0,17.0,21.0,38.0,15.0,3.0,9.0,4.0,24.0,reverse
2022_0327_41_40,2022-03-27T00:00:00+00:00,Basketball Loewen Braunschweig,40,MHP Riesen Ludwigsburg,41,72,90,visitante,2021-22,0,zJQ0Hd2t,54.0,22.0,40.74,33.0,13.0,39.39,21.0,9.0,42.86,32.0,19.0,59.4,11.0,27.0,38.0,14.0,3.0,22.0,7.0,21.0,77.0,33.0,42.86,38.0,19.0,50.0,39.0,14.0,35.9,16.0,10.0,62.5,18.0,24.0,42.0,23.0,1.0,11.0,14.0,22.0,reverse
2022_0329_215_3361,2022-03-29T00:00:00+00:00,Fraport Skyliners Frankfurt,3361,MLP Academics Heidelberg,215,65,71,visitante,2021-22,0,xS4IfuvT,57.0,25.0,43.86,38.0,22.0,57.89,19.0,3.0,15.79,19.0,12.0,63.2,14.0,21.0,35.0,9.0,4.0,15.0,9.0,24.0,57.0,24.0,42.11,28.0,13.0,46.43,29.0,11.0,37.93,18.0,12.0,66.7,13.0,21.0,34.0,8.0,1.0,13.0,8.0,23.0,reverse
2022_0329_132_2315,2022-03-29T00:00:00+00:00,Merlins Crailsheim,2315,Bamberg Baskets,132,81,91,visitante,2021-22,0,pIHIgvhq,70.0,28.0,40.0,34.0,16.0,47.06,36.0,12.0,33.33,17.0,13.0,76.5,11.0,22.0,33.0,9.0,3.0,10.0,7.0,21.0,72.0,35.0,48.61,47.0,29.0,61.7,25.0,6.0,24.0,21.0,15.0,71.4,18.0,33.0,51.0,18.0,0.0,13.0,5.0,23.0,reverse
2022_0330_41_450,2022-03-30T00:00:00+00:00,SYNTAINICS MBC Weissenfels,450,MHP Riesen Ludwigsburg,41,75,77,visitante,2021-22,0,tQxdQxTK,57.0,26.0,45.61,36.0,19.0,52.78,21.0,7.0,33.33,19.0,16.0,84.2,10.0,29.0,39.0,23.0,1.0,19.0,5.0,14.0,72.0,31.0,43.06,44.0,22.0,50.0,28.0,9.0,32.14,8.0,6.0,75.0,12.0,21.0,33.0,17.0,4.0,11.0,10.0,19.0,reverse
2022_0401_19629_2315,2022-04-01T00:00:00+00:00,Merlins Crailsheim,2315,Veolia Towers Hamburg,19629,63,113,visitante,2021-22,0,dYE9FzXh,50.0,20.0,40.0,22.0,12.0,54.55,28.0,8.0,28.57,21.0,15.0,71.4,6.0,14.0,20.0,15.0,0.0,17.0,5.0,23.0,67.0,40.0,59.7,40.0,29.0,72.5,27.0,11.0,40.74,26.0,22.0,84.6,15.0,24.0,39.0,33.0,3.0,9.0,10.0,24.0,reverse
2022_0402_1510_41,2022-04-02T00:00:00+00:00,MHP Riesen Ludwigsburg,41,Telekom Baskets Bonn,1510,88,97,visitante,2021-22,0,4bEDEfna,73.0,33.0,45.21,52.0,27.0,51.92,21.0,6.0,28.57,24.0,16.0,66.7,16.0,19.0,35.0,20.0,2.0,6.0,5.0,21.0,67.0,32.0,47.76,29.0,16.0,55.17,38.0,16.0,42.11,27.0,17.0,63.0,18.0,27.0,45.0,15.0,2.0,13.0,4.0,20.0,reverse
2022_0402_215_133,2022-04-02T00:00:00+00:00,46ers Giessen,133,MLP Academics Heidelberg,215,81,95,visitante,2021-22,0,QD2MCYGB,65.0,29.0,44.62,39.0,20.0,51.28,26.0,9.0,34.62,16.0,14.0,87.5,12.0,22.0,34.0,16.0,4.0,15.0,4.0,28.0,62.0,31.0,50.0,39.0,23.0,58.97,23.0,8.0,34.78,32.0,25.0,78.1,12.0,24.0,36.0,12.0,0.0,10.0,7.0,19.0,reverse
2022_0402_127_450,2022-04-02T00:00:00+00:00,SYNTAINICS MBC Weissenfels,450,Ratiopharm Ulm,127,82,83,visitante,2021-22,0,rkDHDE15,60.0,31.0,51.67,31.0,19.0,61.29,29.0,12.0,41.38,11.0,8.0,72.7,5.0,23.0,28.0,20.0,2.0,13.0,5.0,17.0,60.0,32.0,53.33,39.0,24.0,61.54,21.0,8.0,38.1,13.0,11.0,84.6,6.0,25.0,31.0,16.0,2.0,10.0,7.0,16.0,reverse
2022_0402_1634_219,2022-04-02T00:00:00+00:00,FC Bayern Muenchen Basketball,219,EWE Baskets Oldenburg,1634,75,106,visitante,2021-22,0,Yw6UACoO,64.0,22.0,34.38,34.0,12.0,35.29,30.0,10.0,33.33,25.0,21.0,84.0,19.0,22.0,41.0,17.0,2.0,19.0,4.0,16.0,69.0,40.0,57.97,32.0,20.0,62.5,37.0,20.0,54.05,11.0,6.0,54.5,8.0,24.0,32.0,26.0,6.0,12.0,14.0,22.0,reverse
2022_0403_132_3361,2022-04-03T00:00:00+00:00,Fraport Skyliners Frankfurt,3361,Bamberg Baskets,132,72,75,visitante,2021-22,0,vH6QBhWH,50.0,22.0,44.0,28.0,15.0,53.57,22.0,7.0,31.82,26.0,21.0,80.8,5.0,27.0,32.0,14.0,2.0,19.0,9.0,23.0,72.0,27.0,37.5,42.0,20.0,47.62,30.0,7.0,23.33,22.0,14.0,63.6,20.0,25.0,45.0,11.0,0.0,15.0,9.0,22.0,reverse
2022_0403_40_214,2022-04-03T00:00:00+00:00,BG Goettingen,214,Basketball Loewen Braunschweig,40,64,101,visitante,2021-22,0,jezqUZon,58.0,23.0,39.66,32.0,17.0,53.13,26.0,6.0,23.08,17.0,12.0,70.6,6.0,22.0,28.0,16.0,2.0,14.0,8.0,30.0,62.0,29.0,46.77,32.0,13.0,40.63,30.0,16.0,53.33,38.0,27.0,71.1,15.0,29.0,44.0,23.0,1.0,10.0,3.0,19.0,reverse
2022_0403_2745_1791,2022-04-03T00:00:00+00:00,NINERS Chemnitz,1791,FITOne Wuerzburg Baskets,2745,71,81,visitante,2021-22,0,CU4Y9W0U,61.0,30.0,49.18,35.0,26.0,74.29,26.0,4.0,15.38,7.0,7.0,100.0,6.0,24.0,30.0,19.0,2.0,16.0,7.0,21.0,63.0,28.0,44.44,42.0,20.0,47.62,21.0,8.0,38.1,23.0,17.0,73.9,16.0,25.0,41.0,17.0,2.0,14.0,8.0,15.0,reverse
2022_0404_10_134,2022-04-04T00:00:00+00:00,Medi Bayreuth,134,ALBA Berlin,10,53,87,visitante,2021-22,0,C4yuVFWu,64.0,21.0,32.81,41.0,12.0,29.27,23.0,9.0,39.13,4.0,2.0,50.0,14.0,23.0,37.0,12.0,2.0,15.0,5.0,18.0,63.0,31.0,49.21,31.0,21.0,67.74,32.0,10.0,31.25,17.0,15.0,88.2,11.0,30.0,41.0,26.0,6.0,9.0,5.0,9.0,reverse
2022_0406_2315_450,2022-04-06T00:00:00+00:00,SYNTAINICS MBC Weissenfels,450,Merlins Crailsheim,2315,93,90,local,2021-22,0,rTJxdkz3,61.0,34.0,55.74,34.0,22.0,64.71,27.0,12.0,44.44,16.0,13.0,81.3,6.0,26.0,32.0,19.0,1.0,10.0,4.0,20.0,63.0,32.0,50.79,37.0,21.0,56.76,26.0,11.0,42.31,18.0,15.0,83.3,6.0,24.0,30.0,22.0,2.0,7.0,5.0,20.0,reverse
2022_0406_214_3361,2022-04-06T00:00:00+00:00,Fraport Skyliners Frankfurt,3361,BG Goettingen,214,72,76,visitante,2021-22,0,vyujbKqS,58.0,27.0,46.55,36.0,20.0,55.56,22.0,7.0,31.82,18.0,11.0,61.1,7.0,27.0,34.0,15.0,2.0,15.0,9.0,17.0,58.0,26.0,44.83,34.0,17.0,50.0,24.0,9.0,37.5,17.0,15.0,88.2,6.0,28.0,34.0,14.0,2.0,14.0,11.0,23.0,reverse
2022_0408_132_1791,2022-04-08T00:00:00+00:00,NINERS Chemnitz,1791,Bamberg Baskets,132,89,79,local,2021-22,0,pIZnTg1h,56.0,34.0,60.71,23.0,17.0,73.91,33.0,17.0,51.52,16.0,8.0,50.0,9.0,22.0,31.0,15.0,1.0,14.0,6.0,27.0,61.0,28.0,45.9,30.0,15.0,50.0,31.0,13.0,41.94,14.0,10.0,71.4,12.0,18.0,30.0,15.0,1.0,12.0,4.0,23.0,reverse
2022_0409_134_2745,2022-04-09T00:00:00+00:00,FITOne Wuerzburg Baskets,2745,Medi Bayreuth,134,83,77,local,2021-22,0,4ItaQioB,63.0,32.0,50.79,41.0,21.0,51.22,22.0,11.0,50.0,10.0,8.0,80.0,10.0,26.0,36.0,19.0,1.0,11.0,8.0,22.0,65.0,26.0,40.0,32.0,16.0,50.0,33.0,10.0,30.3,21.0,15.0,71.4,16.0,21.0,37.0,18.0,2.0,12.0,7.0,14.0,reverse
2022_0409_2315_215,2022-04-09T00:00:00+00:00,MLP Academics Heidelberg,215,Merlins Crailsheim,2315,72,87,visitante,2021-22,0,Yio3PB0H,56.0,25.0,44.64,37.0,19.0,51.35,19.0,6.0,31.58,19.0,16.0,84.2,5.0,29.0,34.0,13.0,2.0,11.0,5.0,24.0,41.0,30.0,73.17,8.0,18.0,100.0,33.0,12.0,36.36,19.0,15.0,78.9,11.0,28.0,39.0,19.0,1.0,8.0,5.0,20.0,reverse
2022_0409_41_127,2022-04-09T00:00:00+00:00,Ratiopharm Ulm,127,MHP Riesen Ludwigsburg,41,61,74,visitante,2021-22,0,r3hjSDGb,44.0,22.0,50.0,23.0,17.0,73.91,21.0,5.0,23.81,24.0,12.0,50.0,10.0,27.0,37.0,11.0,1.0,22.0,4.0,19.0,65.0,31.0,47.69,36.0,23.0,63.89,29.0,8.0,27.59,10.0,4.0,40.0,13.0,25.0,38.0,16.0,2.0,9.0,13.0,23.0,reverse
2022_0409_1634_40,2022-04-09T00:00:00+00:00,Basketball Loewen Braunschweig,40,EWE Baskets Oldenburg,1634,76,90,visitante,2021-22,0,QRseRXV4,64.0,28.0,43.75,45.0,18.0,40.0,19.0,10.0,52.63,17.0,10.0,58.8,11.0,28.0,39.0,16.0,1.0,18.0,6.0,21.0,67.0,34.0,50.75,26.0,20.0,76.92,41.0,14.0,34.15,13.0,8.0,61.5,13.0,30.0,43.0,26.0,4.0,16.0,8.0,21.0,reverse
2022_0410_3361_1510,2022-04-10T00:00:00+00:00,Telekom Baskets Bonn,1510,Fraport Skyliners Frankfurt,3361,112,96,local,2021-22,0,AH8W7qVq,65.0,43.0,66.15,35.0,25.0,71.43,30.0,18.0,60.0,14.0,8.0,57.1,6.0,22.0,28.0,20.0,1.0,16.0,5.0,16.0,63.0,36.0,57.14,36.0,26.0,72.22,27.0,10.0,37.04,19.0,14.0,73.7,5.0,14.0,19.0,27.0,1.0,13.0,13.0,15.0,reverse
2022_0410_133_219,2022-04-10T00:00:00+00:00,FC Bayern Muenchen Basketball,219,46ers Giessen,133,95,85,local,2021-22,0,htby73pj,69.0,38.0,55.07,51.0,29.0,56.86,18.0,9.0,50.0,11.0,10.0,90.9,17.0,22.0,39.0,18.0,1.0,9.0,4.0,21.0,53.0,32.0,60.38,35.0,22.0,62.86,18.0,10.0,55.56,21.0,11.0,52.4,5.0,14.0,19.0,17.0,0.0,11.0,6.0,14.0,reverse
2022_0410_214_19629,2022-04-10T00:00:00+00:00,Veolia Towers Hamburg,19629,BG Goettingen,214,80,83,visitante,2021-22,0,6q2u6Nad,61.0,28.0,45.9,35.0,22.0,62.86,26.0,6.0,23.08,27.0,18.0,66.7,10.0,21.0,31.0,20.0,1.0,10.0,6.0,23.0,57.0,31.0,54.39,35.0,24.0,68.57,22.0,7.0,31.82,22.0,14.0,63.6,7.0,24.0,31.0,17.0,7.0,14.0,4.0,26.0,reverse
2022_0410_450_10,2022-04-10T00:00:00+00:00,ALBA Berlin,10,SYNTAINICS MBC Weissenfels,450,95,66,local,2021-22,0,KnjNU6xc,71.0,37.0,52.11,37.0,24.0,64.86,34.0,13.0,38.24,11.0,8.0,72.7,13.0,30.0,43.0,27.0,1.0,10.0,8.0,14.0,55.0,25.0,45.45,31.0,18.0,58.06,24.0,7.0,29.17,18.0,9.0,50.0,4.0,21.0,25.0,18.0,0.0,13.0,4.0,17.0,reverse
2022_0412_10_1634,2022-04-12T00:00:00+00:00,EWE Baskets Oldenburg,1634,ALBA Berlin,10,86,92,visitante,2021-22,0,vk6OSp79,72.0,31.0,43.06,40.0,20.0,50.0,32.0,11.0,34.38,18.0,13.0,72.2,9.0,24.0,33.0,19.0,3.0,16.0,16.0,28.0,65.0,33.0,50.77,39.0,23.0,58.97,26.0,10.0,38.46,24.0,16.0,66.7,11.0,34.0,45.0,22.0,1.0,22.0,8.0,17.0,reverse
2022_0412_40_2315,2022-04-12T00:00:00+00:00,Merlins Crailsheim,2315,Basketball Loewen Braunschweig,40,87,84,local,2021-22,0,C24WQOyM,64.0,31.0,48.44,32.0,19.0,59.38,32.0,12.0,37.5,17.0,13.0,76.5,16.0,26.0,42.0,14.0,4.0,17.0,4.0,21.0,68.0,30.0,44.12,43.0,21.0,48.84,25.0,9.0,36.0,23.0,15.0,65.2,14.0,18.0,32.0,15.0,5.0,12.0,8.0,24.0,reverse
2022_0412_127_215,2022-04-12T00:00:00+00:00,MLP Academics Heidelberg,215,Ratiopharm Ulm,127,74,90,visitante,2021-22,0,Iu5SR4MF,57.0,26.0,45.61,35.0,19.0,54.29,22.0,7.0,31.82,17.0,15.0,88.2,7.0,27.0,34.0,14.0,1.0,16.0,4.0,27.0,65.0,31.0,47.69,39.0,21.0,53.85,26.0,10.0,38.46,29.0,18.0,62.1,11.0,24.0,35.0,23.0,3.0,8.0,8.0,20.0,reverse
2022_0413_132_214,2022-04-13T00:00:00+00:00,BG Goettingen,214,Bamberg Baskets,132,87,88,visitante,2021-22,0,I3mFI0q2,61.0,29.0,47.54,34.0,20.0,58.82,27.0,9.0,33.33,28.0,19.0,67.9,8.0,25.0,33.0,13.0,2.0,12.0,7.0,25.0,66.0,31.0,46.97,41.0,24.0,58.54,25.0,7.0,28.0,26.0,17.0,65.4,15.0,26.0,41.0,17.0,1.0,14.0,6.0,28.0,reverse
2022_0413_219_450,2022-04-13T00:00:00+00:00,SYNTAINICS MBC Weissenfels,450,FC Bayern Muenchen Basketball,219,78,86,visitante,2021-22,0,Wno3L2aq,45.0,24.0,53.33,17.0,11.0,64.71,28.0,13.0,46.43,20.0,17.0,85.0,6.0,22.0,28.0,17.0,0.0,17.0,2.0,24.0,60.0,26.0,43.33,31.0,15.0,48.39,29.0,11.0,37.93,27.0,23.0,85.2,13.0,16.0,29.0,17.0,0.0,6.0,8.0,20.0,reverse
2022_0413_134_1791,2022-04-13T00:00:00+00:00,NINERS Chemnitz,1791,Medi Bayreuth,134,83,69,local,2021-22,0,Awp7KMEk,59.0,33.0,55.93,38.0,24.0,63.16,21.0,9.0,42.86,8.0,6.0,75.0,6.0,22.0,28.0,24.0,2.0,10.0,7.0,15.0,55.0,24.0,43.64,27.0,13.0,48.15,28.0,11.0,39.29,10.0,8.0,80.0,10.0,22.0,32.0,18.0,3.0,16.0,4.0,14.0,reverse
2022_0413_1510_133,2022-04-13T00:00:00+00:00,46ers Giessen,133,Telekom Baskets Bonn,1510,72,78,visitante,2021-22,0,Q58zQriS,66.0,29.0,43.94,46.0,25.0,54.35,20.0,4.0,20.0,14.0,10.0,71.4,14.0,27.0,41.0,11.0,3.0,18.0,6.0,19.0,68.0,28.0,41.18,35.0,18.0,51.43,33.0,10.0,30.3,18.0,12.0,66.7,13.0,26.0,39.0,14.0,3.0,11.0,6.0,15.0,reverse
2022_0413_19629_3361,2022-04-13T00:00:00+00:00,Fraport Skyliners Frankfurt,3361,Veolia Towers Hamburg,19629,58,68,visitante,2021-22,0,vDlBJtUe,59.0,25.0,42.37,36.0,23.0,63.89,23.0,2.0,8.7,21.0,6.0,28.6,7.0,20.0,27.0,9.0,1.0,14.0,13.0,17.0,59.0,27.0,45.76,34.0,21.0,61.76,25.0,6.0,24.0,15.0,8.0,53.3,14.0,34.0,48.0,17.0,2.0,24.0,7.0,23.0,reverse
2022_0415_10_127,2022-04-15T00:00:00+00:00,Ratiopharm Ulm,127,ALBA Berlin,10,73,78,visitante,2021-22,0,EsXld7XN,56.0,26.0,46.43,39.0,20.0,51.28,17.0,6.0,35.29,23.0,15.0,65.2,8.0,24.0,32.0,11.0,2.0,16.0,5.0,25.0,59.0,23.0,38.98,34.0,12.0,35.29,25.0,11.0,44.0,27.0,21.0,77.8,15.0,25.0,40.0,19.0,4.0,19.0,4.0,23.0,reverse
2022_0416_40_19629,2022-04-16T00:00:00+00:00,Veolia Towers Hamburg,19629,Basketball Loewen Braunschweig,40,92,79,local,2021-22,0,WrV1t4y9,60.0,33.0,55.0,24.0,17.0,70.83,36.0,16.0,44.44,16.0,10.0,62.5,11.0,26.0,37.0,25.0,3.0,21.0,9.0,22.0,72.0,30.0,41.67,43.0,24.0,55.81,29.0,6.0,20.69,17.0,13.0,76.5,19.0,20.0,39.0,17.0,2.0,18.0,12.0,23.0,reverse
2022_0416_2315_134,2022-04-16T00:00:00+00:00,Medi Bayreuth,134,Merlins Crailsheim,2315,85,90,visitante,2021-22,0,4dT9vr6L,58.0,31.0,53.45,31.0,17.0,54.84,27.0,14.0,51.85,18.0,9.0,50.0,6.0,23.0,29.0,25.0,2.0,11.0,3.0,20.0,65.0,33.0,50.77,41.0,23.0,56.1,24.0,10.0,41.67,18.0,14.0,77.8,10.0,24.0,34.0,22.0,2.0,10.0,5.0,20.0,reverse
2022_0416_133_2745,2022-04-16T00:00:00+00:00,FITOne Wuerzburg Baskets,2745,46ers Giessen,133,110,97,local,2021-22,0,K8RcspM2,65.0,41.0,63.08,49.0,31.0,63.27,16.0,10.0,62.5,20.0,18.0,90.0,8.0,28.0,36.0,24.0,3.0,7.0,2.0,20.0,70.0,36.0,51.43,46.0,25.0,54.35,24.0,11.0,45.83,21.0,14.0,66.7,11.0,17.0,28.0,18.0,3.0,5.0,2.0,14.0,reverse
2022_0416_41_219,2022-04-16T00:00:00+00:00,FC Bayern Muenchen Basketball,219,MHP Riesen Ludwigsburg,41,77,58,local,2021-22,0,I39pYuqk,52.0,26.0,50.0,33.0,16.0,48.48,19.0,10.0,52.63,15.0,15.0,100.0,11.0,27.0,38.0,16.0,2.0,17.0,5.0,22.0,65.0,24.0,36.92,40.0,20.0,50.0,25.0,4.0,16.0,12.0,6.0,50.0,16.0,15.0,31.0,8.0,2.0,11.0,8.0,22.0,reverse
2022_0417_132_127,2022-04-17T00:00:00+00:00,Ratiopharm Ulm,127,Bamberg Baskets,132,114,115,visitante,2021-22,0,Q5U5uOjF,81.0,41.0,50.62,50.0,27.0,54.0,31.0,14.0,45.16,23.0,18.0,78.3,11.0,29.0,40.0,29.0,1.0,15.0,8.0,23.0,84.0,41.0,48.81,50.0,34.0,68.0,34.0,7.0,20.59,31.0,26.0,83.9,17.0,29.0,46.0,24.0,3.0,15.0,6.0,25.0,reverse
2022_0417_214_10,2022-04-17T00:00:00+00:00,ALBA Berlin,10,BG Goettingen,214,92,86,local,2021-22,0,MXNEw2LR,61.0,30.0,49.18,29.0,17.0,58.62,32.0,13.0,40.63,20.0,19.0,95.0,12.0,29.0,41.0,23.0,1.0,15.0,4.0,14.0,68.0,32.0,47.06,36.0,20.0,55.56,32.0,12.0,37.5,12.0,10.0,83.3,8.0,18.0,26.0,15.0,1.0,8.0,8.0,25.0,reverse
2022_0417_450_1791,2022-04-17T00:00:00+00:00,NINERS Chemnitz,1791,SYNTAINICS MBC Weissenfels,450,96,89,local,2021-22,0,OtAtZLTr,62.0,35.0,56.45,34.0,21.0,61.76,28.0,14.0,50.0,18.0,12.0,66.7,8.0,23.0,31.0,19.0,1.0,15.0,5.0,21.0,64.0,34.0,53.13,40.0,23.0,57.5,24.0,11.0,45.83,18.0,10.0,55.6,10.0,24.0,34.0,19.0,1.0,14.0,9.0,20.0,reverse
2022_0418_215_1510,2022-04-18T00:00:00+00:00,Telekom Baskets Bonn,1510,MLP Academics Heidelberg,215,82,71,local,2021-22,0,W6DlXabe,57.0,26.0,45.61,19.0,10.0,52.63,38.0,16.0,42.11,20.0,14.0,70.0,13.0,24.0,37.0,20.0,1.0,12.0,3.0,19.0,58.0,25.0,43.1,36.0,19.0,52.78,22.0,6.0,27.27,17.0,15.0,88.2,9.0,22.0,31.0,9.0,1.0,8.0,7.0,22.0,reverse
2022_0418_1634_3361,2022-04-18T00:00:00+00:00,Fraport Skyliners Frankfurt,3361,EWE Baskets Oldenburg,1634,88,69,local,2021-22,0,EV2gWJD1,63.0,33.0,52.38,45.0,28.0,62.22,18.0,5.0,27.78,23.0,19.0,82.6,10.0,28.0,38.0,20.0,0.0,15.0,17.0,18.0,57.0,22.0,38.6,27.0,9.0,33.33,30.0,13.0,43.33,16.0,12.0,75.0,9.0,21.0,30.0,14.0,6.0,23.0,8.0,24.0,reverse
2022_0420_133_40,2022-04-20T00:00:00+00:00,Basketball Loewen Braunschweig,40,46ers Giessen,133,82,66,local,2021-22,0,b1miRIDE,65.0,33.0,50.77,45.0,27.0,60.0,20.0,6.0,30.0,16.0,10.0,62.5,13.0,27.0,40.0,23.0,4.0,15.0,6.0,23.0,59.0,22.0,37.29,31.0,17.0,54.84,28.0,5.0,17.86,21.0,17.0,81.0,11.0,21.0,32.0,12.0,4.0,17.0,10.0,23.0,reverse
2022_0420_1791_2745,2022-04-20T00:00:00+00:00,FITOne Wuerzburg Baskets,2745,NINERS Chemnitz,1791,82,88,visitante,2021-22,0,YwbDFLE2,56.0,29.0,51.79,35.0,22.0,62.86,21.0,7.0,33.33,31.0,17.0,54.8,13.0,23.0,36.0,20.0,3.0,19.0,10.0,20.0,67.0,31.0,46.27,38.0,22.0,57.89,29.0,9.0,31.03,19.0,17.0,89.5,12.0,23.0,35.0,17.0,2.0,13.0,7.0,25.0,reverse
2022_0420_2315_10,2022-04-20T00:00:00+00:00,ALBA Berlin,10,Merlins Crailsheim,2315,78,70,local,2021-22,0,6m0yyTtt,66.0,30.0,45.45,34.0,22.0,64.71,32.0,8.0,25.0,12.0,10.0,83.3,18.0,26.0,44.0,25.0,4.0,17.0,6.0,19.0,54.0,24.0,44.44,33.0,18.0,54.55,21.0,6.0,28.57,24.0,16.0,66.7,8.0,21.0,29.0,14.0,2.0,14.0,8.0,19.0,reverse
2022_0422_134_127,2022-04-22T00:00:00+00:00,Ratiopharm Ulm,127,Medi Bayreuth,134,80,73,local,2021-22,0,hM1cVwT7,59.0,29.0,49.15,32.0,20.0,62.5,27.0,9.0,33.33,18.0,13.0,72.2,7.0,24.0,31.0,19.0,2.0,12.0,7.0,18.0,61.0,27.0,44.26,34.0,19.0,55.88,27.0,8.0,29.63,13.0,11.0,84.6,9.0,24.0,33.0,20.0,0.0,15.0,5.0,21.0,reverse
2022_0422_10_132,2022-04-22T00:00:00+00:00,Bamberg Baskets,132,ALBA Berlin,10,57,89,visitante,2021-22,0,YgxWqwr1,74.0,23.0,31.08,46.0,19.0,41.3,28.0,4.0,14.29,19.0,7.0,36.8,22.0,22.0,44.0,16.0,4.0,15.0,6.0,22.0,67.0,34.0,50.75,43.0,23.0,53.49,24.0,11.0,45.83,18.0,10.0,55.6,12.0,36.0,48.0,23.0,5.0,14.0,11.0,16.0,reverse
2022_0423_1791_40,2022-04-23T00:00:00+00:00,Basketball Loewen Braunschweig,40,NINERS Chemnitz,1791,77,68,local,2021-22,0,tdciiLkR,53.0,24.0,45.28,28.0,15.0,53.57,25.0,9.0,36.0,33.0,20.0,60.6,7.0,26.0,33.0,21.0,1.0,21.0,12.0,22.0,55.0,22.0,40.0,27.0,11.0,40.74,28.0,11.0,39.29,21.0,13.0,61.9,10.0,25.0,35.0,21.0,2.0,25.0,10.0,29.0,reverse
2022_0423_215_1634,2022-04-23T00:00:00+00:00,EWE Baskets Oldenburg,1634,MLP Academics Heidelberg,215,95,90,local,2021-22,0,Shgmh1zL,65.0,34.0,52.31,41.0,26.0,63.41,24.0,8.0,33.33,22.0,19.0,86.4,8.0,24.0,32.0,21.0,8.0,14.0,9.0,24.0,64.0,32.0,50.0,46.0,25.0,54.35,18.0,7.0,38.89,23.0,19.0,82.6,6.0,24.0,30.0,14.0,0.0,12.0,9.0,20.0,reverse
2022_0423_41_2315,2022-04-23T00:00:00+00:00,Merlins Crailsheim,2315,MHP Riesen Ludwigsburg,41,75,77,visitante,2021-22,0,pU3rgsLE,65.0,25.0,38.46,41.0,17.0,41.46,24.0,8.0,33.33,20.0,17.0,85.0,12.0,21.0,33.0,16.0,0.0,8.0,3.0,18.0,67.0,31.0,46.27,43.0,26.0,60.47,24.0,5.0,20.83,19.0,10.0,52.6,18.0,28.0,46.0,19.0,3.0,11.0,5.0,21.0,reverse
2022_0423_2745_450,2022-04-23T00:00:00+00:00,SYNTAINICS MBC Weissenfels,450,FITOne Wuerzburg Baskets,2745,86,92,visitante,2021-22,0,6w5vfN58,67.0,32.0,47.76,36.0,21.0,58.33,31.0,11.0,35.48,15.0,11.0,73.3,13.0,21.0,34.0,15.0,0.0,16.0,9.0,24.0,61.0,34.0,55.74,48.0,28.0,58.33,13.0,6.0,46.15,25.0,18.0,72.0,10.0,24.0,34.0,25.0,2.0,16.0,9.0,19.0,reverse
2022_0424_1510_214,2022-04-24T00:00:00+00:00,BG Goettingen,214,Telekom Baskets Bonn,1510,76,78,visitante,2021-22,0,bypJnubr,66.0,26.0,39.39,39.0,20.0,51.28,27.0,6.0,22.22,19.0,18.0,94.7,12.0,23.0,35.0,11.0,2.0,8.0,7.0,30.0,59.0,27.0,45.76,31.0,20.0,64.52,28.0,7.0,25.0,26.0,17.0,65.4,14.0,27.0,41.0,22.0,2.0,13.0,2.0,23.0,reverse
2022_0424_3361_133,2022-04-24T00:00:00+00:00,46ers Giessen,133,Fraport Skyliners Frankfurt,3361,76,75,local,2021-22,0,f3wSpJSf,63.0,28.0,44.44,37.0,20.0,54.05,26.0,8.0,30.77,17.0,12.0,70.6,12.0,27.0,39.0,15.0,0.0,13.0,2.0,16.0,78.0,30.0,38.46,47.0,24.0,51.06,31.0,6.0,19.35,12.0,9.0,75.0,18.0,27.0,45.0,16.0,1.0,8.0,6.0,17.0,reverse
2022_0424_19629_219,2022-04-24T00:00:00+00:00,FC Bayern Muenchen Basketball,219,Veolia Towers Hamburg,19629,83,87,visitante,2021-22,0,xSrNoaDl,68.0,31.0,45.59,36.0,23.0,63.89,32.0,8.0,25.0,15.0,13.0,86.7,19.0,21.0,40.0,20.0,2.0,11.0,6.0,17.0,68.0,33.0,48.53,39.0,20.0,51.28,29.0,13.0,44.83,12.0,8.0,66.7,13.0,20.0,33.0,23.0,1.0,7.0,8.0,20.0,reverse
2022_0426_2745_41,2022-04-26T00:00:00+00:00,MHP Riesen Ludwigsburg,41,FITOne Wuerzburg Baskets,2745,86,92,visitante,2021-22,0,bwkRTQi3,66.0,30.0,45.45,41.0,24.0,58.54,25.0,6.0,24.0,26.0,20.0,76.9,14.0,25.0,39.0,12.0,1.0,14.0,8.0,20.0,64.0,33.0,51.56,44.0,27.0,61.36,20.0,6.0,30.0,23.0,20.0,87.0,8.0,25.0,33.0,20.0,1.0,13.0,10.0,19.0,reverse
2022_0426_2315_214,2022-04-26T00:00:00+00:00,BG Goettingen,214,Merlins Crailsheim,2315,80,86,visitante,2021-22,0,WhQbN9Ct,66.0,24.0,36.36,36.0,14.0,38.89,30.0,10.0,33.33,28.0,20.0,71.4,13.0,20.0,33.0,15.0,0.0,12.0,12.0,21.0,52.0,30.0,57.69,31.0,21.0,67.74,21.0,9.0,42.86,20.0,17.0,85.0,5.0,27.0,32.0,12.0,3.0,22.0,7.0,25.0,reverse
2022_0427_10_19629,2022-04-27T00:00:00+00:00,Veolia Towers Hamburg,19629,ALBA Berlin,10,81,96,visitante,2021-22,0,lMMU4vKQ,72.0,32.0,44.44,45.0,23.0,51.11,27.0,9.0,33.33,9.0,8.0,88.9,15.0,23.0,38.0,22.0,0.0,14.0,6.0,23.0,69.0,32.0,46.38,41.0,21.0,51.22,28.0,11.0,39.29,24.0,21.0,87.5,15.0,26.0,41.0,25.0,5.0,10.0,6.0,12.0,reverse
2022_0428_134_41,2022-04-28T00:00:00+00:00,MHP Riesen Ludwigsburg,41,Medi Bayreuth,134,93,87,local,2021-22,0,SGyzqcc7,64.0,34.0,53.13,39.0,24.0,61.54,25.0,10.0,40.0,21.0,15.0,71.4,4.0,20.0,24.0,19.0,3.0,5.0,15.0,23.0,59.0,25.0,42.37,32.0,13.0,40.63,27.0,12.0,44.44,26.0,25.0,96.2,14.0,29.0,43.0,20.0,1.0,18.0,2.0,18.0,reverse
2022_0429_2315_3361,2022-04-29T00:00:00+00:00,Fraport Skyliners Frankfurt,3361,Merlins Crailsheim,2315,81,70,local,2021-22,0,Ygb1aIsl,57.0,28.0,49.12,35.0,20.0,57.14,22.0,8.0,36.36,21.0,17.0,81.0,5.0,31.0,36.0,16.0,5.0,14.0,9.0,17.0,62.0,24.0,38.71,35.0,15.0,42.86,27.0,9.0,33.33,15.0,13.0,86.7,7.0,26.0,33.0,18.0,1.0,14.0,10.0,23.0,reverse
2022_0429_133_1791,2022-04-29T00:00:00+00:00,NINERS Chemnitz,1791,46ers Giessen,133,91,70,local,2021-22,0,nc25bxcf,68.0,36.0,52.94,35.0,20.0,57.14,33.0,16.0,48.48,5.0,3.0,60.0,7.0,32.0,39.0,30.0,4.0,20.0,8.0,15.0,74.0,26.0,35.14,45.0,19.0,42.22,29.0,7.0,24.14,13.0,11.0,84.6,16.0,23.0,39.0,17.0,3.0,19.0,9.0,12.0,reverse
2022_0429_215_132,2022-04-29T00:00:00+00:00,Bamberg Baskets,132,MLP Academics Heidelberg,215,94,81,local,2021-22,0,tK19cdC0,67.0,36.0,53.73,41.0,26.0,63.41,26.0,10.0,38.46,17.0,12.0,70.6,11.0,26.0,37.0,30.0,1.0,12.0,6.0,25.0,57.0,25.0,43.86,34.0,15.0,44.12,23.0,10.0,43.48,25.0,21.0,84.0,5.0,20.0,25.0,15.0,0.0,10.0,6.0,21.0,reverse
2022_0429_1634_2745,2022-04-29T00:00:00+00:00,FITOne Wuerzburg Baskets,2745,EWE Baskets Oldenburg,1634,87,113,visitante,2021-22,0,jV8d0bSs,74.0,35.0,47.3,47.0,29.0,61.7,27.0,6.0,22.22,11.0,11.0,100.0,11.0,30.0,41.0,21.0,1.0,19.0,4.0,7.0,89.0,47.0,52.81,45.0,31.0,68.89,44.0,16.0,36.36,4.0,3.0,75.0,12.0,25.0,37.0,31.0,2.0,7.0,14.0,13.0,reverse
2022_0429_450_40,2022-04-29T00:00:00+00:00,Basketball Loewen Braunschweig,40,SYNTAINICS MBC Weissenfels,450,79,91,visitante,2021-22,0,KnIQ5K4K,66.0,30.0,45.45,36.0,20.0,55.56,30.0,10.0,33.33,22.0,9.0,40.9,13.0,22.0,35.0,19.0,2.0,15.0,7.0,23.0,60.0,31.0,51.67,29.0,15.0,51.72,31.0,16.0,51.61,21.0,13.0,61.9,8.0,28.0,36.0,17.0,4.0,14.0,8.0,26.0,reverse
2022_0429_127_1510,2022-04-29T00:00:00+00:00,Telekom Baskets Bonn,1510,Ratiopharm Ulm,127,85,74,local,2021-22,0,tdJM60kE,60.0,31.0,51.67,14.0,14.0,100.0,46.0,17.0,36.96,7.0,6.0,85.7,15.0,27.0,42.0,18.0,0.0,11.0,4.0,30.0,58.0,20.0,34.48,38.0,15.0,39.47,20.0,5.0,25.0,37.0,29.0,78.4,12.0,30.0,42.0,10.0,4.0,11.0,2.0,18.0,reverse
2022_0501_10_215,2022-05-01T00:00:00+00:00,MLP Academics Heidelberg,215,ALBA Berlin,10,70,110,visitante,2021-22,0,YXOtbT2B,61.0,25.0,40.98,44.0,17.0,38.64,17.0,8.0,47.06,16.0,12.0,75.0,9.0,17.0,26.0,10.0,3.0,18.0,9.0,22.0,67.0,39.0,58.21,32.0,21.0,65.63,35.0,18.0,51.43,16.0,14.0,87.5,12.0,29.0,41.0,36.0,7.0,13.0,7.0,16.0,reverse
2022_0501_132_40,2022-05-01T00:00:00+00:00,Basketball Loewen Braunschweig,40,Bamberg Baskets,132,68,84,visitante,2021-22,0,0MHAezsD,64.0,25.0,39.06,41.0,17.0,41.46,23.0,8.0,34.78,18.0,10.0,55.6,15.0,23.0,38.0,13.0,2.0,17.0,9.0,25.0,64.0,30.0,46.88,36.0,20.0,55.56,28.0,10.0,35.71,20.0,14.0,70.0,12.0,27.0,39.0,21.0,1.0,14.0,12.0,18.0,reverse
2022_0501_219_2745,2022-05-01T00:00:00+00:00,FITOne Wuerzburg Baskets,2745,FC Bayern Muenchen Basketball,219,57,92,visitante,2021-22,0,fsQxa9m5,58.0,24.0,41.38,41.0,20.0,48.78,17.0,4.0,23.53,7.0,5.0,71.4,7.0,21.0,28.0,17.0,0.0,19.0,5.0,14.0,61.0,33.0,54.1,30.0,19.0,63.33,31.0,14.0,45.16,16.0,12.0,75.0,10.0,27.0,37.0,24.0,2.0,10.0,10.0,15.0,reverse
2022_0501_1791_1510,2022-05-01T00:00:00+00:00,Telekom Baskets Bonn,1510,NINERS Chemnitz,1791,68,90,visitante,2021-22,0,KA0DdGR6,58.0,21.0,36.21,29.0,12.0,41.38,29.0,9.0,31.03,25.0,17.0,68.0,18.0,18.0,36.0,13.0,4.0,17.0,8.0,19.0,67.0,31.0,46.27,32.0,18.0,56.25,35.0,13.0,37.14,15.0,15.0,100.0,17.0,19.0,36.0,22.0,4.0,11.0,7.0,25.0,reverse
2022_0501_3361_134,2022-05-01T00:00:00+00:00,Medi Bayreuth,134,Fraport Skyliners Frankfurt,3361,70,82,visitante,2021-22,0,Q7LYakYb,54.0,26.0,48.15,22.0,13.0,59.09,32.0,13.0,40.63,6.0,5.0,83.3,13.0,25.0,38.0,22.0,3.0,17.0,9.0,18.0,57.0,29.0,50.88,33.0,17.0,51.52,24.0,12.0,50.0,18.0,12.0,66.7,5.0,22.0,27.0,17.0,1.0,13.0,8.0,15.0,reverse
2022_0501_214_133,2022-05-01T00:00:00+00:00,46ers Giessen,133,BG Goettingen,214,90,87,local,2021-22,0,4hXP1B3n,65.0,32.0,49.23,39.0,20.0,51.28,26.0,12.0,46.15,19.0,14.0,73.7,11.0,26.0,37.0,18.0,5.0,14.0,5.0,19.0,68.0,34.0,50.0,38.0,22.0,57.89,30.0,12.0,40.0,12.0,7.0,58.3,10.0,25.0,35.0,18.0,2.0,10.0,6.0,21.0,reverse
2022_0501_41_1634,2022-05-01T00:00:00+00:00,EWE Baskets Oldenburg,1634,MHP Riesen Ludwigsburg,41,102,86,local,2021-22,0,jkTL2ilt,57.0,32.0,56.14,23.0,17.0,73.91,34.0,15.0,44.12,27.0,22.0,81.5,2.0,32.0,34.0,21.0,2.0,13.0,9.0,14.0,83.0,35.0,42.17,48.0,24.0,50.0,35.0,11.0,31.43,11.0,5.0,45.5,17.0,26.0,43.0,15.0,1.0,12.0,8.0,23.0,reverse
2022_0501_450_19629,2022-05-01T00:00:00+00:00,Veolia Towers Hamburg,19629,SYNTAINICS MBC Weissenfels,450,101,57,local,2021-22,0,nHMU0VIh,71.0,39.0,54.93,42.0,27.0,64.29,29.0,12.0,41.38,20.0,11.0,55.0,17.0,36.0,53.0,28.0,3.0,13.0,6.0,20.0,57.0,20.0,35.09,26.0,14.0,53.85,31.0,6.0,19.35,25.0,11.0,44.0,9.0,19.0,28.0,15.0,3.0,13.0,7.0,21.0,reverse
2022_0501_127_2315,2022-05-01T00:00:00+00:00,Merlins Crailsheim,2315,Ratiopharm Ulm,127,90,100,visitante,2021-22,0,vDGEffdJ,76.0,34.0,44.74,39.0,20.0,51.28,37.0,14.0,37.84,11.0,8.0,72.7,13.0,32.0,45.0,22.0,2.0,14.0,5.0,25.0,72.0,35.0,48.61,52.0,26.0,50.0,20.0,9.0,45.0,26.0,21.0,80.8,10.0,30.0,40.0,17.0,3.0,10.0,9.0,19.0,reverse
2022_0504_10_133,2022-05-04T00:00:00+00:00,46ers Giessen,133,ALBA Berlin,10,80,109,visitante,2021-22,0,O8GMhb7k,58.0,32.0,55.17,38.0,24.0,63.16,20.0,8.0,40.0,15.0,8.0,53.3,7.0,21.0,28.0,16.0,0.0,22.0,5.0,15.0,73.0,42.0,57.53,41.0,27.0,65.85,32.0,15.0,46.88,12.0,10.0,83.3,10.0,22.0,32.0,37.0,4.0,10.0,15.0,12.0,reverse
2022_0506_127_219,2022-05-06T00:00:00+00:00,FC Bayern Muenchen Basketball,219,Ratiopharm Ulm,127,77,65,local,2021-22,0,40JLettK,63.0,29.0,46.03,37.0,19.0,51.35,26.0,10.0,38.46,10.0,9.0,90.0,9.0,32.0,41.0,19.0,3.0,9.0,5.0,29.0,63.0,24.0,38.1,47.0,19.0,40.43,16.0,5.0,31.25,20.0,12.0,60.0,11.0,26.0,37.0,12.0,3.0,7.0,4.0,19.0,reverse
2022_0507_2315_1791,2022-05-07T00:00:00+00:00,NINERS Chemnitz,1791,Merlins Crailsheim,2315,93,95,visitante,2021-22,0,2BT0nx36,73.0,34.0,46.58,44.0,20.0,45.45,29.0,14.0,48.28,15.0,11.0,73.3,17.0,25.0,42.0,20.0,2.0,13.0,6.0,27.0,62.0,28.0,45.16,30.0,15.0,50.0,32.0,13.0,40.63,34.0,26.0,76.5,11.0,25.0,36.0,22.0,2.0,9.0,7.0,20.0,reverse
2022_0508_127_133,2022-05-08T00:00:00+00:00,46ers Giessen,133,Ratiopharm Ulm,127,71,88,visitante,2021-22,0,OKUdmIm0,59.0,28.0,47.46,33.0,20.0,60.61,26.0,8.0,30.77,14.0,7.0,50.0,10.0,25.0,35.0,17.0,1.0,21.0,5.0,12.0,64.0,36.0,56.25,41.0,29.0,70.73,23.0,7.0,30.43,15.0,9.0,60.0,5.0,23.0,28.0,18.0,2.0,12.0,12.0,11.0,reverse
2022_0508_219_214,2022-05-08T00:00:00+00:00,BG Goettingen,214,FC Bayern Muenchen Basketball,219,64,87,visitante,2021-22,0,viuvrHCD,65.0,27.0,41.54,44.0,23.0,52.27,21.0,4.0,19.05,8.0,6.0,75.0,9.0,17.0,26.0,14.0,2.0,12.0,7.0,21.0,60.0,33.0,55.0,38.0,24.0,63.16,22.0,9.0,40.91,18.0,12.0,66.7,11.0,29.0,40.0,21.0,5.0,13.0,8.0,19.0,reverse
2022_0508_132_19629,2022-05-08T00:00:00+00:00,Veolia Towers Hamburg,19629,Bamberg Baskets,132,67,77,visitante,2021-22,0,fkzusM9T,68.0,25.0,36.76,40.0,18.0,45.0,28.0,7.0,25.0,14.0,10.0,71.4,15.0,27.0,42.0,18.0,1.0,16.0,6.0,23.0,62.0,27.0,43.55,32.0,16.0,50.0,30.0,11.0,36.67,15.0,12.0,80.0,11.0,29.0,40.0,17.0,4.0,17.0,5.0,13.0,reverse
2022_0510_219_10,2022-05-10T00:00:00+00:00,ALBA Berlin,10,FC Bayern Muenchen Basketball,219,83,78,local,2021-22,1,CtBi9aAJ,60.0,28.0,46.67,34.0,18.0,52.94,26.0,10.0,38.46,25.0,17.0,68.0,14.0,23.0,37.0,19.0,1.0,15.0,8.0,18.0,56.0,28.0,50.0,33.0,18.0,54.55,23.0,10.0,43.48,13.0,12.0,92.3,5.0,21.0,26.0,19.0,3.0,14.0,5.0,26.0,reverse
2022_0511_41_215,2022-05-11T00:00:00+00:00,MLP Academics Heidelberg,215,MHP Riesen Ludwigsburg,41,83,98,visitante,2021-22,1,UPFYdVKd,55.0,27.0,49.09,37.0,21.0,56.76,18.0,6.0,33.33,33.0,23.0,69.7,7.0,29.0,36.0,14.0,1.0,15.0,6.0,25.0,69.0,33.0,47.83,38.0,20.0,52.63,31.0,13.0,41.94,27.0,19.0,70.4,9.0,26.0,35.0,20.0,3.0,10.0,6.0,23.0,reverse
2022_0513_10_132,2022-05-13T00:00:00+00:00,Bamberg Baskets,132,ALBA Berlin,10,89,114,visitante,2021-22,1,fThkCDcK,71.0,34.0,47.89,46.0,22.0,47.83,25.0,12.0,48.0,16.0,9.0,56.3,10.0,19.0,29.0,20.0,2.0,11.0,5.0,23.0,71.0,40.0,56.34,39.0,25.0,64.1,32.0,15.0,46.88,21.0,19.0,90.5,14.0,28.0,42.0,28.0,2.0,13.0,7.0,15.0,reverse
2022_0513_1510_19629,2022-05-13T00:00:00+00:00,Veolia Towers Hamburg,19629,Telekom Baskets Bonn,1510,98,100,visitante,2021-22,1,GxfoDgrE,74.0,38.0,51.35,38.0,25.0,65.79,36.0,13.0,36.11,14.0,9.0,64.3,17.0,28.0,45.0,20.0,1.0,22.0,6.0,25.0,78.0,34.0,43.59,31.0,17.0,54.84,47.0,17.0,36.17,23.0,15.0,65.2,17.0,20.0,37.0,12.0,1.0,14.0,13.0,21.0,reverse
2022_0513_219_1791,2022-05-13T00:00:00+00:00,NINERS Chemnitz,1791,FC Bayern Muenchen Basketball,219,53,77,visitante,2021-22,1,lOPDF0aO,60.0,22.0,36.67,30.0,16.0,53.33,30.0,6.0,20.0,8.0,3.0,37.5,7.0,19.0,26.0,16.0,1.0,12.0,4.0,27.0,46.0,22.0,47.83,20.0,12.0,60.0,26.0,10.0,38.46,29.0,23.0,79.3,8.0,33.0,41.0,14.0,1.0,20.0,6.0,18.0,reverse
2022_0514_41_127,2022-05-14T00:00:00+00:00,Ratiopharm Ulm,127,MHP Riesen Ludwigsburg,41,99,104,visitante,2021-22,1,QLYhKOpg,70.0,30.0,42.86,52.0,24.0,46.15,18.0,6.0,33.33,41.0,33.0,80.5,18.0,32.0,50.0,17.0,5.0,19.0,6.0,18.0,89.0,39.0,43.82,42.0,25.0,59.52,47.0,14.0,29.79,15.0,12.0,80.0,16.0,25.0,41.0,20.0,3.0,11.0,10.0,32.0,reverse
2022_0515_1510_19629,2022-05-15T00:00:00+00:00,Veolia Towers Hamburg,19629,Telekom Baskets Bonn,1510,81,89,visitante,2021-22,1,GAR5HMUB,59.0,28.0,47.46,28.0,19.0,67.86,31.0,9.0,29.03,29.0,16.0,55.2,8.0,30.0,38.0,20.0,2.0,19.0,7.0,25.0,72.0,29.0,40.28,28.0,18.0,64.29,44.0,11.0,25.0,25.0,20.0,80.0,14.0,28.0,42.0,8.0,2.0,11.0,8.0,23.0,reverse
2022_0515_10_132,2022-05-15T00:00:00+00:00,Bamberg Baskets,132,ALBA Berlin,10,85,97,visitante,2021-22,1,6ufSYNan,71.0,32.0,45.07,46.0,24.0,52.17,25.0,8.0,32.0,19.0,13.0,68.4,12.0,21.0,33.0,21.0,2.0,12.0,4.0,22.0,66.0,31.0,46.97,28.0,16.0,57.14,38.0,15.0,39.47,21.0,20.0,95.2,13.0,30.0,43.0,26.0,2.0,14.0,5.0,22.0,reverse
2022_0515_219_1791,2022-05-15T00:00:00+00:00,NINERS Chemnitz,1791,FC Bayern Muenchen Basketball,219,76,93,visitante,2021-22,1,2RTHEKEU,51.0,25.0,49.02,30.0,20.0,66.67,21.0,5.0,23.81,30.0,21.0,70.0,8.0,22.0,30.0,15.0,2.0,17.0,4.0,21.0,62.0,32.0,51.61,36.0,23.0,63.89,26.0,9.0,34.62,22.0,20.0,90.9,10.0,23.0,33.0,22.0,2.0,10.0,10.0,24.0,reverse
2022_0517_41_127,2022-05-17T00:00:00+00:00,Ratiopharm Ulm,127,MHP Riesen Ludwigsburg,41,77,81,visitante,2021-22,1,KrYdJr0a,54.0,26.0,48.15,36.0,21.0,58.33,18.0,5.0,27.78,29.0,20.0,69.0,6.0,33.0,39.0,10.0,3.0,15.0,5.0,19.0,79.0,31.0,39.24,44.0,22.0,50.0,35.0,9.0,25.71,13.0,10.0,76.9,17.0,23.0,40.0,18.0,1.0,8.0,10.0,23.0,reverse
2022_0519_127_41,2022-05-19T00:00:00+00:00,MHP Riesen Ludwigsburg,41,Ratiopharm Ulm,127,97,79,local,2021-22,1,bZW0I2F5,68.0,39.0,57.35,34.0,24.0,70.59,34.0,15.0,44.12,5.0,4.0,80.0,9.0,23.0,32.0,19.0,1.0,10.0,7.0,18.0,61.0,29.0,47.54,39.0,22.0,56.41,22.0,7.0,31.82,18.0,14.0,77.8,11.0,20.0,31.0,11.0,3.0,12.0,5.0,14.0,reverse
2022_0519_132_10,2022-05-19T00:00:00+00:00,ALBA Berlin,10,Bamberg Baskets,132,103,70,local,2021-22,1,0G8VXsFh,65.0,38.0,58.46,31.0,19.0,61.29,34.0,19.0,55.88,13.0,8.0,61.5,7.0,36.0,43.0,31.0,3.0,14.0,4.0,18.0,68.0,25.0,36.76,38.0,17.0,44.74,30.0,8.0,26.67,19.0,12.0,63.2,10.0,25.0,35.0,13.0,4.0,13.0,9.0,17.0,reverse
2022_0520_19629_1510,2022-05-20T00:00:00+00:00,Telekom Baskets Bonn,1510,Veolia Towers Hamburg,19629,95,88,local,2021-22,1,f1Q9GtpI,68.0,34.0,50.0,36.0,20.0,55.56,32.0,14.0,43.75,18.0,13.0,72.2,15.0,23.0,38.0,12.0,1.0,13.0,10.0,21.0,64.0,33.0,51.56,35.0,21.0,60.0,29.0,12.0,41.38,16.0,10.0,62.5,9.0,22.0,31.0,19.0,2.0,14.0,8.0,17.0,reverse
2022_0520_1791_219,2022-05-20T00:00:00+00:00,FC Bayern Muenchen Basketball,219,NINERS Chemnitz,1791,87,80,local,2021-22,1,SleOZ3pt,60.0,29.0,48.33,35.0,16.0,45.71,25.0,13.0,52.0,20.0,16.0,80.0,10.0,23.0,33.0,17.0,4.0,15.0,8.0,22.0,63.0,27.0,42.86,39.0,20.0,51.28,24.0,7.0,29.17,25.0,19.0,76.0,15.0,25.0,40.0,18.0,2.0,15.0,6.0,21.0,reverse
2022_0527_10_41,2022-05-27T00:00:00+00:00,MHP Riesen Ludwigsburg,41,ALBA Berlin,10,84,89,visitante,2021-22,1,OGM4oKLi,73.0,34.0,46.58,44.0,20.0,45.45,29.0,14.0,48.28,6.0,2.0,33.3,12.0,17.0,29.0,20.0,2.0,9.0,7.0,24.0,65.0,29.0,44.62,32.0,20.0,62.5,33.0,9.0,27.27,28.0,22.0,78.6,20.0,28.0,48.0,19.0,9.0,15.0,7.0,13.0,reverse
2022_0528_1510_219,2022-05-28T00:00:00+00:00,FC Bayern Muenchen Basketball,219,Telekom Baskets Bonn,1510,80,68,local,2021-22,1,6oVNiubd,52.0,28.0,53.85,28.0,21.0,75.0,24.0,7.0,29.17,18.0,17.0,94.4,10.0,32.0,42.0,17.0,4.0,21.0,7.0,21.0,65.0,25.0,38.46,39.0,17.0,43.59,26.0,8.0,30.77,17.0,10.0,58.8,9.0,15.0,24.0,16.0,0.0,11.0,8.0,23.0,reverse
2022_0529_10_41,2022-05-29T00:00:00+00:00,MHP Riesen Ludwigsburg,41,ALBA Berlin,10,76,100,visitante,2021-22,1,GGCEE259,69.0,29.0,42.03,41.0,20.0,48.78,28.0,9.0,32.14,11.0,9.0,81.8,15.0,23.0,38.0,15.0,0.0,12.0,6.0,25.0,62.0,29.0,46.77,32.0,16.0,50.0,30.0,13.0,43.33,35.0,29.0,82.9,13.0,25.0,38.0,29.0,5.0,10.0,6.0,17.0,reverse
2022_0530_1510_219,2022-05-30T00:00:00+00:00,FC Bayern Muenchen Basketball,219,Telekom Baskets Bonn,1510,82,81,local,2021-22,1,KlJ5GOzc,65.0,25.0,38.46,33.0,18.0,54.55,32.0,7.0,21.88,31.0,25.0,80.6,13.0,27.0,40.0,13.0,1.0,11.0,2.0,23.0,60.0,25.0,41.67,37.0,17.0,45.95,23.0,8.0,34.78,28.0,23.0,82.1,8.0,26.0,34.0,13.0,0.0,12.0,5.0,28.0,reverse
2022_0603_41_10,2022-06-03T00:00:00+00:00,ALBA Berlin,10,MHP Riesen Ludwigsburg,41,73,67,local,2021-22,1,f7BIDMKF,66.0,25.0,37.88,32.0,18.0,56.25,34.0,7.0,20.59,17.0,16.0,94.1,17.0,30.0,47.0,14.0,4.0,19.0,4.0,18.0,60.0,25.0,41.67,31.0,21.0,67.74,29.0,4.0,13.79,17.0,13.0,76.5,6.0,24.0,30.0,17.0,2.0,10.0,9.0,21.0,reverse
2022_0604_219_1510,2022-06-04T00:00:00+00:00,Telekom Baskets Bonn,1510,FC Bayern Muenchen Basketball,219,86,84,local,2021-22,1,buI9Frj3,67.0,30.0,44.78,38.0,19.0,50.0,29.0,11.0,37.93,23.0,15.0,65.2,16.0,24.0,40.0,9.0,2.0,10.0,6.0,19.0,71.0,33.0,46.48,42.0,26.0,61.9,29.0,7.0,24.14,15.0,11.0,73.3,12.0,27.0,39.0,18.0,2.0,8.0,5.0,20.0,reverse
2022_0606_219_1510,2022-06-06T00:00:00+00:00,Telekom Baskets Bonn,1510,FC Bayern Muenchen Basketball,219,83,80,local,2021-22,1,KrbBANWA,69.0,31.0,44.93,41.0,22.0,53.66,28.0,9.0,32.14,15.0,12.0,80.0,12.0,21.0,33.0,14.0,1.0,8.0,8.0,27.0,54.0,26.0,48.15,36.0,21.0,58.33,18.0,5.0,27.78,30.0,23.0,76.7,10.0,25.0,35.0,15.0,3.0,14.0,5.0,19.0,reverse
2022_0608_1510_219,2022-06-08T00:00:00+00:00,FC Bayern Muenchen Basketball,219,Telekom Baskets Bonn,1510,87,74,local,2021-22,1,pz3cR7ea,63.0,34.0,53.97,34.0,24.0,70.59,29.0,10.0,34.48,12.0,9.0,75.0,10.0,29.0,39.0,16.0,0.0,7.0,2.0,24.0,55.0,22.0,40.0,23.0,11.0,47.83,32.0,11.0,34.38,24.0,19.0,79.2,5.0,20.0,25.0,14.0,1.0,5.0,2.0,16.0,reverse
2022_0611_10_219,2022-06-11T00:00:00+00:00,FC Bayern Muenchen Basketball,219,ALBA Berlin,10,73,86,visitante,2021-22,1,,,,,,,,,,,,,,,,,,,,,,,,,,,,,,,,,,,,,,,,,,
2022_0614_219_10,2022-06-14T00:00:00+00:00,ALBA Berlin,10,FC Bayern Muenchen Basketball,219,71,58,local,2021-22,1,zPNtsN4S,63.0,29.0,46.03,39.0,23.0,58.97,24.0,6.0,25.0,11.0,7.0,63.6,14.0,26.0,40.0,15.0,5.0,14.0,7.0,11.0,64.0,24.0,37.5,42.0,18.0,42.86,22.0,6.0,27.27,6.0,4.0,66.7,13.0,19.0,32.0,9.0,4.0,13.0,9.0,20.0,reverse
2022_0617_10_219,2022-06-17T00:00:00+00:00,FC Bayern Muenchen Basketball,219,ALBA Berlin,10,90,60,local,2021-22,1,GI59xsDq,70.0,32.0,45.71,44.0,23.0,52.27,26.0,9.0,34.62,19.0,17.0,89.5,15.0,27.0,42.0,18.0,2.0,10.0,8.0,25.0,53.0,19.0,35.85,32.0,17.0,53.13,21.0,2.0,9.52,22.0,20.0,90.9,6.0,21.0,27.0,14.0,4.0,16.0,5.0,20.0,reverse
2022_0619_219_10,2022-06-19T00:00:00+00:00,ALBA Berlin,10,FC Bayern Muenchen Basketball,219,96,81,local,2021-22,1,0zyHoblH,62.0,33.0,53.23,35.0,19.0,54.29,27.0,14.0,51.85,22.0,16.0,72.7,12.0,19.0,31.0,29.0,2.0,12.0,8.0,23.0,49.0,27.0,55.1,31.0,20.0,64.52,18.0,7.0,38.89,24.0,20.0,83.3,5.0,22.0,27.0,11.0,0.0,17.0,5.0,23.0,reverse
2022_0928_10_19629,2022-09-28T00:00:00+00:00,Veolia Towers Hamburg,19629,ALBA Berlin,10,78,81,visitante,2022-23,0,dKo7u37n,63.0,30.0,47.62,40.0,21.0,52.5,23.0,9.0,39.13,14.0,9.0,64.3,8.0,24.0,32.0,20.0,1.0,12.0,5.0,24.0,64.0,29.0,45.31,41.0,21.0,51.22,23.0,8.0,34.78,20.0,15.0,75.0,12.0,25.0,37.0,25.0,3.0,13.0,6.0,15.0,reverse
2022_0930_134_3361,2022-09-30T00:00:00+00:00,Fraport Skyliners Frankfurt,3361,Medi Bayreuth,134,82,83,visitante,2022-23,0,bJSXLQTu,70.0,32.0,45.71,42.0,24.0,57.14,28.0,8.0,28.57,12.0,10.0,83.3,13.0,24.0,37.0,25.0,2.0,16.0,5.0,15.0,72.0,30.0,41.67,37.0,21.0,56.76,35.0,9.0,25.71,15.0,14.0,93.3,15.0,22.0,37.0,13.0,2.0,12.0,7.0,19.0,reverse
2022_1001_219_127,2022-10-01T00:00:00+00:00,Ratiopharm Ulm,127,FC Bayern Muenchen Basketball,219,80,87,visitante,2022-23,0,tlZZteRg,57.0,25.0,43.86,36.0,19.0,52.78,21.0,6.0,28.57,26.0,24.0,92.3,7.0,24.0,31.0,13.0,2.0,7.0,3.0,18.0,63.0,29.0,46.03,34.0,18.0,52.94,29.0,11.0,37.93,21.0,18.0,85.7,11.0,23.0,34.0,16.0,5.0,6.0,3.0,19.0,reverse
2022_1001_19629_450,2022-10-01T00:00:00+00:00,SYNTAINICS MBC Weissenfels,450,Veolia Towers Hamburg,19629,74,91,visitante,2022-23,0,fiwvtFt0,63.0,24.0,38.1,38.0,17.0,44.74,25.0,7.0,28.0,26.0,19.0,73.1,15.0,23.0,38.0,8.0,1.0,20.0,11.0,22.0,71.0,36.0,50.7,47.0,29.0,61.7,24.0,7.0,29.17,23.0,14.0,60.9,16.0,30.0,46.0,23.0,2.0,19.0,10.0,26.0,reverse
2022_1001_2745_1510,2022-10-01T00:00:00+00:00,Telekom Baskets Bonn,1510,FITOne Wuerzburg Baskets,2745,96,71,local,2022-23,0,xGSruZe6,66.0,34.0,51.52,33.0,19.0,57.58,33.0,15.0,45.45,15.0,13.0,86.7,19.0,22.0,41.0,18.0,1.0,15.0,4.0,15.0,58.0,30.0,51.72,47.0,28.0,59.57,11.0,2.0,18.18,9.0,9.0,100.0,6.0,13.0,19.0,14.0,6.0,13.0,10.0,20.0,reverse
2022_1002_132_10,2022-10-02T00:00:00+00:00,ALBA Berlin,10,Bamberg Baskets,132,90,80,local,2022-23,0,OWUfxXuP,69.0,32.0,46.38,37.0,21.0,56.76,32.0,11.0,34.38,22.0,15.0,68.2,12.0,24.0,36.0,24.0,3.0,7.0,6.0,17.0,66.0,30.0,45.45,38.0,22.0,57.89,28.0,8.0,28.57,13.0,12.0,92.3,12.0,25.0,37.0,17.0,2.0,13.0,1.0,22.0,reverse
2022_1002_215_41,2022-10-02T00:00:00+00:00,MHP Riesen Ludwigsburg,41,MLP Academics Heidelberg,215,100,86,local,2022-23,0,ptWjwDQI,61.0,30.0,49.18,26.0,16.0,61.54,35.0,14.0,40.0,27.0,26.0,96.3,7.0,25.0,32.0,14.0,2.0,11.0,6.0,16.0,65.0,33.0,50.77,33.0,18.0,54.55,32.0,15.0,46.88,12.0,5.0,41.7,10.0,23.0,33.0,19.0,1.0,13.0,5.0,23.0,reverse
2022_1002_2315_1634,2022-10-02T00:00:00+00:00,EWE Baskets Oldenburg,1634,Merlins Crailsheim,2315,95,82,local,2022-23,0,S4eyoPqP,66.0,31.0,46.97,36.0,20.0,55.56,30.0,11.0,36.67,25.0,22.0,88.0,14.0,23.0,37.0,19.0,1.0,13.0,9.0,33.0,54.0,26.0,48.15,27.0,16.0,59.26,27.0,10.0,37.04,29.0,20.0,69.0,7.0,21.0,28.0,16.0,4.0,17.0,6.0,24.0,reverse
2022_1003_40_2745,2022-10-03T00:00:00+00:00,FITOne Wuerzburg Baskets,2745,Basketball Loewen Braunschweig,40,89,82,local,2022-23,0,hnuGwsxa,65.0,31.0,47.69,42.0,21.0,50.0,23.0,10.0,43.48,22.0,17.0,77.3,16.0,19.0,35.0,12.0,0.0,12.0,8.0,23.0,57.0,26.0,45.61,29.0,16.0,55.17,28.0,10.0,35.71,30.0,20.0,66.7,15.0,17.0,32.0,18.0,1.0,13.0,4.0,24.0,reverse
2022_1003_3361_219,2022-10-03T00:00:00+00:00,FC Bayern Muenchen Basketball,219,Fraport Skyliners Frankfurt,3361,83,74,local,2022-23,0,zBpBvNMh,60.0,24.0,40.0,28.0,11.0,39.29,32.0,13.0,40.63,24.0,22.0,91.7,15.0,23.0,38.0,15.0,0.0,13.0,8.0,18.0,62.0,27.0,43.55,31.0,14.0,45.16,31.0,13.0,41.94,8.0,7.0,87.5,12.0,22.0,34.0,19.0,6.0,15.0,5.0,25.0,reverse
2022_1004_132_2315,2022-10-04T00:00:00+00:00,Merlins Crailsheim,2315,Bamberg Baskets,132,84,82,local,2022-23,0,WxvKx1i5,70.0,31.0,44.29,40.0,21.0,52.5,30.0,10.0,33.33,20.0,12.0,60.0,13.0,24.0,37.0,10.0,1.0,9.0,8.0,21.0,66.0,30.0,45.45,34.0,21.0,61.76,32.0,9.0,28.13,18.0,13.0,72.2,12.0,29.0,41.0,21.0,1.0,13.0,6.0,20.0,reverse
2022_1005_127_214,2022-10-05T00:00:00+00:00,BG Goettingen,214,Ratiopharm Ulm,127,93,84,local,2022-23,0,v3sSzuMH,74.0,36.0,48.65,39.0,24.0,61.54,35.0,12.0,34.29,13.0,9.0,69.2,9.0,22.0,31.0,20.0,2.0,11.0,6.0,18.0,69.0,32.0,46.38,40.0,24.0,60.0,29.0,8.0,27.59,14.0,12.0,85.7,13.0,30.0,43.0,19.0,3.0,17.0,6.0,19.0,reverse
2022_1005_1634_134,2022-10-05T00:00:00+00:00,Medi Bayreuth,134,EWE Baskets Oldenburg,1634,72,76,visitante,2022-23,0,MRWWZbyO,59.0,27.0,45.76,37.0,19.0,51.35,22.0,8.0,36.36,16.0,10.0,62.5,16.0,25.0,41.0,14.0,3.0,17.0,4.0,19.0,74.0,28.0,37.84,38.0,18.0,47.37,36.0,10.0,27.78,12.0,10.0,83.3,21.0,17.0,38.0,15.0,2.0,10.0,11.0,21.0,reverse
2022_1007_2315_214,2022-10-07T00:00:00+00:00,BG Goettingen,214,Merlins Crailsheim,2315,81,77,local,2022-23,0,UX5pgMyn,67.0,28.0,41.79,33.0,17.0,51.52,34.0,11.0,32.35,16.0,14.0,87.5,9.0,29.0,38.0,8.0,3.0,11.0,5.0,21.0,71.0,29.0,40.85,45.0,24.0,53.33,26.0,5.0,19.23,18.0,14.0,77.8,16.0,29.0,45.0,18.0,4.0,11.0,5.0,19.0,reverse
2022_1008_134_19629,2022-10-08T00:00:00+00:00,Veolia Towers Hamburg,19629,Medi Bayreuth,134,95,79,local,2022-23,0,Cdekhtih,59.0,33.0,55.93,40.0,26.0,65.0,19.0,7.0,36.84,31.0,22.0,71.0,8.0,23.0,31.0,19.0,0.0,13.0,12.0,20.0,66.0,28.0,42.42,32.0,16.0,50.0,34.0,12.0,35.29,14.0,11.0,78.6,16.0,20.0,36.0,13.0,2.0,19.0,9.0,24.0,reverse
2022_1008_2745_450,2022-10-08T00:00:00+00:00,SYNTAINICS MBC Weissenfels,450,FITOne Wuerzburg Baskets,2745,117,113,local,2022-23,0,Qaagi06b,72.0,37.0,51.39,46.0,25.0,54.35,26.0,12.0,46.15,36.0,31.0,86.1,12.0,26.0,38.0,19.0,3.0,19.0,9.0,22.0,86.0,42.0,48.84,61.0,32.0,52.46,25.0,10.0,40.0,22.0,19.0,86.4,17.0,26.0,43.0,17.0,4.0,19.0,13.0,25.0,reverse
2022_1008_1510_132,2022-10-08T00:00:00+00:00,Bamberg Baskets,132,Telekom Baskets Bonn,1510,76,84,visitante,2022-23,0,KMbcjKL4,48.0,26.0,54.17,28.0,17.0,60.71,20.0,9.0,45.0,18.0,15.0,83.3,6.0,21.0,27.0,18.0,5.0,20.0,7.0,20.0,63.0,31.0,49.21,39.0,20.0,51.28,24.0,11.0,45.83,15.0,11.0,73.3,13.0,16.0,29.0,20.0,2.0,14.0,10.0,22.0,reverse
2022_1008_215_3361,2022-10-08T00:00:00+00:00,Fraport Skyliners Frankfurt,3361,MLP Academics Heidelberg,215,90,93,visitante,2022-23,0,xARyLpqn,61.0,33.0,54.1,39.0,26.0,66.67,22.0,7.0,31.82,20.0,17.0,85.0,9.0,23.0,32.0,25.0,5.0,18.0,7.0,25.0,67.0,28.0,41.79,35.0,19.0,54.29,32.0,9.0,28.13,31.0,28.0,90.3,17.0,20.0,37.0,13.0,3.0,13.0,9.0,24.0,reverse
2022_1009_40_41,2022-10-09T00:00:00+00:00,MHP Riesen Ludwigsburg,41,Basketball Loewen Braunschweig,40,80,66,local,2022-23,0,fuiAmI5N,69.0,27.0,39.13,38.0,19.0,50.0,31.0,8.0,25.81,25.0,18.0,72.0,17.0,27.0,44.0,11.0,3.0,16.0,9.0,23.0,58.0,24.0,41.38,37.0,19.0,51.35,21.0,5.0,23.81,19.0,13.0,68.4,11.0,25.0,36.0,12.0,3.0,21.0,7.0,26.0,reverse
2022_1009_1634_10,2022-10-09T00:00:00+00:00,ALBA Berlin,10,EWE Baskets Oldenburg,1634,89,81,local,2022-23,0,bDc1kvyB,59.0,26.0,44.07,34.0,15.0,44.12,25.0,11.0,44.0,32.0,26.0,81.3,14.0,26.0,40.0,16.0,2.0,13.0,5.0,22.0,71.0,30.0,42.25,43.0,23.0,53.49,28.0,7.0,25.0,18.0,14.0,77.8,17.0,20.0,37.0,16.0,2.0,10.0,6.0,30.0,reverse
2022_1009_1774_127,2022-10-09T00:00:00+00:00,Ratiopharm Ulm,127,Rostock Seawolves,1774,80,85,visitante,2022-23,0,Glh6lbjH,63.0,30.0,47.62,45.0,25.0,55.56,18.0,5.0,27.78,20.0,15.0,75.0,11.0,24.0,35.0,19.0,4.0,14.0,7.0,20.0,73.0,31.0,42.47,48.0,22.0,45.83,25.0,9.0,36.0,19.0,14.0,73.7,18.0,23.0,41.0,14.0,2.0,14.0,5.0,20.0,reverse
2022_1009_219_1791,2022-10-09T00:00:00+00:00,NINERS Chemnitz,1791,FC Bayern Muenchen Basketball,219,74,88,visitante,2022-23,0,l2jEnxLT,52.0,22.0,42.31,23.0,12.0,52.17,29.0,10.0,34.48,25.0,20.0,80.0,4.0,24.0,28.0,20.0,3.0,15.0,6.0,20.0,59.0,30.0,50.85,28.0,15.0,53.57,31.0,15.0,48.39,20.0,13.0,65.0,7.0,27.0,34.0,22.0,2.0,14.0,9.0,22.0,reverse
2022_1012_41_1774,2022-10-12T00:00:00+00:00,Rostock Seawolves,1774,MHP Riesen Ludwigsburg,41,102,95,local,2022-23,0,0IVzZIjU,57.0,29.0,50.88,34.0,18.0,52.94,23.0,11.0,47.83,36.0,33.0,91.7,7.0,28.0,35.0,20.0,2.0,12.0,7.0,16.0,73.0,35.0,47.95,33.0,21.0,63.64,40.0,14.0,35.0,12.0,11.0,91.7,9.0,24.0,33.0,15.0,2.0,12.0,4.0,28.0,reverse
2022_1018_1774_40,2022-10-18T00:00:00+00:00,Basketball Loewen Braunschweig,40,Rostock Seawolves,1774,95,110,visitante,2022-23,0,2cn3tqht,87.0,37.0,42.53,57.0,30.0,52.63,30.0,7.0,23.33,26.0,14.0,53.8,20.0,32.0,52.0,27.0,6.0,23.0,6.0,32.0,78.0,34.0,43.59,46.0,23.0,50.0,32.0,11.0,34.38,39.0,31.0,79.5,11.0,31.0,42.0,24.0,6.0,16.0,15.0,23.0,reverse
2022_1021_1634_127,2022-10-21T00:00:00+00:00,Ratiopharm Ulm,127,EWE Baskets Oldenburg,1634,73,81,visitante,2022-23,0,A5durdTp,52.0,24.0,46.15,28.0,18.0,64.29,24.0,6.0,25.0,27.0,19.0,70.4,4.0,26.0,30.0,19.0,3.0,15.0,5.0,18.0,74.0,30.0,40.54,41.0,21.0,51.22,33.0,9.0,27.27,13.0,12.0,92.3,15.0,26.0,41.0,17.0,0.0,14.0,7.0,25.0,reverse
2022_1022_40_1510,2022-10-22T00:00:00+00:00,Telekom Baskets Bonn,1510,Basketball Loewen Braunschweig,40,79,72,local,2022-23,0,CAzO6u6o,63.0,30.0,47.62,39.0,25.0,64.1,24.0,5.0,20.83,15.0,14.0,93.3,9.0,27.0,36.0,13.0,2.0,13.0,6.0,20.0,66.0,26.0,39.39,37.0,19.0,51.35,29.0,7.0,24.14,16.0,13.0,81.3,15.0,24.0,39.0,10.0,2.0,15.0,7.0,22.0,reverse
2022_1022_450_3361,2022-10-22T00:00:00+00:00,Fraport Skyliners Frankfurt,3361,SYNTAINICS MBC Weissenfels,450,79,77,local,2022-23,0,j1ZR5aLi,66.0,29.0,43.94,42.0,24.0,57.14,24.0,5.0,20.83,20.0,16.0,80.0,9.0,26.0,35.0,14.0,3.0,12.0,9.0,21.0,56.0,25.0,44.64,38.0,15.0,39.47,18.0,10.0,55.56,25.0,17.0,68.0,8.0,30.0,38.0,15.0,3.0,16.0,9.0,21.0,reverse
2022_1022_1791_2745,2022-10-22T00:00:00+00:00,FITOne Wuerzburg Baskets,2745,NINERS Chemnitz,1791,86,81,local,2022-23,0,bRxz4wj4,66.0,33.0,50.0,46.0,26.0,56.52,20.0,7.0,35.0,20.0,12.0,60.0,8.0,23.0,31.0,8.0,3.0,10.0,12.0,22.0,62.0,29.0,46.77,34.0,21.0,61.76,28.0,8.0,28.57,21.0,15.0,71.4,14.0,28.0,42.0,21.0,1.0,18.0,7.0,22.0,reverse
2022_1022_19629_219,2022-10-22T00:00:00+00:00,FC Bayern Muenchen Basketball,219,Veolia Towers Hamburg,19629,78,81,visitante,2022-23,0,KzvW4Jzb,69.0,24.0,34.78,31.0,14.0,45.16,38.0,10.0,26.32,27.0,20.0,74.1,16.0,28.0,44.0,16.0,4.0,17.0,7.0,24.0,67.0,29.0,43.28,45.0,24.0,53.33,22.0,5.0,22.73,26.0,18.0,69.2,15.0,31.0,46.0,14.0,1.0,16.0,13.0,24.0,reverse
2022_1023_10_215,2022-10-23T00:00:00+00:00,MLP Academics Heidelberg,215,ALBA Berlin,10,70,78,visitante,2022-23,0,tjSv3c5A,70.0,26.0,37.14,36.0,15.0,41.67,34.0,11.0,32.35,11.0,7.0,63.6,14.0,22.0,36.0,12.0,2.0,12.0,10.0,20.0,60.0,29.0,48.33,40.0,24.0,60.0,20.0,5.0,25.0,19.0,15.0,78.9,11.0,31.0,42.0,22.0,6.0,18.0,6.0,15.0,reverse
2022_1023_134_2315,2022-10-23T00:00:00+00:00,Merlins Crailsheim,2315,Medi Bayreuth,134,77,99,visitante,2022-23,0,lGVn1yzN,67.0,30.0,44.78,42.0,21.0,50.0,25.0,9.0,36.0,16.0,8.0,50.0,15.0,22.0,37.0,18.0,3.0,13.0,5.0,26.0,58.0,33.0,56.9,32.0,19.0,59.38,26.0,14.0,53.85,29.0,19.0,65.5,8.0,24.0,32.0,22.0,6.0,11.0,7.0,20.0,reverse
2022_1023_214_1774,2022-10-23T00:00:00+00:00,Rostock Seawolves,1774,BG Goettingen,214,95,92,local,2022-23,0,fgWr2HKG,59.0,36.0,61.02,41.0,29.0,70.73,18.0,7.0,38.89,21.0,16.0,76.2,5.0,26.0,31.0,25.0,4.0,12.0,6.0,17.0,67.0,35.0,52.24,45.0,28.0,62.22,22.0,7.0,31.82,17.0,15.0,88.2,7.0,20.0,27.0,16.0,0.0,10.0,7.0,20.0,reverse
2022_1023_41_132,2022-10-23T00:00:00+00:00,Bamberg Baskets,132,MHP Riesen Ludwigsburg,41,78,92,visitante,2022-23,0,S6Uj0ekT,73.0,29.0,39.73,43.0,22.0,51.16,30.0,7.0,23.33,19.0,13.0,68.4,16.0,29.0,45.0,12.0,1.0,13.0,9.0,23.0,71.0,30.0,42.25,32.0,16.0,50.0,39.0,14.0,35.9,20.0,18.0,90.0,12.0,29.0,41.0,11.0,4.0,12.0,5.0,21.0,reverse
2022_1028_132_19629,2022-10-28T00:00:00+00:00,Veolia Towers Hamburg,19629,Bamberg Baskets,132,76,66,local,2022-23,0,WzZBeFcp,59.0,27.0,45.76,47.0,24.0,51.06,12.0,3.0,25.0,25.0,19.0,76.0,6.0,34.0,40.0,13.0,2.0,13.0,6.0,19.0,74.0,25.0,33.78,43.0,20.0,46.51,31.0,5.0,16.13,15.0,11.0,73.3,14.0,28.0,42.0,11.0,2.0,9.0,8.0,28.0,reverse
2022_1029_1510_214,2022-10-29T00:00:00+00:00,BG Goettingen,214,Telekom Baskets Bonn,1510,85,94,visitante,2022-23,0,OULcJIki,59.0,28.0,47.46,35.0,15.0,42.86,24.0,13.0,54.17,19.0,16.0,84.2,9.0,20.0,29.0,20.0,2.0,14.0,3.0,23.0,66.0,32.0,48.48,39.0,19.0,48.72,27.0,13.0,48.15,23.0,17.0,73.9,13.0,22.0,35.0,22.0,4.0,12.0,5.0,21.0,reverse
2022_1029_127_134,2022-10-29T00:00:00+00:00,Medi Bayreuth,134,Ratiopharm Ulm,127,73,88,visitante,2022-23,0,ARXFfZCj,58.0,25.0,43.1,29.0,16.0,55.17,29.0,9.0,31.03,15.0,14.0,93.3,12.0,20.0,32.0,17.0,1.0,19.0,10.0,19.0,65.0,33.0,50.77,36.0,19.0,52.78,29.0,14.0,48.28,15.0,8.0,53.3,12.0,21.0,33.0,18.0,4.0,13.0,7.0,19.0,reverse
2022_1029_1791_450,2022-10-29T00:00:00+00:00,SYNTAINICS MBC Weissenfels,450,NINERS Chemnitz,1791,89,98,visitante,2022-23,0,xYP1Ix5c,67.0,33.0,49.25,51.0,29.0,56.86,16.0,4.0,25.0,26.0,19.0,73.1,18.0,18.0,36.0,13.0,0.0,13.0,8.0,19.0,61.0,35.0,57.38,38.0,25.0,65.79,23.0,10.0,43.48,22.0,18.0,81.8,10.0,20.0,30.0,27.0,1.0,14.0,5.0,26.0,reverse
2022_1029_215_1634,2022-10-29T00:00:00+00:00,EWE Baskets Oldenburg,1634,MLP Academics Heidelberg,215,94,102,visitante,2022-23,0,KdF6HdK3,75.0,28.0,37.33,42.0,19.0,45.24,33.0,9.0,27.27,33.0,29.0,87.9,17.0,28.0,45.0,18.0,1.0,11.0,11.0,36.0,67.0,34.0,50.75,35.0,27.0,77.14,32.0,7.0,21.88,36.0,27.0,75.0,9.0,30.0,39.0,20.0,5.0,14.0,6.0,28.0,reverse
2022_1030_219_2315,2022-10-30T00:00:00+00:00,Merlins Crailsheim,2315,FC Bayern Muenchen Basketball,219,77,88,visitante,2022-23,0,bmEAGGZ9,64.0,32.0,50.0,44.0,26.0,59.09,20.0,6.0,30.0,9.0,7.0,77.8,5.0,19.0,24.0,21.0,1.0,9.0,6.0,23.0,59.0,29.0,49.15,31.0,19.0,61.29,28.0,10.0,35.71,25.0,20.0,80.0,13.0,28.0,41.0,18.0,1.0,13.0,4.0,17.0,reverse
2022_1030_3361_40,2022-10-30T00:00:00+00:00,Basketball Loewen Braunschweig,40,Fraport Skyliners Frankfurt,3361,61,59,local,2022-23,0,KYGtK4bh,60.0,23.0,38.33,37.0,20.0,54.05,23.0,3.0,13.04,16.0,12.0,75.0,12.0,34.0,46.0,15.0,6.0,18.0,7.0,23.0,70.0,20.0,28.57,39.0,14.0,35.9,31.0,6.0,19.35,19.0,13.0,68.4,17.0,25.0,42.0,14.0,2.0,12.0,10.0,20.0,reverse
2022_1030_2745_41,2022-10-30T00:00:00+00:00,MHP Riesen Ludwigsburg,41,FITOne Wuerzburg Baskets,2745,89,86,local,2022-23,0,SMIEFzkG,71.0,32.0,45.07,43.0,23.0,53.49,28.0,9.0,32.14,23.0,16.0,69.6,17.0,20.0,37.0,25.0,3.0,9.0,2.0,26.0,55.0,27.0,49.09,39.0,21.0,53.85,16.0,6.0,37.5,34.0,26.0,76.5,9.0,25.0,34.0,14.0,4.0,13.0,7.0,24.0,reverse
2022_1030_1774_10,2022-10-30T00:00:00+00:00,ALBA Berlin,10,Rostock Seawolves,1774,104,70,local,2022-23,0,4ntrb8Jr,78.0,40.0,51.28,54.0,33.0,61.11,24.0,7.0,29.17,28.0,17.0,60.7,22.0,32.0,54.0,26.0,7.0,13.0,9.0,15.0,67.0,26.0,38.81,35.0,16.0,45.71,32.0,10.0,31.25,11.0,8.0,72.7,8.0,20.0,28.0,17.0,6.0,18.0,7.0,26.0,reverse
2022_1105_214_2745,2022-11-05T00:00:00+00:00,FITOne Wuerzburg Baskets,2745,BG Goettingen,214,74,82,visitante,2022-23,0,boZjdnle,58.0,29.0,50.0,45.0,26.0,57.78,13.0,3.0,23.08,24.0,13.0,54.2,11.0,26.0,37.0,18.0,4.0,12.0,3.0,21.0,58.0,28.0,48.28,32.0,15.0,46.88,26.0,13.0,50.0,13.0,12.0,92.3,6.0,19.0,25.0,24.0,1.0,11.0,5.0,21.0,reverse
2022_1105_127_1791,2022-11-05T00:00:00+00:00,NINERS Chemnitz,1791,Ratiopharm Ulm,127,99,93,local,2022-23,0,nBVncSYl,92.0,38.0,41.3,44.0,20.0,45.45,48.0,18.0,37.5,5.0,5.0,100.0,19.0,29.0,48.0,26.0,3.0,12.0,12.0,21.0,68.0,30.0,44.12,38.0,17.0,44.74,30.0,13.0,43.33,22.0,20.0,90.9,10.0,33.0,43.0,12.0,4.0,18.0,7.0,16.0,reverse
2022_1105_1510_215,2022-11-05T00:00:00+00:00,MLP Academics Heidelberg,215,Telekom Baskets Bonn,1510,65,98,visitante,2022-23,0,WbXbfQI7,61.0,20.0,32.79,24.0,11.0,45.83,37.0,9.0,24.32,20.0,16.0,80.0,11.0,14.0,25.0,5.0,1.0,14.0,4.0,22.0,63.0,38.0,60.32,40.0,27.0,67.5,23.0,11.0,47.83,16.0,11.0,68.8,12.0,29.0,41.0,26.0,1.0,14.0,4.0,24.0,reverse
2022_1105_2315_450,2022-11-05T00:00:00+00:00,SYNTAINICS MBC Weissenfels,450,Merlins Crailsheim,2315,102,119,visitante,2022-23,0,h8Yfe631,63.0,38.0,60.32,39.0,28.0,71.79,24.0,10.0,41.67,20.0,16.0,80.0,10.0,17.0,27.0,17.0,3.0,13.0,2.0,28.0,65.0,37.0,56.92,32.0,21.0,65.63,33.0,16.0,48.48,33.0,29.0,87.9,12.0,15.0,27.0,17.0,3.0,6.0,7.0,19.0,reverse
2022_1106_3361_1634,2022-11-06T00:00:00+00:00,EWE Baskets Oldenburg,1634,Fraport Skyliners Frankfurt,3361,77,70,local,2022-23,0,YyLpJODb,65.0,28.0,43.08,44.0,20.0,45.45,21.0,8.0,38.1,14.0,13.0,92.9,12.0,32.0,44.0,19.0,5.0,14.0,7.0,17.0,63.0,25.0,39.68,30.0,13.0,43.33,33.0,12.0,36.36,14.0,8.0,57.1,11.0,25.0,36.0,18.0,6.0,15.0,7.0,22.0,reverse
2022_1106_41_19629,2022-11-06T00:00:00+00:00,Veolia Towers Hamburg,19629,MHP Riesen Ludwigsburg,41,92,103,visitante,2022-23,0,8GGsJ9e8,63.0,31.0,49.21,41.0,23.0,56.1,22.0,8.0,36.36,34.0,22.0,64.7,13.0,21.0,34.0,18.0,3.0,16.0,2.0,26.0,73.0,34.0,46.58,37.0,23.0,62.16,36.0,11.0,30.56,26.0,24.0,92.3,17.0,20.0,37.0,21.0,3.0,10.0,6.0,30.0,reverse
2022_1106_1774_132,2022-11-06T00:00:00+00:00,Bamberg Baskets,132,Rostock Seawolves,1774,97,86,local,2022-23,0,n7FoITAE,65.0,35.0,53.85,39.0,25.0,64.1,26.0,10.0,38.46,23.0,17.0,73.9,12.0,23.0,35.0,24.0,1.0,8.0,6.0,25.0,50.0,26.0,52.0,32.0,18.0,56.25,18.0,8.0,44.44,34.0,26.0,76.5,4.0,21.0,25.0,13.0,1.0,10.0,5.0,20.0,reverse
2022_1106_219_134,2022-11-06T00:00:00+00:00,Medi Bayreuth,134,FC Bayern Muenchen Basketball,219,68,81,visitante,2022-23,0,tUEkHmQK,55.0,23.0,41.82,30.0,16.0,53.33,25.0,7.0,28.0,17.0,15.0,88.2,10.0,23.0,33.0,11.0,2.0,18.0,8.0,19.0,64.0,30.0,46.88,35.0,17.0,48.57,29.0,13.0,44.83,10.0,8.0,80.0,12.0,22.0,34.0,18.0,2.0,15.0,10.0,21.0,reverse
2022_1118_1791_2315,2022-11-18T00:00:00+00:00,Merlins Crailsheim,2315,NINERS Chemnitz,1791,94,106,visitante,2022-23,0,fXIgG7uR,70.0,35.0,50.0,38.0,21.0,55.26,32.0,14.0,43.75,19.0,10.0,52.6,9.0,25.0,34.0,19.0,1.0,13.0,6.0,27.0,62.0,34.0,54.84,37.0,22.0,59.46,25.0,12.0,48.0,33.0,26.0,78.8,5.0,28.0,33.0,27.0,0.0,10.0,6.0,21.0,reverse
2022_1119_19629_1510,2022-11-19T00:00:00+00:00,Telekom Baskets Bonn,1510,Veolia Towers Hamburg,19629,101,72,local,2022-23,0,0EeMBRmr,66.0,41.0,62.12,42.0,30.0,71.43,24.0,11.0,45.83,8.0,8.0,100.0,6.0,32.0,38.0,25.0,5.0,13.0,5.0,22.0,69.0,29.0,42.03,51.0,24.0,47.06,18.0,5.0,27.78,17.0,9.0,52.9,12.0,18.0,30.0,15.0,3.0,12.0,7.0,16.0,reverse
2022_1119_2745_1774,2022-11-19T00:00:00+00:00,Rostock Seawolves,1774,FITOne Wuerzburg Baskets,2745,87,97,visitante,2022-23,0,v5fQAo3l,60.0,27.0,45.0,35.0,18.0,51.43,25.0,9.0,36.0,30.0,24.0,80.0,12.0,18.0,30.0,21.0,3.0,11.0,6.0,25.0,65.0,36.0,55.38,53.0,32.0,60.38,12.0,4.0,33.33,25.0,21.0,84.0,13.0,24.0,37.0,17.0,3.0,13.0,3.0,23.0,reverse
2022_1119_132_3361,2022-11-19T00:00:00+00:00,Fraport Skyliners Frankfurt,3361,Bamberg Baskets,132,83,100,visitante,2022-23,0,6kJhH2rB,58.0,26.0,44.83,34.0,17.0,50.0,24.0,9.0,37.5,25.0,22.0,88.0,5.0,18.0,23.0,12.0,2.0,13.0,6.0,19.0,64.0,38.0,59.38,34.0,23.0,67.65,30.0,15.0,50.0,11.0,9.0,81.8,10.0,29.0,39.0,28.0,2.0,13.0,5.0,25.0,reverse
2022_1119_134_40,2022-11-19T00:00:00+00:00,Basketball Loewen Braunschweig,40,Medi Bayreuth,134,77,76,local,2022-23,0,Yu9T95If,69.0,28.0,40.58,39.0,21.0,53.85,30.0,7.0,23.33,23.0,14.0,60.9,16.0,26.0,42.0,15.0,6.0,10.0,6.0,24.0,57.0,26.0,45.61,37.0,19.0,51.35,20.0,7.0,35.0,25.0,17.0,68.0,7.0,27.0,34.0,14.0,3.0,12.0,5.0,23.0,reverse
2022_1119_450_219,2022-11-19T00:00:00+00:00,FC Bayern Muenchen Basketball,219,SYNTAINICS MBC Weissenfels,450,82,69,local,2022-23,0,CW7X8PX0,61.0,29.0,47.54,32.0,18.0,56.25,29.0,11.0,37.93,16.0,13.0,81.3,9.0,25.0,34.0,20.0,4.0,10.0,4.0,17.0,65.0,26.0,40.0,40.0,19.0,47.5,25.0,7.0,28.0,15.0,10.0,66.7,16.0,25.0,41.0,15.0,2.0,13.0,4.0,19.0,reverse
2022_1120_215_127,2022-11-20T00:00:00+00:00,Ratiopharm Ulm,127,MLP Academics Heidelberg,215,106,96,local,2022-23,0,8b1t732D,73.0,35.0,47.95,40.0,23.0,57.5,33.0,12.0,36.36,33.0,24.0,72.7,13.0,27.0,40.0,22.0,3.0,13.0,12.0,25.0,72.0,33.0,45.83,36.0,21.0,58.33,36.0,12.0,33.33,22.0,18.0,81.8,12.0,28.0,40.0,19.0,1.0,22.0,4.0,25.0,reverse
2022_1120_1634_214,2022-11-20T00:00:00+00:00,BG Goettingen,214,EWE Baskets Oldenburg,1634,75,93,visitante,2022-23,0,fecx8qm7,59.0,24.0,40.68,27.0,13.0,48.15,32.0,11.0,34.38,18.0,16.0,88.9,10.0,22.0,32.0,14.0,3.0,16.0,7.0,19.0,69.0,37.0,53.62,40.0,26.0,65.0,29.0,11.0,37.93,11.0,8.0,72.7,10.0,25.0,35.0,25.0,1.0,11.0,6.0,25.0,reverse
2022_1120_10_41,2022-11-20T00:00:00+00:00,MHP Riesen Ludwigsburg,41,ALBA Berlin,10,91,99,visitante,2022-23,0,M1kOVnuE,63.0,31.0,49.21,35.0,20.0,57.14,28.0,11.0,39.29,24.0,18.0,75.0,6.0,19.0,25.0,17.0,4.0,7.0,6.0,21.0,72.0,36.0,50.0,48.0,26.0,54.17,24.0,10.0,41.67,22.0,17.0,77.3,17.0,29.0,46.0,24.0,0.0,10.0,6.0,19.0,reverse
2022_1125_40_1634,2022-11-25T00:00:00+00:00,EWE Baskets Oldenburg,1634,Basketball Loewen Braunschweig,40,84,76,local,2022-23,0,0hlSU6fK,66.0,30.0,45.45,34.0,17.0,50.0,32.0,13.0,40.63,14.0,11.0,78.6,13.0,19.0,32.0,15.0,2.0,12.0,11.0,19.0,53.0,28.0,52.83,30.0,18.0,60.0,23.0,10.0,43.48,18.0,10.0,55.6,10.0,23.0,33.0,24.0,3.0,19.0,4.0,20.0,reverse
2022_1126_450_134,2022-11-26T00:00:00+00:00,Medi Bayreuth,134,SYNTAINICS MBC Weissenfels,450,83,96,visitante,2022-23,0,ITrXTQ9Q,58.0,24.0,41.38,31.0,15.0,48.39,27.0,9.0,33.33,36.0,26.0,72.2,12.0,18.0,30.0,11.0,2.0,9.0,2.0,17.0,67.0,35.0,52.24,45.0,24.0,53.33,22.0,11.0,50.0,17.0,15.0,88.2,15.0,24.0,39.0,26.0,3.0,10.0,3.0,26.0,reverse
2022_1126_2315_19629,2022-11-26T00:00:00+00:00,Veolia Towers Hamburg,19629,Merlins Crailsheim,2315,84,92,visitante,2022-23,0,EaU2O4Xm,62.0,27.0,43.55,32.0,15.0,46.88,30.0,12.0,40.0,27.0,18.0,66.7,13.0,28.0,41.0,14.0,1.0,19.0,5.0,28.0,58.0,32.0,55.17,38.0,24.0,63.16,20.0,8.0,40.0,27.0,20.0,74.1,3.0,27.0,30.0,14.0,3.0,13.0,10.0,23.0,reverse
2022_1126_41_1510,2022-11-26T00:00:00+00:00,Telekom Baskets Bonn,1510,MHP Riesen Ludwigsburg,41,80,84,visitante,2022-23,0,KxVbPpIs,61.0,27.0,44.26,36.0,22.0,61.11,25.0,5.0,20.0,22.0,21.0,95.5,16.0,25.0,41.0,15.0,3.0,17.0,4.0,24.0,59.0,28.0,47.46,32.0,18.0,56.25,27.0,10.0,37.04,31.0,18.0,58.1,12.0,15.0,27.0,17.0,2.0,9.0,4.0,25.0,reverse
2022_1127_3361_127,2022-11-27T00:00:00+00:00,Ratiopharm Ulm,127,Fraport Skyliners Frankfurt,3361,97,82,local,2022-23,0,n1zjGMcH,66.0,36.0,54.55,40.0,25.0,62.5,26.0,11.0,42.31,20.0,14.0,70.0,10.0,27.0,37.0,27.0,0.0,12.0,9.0,13.0,65.0,32.0,49.23,38.0,20.0,52.63,27.0,12.0,44.44,7.0,6.0,85.7,5.0,22.0,27.0,25.0,1.0,15.0,6.0,22.0,reverse
2022_1127_214_10,2022-11-27T00:00:00+00:00,ALBA Berlin,10,BG Goettingen,214,95,96,visitante,2022-23,0,QZX6NOnf,53.0,29.0,54.72,24.0,16.0,66.67,29.0,13.0,44.83,35.0,24.0,68.6,7.0,26.0,33.0,19.0,3.0,12.0,5.0,24.0,68.0,33.0,48.53,35.0,17.0,48.57,33.0,16.0,48.48,24.0,16.0,66.7,14.0,19.0,33.0,18.0,0.0,9.0,6.0,32.0,reverse
2022_1127_1774_215,2022-11-27T00:00:00+00:00,MLP Academics Heidelberg,215,Rostock Seawolves,1774,91,84,local,2022-23,0,8bNBMr20,57.0,29.0,50.88,29.0,18.0,62.07,28.0,11.0,39.29,28.0,22.0,78.6,5.0,26.0,31.0,19.0,3.0,17.0,5.0,21.0,63.0,29.0,46.03,39.0,21.0,53.85,24.0,8.0,33.33,27.0,18.0,66.7,8.0,25.0,33.0,20.0,2.0,14.0,8.0,24.0,reverse
2022_1127_219_2745,2022-11-27T00:00:00+00:00,FITOne Wuerzburg Baskets,2745,FC Bayern Muenchen Basketball,219,73,83,visitante,2022-23,0,nkMFL2H6,63.0,26.0,41.27,38.0,18.0,47.37,25.0,8.0,32.0,16.0,13.0,81.3,10.0,17.0,27.0,14.0,3.0,7.0,8.0,23.0,59.0,29.0,49.15,36.0,18.0,50.0,23.0,11.0,47.83,19.0,14.0,73.7,16.0,30.0,46.0,20.0,2.0,14.0,5.0,17.0,reverse
2022_1127_1791_132,2022-11-27T00:00:00+00:00,Bamberg Baskets,132,NINERS Chemnitz,1791,88,75,local,2022-23,0,GOQJKMWC,63.0,29.0,46.03,31.0,17.0,54.84,32.0,12.0,37.5,23.0,18.0,78.3,13.0,29.0,42.0,13.0,0.0,12.0,4.0,24.0,65.0,26.0,40.0,28.0,18.0,64.29,37.0,8.0,21.62,21.0,15.0,71.4,14.0,23.0,37.0,20.0,2.0,10.0,5.0,24.0,reverse
2022_1206_219_1634,2022-12-06T00:00:00+00:00,EWE Baskets Oldenburg,1634,FC Bayern Muenchen Basketball,219,77,81,visitante,2022-23,0,S0qalhiA,58.0,25.0,43.1,38.0,20.0,52.63,20.0,5.0,25.0,31.0,22.0,71.0,17.0,16.0,33.0,16.0,2.0,16.0,8.0,31.0,53.0,24.0,45.28,31.0,19.0,61.29,22.0,5.0,22.73,29.0,28.0,96.6,13.0,18.0,31.0,7.0,3.0,19.0,9.0,28.0,reverse
2022_1206_40_10,2022-12-06T00:00:00+00:00,ALBA Berlin,10,Basketball Loewen Braunschweig,40,95,90,local,2022-23,0,SbKlIrT4,63.0,34.0,53.97,33.0,21.0,63.64,30.0,13.0,43.33,22.0,14.0,63.6,7.0,26.0,33.0,26.0,1.0,11.0,8.0,20.0,62.0,31.0,50.0,36.0,18.0,50.0,26.0,13.0,50.0,18.0,15.0,83.3,8.0,22.0,30.0,26.0,0.0,17.0,6.0,25.0,reverse
2022_1206_1791_215,2022-12-06T00:00:00+00:00,MLP Academics Heidelberg,215,NINERS Chemnitz,1791,78,87,visitante,2022-23,0,QawOyL6B,64.0,28.0,43.75,27.0,19.0,70.37,37.0,9.0,24.32,15.0,13.0,86.7,11.0,24.0,35.0,11.0,1.0,19.0,5.0,22.0,64.0,30.0,46.88,34.0,20.0,58.82,30.0,10.0,33.33,19.0,17.0,89.5,9.0,26.0,35.0,21.0,1.0,14.0,13.0,19.0,reverse
2022_1209_2745_3361,2022-12-09T00:00:00+00:00,Fraport Skyliners Frankfurt,3361,FITOne Wuerzburg Baskets,2745,72,88,visitante,2022-23,0,QiZgFtDN,55.0,25.0,45.45,28.0,17.0,60.71,27.0,8.0,29.63,19.0,14.0,73.7,10.0,18.0,28.0,16.0,2.0,19.0,8.0,15.0,64.0,36.0,56.25,45.0,28.0,62.22,19.0,8.0,42.11,11.0,8.0,72.7,12.0,22.0,34.0,17.0,1.0,16.0,9.0,17.0,reverse
2022_1210_41_214,2022-12-10T00:00:00+00:00,BG Goettingen,214,MHP Riesen Ludwigsburg,41,76,90,visitante,2022-23,0,dK36rQOJ,59.0,24.0,40.68,31.0,16.0,51.61,28.0,8.0,28.57,25.0,20.0,80.0,5.0,20.0,25.0,17.0,0.0,14.0,4.0,28.0,58.0,28.0,48.28,34.0,21.0,61.76,24.0,7.0,29.17,35.0,27.0,77.1,14.0,31.0,45.0,18.0,2.0,17.0,8.0,24.0,reverse
2022_1210_127_2315,2022-12-10T00:00:00+00:00,Merlins Crailsheim,2315,Ratiopharm Ulm,127,80,91,visitante,2022-23,0,fFPNJtnJ,63.0,31.0,49.21,41.0,23.0,56.1,22.0,8.0,36.36,13.0,10.0,76.9,7.0,27.0,34.0,12.0,4.0,15.0,5.0,21.0,64.0,29.0,45.31,31.0,15.0,48.39,33.0,14.0,42.42,25.0,19.0,76.0,11.0,26.0,37.0,17.0,3.0,13.0,10.0,18.0,reverse
2022_1210_10_134,2022-12-10T00:00:00+00:00,Medi Bayreuth,134,ALBA Berlin,10,83,91,visitante,2022-23,0,S2fxw4ns,61.0,30.0,49.18,31.0,15.0,48.39,30.0,15.0,50.0,11.0,8.0,72.7,8.0,29.0,37.0,20.0,3.0,22.0,6.0,25.0,67.0,31.0,46.27,32.0,18.0,56.25,35.0,13.0,37.14,21.0,16.0,76.2,7.0,24.0,31.0,25.0,3.0,10.0,13.0,18.0,reverse
2022_1210_215_40,2022-12-10T00:00:00+00:00,Basketball Loewen Braunschweig,40,MLP Academics Heidelberg,215,79,95,visitante,2022-23,0,AN7AspvQ,53.0,25.0,47.17,27.0,16.0,59.26,26.0,9.0,34.62,26.0,20.0,76.9,10.0,18.0,28.0,22.0,4.0,18.0,7.0,24.0,66.0,34.0,51.52,42.0,26.0,61.9,24.0,8.0,33.33,22.0,19.0,86.4,12.0,18.0,30.0,16.0,2.0,14.0,5.0,20.0,reverse
2022_1211_132_450,2022-12-11T00:00:00+00:00,SYNTAINICS MBC Weissenfels,450,Bamberg Baskets,132,98,90,local,2022-23,0,n5AwyrHg,63.0,35.0,55.56,35.0,23.0,65.71,28.0,12.0,42.86,22.0,16.0,72.7,7.0,25.0,32.0,21.0,0.0,8.0,6.0,17.0,67.0,34.0,50.75,39.0,21.0,53.85,28.0,13.0,46.43,12.0,9.0,75.0,9.0,23.0,32.0,25.0,0.0,8.0,6.0,24.0,reverse
2022_1211_19629_1791,2022-12-11T00:00:00+00:00,NINERS Chemnitz,1791,Veolia Towers Hamburg,19629,104,81,local,2022-23,0,Qe9sz2Wa,65.0,40.0,61.54,37.0,27.0,72.97,28.0,13.0,46.43,19.0,11.0,57.9,7.0,23.0,30.0,28.0,2.0,14.0,9.0,22.0,69.0,29.0,42.03,46.0,22.0,47.83,23.0,7.0,30.43,21.0,16.0,76.2,17.0,21.0,38.0,19.0,1.0,18.0,8.0,24.0,reverse
2022_1211_1634_1774,2022-12-11T00:00:00+00:00,Rostock Seawolves,1774,EWE Baskets Oldenburg,1634,90,99,visitante,2022-23,0,6ggtxO1m,62.0,31.0,50.0,31.0,18.0,58.06,31.0,13.0,41.94,22.0,15.0,68.2,7.0,24.0,31.0,21.0,3.0,12.0,6.0,21.0,76.0,37.0,48.68,45.0,26.0,57.78,31.0,11.0,35.48,16.0,14.0,87.5,14.0,27.0,41.0,27.0,2.0,9.0,5.0,22.0,reverse
2022_1211_1510_219,2022-12-11T00:00:00+00:00,FC Bayern Muenchen Basketball,219,Telekom Baskets Bonn,1510,68,78,visitante,2022-23,0,KI8oZLo6,60.0,25.0,41.67,30.0,15.0,50.0,30.0,10.0,33.33,14.0,8.0,57.1,7.0,25.0,32.0,13.0,1.0,9.0,5.0,27.0,51.0,23.0,45.1,30.0,14.0,46.67,21.0,9.0,42.86,29.0,23.0,79.3,4.0,31.0,35.0,13.0,4.0,9.0,6.0,23.0,reverse
2022_1216_1791_134,2022-12-16T00:00:00+00:00,Medi Bayreuth,134,NINERS Chemnitz,1791,77,84,visitante,2022-23,0,SOVCksWn,61.0,26.0,42.62,27.0,16.0,59.26,34.0,10.0,29.41,21.0,15.0,71.4,10.0,24.0,34.0,18.0,4.0,15.0,10.0,24.0,57.0,29.0,50.88,31.0,20.0,64.52,26.0,9.0,34.62,28.0,17.0,60.7,7.0,28.0,35.0,25.0,1.0,15.0,5.0,20.0,reverse
2022_1217_2315_1510,2022-12-17T00:00:00+00:00,Telekom Baskets Bonn,1510,Merlins Crailsheim,2315,99,83,local,2022-23,0,YLCkYu1C,71.0,37.0,52.11,39.0,25.0,64.1,32.0,12.0,37.5,21.0,13.0,61.9,13.0,28.0,41.0,19.0,1.0,8.0,6.0,23.0,57.0,28.0,49.12,27.0,17.0,62.96,30.0,11.0,36.67,24.0,16.0,66.7,8.0,26.0,34.0,23.0,3.0,15.0,5.0,21.0,reverse
2022_1217_450_215,2022-12-17T00:00:00+00:00,MLP Academics Heidelberg,215,SYNTAINICS MBC Weissenfels,450,85,92,visitante,2022-23,0,Gp2fXaGI,67.0,30.0,44.78,33.0,19.0,57.58,34.0,11.0,32.35,19.0,14.0,73.7,8.0,18.0,26.0,10.0,1.0,11.0,10.0,15.0,63.0,36.0,57.14,35.0,24.0,68.57,28.0,12.0,42.86,12.0,8.0,66.7,9.0,32.0,41.0,20.0,4.0,17.0,7.0,22.0,reverse
2022_1217_214_132,2022-12-17T00:00:00+00:00,Bamberg Baskets,132,BG Goettingen,214,79,95,visitante,2022-23,0,fy1bWJVO,55.0,27.0,49.09,29.0,16.0,55.17,26.0,11.0,42.31,16.0,14.0,87.5,11.0,21.0,32.0,20.0,0.0,18.0,3.0,20.0,62.0,35.0,56.45,30.0,22.0,73.33,32.0,13.0,40.63,13.0,12.0,92.3,4.0,19.0,23.0,24.0,0.0,7.0,9.0,20.0,reverse
2022_1217_1634_2745,2022-12-17T00:00:00+00:00,FITOne Wuerzburg Baskets,2745,EWE Baskets Oldenburg,1634,79,77,local,2022-23,0,rifte38P,60.0,29.0,48.33,39.0,24.0,61.54,21.0,5.0,23.81,26.0,16.0,61.5,11.0,25.0,36.0,9.0,4.0,15.0,4.0,26.0,65.0,24.0,36.92,40.0,20.0,50.0,25.0,4.0,16.0,30.0,25.0,83.3,16.0,24.0,40.0,18.0,1.0,15.0,7.0,25.0,reverse
2022_1217_219_40,2022-12-17T00:00:00+00:00,Basketball Loewen Braunschweig,40,FC Bayern Muenchen Basketball,219,78,97,visitante,2022-23,0,p0t8jNGt,59.0,31.0,52.54,36.0,23.0,63.89,23.0,8.0,34.78,18.0,14.0,77.8,7.0,19.0,26.0,18.0,2.0,14.0,7.0,21.0,65.0,40.0,61.54,37.0,28.0,75.68,28.0,12.0,42.86,19.0,15.0,78.9,12.0,24.0,36.0,17.0,1.0,13.0,8.0,17.0,reverse
2022_1217_3361_41,2022-12-17T00:00:00+00:00,MHP Riesen Ludwigsburg,41,Fraport Skyliners Frankfurt,3361,80,92,visitante,2022-23,0,KEYcE0ST,74.0,28.0,37.84,34.0,14.0,41.18,40.0,14.0,35.0,16.0,10.0,62.5,15.0,23.0,38.0,15.0,0.0,13.0,9.0,21.0,57.0,32.0,56.14,29.0,19.0,65.52,28.0,13.0,46.43,19.0,15.0,78.9,4.0,33.0,37.0,16.0,5.0,18.0,7.0,19.0,reverse
2022_1218_127_10,2022-12-18T00:00:00+00:00,ALBA Berlin,10,Ratiopharm Ulm,127,110,83,local,2022-23,0,dzQP9Kzo,69.0,41.0,59.42,38.0,26.0,68.42,31.0,15.0,48.39,15.0,13.0,86.7,16.0,25.0,41.0,28.0,1.0,19.0,12.0,19.0,60.0,28.0,46.67,34.0,20.0,58.82,26.0,8.0,30.77,24.0,19.0,79.2,11.0,14.0,25.0,15.0,3.0,19.0,11.0,22.0,reverse
2022_1218_1774_19629,2022-12-18T00:00:00+00:00,Veolia Towers Hamburg,19629,Rostock Seawolves,1774,76,82,visitante,2022-23,0,Q9lGl1og,71.0,31.0,43.66,48.0,26.0,54.17,23.0,5.0,21.74,14.0,9.0,64.3,9.0,26.0,35.0,20.0,4.0,11.0,8.0,23.0,61.0,25.0,40.98,35.0,18.0,51.43,26.0,7.0,26.92,30.0,25.0,83.3,12.0,33.0,45.0,14.0,6.0,16.0,6.0,18.0,reverse
2022_1222_214_134,2022-12-22T00:00:00+00:00,Medi Bayreuth,134,BG Goettingen,214,89,100,visitante,2022-23,0,h2u4Nw5p,66.0,26.0,39.39,36.0,14.0,38.89,30.0,12.0,40.0,31.0,25.0,80.6,11.0,24.0,35.0,11.0,2.0,7.0,11.0,22.0,70.0,38.0,54.29,43.0,27.0,62.79,27.0,11.0,40.74,15.0,13.0,86.7,9.0,28.0,37.0,22.0,1.0,12.0,4.0,26.0,reverse
2022_1223_2315_1774,2022-12-23T00:00:00+00:00,Rostock Seawolves,1774,Merlins Crailsheim,2315,103,91,local,2022-23,0,APY3mC6G,60.0,34.0,56.67,33.0,22.0,66.67,27.0,12.0,44.44,28.0,23.0,82.1,8.0,27.0,35.0,14.0,2.0,17.0,7.0,16.0,71.0,36.0,50.7,37.0,25.0,67.57,34.0,11.0,32.35,12.0,8.0,66.7,8.0,20.0,28.0,24.0,5.0,13.0,9.0,26.0,reverse
2022_1226_40_214,2022-12-26T00:00:00+00:00,BG Goettingen,214,Basketball Loewen Braunschweig,40,78,64,local,2022-23,0,KWmKmL0a,66.0,28.0,42.42,36.0,17.0,47.22,30.0,11.0,36.67,15.0,11.0,73.3,12.0,24.0,36.0,14.0,2.0,9.0,8.0,20.0,58.0,24.0,41.38,35.0,19.0,54.29,23.0,5.0,21.74,17.0,11.0,64.7,13.0,26.0,39.0,14.0,2.0,17.0,5.0,17.0,reverse
2022_1226_2745_2315,2022-12-26T00:00:00+00:00,Merlins Crailsheim,2315,FITOne Wuerzburg Baskets,2745,78,87,visitante,2022-23,0,bNnOnuG5,65.0,25.0,38.46,42.0,18.0,42.86,23.0,7.0,30.43,25.0,21.0,84.0,14.0,31.0,45.0,17.0,2.0,16.0,3.0,29.0,65.0,28.0,43.08,42.0,17.0,40.48,23.0,11.0,47.83,33.0,20.0,60.6,11.0,26.0,37.0,20.0,1.0,9.0,8.0,18.0,reverse
2022_1226_1510_1791,2022-12-26T00:00:00+00:00,NINERS Chemnitz,1791,Telekom Baskets Bonn,1510,73,80,visitante,2022-23,0,GbsToaVB,48.0,24.0,50.0,21.0,12.0,57.14,27.0,12.0,44.44,19.0,13.0,68.4,4.0,21.0,25.0,18.0,4.0,17.0,5.0,20.0,66.0,30.0,45.45,36.0,20.0,55.56,30.0,10.0,33.33,13.0,10.0,76.9,17.0,21.0,38.0,12.0,3.0,18.0,11.0,23.0,reverse
2022_1226_3361_1774,2022-12-26T00:00:00+00:00,Rostock Seawolves,1774,Fraport Skyliners Frankfurt,3361,83,101,visitante,2022-23,0,fktXpJpI,72.0,27.0,37.5,37.0,18.0,48.65,35.0,9.0,25.71,33.0,20.0,60.6,20.0,21.0,41.0,18.0,1.0,14.0,8.0,23.0,61.0,32.0,52.46,31.0,17.0,54.84,30.0,15.0,50.0,22.0,20.0,90.9,7.0,29.0,36.0,19.0,3.0,16.0,4.0,27.0,reverse
2022_1226_134_132,2022-12-26T00:00:00+00:00,Bamberg Baskets,132,Medi Bayreuth,134,86,92,visitante,2022-23,0,no40TjFp,64.0,30.0,46.88,31.0,18.0,58.06,33.0,12.0,36.36,17.0,14.0,82.4,11.0,21.0,32.0,20.0,2.0,13.0,5.0,20.0,60.0,33.0,55.0,34.0,22.0,64.71,26.0,11.0,42.31,18.0,15.0,83.3,4.0,23.0,27.0,18.0,2.0,11.0,7.0,19.0,reverse
2022_1227_10_450,2022-12-27T00:00:00+00:00,SYNTAINICS MBC Weissenfels,450,ALBA Berlin,10,60,86,visitante,2022-23,0,0l84SAUj,71.0,23.0,32.39,47.0,17.0,36.17,24.0,6.0,25.0,11.0,8.0,72.7,17.0,22.0,39.0,12.0,1.0,15.0,12.0,25.0,55.0,29.0,52.73,30.0,22.0,73.33,25.0,7.0,28.0,27.0,21.0,77.8,5.0,33.0,38.0,26.0,3.0,17.0,7.0,13.0,reverse
2022_1227_19629_1634,2022-12-27T00:00:00+00:00,EWE Baskets Oldenburg,1634,Veolia Towers Hamburg,19629,96,95,local,2022-23,0,2gnmif7i,63.0,30.0,47.62,33.0,20.0,60.61,30.0,10.0,33.33,31.0,26.0,83.9,11.0,18.0,29.0,15.0,1.0,11.0,14.0,21.0,56.0,35.0,62.5,31.0,23.0,74.19,25.0,12.0,48.0,16.0,13.0,81.3,4.0,20.0,24.0,22.0,2.0,17.0,6.0,26.0,reverse
2022_1227_215_219,2022-12-27T00:00:00+00:00,FC Bayern Muenchen Basketball,219,MLP Academics Heidelberg,215,87,83,local,2022-23,0,lApekYy4,71.0,29.0,40.85,44.0,21.0,47.73,27.0,8.0,29.63,23.0,21.0,91.3,20.0,25.0,45.0,17.0,0.0,8.0,7.0,20.0,59.0,24.0,40.68,24.0,11.0,45.83,35.0,13.0,37.14,26.0,22.0,84.6,12.0,23.0,35.0,13.0,2.0,11.0,2.0,25.0,reverse
2022_1227_41_127,2022-12-27T00:00:00+00:00,Ratiopharm Ulm,127,MHP Riesen Ludwigsburg,41,84,87,visitante,2022-23,0,tpoijEMc,57.0,28.0,49.12,29.0,19.0,65.52,28.0,9.0,32.14,24.0,19.0,79.2,8.0,22.0,30.0,17.0,2.0,15.0,4.0,22.0,67.0,34.0,50.75,40.0,22.0,55.0,27.0,12.0,44.44,17.0,7.0,41.2,12.0,22.0,34.0,17.0,2.0,14.0,6.0,20.0,reverse
2022_1229_134_214,2022-12-29T00:00:00+00:00,BG Goettingen,214,Medi Bayreuth,134,95,73,local,2022-23,0,OSx8nWLM,64.0,35.0,54.69,37.0,24.0,64.86,27.0,11.0,40.74,17.0,14.0,82.4,9.0,28.0,37.0,20.0,3.0,8.0,11.0,25.0,54.0,20.0,37.04,26.0,7.0,26.92,28.0,13.0,46.43,32.0,20.0,62.5,12.0,22.0,34.0,21.0,3.0,16.0,4.0,20.0,reverse
2022_1229_1510_3361,2022-12-29T00:00:00+00:00,Fraport Skyliners Frankfurt,3361,Telekom Baskets Bonn,1510,66,89,visitante,2022-23,0,bu48Y3Do,56.0,23.0,41.07,29.0,15.0,51.72,27.0,8.0,29.63,17.0,12.0,70.6,5.0,22.0,27.0,10.0,2.0,16.0,9.0,16.0,66.0,33.0,50.0,41.0,21.0,51.22,25.0,12.0,48.0,16.0,11.0,68.8,11.0,30.0,41.0,27.0,2.0,17.0,13.0,23.0,reverse
2022_1230_450_41,2022-12-30T00:00:00+00:00,MHP Riesen Ludwigsburg,41,SYNTAINICS MBC Weissenfels,450,66,69,visitante,2022-23,0,KbOwsAqp,64.0,21.0,32.81,35.0,18.0,51.43,29.0,3.0,10.34,28.0,21.0,75.0,13.0,29.0,42.0,10.0,3.0,12.0,6.0,25.0,56.0,21.0,37.5,42.0,18.0,42.86,14.0,3.0,21.43,29.0,24.0,82.8,6.0,31.0,37.0,13.0,0.0,12.0,4.0,22.0,reverse
2022_1230_127_40,2022-12-30T00:00:00+00:00,Basketball Loewen Braunschweig,40,Ratiopharm Ulm,127,87,95,visitante,2022-23,0,IkxCojyT,64.0,35.0,54.69,40.0,27.0,67.5,24.0,8.0,33.33,14.0,9.0,64.3,11.0,22.0,33.0,18.0,3.0,20.0,4.0,24.0,66.0,33.0,50.0,35.0,23.0,65.71,31.0,10.0,32.26,22.0,19.0,86.4,12.0,19.0,31.0,21.0,3.0,12.0,10.0,21.0,reverse
2022_1230_132_215,2022-12-30T00:00:00+00:00,MLP Academics Heidelberg,215,Bamberg Baskets,132,74,101,visitante,2022-23,0,xzJrtUbj,67.0,25.0,37.31,34.0,17.0,50.0,33.0,8.0,24.24,20.0,16.0,80.0,15.0,19.0,34.0,16.0,1.0,16.0,6.0,22.0,60.0,34.0,56.67,33.0,22.0,66.67,27.0,12.0,44.44,26.0,21.0,80.8,9.0,27.0,36.0,25.0,2.0,13.0,8.0,22.0,reverse
2022_1230_19629_2745,2022-12-30T00:00:00+00:00,FITOne Wuerzburg Baskets,2745,Veolia Towers Hamburg,19629,73,96,visitante,2022-23,0,GQHnulEd,56.0,27.0,48.21,36.0,22.0,61.11,20.0,5.0,25.0,18.0,14.0,77.8,10.0,21.0,31.0,13.0,1.0,24.0,9.0,23.0,68.0,35.0,51.47,35.0,23.0,65.71,33.0,12.0,36.36,23.0,14.0,60.9,14.0,20.0,34.0,22.0,4.0,14.0,12.0,22.0,reverse
2023_0103_10_3361,2023-01-03T00:00:00+00:00,Fraport Skyliners Frankfurt,3361,ALBA Berlin,10,74,99,visitante,2022-23,0,t49Y2i63,73.0,28.0,38.36,43.0,19.0,44.19,30.0,9.0,30.0,12.0,9.0,75.0,13.0,17.0,30.0,17.0,0.0,17.0,12.0,21.0,61.0,36.0,59.02,32.0,22.0,68.75,29.0,14.0,48.28,19.0,13.0,68.4,11.0,31.0,42.0,27.0,3.0,21.0,10.0,12.0,reverse
2023_0103_127_1510,2023-01-03T00:00:00+00:00,Telekom Baskets Bonn,1510,Ratiopharm Ulm,127,101,92,local,2022-23,0,UT5U3Xjc,72.0,37.0,51.39,38.0,25.0,65.79,34.0,12.0,35.29,16.0,15.0,93.8,14.0,19.0,33.0,21.0,1.0,15.0,10.0,25.0,58.0,32.0,55.17,33.0,22.0,66.67,25.0,10.0,40.0,25.0,18.0,72.0,11.0,20.0,31.0,15.0,2.0,19.0,9.0,19.0,reverse
2023_0103_1634_1791,2023-01-03T00:00:00+00:00,NINERS Chemnitz,1791,EWE Baskets Oldenburg,1634,81,83,visitante,2022-23,0,2Jcs1VzG,61.0,27.0,44.26,29.0,13.0,44.83,32.0,14.0,43.75,20.0,13.0,65.0,12.0,24.0,36.0,15.0,2.0,14.0,5.0,20.0,61.0,29.0,47.54,35.0,21.0,60.0,26.0,8.0,30.77,22.0,17.0,77.3,9.0,23.0,32.0,20.0,1.0,8.0,6.0,21.0,reverse
2023_0103_1774_219,2023-01-03T00:00:00+00:00,FC Bayern Muenchen Basketball,219,Rostock Seawolves,1774,78,65,local,2022-23,0,Wh2o0kjM,60.0,26.0,43.33,35.0,17.0,48.57,25.0,9.0,36.0,18.0,17.0,94.4,6.0,32.0,38.0,16.0,2.0,16.0,13.0,21.0,62.0,20.0,32.26,34.0,10.0,29.41,28.0,10.0,35.71,21.0,17.0,81.0,11.0,27.0,38.0,12.0,1.0,20.0,7.0,20.0,reverse
2023_0104_40_2315,2023-01-04T00:00:00+00:00,Merlins Crailsheim,2315,Basketball Loewen Braunschweig,40,101,91,local,2022-23,0,Aq1ka95S,69.0,37.0,53.62,42.0,23.0,54.76,27.0,14.0,51.85,16.0,13.0,81.3,10.0,22.0,32.0,19.0,0.0,14.0,12.0,23.0,62.0,32.0,51.61,27.0,17.0,62.96,35.0,15.0,42.86,22.0,12.0,54.5,11.0,24.0,35.0,16.0,5.0,19.0,12.0,18.0,reverse
2023_0104_214_450,2023-01-04T00:00:00+00:00,SYNTAINICS MBC Weissenfels,450,BG Goettingen,214,93,96,visitante,2022-23,0,GQwIfTDq,62.0,36.0,58.06,44.0,30.0,68.18,18.0,6.0,33.33,19.0,15.0,78.9,12.0,19.0,31.0,15.0,3.0,14.0,6.0,24.0,59.0,30.0,50.85,35.0,18.0,51.43,24.0,12.0,50.0,30.0,24.0,80.0,11.0,13.0,24.0,21.0,1.0,11.0,10.0,17.0,reverse
2023_0104_215_19629,2023-01-04T00:00:00+00:00,Veolia Towers Hamburg,19629,MLP Academics Heidelberg,215,87,83,local,2022-23,0,UTsMgmTk,63.0,29.0,46.03,35.0,17.0,48.57,28.0,12.0,42.86,21.0,17.0,81.0,9.0,23.0,32.0,19.0,1.0,15.0,9.0,24.0,68.0,29.0,42.65,36.0,24.0,66.67,32.0,5.0,15.63,29.0,20.0,69.0,18.0,25.0,43.0,14.0,0.0,14.0,10.0,23.0,reverse
2023_0104_2745_132,2023-01-04T00:00:00+00:00,Bamberg Baskets,132,FITOne Wuerzburg Baskets,2745,79,73,local,2022-23,0,OjsQh7rd,69.0,32.0,46.38,43.0,26.0,60.47,26.0,6.0,23.08,11.0,9.0,81.8,17.0,32.0,49.0,15.0,1.0,16.0,8.0,20.0,70.0,29.0,41.43,44.0,22.0,50.0,26.0,7.0,26.92,10.0,8.0,80.0,11.0,21.0,32.0,22.0,3.0,11.0,10.0,15.0,reverse
2023_0106_1510_1774,2023-01-06T00:00:00+00:00,Rostock Seawolves,1774,Telekom Baskets Bonn,1510,71,99,visitante,2022-23,0,2stUiRc2,58.0,23.0,39.66,37.0,18.0,48.65,21.0,5.0,23.81,26.0,20.0,76.9,6.0,29.0,35.0,18.0,6.0,18.0,5.0,22.0,71.0,34.0,47.89,34.0,22.0,64.71,37.0,12.0,32.43,24.0,19.0,79.2,11.0,29.0,40.0,27.0,6.0,8.0,9.0,25.0,reverse
2023_0107_132_1634,2023-01-07T00:00:00+00:00,EWE Baskets Oldenburg,1634,Bamberg Baskets,132,78,89,visitante,2022-23,0,U3n6awH8,60.0,27.0,45.0,26.0,17.0,65.38,34.0,10.0,29.41,18.0,14.0,77.8,7.0,24.0,31.0,15.0,2.0,13.0,7.0,24.0,54.0,26.0,48.15,20.0,11.0,55.0,34.0,15.0,44.12,26.0,22.0,84.6,7.0,26.0,33.0,20.0,1.0,15.0,9.0,20.0,reverse
2023_0107_450_40,2023-01-07T00:00:00+00:00,Basketball Loewen Braunschweig,40,SYNTAINICS MBC Weissenfels,450,59,63,visitante,2022-23,0,jDm20J12,56.0,21.0,37.5,32.0,16.0,50.0,24.0,5.0,20.83,16.0,12.0,75.0,11.0,27.0,38.0,11.0,3.0,15.0,8.0,16.0,58.0,24.0,41.38,37.0,17.0,45.95,21.0,7.0,33.33,12.0,8.0,66.7,9.0,27.0,36.0,10.0,5.0,12.0,11.0,18.0,reverse
2023_0107_2315_215,2023-01-07T00:00:00+00:00,MLP Academics Heidelberg,215,Merlins Crailsheim,2315,93,102,visitante,2022-23,0,xUkEcHoL,64.0,30.0,46.88,32.0,20.0,62.5,32.0,10.0,31.25,32.0,23.0,71.9,14.0,21.0,35.0,18.0,5.0,13.0,6.0,15.0,71.0,38.0,53.52,41.0,22.0,53.66,30.0,16.0,53.33,12.0,10.0,83.3,10.0,23.0,33.0,23.0,3.0,11.0,7.0,24.0,reverse
2023_0107_19629_127,2023-01-07T00:00:00+00:00,Ratiopharm Ulm,127,Veolia Towers Hamburg,19629,80,65,local,2022-23,0,OQoAbcWE,80.0,28.0,35.0,34.0,16.0,47.06,46.0,12.0,26.09,16.0,12.0,75.0,19.0,26.0,45.0,17.0,2.0,10.0,12.0,22.0,57.0,23.0,40.35,27.0,17.0,62.96,30.0,6.0,20.0,25.0,13.0,52.0,13.0,33.0,46.0,18.0,2.0,21.0,5.0,18.0,reverse
2023_0108_134_2745,2023-01-08T00:00:00+00:00,FITOne Wuerzburg Baskets,2745,Medi Bayreuth,134,99,83,local,2022-23,0,KhuJdy1R,56.0,36.0,64.29,39.0,26.0,66.67,17.0,10.0,58.82,22.0,17.0,77.3,8.0,22.0,30.0,13.0,3.0,16.0,7.0,24.0,67.0,30.0,44.78,42.0,23.0,54.76,25.0,7.0,28.0,21.0,16.0,76.2,19.0,12.0,31.0,23.0,3.0,11.0,10.0,21.0,reverse
2023_0108_1791_41,2023-01-08T00:00:00+00:00,MHP Riesen Ludwigsburg,41,NINERS Chemnitz,1791,80,89,visitante,2022-23,0,M1Rphe9r,75.0,27.0,36.0,36.0,14.0,38.89,39.0,13.0,33.33,16.0,13.0,81.3,16.0,22.0,38.0,13.0,2.0,15.0,8.0,28.0,63.0,31.0,49.21,41.0,23.0,56.1,22.0,8.0,36.36,27.0,19.0,70.4,13.0,31.0,44.0,21.0,5.0,18.0,9.0,23.0,reverse
2023_0108_3361_214,2023-01-08T00:00:00+00:00,BG Goettingen,214,Fraport Skyliners Frankfurt,3361,75,78,visitante,2022-23,0,657GWsrb,53.0,23.0,43.4,30.0,15.0,50.0,23.0,8.0,34.78,27.0,21.0,77.8,10.0,26.0,36.0,15.0,0.0,16.0,5.0,24.0,53.0,24.0,45.28,29.0,16.0,55.17,24.0,8.0,33.33,25.0,22.0,88.0,2.0,20.0,22.0,12.0,2.0,12.0,4.0,21.0,reverse
2023_0108_219_10,2023-01-08T00:00:00+00:00,ALBA Berlin,10,FC Bayern Muenchen Basketball,219,80,79,local,2022-23,0,jyWliFOl,59.0,28.0,47.46,34.0,20.0,58.82,25.0,8.0,32.0,18.0,16.0,88.9,8.0,24.0,32.0,15.0,1.0,13.0,5.0,18.0,59.0,28.0,47.46,36.0,19.0,52.78,23.0,9.0,39.13,19.0,14.0,73.7,8.0,22.0,30.0,13.0,3.0,12.0,5.0,19.0,reverse
2023_0114_40_132,2023-01-14T00:00:00+00:00,Bamberg Baskets,132,Basketball Loewen Braunschweig,40,85,83,local,2022-23,0,CjKckgg1,66.0,32.0,48.48,45.0,24.0,53.33,21.0,8.0,38.1,13.0,13.0,100.0,12.0,23.0,35.0,14.0,2.0,11.0,7.0,18.0,75.0,31.0,41.33,42.0,19.0,45.24,33.0,12.0,36.36,14.0,10.0,71.4,20.0,22.0,42.0,21.0,2.0,10.0,5.0,22.0,reverse
2023_0114_127_2745,2023-01-14T00:00:00+00:00,FITOne Wuerzburg Baskets,2745,Ratiopharm Ulm,127,91,84,local,2022-23,0,URUhjZwe,67.0,34.0,50.75,46.0,24.0,52.17,21.0,10.0,47.62,21.0,13.0,61.9,13.0,17.0,30.0,15.0,0.0,11.0,15.0,20.0,57.0,32.0,56.14,24.0,20.0,83.33,33.0,12.0,36.36,9.0,8.0,88.9,7.0,24.0,31.0,20.0,4.0,20.0,1.0,22.0,reverse
2023_0114_1634_450,2023-01-14T00:00:00+00:00,SYNTAINICS MBC Weissenfels,450,EWE Baskets Oldenburg,1634,68,108,visitante,2022-23,0,OQN1lD87,61.0,25.0,40.98,35.0,15.0,42.86,26.0,10.0,38.46,12.0,10.0,83.3,8.0,24.0,32.0,13.0,3.0,22.0,7.0,23.0,71.0,37.0,52.11,39.0,22.0,56.41,32.0,15.0,46.88,23.0,21.0,91.3,11.0,29.0,40.0,22.0,2.0,12.0,15.0,18.0,reverse
2023_0115_10_1510,2023-01-15T00:00:00+00:00,Telekom Baskets Bonn,1510,ALBA Berlin,10,76,81,visitante,2022-23,0,SKePULCA,68.0,29.0,42.65,41.0,21.0,51.22,27.0,8.0,29.63,11.0,10.0,90.9,12.0,18.0,30.0,13.0,3.0,11.0,12.0,20.0,58.0,28.0,48.28,29.0,18.0,62.07,29.0,10.0,34.48,20.0,15.0,75.0,12.0,26.0,38.0,22.0,5.0,18.0,6.0,17.0,reverse
2023_0115_3361_2315,2023-01-15T00:00:00+00:00,Merlins Crailsheim,2315,Fraport Skyliners Frankfurt,3361,88,72,local,2022-23,0,pd6KV1c4,73.0,34.0,46.58,37.0,23.0,62.16,36.0,11.0,30.56,12.0,9.0,75.0,12.0,30.0,42.0,19.0,3.0,8.0,9.0,21.0,58.0,22.0,37.93,26.0,11.0,42.31,32.0,11.0,34.38,19.0,17.0,89.5,6.0,27.0,33.0,14.0,4.0,13.0,4.0,14.0,reverse
2023_0115_214_19629,2023-01-15T00:00:00+00:00,Veolia Towers Hamburg,19629,BG Goettingen,214,82,91,visitante,2022-23,0,GKAmCG0E,62.0,28.0,45.16,39.0,19.0,48.72,23.0,9.0,39.13,28.0,17.0,60.7,14.0,18.0,32.0,14.0,0.0,13.0,4.0,21.0,61.0,33.0,54.1,40.0,22.0,55.0,21.0,11.0,52.38,16.0,14.0,87.5,9.0,25.0,34.0,22.0,2.0,14.0,7.0,24.0,forward
2023_0115_215_134,2023-01-15T00:00:00+00:00,Medi Bayreuth,134,MLP Academics Heidelberg,215,101,107,visitante,2022-23,0,xUBqDdo8,74.0,32.0,43.24,34.0,15.0,44.12,40.0,17.0,42.5,26.0,20.0,76.9,14.0,30.0,44.0,17.0,4.0,24.0,7.0,28.0,85.0,36.0,42.35,45.0,27.0,60.0,40.0,9.0,22.5,28.0,26.0,92.9,19.0,28.0,47.0,19.0,6.0,16.0,10.0,19.0,reverse
2023_0115_41_219,2023-01-15T00:00:00+00:00,FC Bayern Muenchen Basketball,219,MHP Riesen Ludwigsburg,41,68,96,visitante,2022-23,0,Ye5hBzGK,59.0,22.0,37.29,37.0,18.0,48.65,22.0,4.0,18.18,25.0,20.0,80.0,10.0,20.0,30.0,8.0,1.0,13.0,7.0,23.0,62.0,32.0,51.61,27.0,16.0,59.26,35.0,16.0,45.71,24.0,16.0,66.7,10.0,28.0,38.0,23.0,1.0,13.0,6.0,26.0,reverse
2023_0118_1774_1791,2023-01-18T00:00:00+00:00,NINERS Chemnitz,1791,Rostock Seawolves,1774,96,81,local,2022-23,0,Cn4dAfVQ,67.0,37.0,55.22,31.0,24.0,77.42,36.0,13.0,36.11,11.0,9.0,81.8,10.0,30.0,40.0,25.0,2.0,15.0,7.0,17.0,64.0,26.0,40.63,30.0,14.0,46.67,34.0,12.0,35.29,22.0,17.0,77.3,10.0,21.0,31.0,15.0,3.0,14.0,10.0,20.0,reverse
2023_0118_132_40,2023-01-18T00:00:00+00:00,Basketball Loewen Braunschweig,40,Bamberg Baskets,132,92,83,local,2022-23,0,tOLbqLR3,69.0,32.0,46.38,39.0,23.0,58.97,30.0,9.0,30.0,25.0,19.0,76.0,13.0,27.0,40.0,15.0,3.0,8.0,7.0,22.0,65.0,30.0,46.15,40.0,23.0,57.5,25.0,7.0,28.0,19.0,16.0,84.2,10.0,24.0,34.0,16.0,0.0,12.0,4.0,23.0,reverse
2023_0120_134_1774,2023-01-20T00:00:00+00:00,Rostock Seawolves,1774,Medi Bayreuth,134,92,83,local,2022-23,0,URjO5Ewr,63.0,32.0,50.79,37.0,24.0,64.86,26.0,8.0,30.77,24.0,20.0,83.3,9.0,30.0,39.0,16.0,4.0,15.0,6.0,24.0,59.0,28.0,47.46,27.0,19.0,70.37,32.0,9.0,28.13,25.0,18.0,72.0,4.0,23.0,27.0,11.0,4.0,12.0,8.0,24.0,reverse
2023_0121_1791_3361,2023-01-21T00:00:00+00:00,Fraport Skyliners Frankfurt,3361,NINERS Chemnitz,1791,76,89,visitante,2022-23,0,veaTTuSG,62.0,24.0,38.71,26.0,13.0,50.0,36.0,11.0,30.56,19.0,17.0,89.5,12.0,19.0,31.0,11.0,6.0,10.0,3.0,20.0,63.0,29.0,46.03,33.0,18.0,54.55,30.0,11.0,36.67,24.0,20.0,83.3,17.0,26.0,43.0,22.0,1.0,12.0,4.0,17.0,reverse
2023_0121_19629_40,2023-01-21T00:00:00+00:00,Basketball Loewen Braunschweig,40,Veolia Towers Hamburg,19629,92,83,local,2022-23,0,rVfS4Yhl,62.0,29.0,46.77,28.0,15.0,53.57,34.0,14.0,41.18,25.0,20.0,80.0,7.0,18.0,25.0,25.0,2.0,11.0,13.0,23.0,57.0,30.0,52.63,37.0,21.0,56.76,20.0,9.0,45.0,23.0,14.0,60.9,12.0,25.0,37.0,15.0,2.0,20.0,5.0,20.0,reverse
2023_0121_1510_1634,2023-01-21T00:00:00+00:00,EWE Baskets Oldenburg,1634,Telekom Baskets Bonn,1510,79,108,visitante,2022-23,0,QgpX3h8f,63.0,29.0,46.03,35.0,21.0,60.0,28.0,8.0,28.57,19.0,13.0,68.4,13.0,20.0,33.0,15.0,1.0,11.0,4.0,20.0,62.0,39.0,62.9,29.0,21.0,72.41,33.0,18.0,54.55,18.0,12.0,66.7,6.0,21.0,27.0,22.0,0.0,7.0,10.0,22.0,reverse
2023_0121_2315_41,2023-01-21T00:00:00+00:00,MHP Riesen Ludwigsburg,41,Merlins Crailsheim,2315,87,106,visitante,2022-23,0,4pqy3CN0,74.0,30.0,40.54,38.0,20.0,52.63,36.0,10.0,27.78,25.0,19.0,76.0,17.0,25.0,42.0,16.0,2.0,10.0,3.0,21.0,66.0,35.0,53.03,34.0,20.0,58.82,32.0,15.0,46.88,20.0,19.0,95.0,7.0,30.0,37.0,18.0,6.0,8.0,6.0,23.0,reverse
2023_0122_450_127,2023-01-22T00:00:00+00:00,Ratiopharm Ulm,127,SYNTAINICS MBC Weissenfels,450,91,87,local,2022-23,0,j1sq1jhD,69.0,33.0,47.83,33.0,23.0,69.7,36.0,10.0,27.78,19.0,15.0,78.9,14.0,23.0,37.0,17.0,1.0,12.0,11.0,14.0,66.0,36.0,54.55,39.0,25.0,64.1,27.0,11.0,40.74,6.0,4.0,66.7,7.0,25.0,32.0,19.0,5.0,15.0,8.0,21.0,reverse
2023_0122_132_219,2023-01-22T00:00:00+00:00,FC Bayern Muenchen Basketball,219,Bamberg Baskets,132,94,87,local,2022-23,0,h6LRPZUD,68.0,34.0,50.0,42.0,25.0,59.52,26.0,9.0,34.62,24.0,17.0,70.8,12.0,25.0,37.0,18.0,1.0,9.0,6.0,18.0,65.0,34.0,52.31,35.0,22.0,62.86,30.0,12.0,40.0,11.0,7.0,63.6,7.0,24.0,31.0,20.0,0.0,12.0,5.0,26.0,reverse
2023_0123_2745_10,2023-01-23T00:00:00+00:00,ALBA Berlin,10,FITOne Wuerzburg Baskets,2745,79,76,local,2022-23,0,4rle87at,59.0,27.0,45.76,32.0,14.0,43.75,27.0,13.0,48.15,15.0,12.0,80.0,12.0,26.0,38.0,20.0,5.0,17.0,4.0,15.0,67.0,30.0,44.78,50.0,23.0,46.0,17.0,7.0,41.18,9.0,9.0,100.0,9.0,19.0,28.0,12.0,6.0,11.0,10.0,20.0,reverse
2023_0128_10_2315,2023-01-28T00:00:00+00:00,Merlins Crailsheim,2315,ALBA Berlin,10,77,100,visitante,2022-23,0,fXt855qa,69.0,27.0,39.13,33.0,14.0,42.42,36.0,13.0,36.11,12.0,10.0,83.3,16.0,24.0,40.0,17.0,3.0,17.0,5.0,22.0,72.0,37.0,51.39,38.0,25.0,65.79,34.0,12.0,35.29,20.0,14.0,70.0,15.0,26.0,41.0,24.0,5.0,10.0,10.0,16.0,reverse
2023_0128_215_2745,2023-01-28T00:00:00+00:00,FITOne Wuerzburg Baskets,2745,MLP Academics Heidelberg,215,82,93,visitante,2022-23,0,xdn36oUh,72.0,32.0,44.44,49.0,24.0,48.98,23.0,8.0,34.78,17.0,10.0,58.8,13.0,21.0,34.0,14.0,3.0,8.0,8.0,25.0,62.0,31.0,50.0,37.0,24.0,64.86,25.0,7.0,28.0,26.0,24.0,92.3,9.0,30.0,39.0,12.0,6.0,10.0,6.0,16.0,reverse
2023_0128_1774_450,2023-01-28T00:00:00+00:00,SYNTAINICS MBC Weissenfels,450,Rostock Seawolves,1774,77,79,visitante,2022-23,0,b5ma7REn,72.0,29.0,40.28,36.0,17.0,47.22,36.0,12.0,33.33,12.0,7.0,58.3,13.0,28.0,41.0,17.0,3.0,12.0,6.0,21.0,62.0,28.0,45.16,45.0,21.0,46.67,17.0,7.0,41.18,24.0,16.0,66.7,10.0,33.0,43.0,15.0,5.0,13.0,6.0,18.0,reverse
2023_0128_41_1634,2023-01-28T00:00:00+00:00,EWE Baskets Oldenburg,1634,MHP Riesen Ludwigsburg,41,75,71,local,2022-23,0,SpuG3qEB,53.0,25.0,47.17,31.0,14.0,45.16,22.0,11.0,50.0,20.0,14.0,70.0,6.0,33.0,39.0,22.0,4.0,17.0,5.0,17.0,72.0,27.0,37.5,42.0,16.0,38.1,30.0,11.0,36.67,9.0,6.0,66.7,11.0,24.0,35.0,17.0,4.0,10.0,8.0,23.0,reverse
2023_0128_127_132,2023-01-28T00:00:00+00:00,Bamberg Baskets,132,Ratiopharm Ulm,127,87,107,visitante,2022-23,0,YNuC4Pb5,63.0,31.0,49.21,36.0,21.0,58.33,27.0,10.0,37.04,17.0,15.0,88.2,10.0,23.0,33.0,15.0,1.0,19.0,8.0,22.0,81.0,38.0,46.91,37.0,21.0,56.76,44.0,17.0,38.64,16.0,14.0,87.5,19.0,22.0,41.0,16.0,5.0,11.0,7.0,18.0,reverse
2023_0129_219_214,2023-01-29T00:00:00+00:00,BG Goettingen,214,FC Bayern Muenchen Basketball,219,74,105,visitante,2022-23,0,QVcJ23TH,70.0,29.0,41.43,43.0,20.0,46.51,27.0,9.0,33.33,9.0,7.0,77.8,13.0,16.0,29.0,13.0,1.0,13.0,4.0,24.0,56.0,32.0,57.14,26.0,20.0,76.92,30.0,12.0,40.0,33.0,29.0,87.9,8.0,29.0,37.0,26.0,5.0,12.0,6.0,18.0,reverse
2023_0129_134_1510,2023-01-29T00:00:00+00:00,Telekom Baskets Bonn,1510,Medi Bayreuth,134,94,71,local,2022-23,0,8fmO1NrO,66.0,30.0,45.45,31.0,17.0,54.84,35.0,13.0,37.14,26.0,21.0,80.8,20.0,22.0,42.0,26.0,0.0,15.0,11.0,22.0,56.0,22.0,39.29,34.0,15.0,44.12,22.0,7.0,31.82,30.0,20.0,66.7,17.0,18.0,35.0,21.0,0.0,19.0,12.0,24.0,reverse
2023_0129_3361_19629,2023-01-29T00:00:00+00:00,Veolia Towers Hamburg,19629,Fraport Skyliners Frankfurt,3361,93,97,visitante,2022-23,0,YHbXSasN,60.0,33.0,55.0,39.0,25.0,64.1,21.0,8.0,38.1,28.0,19.0,67.9,11.0,25.0,36.0,22.0,3.0,16.0,6.0,22.0,69.0,35.0,50.72,41.0,21.0,51.22,28.0,14.0,50.0,15.0,13.0,86.7,9.0,21.0,30.0,22.0,2.0,9.0,9.0,26.0,reverse
2023_0129_40_1791,2023-01-29T00:00:00+00:00,NINERS Chemnitz,1791,Basketball Loewen Braunschweig,40,71,78,visitante,2022-23,0,nonS0sbU,64.0,24.0,37.5,32.0,18.0,56.25,32.0,6.0,18.75,18.0,17.0,94.4,11.0,23.0,34.0,12.0,1.0,15.0,7.0,20.0,55.0,25.0,45.45,29.0,15.0,51.72,26.0,10.0,38.46,27.0,18.0,66.7,10.0,26.0,36.0,12.0,3.0,18.0,11.0,22.0,reverse
2023_0201_3361_215,2023-02-01T00:00:00+00:00,MLP Academics Heidelberg,215,Fraport Skyliners Frankfurt,3361,94,82,local,2022-23,0,baWgp1Cc,68.0,36.0,52.94,36.0,24.0,66.67,32.0,12.0,37.5,15.0,10.0,66.7,7.0,28.0,35.0,20.0,2.0,8.0,6.0,15.0,65.0,32.0,49.23,35.0,21.0,60.0,30.0,11.0,36.67,9.0,7.0,77.8,5.0,28.0,33.0,18.0,0.0,14.0,3.0,22.0,reverse
2023_0203_19629_1774,2023-02-03T00:00:00+00:00,Rostock Seawolves,1774,Veolia Towers Hamburg,19629,91,81,local,2022-23,0,KEK2rusA,60.0,31.0,51.67,39.0,23.0,58.97,21.0,8.0,38.1,27.0,21.0,77.8,9.0,31.0,40.0,13.0,4.0,18.0,10.0,24.0,71.0,29.0,40.85,40.0,21.0,52.5,31.0,8.0,25.81,24.0,15.0,62.5,16.0,24.0,40.0,15.0,1.0,16.0,7.0,24.0,reverse
2023_0203_2745_1791,2023-02-03T00:00:00+00:00,NINERS Chemnitz,1791,FITOne Wuerzburg Baskets,2745,74,77,visitante,2022-23,0,EkZ5sadG,49.0,27.0,55.1,23.0,19.0,82.61,26.0,8.0,30.77,19.0,12.0,63.2,10.0,21.0,31.0,20.0,0.0,22.0,7.0,21.0,62.0,28.0,45.16,43.0,20.0,46.51,19.0,8.0,42.11,20.0,13.0,65.0,14.0,16.0,30.0,15.0,2.0,14.0,13.0,17.0,reverse
2023_0205_132_214,2023-02-05T00:00:00+00:00,BG Goettingen,214,Bamberg Baskets,132,92,95,visitante,2022-23,0,CQEtycZq,59.0,27.0,45.76,31.0,18.0,58.06,28.0,9.0,32.14,34.0,29.0,85.3,13.0,28.0,41.0,16.0,1.0,26.0,7.0,25.0,67.0,33.0,49.25,45.0,26.0,57.78,22.0,7.0,31.82,27.0,22.0,81.5,8.0,17.0,25.0,19.0,3.0,16.0,10.0,31.0,reverse
2023_0205_40_450,2023-02-05T00:00:00+00:00,SYNTAINICS MBC Weissenfels,450,Basketball Loewen Braunschweig,40,89,73,local,2022-23,0,f9fudbB9,55.0,27.0,49.09,30.0,16.0,53.33,25.0,11.0,44.0,27.0,24.0,88.9,4.0,30.0,34.0,20.0,2.0,12.0,7.0,21.0,64.0,25.0,39.06,33.0,19.0,57.58,31.0,6.0,19.35,23.0,17.0,73.9,12.0,24.0,36.0,18.0,3.0,14.0,5.0,25.0,reverse
2023_0205_219_1510,2023-02-05T00:00:00+00:00,Telekom Baskets Bonn,1510,FC Bayern Muenchen Basketball,219,77,73,local,2022-23,0,z5NEuwRS,57.0,29.0,50.88,40.0,22.0,55.0,17.0,7.0,41.18,14.0,12.0,85.7,8.0,26.0,34.0,16.0,4.0,13.0,7.0,24.0,62.0,26.0,41.94,36.0,15.0,41.67,26.0,11.0,42.31,13.0,10.0,76.9,12.0,18.0,30.0,15.0,7.0,12.0,6.0,21.0,reverse
2023_0205_134_127,2023-02-05T00:00:00+00:00,Ratiopharm Ulm,127,Medi Bayreuth,134,80,64,local,2022-23,0,pvDlZz4d,72.0,29.0,40.28,42.0,17.0,40.48,30.0,12.0,40.0,14.0,10.0,71.4,16.0,26.0,42.0,18.0,4.0,9.0,14.0,18.0,58.0,21.0,36.21,32.0,13.0,40.63,26.0,8.0,30.77,20.0,14.0,70.0,13.0,29.0,42.0,17.0,3.0,17.0,8.0,17.0,reverse
2023_0205_2315_1791,2023-02-05T00:00:00+00:00,NINERS Chemnitz,1791,Merlins Crailsheim,2315,82,79,local,2022-23,0,6mEpzHlj,64.0,28.0,43.75,34.0,19.0,55.88,30.0,9.0,30.0,24.0,17.0,70.8,11.0,31.0,42.0,18.0,2.0,11.0,7.0,26.0,58.0,24.0,41.38,21.0,10.0,47.62,37.0,14.0,37.84,23.0,17.0,73.9,6.0,29.0,35.0,17.0,1.0,13.0,5.0,22.0,reverse
2023_0205_215_10,2023-02-05T00:00:00+00:00,ALBA Berlin,10,MLP Academics Heidelberg,215,94,86,local,2022-23,0,MedXcKtc,59.0,36.0,61.02,35.0,23.0,65.71,24.0,13.0,54.17,16.0,9.0,56.3,6.0,29.0,35.0,28.0,3.0,15.0,6.0,17.0,71.0,33.0,46.48,41.0,21.0,51.22,30.0,12.0,40.0,14.0,8.0,57.1,10.0,18.0,28.0,22.0,1.0,10.0,9.0,19.0,reverse
2023_0205_41_3361,2023-02-05T00:00:00+00:00,Fraport Skyliners Frankfurt,3361,MHP Riesen Ludwigsburg,41,81,96,visitante,2022-23,0,htY9tJBM,67.0,31.0,46.27,33.0,22.0,66.67,34.0,9.0,26.47,12.0,10.0,83.3,10.0,15.0,25.0,18.0,1.0,14.0,6.0,22.0,60.0,36.0,60.0,33.0,23.0,69.7,27.0,13.0,48.15,18.0,11.0,61.1,9.0,26.0,35.0,21.0,0.0,16.0,7.0,20.0,reverse
2023_0205_1774_1634,2023-02-05T00:00:00+00:00,EWE Baskets Oldenburg,1634,Rostock Seawolves,1774,80,73,local,2022-23,0,0neycvd3,75.0,29.0,38.67,35.0,21.0,60.0,40.0,8.0,20.0,16.0,14.0,87.5,18.0,22.0,40.0,13.0,0.0,8.0,9.0,20.0,63.0,28.0,44.44,33.0,19.0,57.58,30.0,9.0,30.0,10.0,8.0,80.0,12.0,29.0,41.0,17.0,4.0,17.0,6.0,21.0,reverse
2023_0206_2745_19629,2023-02-06T00:00:00+00:00,Veolia Towers Hamburg,19629,FITOne Wuerzburg Baskets,2745,56,90,visitante,2022-23,0,6qbqeIQF,48.0,20.0,41.67,30.0,15.0,50.0,18.0,5.0,27.78,20.0,11.0,55.0,7.0,22.0,29.0,17.0,0.0,23.0,2.0,19.0,61.0,36.0,59.02,42.0,27.0,64.29,19.0,9.0,47.37,12.0,9.0,75.0,4.0,24.0,28.0,13.0,2.0,10.0,18.0,21.0,reverse
2023_0209_214_215,2023-02-09T00:00:00+00:00,MLP Academics Heidelberg,215,BG Goettingen,214,81,87,visitante,2022-23,0,CAru2Wx7,64.0,28.0,43.75,34.0,18.0,52.94,30.0,10.0,33.33,19.0,15.0,78.9,8.0,25.0,33.0,13.0,3.0,11.0,6.0,25.0,67.0,34.0,50.75,49.0,28.0,57.14,18.0,6.0,33.33,21.0,13.0,61.9,10.0,27.0,37.0,20.0,3.0,7.0,3.0,23.0,reverse
2023_0211_214_2315,2023-02-11T00:00:00+00:00,Merlins Crailsheim,2315,BG Goettingen,214,79,92,visitante,2022-23,0,YcEPzlu1,51.0,24.0,47.06,29.0,18.0,62.07,22.0,6.0,27.27,33.0,25.0,75.8,6.0,19.0,25.0,12.0,5.0,10.0,6.0,23.0,64.0,29.0,45.31,36.0,18.0,50.0,28.0,11.0,39.29,24.0,23.0,95.8,14.0,24.0,38.0,12.0,1.0,11.0,5.0,26.0,reverse
2023_0211_19629_134,2023-02-11T00:00:00+00:00,Medi Bayreuth,134,Veolia Towers Hamburg,19629,74,86,visitante,2022-23,0,GM3UZ7f7,53.0,24.0,45.28,28.0,15.0,53.57,25.0,9.0,36.0,22.0,17.0,77.3,8.0,25.0,33.0,16.0,1.0,20.0,7.0,23.0,63.0,32.0,50.79,42.0,23.0,54.76,21.0,9.0,42.86,17.0,13.0,76.5,8.0,24.0,32.0,18.0,3.0,14.0,11.0,23.0,reverse
2023_0211_41_40,2023-02-11T00:00:00+00:00,Basketball Loewen Braunschweig,40,MHP Riesen Ludwigsburg,41,92,93,visitante,2022-23,0,f7FLyUPf,73.0,36.0,49.32,46.0,30.0,65.22,27.0,6.0,22.22,20.0,14.0,70.0,17.0,30.0,47.0,17.0,3.0,13.0,4.0,24.0,73.0,32.0,43.84,35.0,17.0,48.57,38.0,15.0,39.47,22.0,14.0,63.6,14.0,21.0,35.0,24.0,3.0,7.0,9.0,18.0,reverse
2023_0211_127_215,2023-02-11T00:00:00+00:00,MLP Academics Heidelberg,215,Ratiopharm Ulm,127,84,92,visitante,2022-23,0,QXAHxAAl,58.0,27.0,46.55,30.0,16.0,53.33,28.0,11.0,39.29,23.0,19.0,82.6,11.0,28.0,39.0,16.0,0.0,15.0,2.0,16.0,66.0,31.0,46.97,24.0,14.0,58.33,42.0,17.0,40.48,19.0,13.0,68.4,10.0,21.0,31.0,21.0,2.0,8.0,11.0,23.0,reverse
2023_0211_10_1634,2023-02-11T00:00:00+00:00,EWE Baskets Oldenburg,1634,ALBA Berlin,10,81,89,visitante,2022-23,0,MJfKdV1K,64.0,32.0,50.0,44.0,25.0,56.82,20.0,7.0,35.0,13.0,10.0,76.9,12.0,25.0,37.0,18.0,3.0,13.0,5.0,22.0,68.0,31.0,45.59,36.0,20.0,55.56,32.0,11.0,34.38,20.0,16.0,80.0,15.0,20.0,35.0,26.0,3.0,9.0,5.0,14.0,reverse
2023_0212_1774_1510,2023-02-12T00:00:00+00:00,Telekom Baskets Bonn,1510,Rostock Seawolves,1774,77,62,local,2022-23,0,nsCDwjer,75.0,31.0,41.33,40.0,22.0,55.0,35.0,9.0,25.71,10.0,6.0,60.0,21.0,27.0,48.0,20.0,1.0,13.0,8.0,23.0,59.0,20.0,33.9,36.0,17.0,47.22,23.0,3.0,13.04,26.0,19.0,73.1,11.0,25.0,36.0,15.0,2.0,15.0,4.0,15.0,reverse
2023_0212_1791_219,2023-02-12T00:00:00+00:00,FC Bayern Muenchen Basketball,219,NINERS Chemnitz,1791,79,58,local,2022-23,0,UP7YYR9D,59.0,26.0,44.07,27.0,11.0,40.74,32.0,15.0,46.88,18.0,12.0,66.7,11.0,26.0,37.0,14.0,1.0,13.0,8.0,18.0,55.0,22.0,40.0,39.0,16.0,41.03,16.0,6.0,37.5,10.0,8.0,80.0,7.0,24.0,31.0,15.0,2.0,15.0,4.0,21.0,reverse
2023_0212_3361_132,2023-02-12T00:00:00+00:00,Bamberg Baskets,132,Fraport Skyliners Frankfurt,3361,100,83,local,2022-23,0,8WQlDjaS,67.0,35.0,52.24,36.0,21.0,58.33,31.0,14.0,45.16,19.0,16.0,84.2,11.0,25.0,36.0,21.0,4.0,8.0,6.0,24.0,60.0,29.0,48.33,35.0,14.0,40.0,25.0,15.0,60.0,18.0,10.0,55.6,8.0,24.0,32.0,21.0,3.0,11.0,3.0,17.0,reverse
2023_0212_450_2745,2023-02-12T00:00:00+00:00,FITOne Wuerzburg Baskets,2745,SYNTAINICS MBC Weissenfels,450,83,98,visitante,2022-23,0,rTeGcBnE,63.0,31.0,49.21,43.0,21.0,48.84,20.0,10.0,50.0,15.0,11.0,73.3,18.0,16.0,34.0,15.0,1.0,16.0,5.0,20.0,54.0,35.0,64.81,29.0,21.0,72.41,25.0,14.0,56.0,17.0,14.0,82.4,5.0,14.0,19.0,30.0,3.0,9.0,7.0,19.0,reverse
2023_0214_132_127,2023-02-14T00:00:00+00:00,Ratiopharm Ulm,127,Bamberg Baskets,132,77,97,visitante,2022-23,0,4vbqi9Ps,61.0,24.0,39.34,30.0,13.0,43.33,31.0,11.0,35.48,29.0,18.0,62.1,14.0,25.0,39.0,10.0,2.0,16.0,7.0,21.0,69.0,32.0,46.38,31.0,17.0,54.84,38.0,15.0,39.47,19.0,18.0,94.7,11.0,31.0,42.0,19.0,0.0,11.0,7.0,23.0,reverse
2023_0214_219_19629,2023-02-14T00:00:00+00:00,Veolia Towers Hamburg,19629,FC Bayern Muenchen Basketball,219,89,70,local,2022-23,0,2VBHekHQ,59.0,32.0,54.24,35.0,20.0,57.14,24.0,12.0,50.0,17.0,13.0,76.5,6.0,28.0,34.0,18.0,1.0,14.0,12.0,21.0,65.0,26.0,40.0,44.0,20.0,45.45,21.0,6.0,28.57,19.0,12.0,63.2,14.0,22.0,36.0,13.0,1.0,13.0,9.0,19.0,reverse
2023_0214_134_41,2023-02-14T00:00:00+00:00,MHP Riesen Ludwigsburg,41,Medi Bayreuth,134,108,94,local,2022-23,0,fTjdl790,68.0,38.0,55.88,34.0,24.0,70.59,34.0,14.0,41.18,24.0,18.0,75.0,11.0,17.0,28.0,19.0,0.0,9.0,8.0,26.0,52.0,30.0,57.69,29.0,18.0,62.07,23.0,12.0,52.17,29.0,22.0,75.9,8.0,19.0,27.0,22.0,1.0,20.0,5.0,25.0,reverse
2023_0214_2315_10,2023-02-14T00:00:00+00:00,ALBA Berlin,10,Merlins Crailsheim,2315,91,85,local,2022-23,0,C41ikmff,52.0,29.0,55.77,32.0,23.0,71.88,20.0,6.0,30.0,33.0,27.0,81.8,10.0,28.0,38.0,18.0,2.0,16.0,2.0,17.0,65.0,31.0,47.69,42.0,25.0,59.52,23.0,6.0,26.09,18.0,17.0,94.4,7.0,14.0,21.0,17.0,2.0,10.0,8.0,27.0,reverse
2023_0214_1634_3361,2023-02-14T00:00:00+00:00,Fraport Skyliners Frankfurt,3361,EWE Baskets Oldenburg,1634,79,87,visitante,2022-23,0,b1cmjTvl,47.0,22.0,46.81,22.0,12.0,54.55,25.0,10.0,40.0,27.0,25.0,92.6,7.0,18.0,25.0,11.0,2.0,18.0,7.0,20.0,57.0,27.0,47.37,27.0,17.0,62.96,30.0,10.0,33.33,26.0,23.0,88.5,14.0,23.0,37.0,17.0,1.0,18.0,12.0,24.0,reverse
2023_0215_40_1774,2023-02-15T00:00:00+00:00,Rostock Seawolves,1774,Basketball Loewen Braunschweig,40,87,71,local,2022-23,0,YJk0mRO6,55.0,28.0,50.91,32.0,19.0,59.38,23.0,9.0,39.13,31.0,22.0,71.0,8.0,30.0,38.0,20.0,3.0,17.0,7.0,13.0,67.0,27.0,40.3,37.0,20.0,54.05,30.0,7.0,23.33,11.0,10.0,90.9,9.0,24.0,33.0,10.0,3.0,18.0,8.0,25.0,reverse
2023_0215_1510_450,2023-02-15T00:00:00+00:00,SYNTAINICS MBC Weissenfels,450,Telekom Baskets Bonn,1510,57,91,visitante,2022-23,0,tpg8o5gJ,59.0,22.0,37.29,35.0,16.0,45.71,24.0,6.0,25.0,8.0,7.0,87.5,5.0,13.0,18.0,15.0,0.0,12.0,11.0,15.0,65.0,39.0,60.0,38.0,29.0,76.32,27.0,10.0,37.04,3.0,3.0,100.0,13.0,29.0,42.0,26.0,3.0,15.0,7.0,17.0,reverse
2023_0215_1791_214,2023-02-15T00:00:00+00:00,BG Goettingen,214,NINERS Chemnitz,1791,87,86,local,2022-23,0,2gf4novD,58.0,27.0,46.55,30.0,17.0,56.67,28.0,10.0,35.71,34.0,23.0,67.6,11.0,20.0,31.0,17.0,0.0,11.0,5.0,26.0,62.0,28.0,45.16,36.0,19.0,52.78,26.0,9.0,34.62,30.0,21.0,70.0,14.0,25.0,39.0,25.0,1.0,11.0,6.0,28.0,reverse
2023_0215_2745_215,2023-02-15T00:00:00+00:00,MLP Academics Heidelberg,215,FITOne Wuerzburg Baskets,2745,71,90,visitante,2022-23,0,rkXjAlWJ,59.0,25.0,42.37,28.0,15.0,53.57,31.0,10.0,32.26,11.0,11.0,100.0,8.0,16.0,24.0,17.0,1.0,16.0,3.0,14.0,70.0,39.0,55.71,55.0,35.0,63.64,15.0,4.0,26.67,9.0,8.0,88.9,14.0,25.0,39.0,20.0,3.0,13.0,11.0,15.0,reverse
2023_0302_1510_2315,2023-03-02T00:00:00+00:00,Merlins Crailsheim,2315,Telekom Baskets Bonn,1510,83,101,visitante,2022-23,0,pGAvN6R0,59.0,31.0,52.54,29.0,18.0,62.07,30.0,13.0,43.33,9.0,8.0,88.9,10.0,25.0,35.0,14.0,4.0,16.0,5.0,24.0,67.0,36.0,53.73,41.0,26.0,63.41,26.0,10.0,38.46,26.0,19.0,73.1,11.0,18.0,29.0,26.0,3.0,7.0,10.0,17.0,reverse
2023_0303_19629_132,2023-03-03T00:00:00+00:00,Bamberg Baskets,132,Veolia Towers Hamburg,19629,88,83,local,2022-23,0,0OIG8A7q,65.0,31.0,47.69,36.0,20.0,55.56,29.0,11.0,37.93,20.0,17.0,85.0,12.0,24.0,36.0,20.0,4.0,14.0,6.0,22.0,68.0,33.0,48.53,45.0,26.0,57.78,23.0,7.0,30.43,18.0,10.0,55.6,17.0,24.0,41.0,17.0,0.0,17.0,6.0,22.0,reverse
2023_0303_2745_127,2023-03-03T00:00:00+00:00,Ratiopharm Ulm,127,FITOne Wuerzburg Baskets,2745,82,62,local,2022-23,0,KOPS58i2,58.0,28.0,48.28,26.0,19.0,73.08,32.0,9.0,28.13,22.0,17.0,77.3,10.0,26.0,36.0,19.0,4.0,15.0,12.0,23.0,47.0,21.0,44.68,30.0,16.0,53.33,17.0,5.0,29.41,20.0,15.0,75.0,2.0,22.0,24.0,11.0,1.0,18.0,8.0,21.0,reverse
2023_0304_1791_40,2023-03-04T00:00:00+00:00,Basketball Loewen Braunschweig,40,NINERS Chemnitz,1791,83,73,local,2022-23,0,tzjf98oQ,61.0,31.0,50.82,26.0,16.0,61.54,35.0,15.0,42.86,11.0,6.0,54.5,14.0,25.0,39.0,20.0,2.0,16.0,6.0,23.0,58.0,26.0,44.83,29.0,17.0,58.62,29.0,9.0,31.03,17.0,12.0,70.6,10.0,17.0,27.0,19.0,1.0,14.0,4.0,18.0,reverse
2023_0304_450_1774,2023-03-04T00:00:00+00:00,Rostock Seawolves,1774,SYNTAINICS MBC Weissenfels,450,78,102,visitante,2022-23,0,Mw7P6lxd,58.0,26.0,44.83,34.0,20.0,58.82,24.0,6.0,25.0,25.0,20.0,80.0,7.0,18.0,25.0,12.0,0.0,12.0,6.0,15.0,65.0,35.0,53.85,32.0,23.0,71.88,33.0,12.0,36.36,23.0,20.0,87.0,10.0,26.0,36.0,20.0,4.0,10.0,7.0,21.0,reverse
2023_0304_10_219,2023-03-04T00:00:00+00:00,FC Bayern Muenchen Basketball,219,ALBA Berlin,10,76,71,local,2022-23,0,Ug7JSVbF,69.0,31.0,44.93,35.0,20.0,57.14,34.0,11.0,32.35,4.0,3.0,75.0,16.0,21.0,37.0,17.0,2.0,13.0,13.0,20.0,52.0,24.0,46.15,26.0,12.0,46.15,26.0,12.0,46.15,14.0,11.0,78.6,7.0,23.0,30.0,14.0,2.0,21.0,9.0,13.0,reverse
2023_0305_1634_2315,2023-03-05T00:00:00+00:00,Merlins Crailsheim,2315,EWE Baskets Oldenburg,1634,86,94,visitante,2022-23,0,pdSkosci,59.0,30.0,50.85,25.0,15.0,60.0,34.0,15.0,44.12,13.0,11.0,84.6,8.0,21.0,29.0,18.0,5.0,17.0,6.0,22.0,70.0,35.0,50.0,41.0,26.0,63.41,29.0,9.0,31.03,21.0,15.0,71.4,16.0,19.0,35.0,21.0,3.0,10.0,7.0,21.0,reverse
2023_0305_41_215,2023-03-05T00:00:00+00:00,MLP Academics Heidelberg,215,MHP Riesen Ludwigsburg,41,87,111,visitante,2022-23,0,YRDAUiU2,60.0,27.0,45.0,36.0,20.0,55.56,24.0,7.0,29.17,29.0,26.0,89.7,11.0,21.0,32.0,13.0,1.0,10.0,0.0,21.0,76.0,36.0,47.37,39.0,23.0,58.97,37.0,13.0,35.14,31.0,26.0,83.9,19.0,23.0,42.0,20.0,3.0,5.0,6.0,23.0,reverse
2023_0305_3361_1510,2023-03-05T00:00:00+00:00,Telekom Baskets Bonn,1510,Fraport Skyliners Frankfurt,3361,88,61,local,2022-23,0,CICETBq9,68.0,31.0,45.59,35.0,19.0,54.29,33.0,12.0,36.36,20.0,14.0,70.0,18.0,30.0,48.0,14.0,5.0,14.0,8.0,20.0,57.0,21.0,36.84,26.0,13.0,50.0,31.0,8.0,25.81,16.0,11.0,68.8,8.0,24.0,32.0,14.0,2.0,17.0,6.0,23.0,reverse
2023_0308_41_134,2023-03-08T00:00:00+00:00,Medi Bayreuth,134,MHP Riesen Ludwigsburg,41,93,102,visitante,2022-23,0,OSbw2BL9,64.0,32.0,50.0,31.0,20.0,64.52,33.0,12.0,36.36,25.0,17.0,68.0,10.0,21.0,31.0,22.0,0.0,11.0,6.0,23.0,64.0,36.0,56.25,40.0,25.0,62.5,24.0,11.0,45.83,30.0,19.0,63.3,13.0,24.0,37.0,23.0,1.0,10.0,5.0,23.0,reverse
2023_0310_215_214,2023-03-10T00:00:00+00:00,BG Goettingen,214,MLP Academics Heidelberg,215,74,84,visitante,2022-23,0,x6yQ3n9m,61.0,27.0,44.26,35.0,19.0,54.29,26.0,8.0,30.77,15.0,12.0,80.0,9.0,24.0,33.0,15.0,2.0,12.0,3.0,26.0,67.0,29.0,43.28,46.0,24.0,52.17,21.0,5.0,23.81,27.0,21.0,77.8,17.0,26.0,43.0,14.0,4.0,8.0,6.0,20.0,reverse
2023_0311_10_1791,2023-03-11T00:00:00+00:00,NINERS Chemnitz,1791,ALBA Berlin,10,91,101,visitante,2022-23,0,0tUjANrl,63.0,33.0,52.38,35.0,24.0,68.57,28.0,9.0,32.14,21.0,16.0,76.2,6.0,17.0,23.0,17.0,2.0,15.0,11.0,20.0,65.0,36.0,55.38,32.0,21.0,65.63,33.0,15.0,45.45,16.0,14.0,87.5,12.0,24.0,36.0,21.0,3.0,21.0,9.0,21.0,reverse
2023_0311_19629_41,2023-03-11T00:00:00+00:00,MHP Riesen Ludwigsburg,41,Veolia Towers Hamburg,19629,83,77,local,2022-23,0,YXUY1Qw0,58.0,29.0,50.0,30.0,21.0,70.0,28.0,8.0,28.57,21.0,17.0,81.0,5.0,22.0,27.0,11.0,3.0,10.0,8.0,20.0,68.0,30.0,44.12,45.0,24.0,53.33,23.0,6.0,26.09,12.0,11.0,91.7,16.0,24.0,40.0,18.0,0.0,18.0,7.0,23.0,reverse
2023_0311_450_132,2023-03-11T00:00:00+00:00,Bamberg Baskets,132,SYNTAINICS MBC Weissenfels,450,99,95,local,2022-23,0,fsWU26Og,73.0,37.0,50.68,35.0,22.0,62.86,38.0,15.0,39.47,12.0,10.0,83.3,19.0,22.0,41.0,20.0,4.0,14.0,7.0,23.0,61.0,34.0,55.74,38.0,24.0,63.16,23.0,10.0,43.48,22.0,17.0,77.3,6.0,16.0,22.0,18.0,3.0,9.0,10.0,20.0,reverse
2023_0311_127_3361,2023-03-11T00:00:00+00:00,Fraport Skyliners Frankfurt,3361,Ratiopharm Ulm,127,79,94,visitante,2022-23,0,6JUnB3Ts,63.0,28.0,44.44,27.0,16.0,59.26,36.0,12.0,33.33,16.0,11.0,68.8,12.0,21.0,33.0,19.0,1.0,11.0,3.0,22.0,65.0,32.0,49.23,26.0,16.0,61.54,39.0,16.0,41.03,21.0,14.0,66.7,13.0,24.0,37.0,20.0,3.0,7.0,4.0,15.0,reverse
2023_0312_134_219,2023-03-12T00:00:00+00:00,FC Bayern Muenchen Basketball,219,Medi Bayreuth,134,80,79,local,2022-23,0,tbYt048C,56.0,29.0,51.79,35.0,24.0,68.57,21.0,5.0,23.81,24.0,17.0,70.8,12.0,26.0,38.0,20.0,0.0,17.0,4.0,23.0,60.0,25.0,41.67,32.0,18.0,56.25,28.0,7.0,25.0,27.0,22.0,81.5,11.0,17.0,28.0,15.0,1.0,8.0,7.0,23.0,reverse
2023_0312_1510_2745,2023-03-12T00:00:00+00:00,FITOne Wuerzburg Baskets,2745,Telekom Baskets Bonn,1510,73,94,visitante,2022-23,0,,,,,,,,,,,,,,,,,,,,,,,,,,,,,,,,,,,,,,,,,,
2023_0312_1634_40,2023-03-12T00:00:00+00:00,Basketball Loewen Braunschweig,40,EWE Baskets Oldenburg,1634,73,83,visitante,2022-23,0,SfUx1pg6,55.0,23.0,41.82,26.0,14.0,53.85,29.0,9.0,31.03,22.0,18.0,81.8,12.0,22.0,34.0,18.0,7.0,20.0,5.0,21.0,64.0,30.0,46.88,40.0,23.0,57.5,24.0,7.0,29.17,20.0,16.0,80.0,14.0,18.0,32.0,20.0,2.0,10.0,10.0,21.0,reverse
2023_0312_1774_2315,2023-03-12T00:00:00+00:00,Merlins Crailsheim,2315,Rostock Seawolves,1774,79,86,visitante,2022-23,0,OMNoaONI,66.0,28.0,42.42,25.0,14.0,56.0,41.0,14.0,34.15,11.0,9.0,81.8,10.0,25.0,35.0,17.0,4.0,11.0,6.0,22.0,58.0,31.0,53.45,34.0,20.0,58.82,24.0,11.0,45.83,18.0,13.0,72.2,4.0,28.0,32.0,15.0,3.0,10.0,6.0,15.0,reverse
2023_0314_450_10,2023-03-14T00:00:00+00:00,ALBA Berlin,10,SYNTAINICS MBC Weissenfels,450,87,77,local,2022-23,0,UuSpEWqM,64.0,33.0,51.56,43.0,25.0,58.14,21.0,8.0,38.1,15.0,13.0,86.7,12.0,27.0,39.0,14.0,4.0,17.0,8.0,11.0,63.0,26.0,41.27,39.0,16.0,41.03,24.0,10.0,41.67,16.0,15.0,93.8,10.0,20.0,30.0,15.0,5.0,14.0,15.0,20.0,reverse
2023_0317_2745_134,2023-03-17T00:00:00+00:00,Medi Bayreuth,134,FITOne Wuerzburg Baskets,2745,89,96,visitante,2022-23,0,UJAXMRFP,69.0,33.0,47.83,38.0,21.0,55.26,31.0,12.0,38.71,14.0,11.0,78.6,14.0,19.0,33.0,21.0,1.0,17.0,8.0,17.0,67.0,36.0,53.73,45.0,27.0,60.0,22.0,9.0,40.91,16.0,15.0,93.8,9.0,23.0,32.0,20.0,4.0,18.0,13.0,18.0,reverse
2023_0318_132_1774,2023-03-18T00:00:00+00:00,Rostock Seawolves,1774,Bamberg Baskets,132,94,88,local,2022-23,0,Ein4H5wm,59.0,31.0,52.54,38.0,19.0,50.0,21.0,12.0,57.14,24.0,20.0,83.3,6.0,30.0,36.0,20.0,9.0,11.0,7.0,19.0,75.0,34.0,45.33,44.0,23.0,52.27,31.0,11.0,35.48,12.0,9.0,75.0,10.0,25.0,35.0,25.0,2.0,9.0,3.0,23.0,reverse
2023_0318_2315_127,2023-03-18T00:00:00+00:00,Ratiopharm Ulm,127,Merlins Crailsheim,2315,68,76,visitante,2022-23,0,Sfj8GPhg,56.0,20.0,35.71,22.0,8.0,36.36,34.0,12.0,35.29,23.0,16.0,69.6,13.0,26.0,39.0,14.0,3.0,26.0,8.0,20.0,64.0,29.0,45.31,32.0,21.0,65.63,32.0,8.0,25.0,13.0,10.0,76.9,10.0,26.0,36.0,17.0,2.0,19.0,15.0,20.0,reverse
2023_0319_41_10,2023-03-19T00:00:00+00:00,ALBA Berlin,10,MHP Riesen Ludwigsburg,41,83,77,local,2022-23,0,d8Na81D0,56.0,30.0,53.57,33.0,19.0,57.58,23.0,11.0,47.83,16.0,12.0,75.0,5.0,26.0,31.0,13.0,3.0,17.0,6.0,17.0,70.0,29.0,41.43,39.0,22.0,56.41,31.0,7.0,22.58,15.0,12.0,80.0,13.0,22.0,35.0,17.0,1.0,14.0,11.0,17.0,reverse
2023_0319_40_215,2023-03-19T00:00:00+00:00,MLP Academics Heidelberg,215,Basketball Loewen Braunschweig,40,82,89,visitante,2022-23,0,MHkCFq8a,59.0,31.0,52.54,34.0,23.0,67.65,25.0,8.0,32.0,17.0,12.0,70.6,11.0,26.0,37.0,13.0,3.0,12.0,5.0,21.0,65.0,33.0,50.77,40.0,24.0,60.0,25.0,9.0,36.0,18.0,14.0,77.8,8.0,24.0,32.0,14.0,2.0,9.0,5.0,22.0,reverse
2023_0319_219_450,2023-03-19T00:00:00+00:00,SYNTAINICS MBC Weissenfels,450,FC Bayern Muenchen Basketball,219,66,87,visitante,2022-23,0,08lGE3N5,64.0,28.0,43.75,40.0,23.0,57.5,24.0,5.0,20.83,8.0,5.0,62.5,7.0,18.0,25.0,14.0,1.0,11.0,5.0,22.0,56.0,29.0,51.79,30.0,16.0,53.33,26.0,13.0,50.0,21.0,16.0,76.2,11.0,29.0,40.0,17.0,0.0,13.0,7.0,17.0,reverse
2023_0319_3361_1791,2023-03-19T00:00:00+00:00,NINERS Chemnitz,1791,Fraport Skyliners Frankfurt,3361,84,89,visitante,2022-23,0,EqYf9sbf,59.0,25.0,42.37,19.0,9.0,47.37,40.0,16.0,40.0,22.0,18.0,81.8,9.0,25.0,34.0,20.0,2.0,14.0,3.0,19.0,61.0,33.0,54.1,30.0,20.0,66.67,31.0,13.0,41.94,16.0,10.0,62.5,6.0,26.0,32.0,19.0,2.0,11.0,6.0,24.0,reverse
2023_0319_1634_19629,2023-03-19T00:00:00+00:00,Veolia Towers Hamburg,19629,EWE Baskets Oldenburg,1634,58,94,visitante,2022-23,0,IqqLDNxC,60.0,21.0,35.0,35.0,19.0,54.29,25.0,2.0,8.0,25.0,14.0,56.0,15.0,27.0,42.0,9.0,2.0,21.0,4.0,16.0,73.0,38.0,52.05,46.0,28.0,60.87,27.0,10.0,37.04,11.0,8.0,72.7,9.0,27.0,36.0,18.0,0.0,9.0,8.0,28.0,reverse
2023_0322_132_1791,2023-03-22T00:00:00+00:00,NINERS Chemnitz,1791,Bamberg Baskets,132,83,95,visitante,2022-23,0,CtaswJHb,79.0,29.0,36.71,40.0,19.0,47.5,39.0,10.0,25.64,18.0,15.0,83.3,20.0,21.0,41.0,15.0,0.0,5.0,5.0,24.0,56.0,27.0,48.21,24.0,14.0,58.33,32.0,13.0,40.63,36.0,28.0,77.8,11.0,30.0,41.0,23.0,4.0,10.0,3.0,22.0,reverse
2023_0324_134_1634,2023-03-24T00:00:00+00:00,EWE Baskets Oldenburg,1634,Medi Bayreuth,134,75,85,visitante,2022-23,0,jcsTB17O,70.0,29.0,41.43,41.0,23.0,56.1,29.0,6.0,20.69,19.0,11.0,57.9,15.0,27.0,42.0,14.0,1.0,15.0,8.0,23.0,64.0,27.0,42.19,26.0,13.0,50.0,38.0,14.0,36.84,22.0,17.0,77.3,11.0,30.0,41.0,19.0,6.0,14.0,12.0,20.0,reverse
2023_0325_1774_2745,2023-03-25T00:00:00+00:00,FITOne Wuerzburg Baskets,2745,Rostock Seawolves,1774,76,72,local,2022-23,0,dzrPCshI,67.0,29.0,43.28,38.0,20.0,52.63,29.0,9.0,31.03,13.0,9.0,69.2,15.0,24.0,39.0,12.0,2.0,14.0,13.0,25.0,52.0,21.0,40.38,30.0,13.0,43.33,22.0,8.0,36.36,29.0,22.0,75.9,11.0,24.0,35.0,16.0,5.0,18.0,6.0,15.0,reverse
2023_0325_19629_3361,2023-03-25T00:00:00+00:00,Fraport Skyliners Frankfurt,3361,Veolia Towers Hamburg,19629,70,84,visitante,2022-23,0,zaM37LS6,63.0,28.0,44.44,35.0,20.0,57.14,28.0,8.0,28.57,11.0,6.0,54.5,9.0,14.0,23.0,15.0,0.0,11.0,7.0,16.0,54.0,32.0,59.26,31.0,20.0,64.52,23.0,12.0,52.17,11.0,8.0,72.7,9.0,27.0,36.0,21.0,2.0,17.0,9.0,21.0,reverse
2023_0325_450_214,2023-03-25T00:00:00+00:00,BG Goettingen,214,SYNTAINICS MBC Weissenfels,450,93,82,local,2022-23,0,OQ9m8qGu,63.0,31.0,49.21,41.0,25.0,60.98,22.0,6.0,27.27,27.0,25.0,92.6,14.0,17.0,31.0,17.0,1.0,15.0,11.0,19.0,55.0,30.0,54.55,33.0,22.0,66.67,22.0,8.0,36.36,17.0,14.0,82.4,8.0,19.0,27.0,17.0,0.0,23.0,10.0,28.0,reverse
2023_0325_127_41,2023-03-25T00:00:00+00:00,MHP Riesen Ludwigsburg,41,Ratiopharm Ulm,127,76,93,visitante,2022-23,0,2XpXALMU,71.0,28.0,39.44,40.0,20.0,50.0,31.0,8.0,25.81,17.0,12.0,70.6,11.0,26.0,37.0,20.0,1.0,14.0,6.0,21.0,65.0,33.0,50.77,36.0,22.0,61.11,29.0,11.0,37.93,22.0,16.0,72.7,6.0,32.0,38.0,15.0,3.0,16.0,8.0,16.0,reverse
2023_0326_10_132,2023-03-26T00:00:00+00:00,Bamberg Baskets,132,ALBA Berlin,10,67,84,visitante,2022-23,0,WjDe6Nph,69.0,26.0,37.68,39.0,16.0,41.03,30.0,10.0,33.33,7.0,5.0,71.4,14.0,21.0,35.0,12.0,1.0,15.0,8.0,21.0,55.0,28.0,50.91,27.0,15.0,55.56,28.0,13.0,46.43,18.0,15.0,83.3,8.0,28.0,36.0,21.0,5.0,15.0,7.0,13.0,reverse
2023_0326_40_219,2023-03-26T00:00:00+00:00,FC Bayern Muenchen Basketball,219,Basketball Loewen Braunschweig,40,74,63,local,2022-23,0,2H8i73Vo,53.0,28.0,52.83,30.0,18.0,60.0,23.0,10.0,43.48,10.0,8.0,80.0,7.0,23.0,30.0,12.0,2.0,13.0,5.0,22.0,62.0,21.0,33.87,33.0,14.0,42.42,29.0,7.0,24.14,19.0,14.0,73.7,18.0,19.0,37.0,10.0,1.0,12.0,2.0,19.0,reverse
2023_0326_1791_1510,2023-03-26T00:00:00+00:00,Telekom Baskets Bonn,1510,NINERS Chemnitz,1791,81,79,local,2022-23,0,AsCa5s0b,63.0,32.0,50.79,39.0,27.0,69.23,24.0,5.0,20.83,24.0,12.0,50.0,13.0,24.0,37.0,15.0,4.0,11.0,11.0,23.0,63.0,25.0,39.68,28.0,14.0,50.0,35.0,11.0,31.43,21.0,18.0,85.7,12.0,24.0,36.0,18.0,1.0,16.0,5.0,24.0,reverse
2023_0326_215_2315,2023-03-26T00:00:00+00:00,Merlins Crailsheim,2315,MLP Academics Heidelberg,215,82,93,visitante,2022-23,0,h61441F4,61.0,27.0,44.26,31.0,16.0,51.61,30.0,11.0,36.67,21.0,17.0,81.0,7.0,19.0,26.0,18.0,4.0,8.0,7.0,19.0,58.0,34.0,58.62,32.0,19.0,59.38,26.0,15.0,57.69,14.0,10.0,71.4,8.0,28.0,36.0,17.0,4.0,14.0,3.0,20.0,reverse
2023_0329_1510_41,2023-03-29T00:00:00+00:00,MHP Riesen Ludwigsburg,41,Telekom Baskets Bonn,1510,75,91,visitante,2022-23,0,Whv8McKj,55.0,24.0,43.64,29.0,16.0,55.17,26.0,8.0,30.77,20.0,19.0,95.0,11.0,15.0,26.0,16.0,3.0,20.0,9.0,24.0,56.0,34.0,60.71,39.0,26.0,66.67,17.0,8.0,47.06,24.0,15.0,62.5,11.0,19.0,30.0,21.0,1.0,17.0,10.0,22.0,reverse
2023_0401_1510_19629,2023-04-01T00:00:00+00:00,Veolia Towers Hamburg,19629,Telekom Baskets Bonn,1510,66,76,visitante,2022-23,0,69583LUA,64.0,22.0,34.38,39.0,16.0,41.03,25.0,6.0,24.0,23.0,16.0,69.6,14.0,25.0,39.0,13.0,0.0,13.0,5.0,25.0,60.0,25.0,41.67,32.0,20.0,62.5,28.0,5.0,17.86,28.0,21.0,75.0,12.0,30.0,42.0,11.0,2.0,11.0,6.0,23.0,reverse
2023_0401_132_2745,2023-04-01T00:00:00+00:00,FITOne Wuerzburg Baskets,2745,Bamberg Baskets,132,106,99,local,2022-23,0,xdSuoDEq,65.0,35.0,53.85,38.0,26.0,68.42,27.0,9.0,33.33,36.0,27.0,75.0,14.0,23.0,37.0,13.0,2.0,11.0,8.0,26.0,63.0,30.0,47.62,38.0,20.0,52.63,25.0,10.0,40.0,33.0,29.0,87.9,13.0,19.0,32.0,21.0,1.0,14.0,5.0,29.0,reverse
2023_0401_2315_40,2023-04-01T00:00:00+00:00,Basketball Loewen Braunschweig,40,Merlins Crailsheim,2315,88,93,visitante,2022-23,0,r9ctqiqd,71.0,35.0,49.3,43.0,25.0,58.14,28.0,10.0,35.71,8.0,8.0,100.0,12.0,19.0,31.0,16.0,4.0,11.0,7.0,30.0,50.0,29.0,58.0,36.0,24.0,66.67,14.0,5.0,35.71,35.0,30.0,85.7,6.0,22.0,28.0,16.0,5.0,14.0,3.0,19.0,reverse
2023_0401_214_127,2023-04-01T00:00:00+00:00,Ratiopharm Ulm,127,BG Goettingen,214,108,101,local,2022-23,0,0W4C2upH,70.0,36.0,51.43,31.0,21.0,67.74,39.0,15.0,38.46,28.0,21.0,75.0,9.0,26.0,35.0,21.0,2.0,13.0,9.0,25.0,74.0,34.0,45.95,42.0,21.0,50.0,32.0,13.0,40.63,21.0,20.0,95.2,13.0,26.0,39.0,15.0,1.0,16.0,6.0,28.0,reverse
2023_0402_1634_215,2023-04-02T00:00:00+00:00,MLP Academics Heidelberg,215,EWE Baskets Oldenburg,1634,99,75,local,2022-23,0,4IbxpXTk,63.0,34.0,53.97,34.0,19.0,55.88,29.0,15.0,51.72,20.0,16.0,80.0,6.0,28.0,34.0,21.0,1.0,11.0,9.0,18.0,65.0,26.0,40.0,38.0,18.0,47.37,27.0,8.0,29.63,21.0,15.0,71.4,12.0,23.0,35.0,14.0,1.0,16.0,3.0,23.0,reverse
2023_0402_219_41,2023-04-02T00:00:00+00:00,MHP Riesen Ludwigsburg,41,FC Bayern Muenchen Basketball,219,72,89,visitante,2022-23,0,dCoO7zMd,67.0,25.0,37.31,31.0,13.0,41.94,36.0,12.0,33.33,11.0,10.0,90.9,14.0,19.0,33.0,15.0,0.0,13.0,4.0,30.0,53.0,28.0,52.83,26.0,16.0,61.54,27.0,12.0,44.44,28.0,21.0,75.0,7.0,28.0,35.0,15.0,5.0,15.0,7.0,19.0,reverse
2023_0402_134_450,2023-04-02T00:00:00+00:00,SYNTAINICS MBC Weissenfels,450,Medi Bayreuth,134,84,95,visitante,2022-23,0,AFkS6fy3,66.0,32.0,48.48,44.0,25.0,56.82,22.0,7.0,31.82,15.0,13.0,86.7,11.0,19.0,30.0,15.0,1.0,11.0,7.0,20.0,59.0,32.0,54.24,35.0,18.0,51.43,24.0,14.0,58.33,24.0,17.0,70.8,11.0,22.0,33.0,23.0,3.0,13.0,7.0,18.0,reverse
2023_0402_1791_1774,2023-04-02T00:00:00+00:00,Rostock Seawolves,1774,NINERS Chemnitz,1791,71,69,local,2022-23,0,hvuX5Ej9,68.0,26.0,38.24,42.0,22.0,52.38,26.0,4.0,15.38,16.0,15.0,93.8,13.0,32.0,45.0,14.0,2.0,16.0,9.0,23.0,66.0,23.0,34.85,28.0,17.0,60.71,38.0,6.0,15.79,25.0,17.0,68.0,14.0,27.0,41.0,17.0,4.0,15.0,7.0,22.0,reverse
2023_0402_3361_10,2023-04-02T00:00:00+00:00,ALBA Berlin,10,Fraport Skyliners Frankfurt,3361,79,61,local,2022-23,0,rPL76urD,59.0,29.0,49.15,34.0,20.0,58.82,25.0,9.0,36.0,19.0,12.0,63.2,11.0,25.0,36.0,21.0,4.0,10.0,8.0,10.0,52.0,24.0,46.15,31.0,20.0,64.52,21.0,4.0,19.05,14.0,9.0,64.3,6.0,23.0,29.0,16.0,4.0,12.0,8.0,20.0,reverse
2023_0404_127_219,2023-04-04T00:00:00+00:00,FC Bayern Muenchen Basketball,219,Ratiopharm Ulm,127,77,59,local,2022-23,0,nHxtFCUF,60.0,32.0,53.33,39.0,27.0,69.23,21.0,5.0,23.81,14.0,8.0,57.1,11.0,29.0,40.0,14.0,4.0,15.0,6.0,18.0,58.0,21.0,36.21,32.0,12.0,37.5,26.0,9.0,34.62,13.0,8.0,61.5,8.0,19.0,27.0,13.0,0.0,13.0,5.0,21.0,reverse
2023_0404_214_19629,2023-04-04T00:00:00+00:00,Veolia Towers Hamburg,19629,BG Goettingen,214,98,71,local,2022-23,0,f7PvnE0T,53.0,35.0,66.04,35.0,25.0,71.43,18.0,10.0,55.56,27.0,18.0,66.7,4.0,26.0,30.0,22.0,2.0,10.0,6.0,22.0,62.0,25.0,40.32,34.0,17.0,50.0,28.0,8.0,28.57,16.0,13.0,81.3,11.0,17.0,28.0,11.0,0.0,14.0,6.0,24.0,reverse
2023_0405_2315_134,2023-04-05T00:00:00+00:00,Medi Bayreuth,134,Merlins Crailsheim,2315,73,78,visitante,2022-23,0,bFxM4Sgs,64.0,25.0,39.06,32.0,14.0,43.75,32.0,11.0,34.38,16.0,12.0,75.0,11.0,24.0,35.0,13.0,0.0,13.0,6.0,20.0,58.0,27.0,46.55,33.0,17.0,51.52,25.0,10.0,40.0,15.0,14.0,93.3,7.0,28.0,35.0,18.0,3.0,13.0,7.0,21.0,reverse
2023_0405_10_2745,2023-04-05T00:00:00+00:00,FITOne Wuerzburg Baskets,2745,ALBA Berlin,10,47,76,visitante,2022-23,0,MHVlfBhj,68.0,19.0,27.94,43.0,13.0,30.23,25.0,6.0,24.0,5.0,3.0,60.0,15.0,18.0,33.0,8.0,3.0,15.0,14.0,17.0,61.0,30.0,49.18,37.0,20.0,54.05,24.0,10.0,41.67,8.0,6.0,75.0,14.0,35.0,49.0,23.0,4.0,20.0,7.0,11.0,reverse
2023_0408_40_134,2023-04-08T00:00:00+00:00,Medi Bayreuth,134,Basketball Loewen Braunschweig,40,89,101,visitante,2022-23,0,WUwy5Y5F,52.0,28.0,53.85,24.0,14.0,58.33,28.0,14.0,50.0,24.0,19.0,79.2,6.0,13.0,19.0,16.0,1.0,13.0,6.0,19.0,62.0,37.0,59.68,40.0,26.0,65.0,22.0,11.0,50.0,20.0,16.0,80.0,11.0,19.0,30.0,21.0,0.0,12.0,7.0,25.0,reverse
2023_0408_41_2315,2023-04-08T00:00:00+00:00,Merlins Crailsheim,2315,MHP Riesen Ludwigsburg,41,77,82,visitante,2022-23,0,04ru4hLL,56.0,27.0,48.21,36.0,20.0,55.56,20.0,7.0,35.0,19.0,16.0,84.2,10.0,28.0,38.0,17.0,1.0,15.0,4.0,24.0,68.0,30.0,44.12,33.0,24.0,72.73,35.0,6.0,17.14,24.0,16.0,66.7,14.0,22.0,36.0,20.0,2.0,7.0,7.0,18.0,reverse
2023_0408_1634_1510,2023-04-08T00:00:00+00:00,Telekom Baskets Bonn,1510,EWE Baskets Oldenburg,1634,87,76,local,2022-23,0,pxKBbWrq,57.0,28.0,49.12,25.0,15.0,60.0,32.0,13.0,40.63,27.0,18.0,66.7,8.0,23.0,31.0,22.0,2.0,13.0,9.0,24.0,52.0,24.0,46.15,27.0,14.0,51.85,25.0,10.0,40.0,26.0,18.0,69.2,10.0,24.0,34.0,17.0,0.0,17.0,8.0,26.0,reverse
2023_0408_450_1791,2023-04-08T00:00:00+00:00,NINERS Chemnitz,1791,SYNTAINICS MBC Weissenfels,450,76,72,local,2022-23,0,vesq3CzS,55.0,25.0,45.45,34.0,18.0,52.94,21.0,7.0,33.33,25.0,19.0,76.0,11.0,24.0,35.0,22.0,1.0,16.0,5.0,14.0,62.0,26.0,41.94,34.0,19.0,55.88,28.0,7.0,25.0,14.0,13.0,92.9,12.0,22.0,34.0,18.0,2.0,15.0,11.0,24.0,reverse
2023_0409_10_214,2023-04-09T00:00:00+00:00,BG Goettingen,214,ALBA Berlin,10,78,91,visitante,2022-23,0,jZMJdADe,70.0,31.0,44.29,41.0,23.0,56.1,29.0,8.0,27.59,10.0,8.0,80.0,11.0,27.0,38.0,12.0,1.0,13.0,5.0,24.0,64.0,29.0,45.31,33.0,19.0,57.58,31.0,10.0,32.26,27.0,23.0,85.2,8.0,27.0,35.0,22.0,6.0,10.0,7.0,17.0,reverse
2023_0409_215_132,2023-04-09T00:00:00+00:00,Bamberg Baskets,132,MLP Academics Heidelberg,215,100,109,visitante,2022-23,0,UPLNeUS1,70.0,37.0,52.86,46.0,29.0,63.04,24.0,8.0,33.33,25.0,20.0,80.0,11.0,19.0,30.0,20.0,2.0,10.0,9.0,24.0,64.0,36.0,56.25,35.0,22.0,62.86,29.0,14.0,48.28,27.0,23.0,85.2,10.0,25.0,35.0,23.0,2.0,13.0,3.0,25.0,reverse
2023_0409_1774_3361,2023-04-09T00:00:00+00:00,Fraport Skyliners Frankfurt,3361,Rostock Seawolves,1774,99,77,local,2022-23,0,MFKB5acJ,68.0,34.0,50.0,30.0,14.0,46.67,38.0,20.0,52.63,17.0,11.0,64.7,9.0,24.0,33.0,27.0,5.0,6.0,6.0,18.0,67.0,30.0,44.78,43.0,22.0,51.16,24.0,8.0,33.33,9.0,9.0,100.0,11.0,26.0,37.0,19.0,3.0,12.0,2.0,20.0,reverse
2023_0409_127_19629,2023-04-09T00:00:00+00:00,Veolia Towers Hamburg,19629,Ratiopharm Ulm,127,78,112,visitante,2022-23,0,dCNFcjbk,71.0,30.0,42.25,45.0,18.0,40.0,26.0,12.0,46.15,11.0,6.0,54.5,12.0,18.0,30.0,21.0,1.0,16.0,4.0,20.0,63.0,42.0,66.67,30.0,25.0,83.33,33.0,17.0,51.52,17.0,11.0,64.7,5.0,30.0,35.0,28.0,5.0,13.0,12.0,17.0,reverse
2023_0410_2745_219,2023-04-10T00:00:00+00:00,FC Bayern Muenchen Basketball,219,FITOne Wuerzburg Baskets,2745,67,49,local,2022-23,0,6s56KD52,58.0,26.0,44.83,36.0,22.0,61.11,22.0,4.0,18.18,14.0,11.0,78.6,15.0,26.0,41.0,23.0,2.0,14.0,8.0,14.0,50.0,18.0,36.0,30.0,10.0,33.33,20.0,8.0,40.0,9.0,5.0,55.6,6.0,17.0,23.0,11.0,1.0,16.0,6.0,18.0,reverse
2023_0411_1791_10,2023-04-11T00:00:00+00:00,ALBA Berlin,10,NINERS Chemnitz,1791,76,70,local,2022-23,0,xW2CXNSi,57.0,25.0,43.86,27.0,15.0,55.56,30.0,10.0,33.33,21.0,16.0,76.2,12.0,27.0,39.0,16.0,5.0,21.0,7.0,20.0,58.0,24.0,41.38,34.0,15.0,44.12,24.0,9.0,37.5,17.0,13.0,76.5,10.0,22.0,32.0,19.0,1.0,16.0,10.0,27.0,reverse
2023_0411_214_1634,2023-04-11T00:00:00+00:00,EWE Baskets Oldenburg,1634,BG Goettingen,214,97,106,visitante,2022-23,0,vFHK7UMk,68.0,34.0,50.0,46.0,26.0,56.52,22.0,8.0,36.36,25.0,19.0,76.0,10.0,23.0,33.0,18.0,1.0,14.0,10.0,33.0,63.0,35.0,55.56,31.0,23.0,74.19,32.0,12.0,37.5,29.0,24.0,82.8,6.0,26.0,32.0,21.0,0.0,13.0,7.0,22.0,reverse
2023_0412_132_41,2023-04-12T00:00:00+00:00,MHP Riesen Ludwigsburg,41,Bamberg Baskets,132,73,81,visitante,2022-23,0,O0MVOSdl,63.0,25.0,39.68,31.0,14.0,45.16,32.0,11.0,34.38,19.0,12.0,63.2,11.0,23.0,34.0,14.0,1.0,9.0,8.0,17.0,61.0,29.0,47.54,33.0,21.0,63.64,28.0,8.0,28.57,18.0,15.0,83.3,10.0,30.0,40.0,17.0,3.0,11.0,4.0,22.0,reverse
2023_0414_215_1774,2023-04-14T00:00:00+00:00,Rostock Seawolves,1774,MLP Academics Heidelberg,215,75,78,visitante,2022-23,0,pY3AJXK8,65.0,26.0,40.0,34.0,16.0,47.06,31.0,10.0,32.26,20.0,13.0,65.0,19.0,24.0,43.0,18.0,4.0,15.0,9.0,17.0,65.0,26.0,40.0,23.0,11.0,47.83,42.0,15.0,35.71,14.0,11.0,78.6,14.0,22.0,36.0,19.0,3.0,12.0,5.0,16.0,reverse
2023_0415_1510_134,2023-04-15T00:00:00+00:00,Medi Bayreuth,134,Telekom Baskets Bonn,1510,42,86,visitante,2022-23,0,xWrkCkDr,53.0,17.0,32.08,24.0,11.0,45.83,29.0,6.0,20.69,10.0,2.0,20.0,8.0,23.0,31.0,14.0,2.0,18.0,4.0,14.0,80.0,34.0,42.5,40.0,20.0,50.0,40.0,14.0,35.0,7.0,4.0,57.1,23.0,31.0,54.0,22.0,1.0,8.0,6.0,17.0,reverse
2023_0415_1791_1634,2023-04-15T00:00:00+00:00,EWE Baskets Oldenburg,1634,NINERS Chemnitz,1791,91,89,local,2022-23,0,zNdNGV4R,59.0,27.0,45.76,31.0,16.0,51.61,28.0,11.0,39.29,31.0,26.0,83.9,15.0,18.0,33.0,18.0,0.0,15.0,2.0,28.0,61.0,28.0,45.9,30.0,20.0,66.67,31.0,8.0,25.81,34.0,25.0,73.5,14.0,19.0,33.0,19.0,3.0,11.0,11.0,29.0,reverse
2023_0415_2315_2745,2023-04-15T00:00:00+00:00,FITOne Wuerzburg Baskets,2745,Merlins Crailsheim,2315,86,85,local,2022-23,0,hb7IHBkL,70.0,29.0,41.43,45.0,18.0,40.0,25.0,11.0,44.0,26.0,15.0,57.7,14.0,24.0,38.0,11.0,4.0,8.0,10.0,26.0,62.0,25.0,40.32,30.0,13.0,43.33,32.0,12.0,37.5,30.0,23.0,76.7,16.0,31.0,47.0,13.0,4.0,16.0,4.0,26.0,reverse
2023_0415_214_41,2023-04-15T00:00:00+00:00,MHP Riesen Ludwigsburg,41,BG Goettingen,214,80,87,visitante,2022-23,0,ve3EIizF,80.0,29.0,36.25,43.0,21.0,48.84,37.0,8.0,21.62,18.0,14.0,77.8,20.0,21.0,41.0,14.0,0.0,10.0,11.0,26.0,57.0,29.0,50.88,37.0,23.0,62.16,20.0,6.0,30.0,26.0,23.0,88.5,8.0,31.0,39.0,9.0,6.0,17.0,3.0,18.0,reverse
2023_0416_40_127,2023-04-16T00:00:00+00:00,Ratiopharm Ulm,127,Basketball Loewen Braunschweig,40,67,84,visitante,2022-23,0,pdrgB9Sl,56.0,22.0,39.29,28.0,14.0,50.0,28.0,8.0,28.57,21.0,15.0,71.4,10.0,19.0,29.0,11.0,3.0,14.0,4.0,28.0,57.0,29.0,50.88,36.0,22.0,61.11,21.0,7.0,33.33,21.0,19.0,90.5,9.0,26.0,35.0,12.0,2.0,12.0,9.0,23.0,reverse
2023_0416_219_132,2023-04-16T00:00:00+00:00,Bamberg Baskets,132,FC Bayern Muenchen Basketball,219,72,73,visitante,2022-23,0,6BW19mc1,63.0,23.0,36.51,35.0,14.0,40.0,28.0,9.0,32.14,19.0,17.0,89.5,12.0,25.0,37.0,13.0,1.0,15.0,7.0,22.0,62.0,29.0,46.77,36.0,23.0,63.89,26.0,6.0,23.08,16.0,9.0,56.3,11.0,25.0,36.0,12.0,2.0,16.0,5.0,18.0,reverse
2023_0416_3361_450,2023-04-16T00:00:00+00:00,SYNTAINICS MBC Weissenfels,450,Fraport Skyliners Frankfurt,3361,65,71,visitante,2022-23,0,OnscATse,65.0,23.0,35.38,37.0,16.0,43.24,28.0,7.0,25.0,24.0,12.0,50.0,9.0,29.0,38.0,8.0,1.0,8.0,9.0,25.0,54.0,25.0,46.3,31.0,19.0,61.29,23.0,6.0,26.09,27.0,15.0,55.6,5.0,39.0,44.0,10.0,2.0,13.0,3.0,18.0,reverse
2023_0416_19629_10,2023-04-16T00:00:00+00:00,ALBA Berlin,10,Veolia Towers Hamburg,19629,83,63,local,2022-23,0,KEz687C7,64.0,28.0,43.75,36.0,20.0,55.56,28.0,8.0,28.57,22.0,19.0,86.4,8.0,30.0,38.0,23.0,2.0,10.0,10.0,21.0,65.0,24.0,36.92,39.0,17.0,43.59,26.0,7.0,26.92,17.0,13.0,76.5,15.0,31.0,46.0,14.0,1.0,18.0,5.0,23.0,reverse
2023_0418_134_1791,2023-04-18T00:00:00+00:00,NINERS Chemnitz,1791,Medi Bayreuth,134,102,86,local,2022-23,0,YHOmXjk8,64.0,37.0,57.81,40.0,29.0,72.5,24.0,8.0,33.33,26.0,20.0,76.9,12.0,20.0,32.0,28.0,1.0,11.0,5.0,21.0,60.0,31.0,51.67,36.0,21.0,58.33,24.0,10.0,41.67,25.0,14.0,56.0,12.0,17.0,29.0,21.0,2.0,14.0,7.0,26.0,reverse
2023_0418_1774_214,2023-04-18T00:00:00+00:00,BG Goettingen,214,Rostock Seawolves,1774,85,94,visitante,2022-23,0,C8NiWA4E,68.0,31.0,45.59,37.0,23.0,62.16,31.0,8.0,25.81,23.0,17.0,73.9,14.0,21.0,35.0,18.0,1.0,14.0,6.0,22.0,53.0,28.0,52.83,31.0,14.0,45.16,22.0,14.0,63.64,26.0,24.0,92.3,4.0,25.0,29.0,21.0,2.0,17.0,7.0,21.0,reverse
2023_0418_2745_1634,2023-04-18T00:00:00+00:00,EWE Baskets Oldenburg,1634,FITOne Wuerzburg Baskets,2745,82,78,local,2022-23,0,EkFrMQt7,62.0,30.0,48.39,38.0,25.0,65.79,24.0,5.0,20.83,24.0,17.0,70.8,12.0,22.0,34.0,20.0,1.0,11.0,6.0,17.0,58.0,29.0,50.0,33.0,17.0,51.52,25.0,12.0,48.0,10.0,8.0,80.0,8.0,23.0,31.0,17.0,2.0,15.0,5.0,21.0,reverse
2023_0419_10_40,2023-04-19T00:00:00+00:00,Basketball Loewen Braunschweig,40,ALBA Berlin,10,78,85,visitante,2022-23,0,6PBzOnCf,68.0,28.0,41.18,43.0,19.0,44.19,25.0,9.0,36.0,13.0,13.0,100.0,14.0,11.0,25.0,16.0,1.0,15.0,13.0,25.0,45.0,30.0,66.67,26.0,22.0,84.62,19.0,8.0,42.11,23.0,17.0,73.9,6.0,25.0,31.0,23.0,4.0,25.0,7.0,14.0,reverse
2023_0419_219_3361,2023-04-19T00:00:00+00:00,Fraport Skyliners Frankfurt,3361,FC Bayern Muenchen Basketball,219,89,95,visitante,2022-23,0,UqIdVUJK,60.0,31.0,51.67,33.0,15.0,45.45,27.0,16.0,59.26,17.0,11.0,64.7,7.0,14.0,21.0,19.0,3.0,12.0,15.0,22.0,57.0,33.0,57.89,35.0,21.0,60.0,22.0,12.0,54.55,23.0,17.0,73.9,12.0,23.0,35.0,18.0,9.0,16.0,8.0,18.0,reverse
2023_0419_19629_215,2023-04-19T00:00:00+00:00,MLP Academics Heidelberg,215,Veolia Towers Hamburg,19629,86,90,visitante,2022-23,0,8zH0UlZQ,67.0,31.0,46.27,28.0,15.0,53.57,39.0,16.0,41.03,8.0,8.0,100.0,9.0,25.0,34.0,17.0,2.0,13.0,6.0,22.0,72.0,31.0,43.06,44.0,23.0,52.27,28.0,8.0,28.57,24.0,20.0,83.3,17.0,25.0,42.0,17.0,5.0,10.0,8.0,17.0,reverse
2023_0421_1791_127,2023-04-21T00:00:00+00:00,Ratiopharm Ulm,127,NINERS Chemnitz,1791,86,92,visitante,2022-23,0,htEnLpdD,65.0,29.0,44.62,32.0,19.0,59.38,33.0,10.0,30.3,25.0,18.0,72.0,13.0,24.0,37.0,16.0,4.0,10.0,6.0,22.0,62.0,28.0,45.16,31.0,14.0,45.16,31.0,14.0,45.16,27.0,22.0,81.5,11.0,27.0,38.0,29.0,2.0,10.0,5.0,27.0,reverse
2023_0422_214_40,2023-04-22T00:00:00+00:00,Basketball Loewen Braunschweig,40,BG Goettingen,214,79,80,visitante,2022-23,0,8ldZrllK,57.0,27.0,47.37,35.0,22.0,62.86,22.0,5.0,22.73,26.0,20.0,76.9,13.0,23.0,36.0,8.0,3.0,10.0,7.0,26.0,54.0,26.0,48.15,24.0,16.0,66.67,30.0,10.0,33.33,23.0,18.0,78.3,7.0,22.0,29.0,12.0,3.0,12.0,3.0,23.0,reverse
2023_0422_215_1510,2023-04-22T00:00:00+00:00,Telekom Baskets Bonn,1510,MLP Academics Heidelberg,215,91,74,local,2022-23,0,hbVW69gg,75.0,33.0,44.0,45.0,23.0,51.11,30.0,10.0,33.33,27.0,15.0,55.6,27.0,22.0,49.0,13.0,3.0,7.0,4.0,21.0,60.0,27.0,45.0,29.0,16.0,55.17,31.0,11.0,35.48,12.0,9.0,75.0,9.0,21.0,30.0,16.0,4.0,11.0,5.0,24.0,reverse
2023_0422_41_2745,2023-04-22T00:00:00+00:00,FITOne Wuerzburg Baskets,2745,MHP Riesen Ludwigsburg,41,78,81,visitante,2022-23,0,fohVqUYD,58.0,24.0,41.38,44.0,16.0,36.36,14.0,8.0,57.14,30.0,22.0,73.3,8.0,28.0,36.0,15.0,2.0,17.0,11.0,17.0,65.0,27.0,41.54,38.0,16.0,42.11,27.0,11.0,40.74,20.0,16.0,80.0,10.0,31.0,41.0,16.0,2.0,18.0,3.0,23.0,reverse
2023_0422_450_19629,2023-04-22T00:00:00+00:00,Veolia Towers Hamburg,19629,SYNTAINICS MBC Weissenfels,450,80,123,visitante,2022-23,0,2Bewr83Q,61.0,28.0,45.9,43.0,22.0,51.16,18.0,6.0,33.33,28.0,18.0,64.3,8.0,23.0,31.0,23.0,1.0,21.0,7.0,24.0,80.0,47.0,58.75,43.0,31.0,72.09,37.0,16.0,43.24,19.0,13.0,68.4,13.0,30.0,43.0,29.0,4.0,13.0,9.0,25.0,reverse
2023_0423_10_1774,2023-04-23T00:00:00+00:00,Rostock Seawolves,1774,ALBA Berlin,10,79,104,visitante,2022-23,0,OMc6y6tf,70.0,30.0,42.86,39.0,18.0,46.15,31.0,12.0,38.71,10.0,7.0,70.0,9.0,18.0,27.0,16.0,1.0,17.0,11.0,21.0,67.0,39.0,58.21,32.0,26.0,81.25,35.0,13.0,37.14,15.0,13.0,86.7,10.0,32.0,42.0,25.0,3.0,18.0,8.0,15.0,reverse
2023_0423_2315_219,2023-04-23T00:00:00+00:00,FC Bayern Muenchen Basketball,219,Merlins Crailsheim,2315,78,69,local,2022-23,0,4Ks5wSBs,58.0,23.0,39.66,26.0,12.0,46.15,32.0,11.0,34.38,30.0,21.0,70.0,12.0,38.0,50.0,10.0,3.0,7.0,4.0,22.0,68.0,23.0,33.82,28.0,8.0,28.57,40.0,15.0,37.5,14.0,8.0,57.1,9.0,24.0,33.0,14.0,0.0,7.0,3.0,26.0,reverse
2023_0423_3361_134,2023-04-23T00:00:00+00:00,Medi Bayreuth,134,Fraport Skyliners Frankfurt,3361,113,107,local,2022-23,0,pWb2xnRm,61.0,36.0,59.02,38.0,21.0,55.26,23.0,15.0,65.22,30.0,26.0,86.7,7.0,23.0,30.0,18.0,2.0,7.0,4.0,15.0,71.0,40.0,56.34,37.0,23.0,62.16,34.0,17.0,50.0,14.0,10.0,71.4,10.0,20.0,30.0,23.0,1.0,8.0,4.0,25.0,reverse
2023_0423_1634_132,2023-04-23T00:00:00+00:00,Bamberg Baskets,132,EWE Baskets Oldenburg,1634,95,104,visitante,2022-23,0,IqcAzQe0,60.0,33.0,55.0,33.0,21.0,63.64,27.0,12.0,44.44,18.0,17.0,94.4,4.0,25.0,29.0,20.0,3.0,12.0,4.0,24.0,74.0,34.0,45.95,37.0,18.0,48.65,37.0,16.0,43.24,24.0,20.0,83.3,15.0,23.0,38.0,19.0,0.0,6.0,7.0,19.0,reverse
2023_0424_214_1791,2023-04-24T00:00:00+00:00,NINERS Chemnitz,1791,BG Goettingen,214,81,68,local,2022-23,0,G6RnvgBC,56.0,26.0,46.43,28.0,16.0,57.14,28.0,10.0,35.71,21.0,19.0,90.5,7.0,29.0,36.0,18.0,2.0,13.0,8.0,24.0,56.0,21.0,37.5,29.0,16.0,55.17,27.0,5.0,18.52,23.0,21.0,91.3,5.0,24.0,29.0,10.0,0.0,13.0,5.0,23.0,reverse
2023_0425_40_3361,2023-04-25T00:00:00+00:00,Fraport Skyliners Frankfurt,3361,Basketball Loewen Braunschweig,40,71,86,visitante,2022-23,0,EBjJY3QC,68.0,29.0,42.65,31.0,20.0,64.52,37.0,9.0,24.32,5.0,4.0,80.0,13.0,20.0,33.0,16.0,2.0,14.0,6.0,24.0,59.0,29.0,49.15,33.0,19.0,57.58,26.0,10.0,38.46,23.0,18.0,78.3,10.0,24.0,34.0,15.0,2.0,11.0,8.0,16.0,reverse
2023_0425_1510_10,2023-04-25T00:00:00+00:00,ALBA Berlin,10,Telekom Baskets Bonn,1510,77,84,visitante,2022-23,0,vi7UuLXu,64.0,29.0,45.31,35.0,20.0,57.14,29.0,9.0,31.03,12.0,10.0,83.3,12.0,23.0,35.0,20.0,4.0,15.0,5.0,22.0,69.0,31.0,44.93,36.0,21.0,58.33,33.0,10.0,30.3,16.0,12.0,75.0,15.0,25.0,40.0,18.0,3.0,14.0,7.0,23.0,reverse
2023_0425_19629_2315,2023-04-25T00:00:00+00:00,Merlins Crailsheim,2315,Veolia Towers Hamburg,19629,66,77,visitante,2022-23,0,h2kNXNuJ,56.0,23.0,41.07,33.0,20.0,60.61,23.0,3.0,13.04,22.0,17.0,77.3,8.0,29.0,37.0,10.0,1.0,16.0,6.0,25.0,70.0,26.0,37.14,47.0,23.0,48.94,23.0,3.0,13.04,26.0,22.0,84.6,17.0,26.0,43.0,17.0,1.0,12.0,5.0,19.0,reverse
2023_0425_127_1634,2023-04-25T00:00:00+00:00,EWE Baskets Oldenburg,1634,Ratiopharm Ulm,127,84,97,visitante,2022-23,0,Wn1EZqB6,68.0,30.0,44.12,41.0,21.0,51.22,27.0,9.0,33.33,26.0,15.0,57.7,17.0,29.0,46.0,20.0,3.0,23.0,5.0,29.0,63.0,30.0,47.62,30.0,17.0,56.67,33.0,13.0,39.39,33.0,24.0,72.7,7.0,26.0,33.0,20.0,6.0,14.0,18.0,26.0,reverse
2023_0426_219_1774,2023-04-26T00:00:00+00:00,Rostock Seawolves,1774,FC Bayern Muenchen Basketball,219,76,108,visitante,2022-23,0,06ewva2h,60.0,23.0,38.33,35.0,12.0,34.29,25.0,11.0,44.0,20.0,19.0,95.0,8.0,16.0,24.0,19.0,0.0,14.0,7.0,20.0,65.0,41.0,63.08,39.0,29.0,74.36,26.0,12.0,46.15,17.0,14.0,82.4,9.0,29.0,38.0,26.0,3.0,14.0,8.0,19.0,reverse
2023_0426_134_215,2023-04-26T00:00:00+00:00,MLP Academics Heidelberg,215,Medi Bayreuth,134,102,96,local,2022-23,0,63boxwX4,69.0,39.0,56.52,39.0,25.0,64.1,30.0,14.0,46.67,13.0,10.0,76.9,11.0,24.0,35.0,16.0,5.0,11.0,3.0,23.0,76.0,35.0,46.05,41.0,23.0,56.1,35.0,12.0,34.29,19.0,14.0,73.7,18.0,18.0,36.0,15.0,2.0,8.0,6.0,15.0,reverse
2023_0426_41_450,2023-04-26T00:00:00+00:00,SYNTAINICS MBC Weissenfels,450,MHP Riesen Ludwigsburg,41,100,104,visitante,2022-23,0,Is6Yvumn,78.0,35.0,44.87,49.0,23.0,46.94,29.0,12.0,41.38,25.0,18.0,72.0,11.0,31.0,42.0,17.0,3.0,16.0,9.0,30.0,82.0,38.0,46.34,53.0,26.0,49.06,29.0,12.0,41.38,24.0,16.0,66.7,15.0,36.0,51.0,23.0,5.0,21.0,11.0,23.0,reverse
2023_0427_2745_214,2023-04-27T00:00:00+00:00,BG Goettingen,214,FITOne Wuerzburg Baskets,2745,92,74,local,2022-23,0,pfckycnB,61.0,30.0,49.18,37.0,21.0,56.76,24.0,9.0,37.5,26.0,23.0,88.5,13.0,24.0,37.0,18.0,2.0,11.0,6.0,23.0,50.0,24.0,48.0,31.0,20.0,64.52,19.0,4.0,21.05,33.0,22.0,66.7,7.0,20.0,27.0,8.0,2.0,13.0,7.0,23.0,reverse
2023_0429_1791_19629,2023-04-29T00:00:00+00:00,Veolia Towers Hamburg,19629,NINERS Chemnitz,1791,80,87,visitante,2022-23,0,zqj2YfWT,58.0,28.0,48.28,33.0,17.0,51.52,25.0,11.0,44.0,16.0,13.0,81.3,11.0,17.0,28.0,17.0,3.0,18.0,7.0,23.0,60.0,33.0,55.0,33.0,24.0,72.73,27.0,9.0,33.33,16.0,12.0,75.0,8.0,21.0,29.0,21.0,1.0,16.0,10.0,21.0,reverse
2023_0429_2315_132,2023-04-29T00:00:00+00:00,Bamberg Baskets,132,Merlins Crailsheim,2315,92,101,visitante,2022-23,0,tMjbZzHN,64.0,31.0,48.44,42.0,23.0,54.76,22.0,8.0,36.36,29.0,22.0,75.9,14.0,18.0,32.0,17.0,0.0,11.0,9.0,26.0,54.0,32.0,59.26,29.0,20.0,68.97,25.0,12.0,48.0,33.0,25.0,75.8,6.0,24.0,30.0,18.0,3.0,15.0,8.0,25.0,reverse
2023_0429_1634_41,2023-04-29T00:00:00+00:00,MHP Riesen Ludwigsburg,41,EWE Baskets Oldenburg,1634,80,93,visitante,2022-23,0,2VifzH1H,65.0,32.0,49.23,39.0,23.0,58.97,26.0,9.0,34.62,10.0,7.0,70.0,11.0,16.0,27.0,18.0,2.0,18.0,6.0,27.0,55.0,34.0,61.82,37.0,27.0,72.97,18.0,7.0,38.89,26.0,18.0,69.2,8.0,23.0,31.0,19.0,1.0,16.0,10.0,18.0,reverse
2023_0429_1510_40,2023-04-29T00:00:00+00:00,Basketball Loewen Braunschweig,40,Telekom Baskets Bonn,1510,78,89,visitante,2022-23,0,QRXNkd14,67.0,26.0,38.81,42.0,17.0,40.48,25.0,9.0,36.0,22.0,17.0,77.3,15.0,25.0,40.0,14.0,1.0,18.0,7.0,29.0,63.0,29.0,46.03,32.0,19.0,59.38,31.0,10.0,32.26,31.0,21.0,67.7,15.0,27.0,42.0,16.0,5.0,16.0,8.0,26.0,reverse
2023_0430_10_127,2023-04-30T00:00:00+00:00,Ratiopharm Ulm,127,ALBA Berlin,10,79,91,visitante,2022-23,0,C4sUTEvo,68.0,29.0,42.65,36.0,18.0,50.0,32.0,11.0,34.38,13.0,10.0,76.9,12.0,21.0,33.0,18.0,2.0,13.0,8.0,17.0,62.0,33.0,53.23,40.0,23.0,57.5,22.0,10.0,45.45,20.0,15.0,75.0,11.0,29.0,40.0,22.0,2.0,16.0,8.0,13.0,reverse
2023_0430_214_219,2023-04-30T00:00:00+00:00,FC Bayern Muenchen Basketball,219,BG Goettingen,214,75,83,visitante,2022-23,0,E9LChbHo,65.0,25.0,38.46,36.0,17.0,47.22,29.0,8.0,27.59,24.0,17.0,70.8,15.0,23.0,38.0,16.0,1.0,14.0,3.0,22.0,60.0,26.0,43.33,36.0,17.0,47.22,24.0,9.0,37.5,24.0,22.0,91.7,10.0,26.0,36.0,15.0,0.0,13.0,5.0,21.0,reverse
2023_0430_215_450,2023-04-30T00:00:00+00:00,SYNTAINICS MBC Weissenfels,450,MLP Academics Heidelberg,215,91,109,visitante,2022-23,0,h0KGiIWi,66.0,37.0,56.06,41.0,28.0,68.29,25.0,9.0,36.0,14.0,10.0,71.4,11.0,18.0,29.0,15.0,1.0,13.0,6.0,21.0,68.0,38.0,55.88,35.0,21.0,60.0,33.0,17.0,51.52,21.0,20.0,95.2,14.0,21.0,35.0,16.0,2.0,13.0,7.0,21.0,reverse
2023_0430_1774_134,2023-04-30T00:00:00+00:00,Medi Bayreuth,134,Rostock Seawolves,1774,70,99,visitante,2022-23,0,nyZJjxnb,15.0,11.0,73.3,0.0,3.0,88.9,29.0,8.0,50.0,9.0,7.0,100.0,8.0,24.0,5.0,16.0,2.0,10.0,2.0,18.0,20.0,17.0,85.0,0.0,5.0,100.0,26.0,12.0,62.5,10.0,9.0,100.0,3.0,31.0,4.0,20.0,3.0,9.0,6.0,11.0,reverse
2023_0501_3361_2745,2023-05-01T00:00:00+00:00,FITOne Wuerzburg Baskets,2745,Fraport Skyliners Frankfurt,3361,77,86,visitante,2022-23,0,8jNSlGGA,67.0,26.0,38.81,28.0,15.0,53.57,39.0,11.0,28.21,17.0,14.0,82.4,12.0,24.0,36.0,15.0,0.0,5.0,6.0,20.0,62.0,30.0,48.39,32.0,15.0,46.88,30.0,15.0,50.0,15.0,11.0,73.3,11.0,30.0,41.0,23.0,5.0,10.0,2.0,19.0,reverse
2023_0502_214_1510,2023-05-02T00:00:00+00:00,Telekom Baskets Bonn,1510,BG Goettingen,214,95,60,local,2022-23,0,WSdaIoOt,64.0,32.0,50.0,33.0,21.0,63.64,31.0,11.0,35.48,27.0,20.0,74.1,13.0,30.0,43.0,21.0,1.0,9.0,9.0,26.0,65.0,19.0,29.23,37.0,14.0,37.84,28.0,5.0,17.86,21.0,17.0,81.0,17.0,22.0,39.0,10.0,0.0,15.0,2.0,25.0,reverse
2023_0502_127_450,2023-05-02T00:00:00+00:00,SYNTAINICS MBC Weissenfels,450,Ratiopharm Ulm,127,122,128,visitante,2022-23,0,QF3SP8sr,103.0,45.0,43.69,60.0,29.0,48.33,43.0,16.0,37.21,22.0,16.0,72.7,19.0,24.0,43.0,21.0,2.0,12.0,13.0,28.0,76.0,43.0,56.58,34.0,27.0,79.41,42.0,16.0,38.1,39.0,26.0,66.7,12.0,40.0,52.0,37.0,7.0,22.0,5.0,22.0,reverse
2023_0504_132_1510,2023-05-04T00:00:00+00:00,Telekom Baskets Bonn,1510,Bamberg Baskets,132,102,75,local,2022-23,0,GGQzmfoN,73.0,38.0,52.05,37.0,28.0,75.68,36.0,10.0,27.78,23.0,16.0,69.6,15.0,32.0,47.0,24.0,6.0,12.0,7.0,22.0,71.0,27.0,38.03,41.0,16.0,39.02,30.0,11.0,36.67,14.0,10.0,71.4,13.0,22.0,35.0,19.0,1.0,15.0,4.0,25.0,reverse
2023_0504_219_215,2023-05-04T00:00:00+00:00,MLP Academics Heidelberg,215,FC Bayern Muenchen Basketball,219,89,78,local,2022-23,0,MgRWmzWG,53.0,29.0,54.72,24.0,18.0,75.0,29.0,11.0,37.93,21.0,20.0,95.2,4.0,28.0,32.0,19.0,1.0,15.0,8.0,20.0,61.0,27.0,44.26,29.0,18.0,62.07,32.0,9.0,28.13,18.0,15.0,83.3,6.0,20.0,26.0,14.0,1.0,9.0,7.0,18.0,reverse
2023_0504_134_10,2023-05-04T00:00:00+00:00,ALBA Berlin,10,Medi Bayreuth,134,83,72,local,2022-23,0,z177sY8p,69.0,29.0,42.03,29.0,18.0,62.07,40.0,11.0,27.5,18.0,14.0,77.8,13.0,29.0,42.0,17.0,1.0,14.0,9.0,19.0,64.0,25.0,39.06,33.0,19.0,57.58,31.0,6.0,19.35,18.0,16.0,88.9,12.0,28.0,40.0,4.0,5.0,17.0,6.0,19.0,reverse
2023_0504_2745_40,2023-05-04T00:00:00+00:00,Basketball Loewen Braunschweig,40,FITOne Wuerzburg Baskets,2745,77,73,local,2022-23,0,Ei6BthOj,59.0,32.0,54.24,38.0,27.0,71.05,21.0,5.0,23.81,10.0,8.0,80.0,7.0,22.0,29.0,15.0,1.0,10.0,7.0,18.0,58.0,29.0,50.0,40.0,21.0,52.5,18.0,8.0,44.44,13.0,7.0,53.8,9.0,19.0,28.0,11.0,3.0,11.0,3.0,17.0,reverse
2023_0505_2315_3361,2023-05-05T00:00:00+00:00,Fraport Skyliners Frankfurt,3361,Merlins Crailsheim,2315,83,84,visitante,2022-23,0,0pn62ZpA,60.0,29.0,48.33,33.0,18.0,54.55,27.0,11.0,40.74,15.0,14.0,93.3,8.0,24.0,32.0,12.0,2.0,8.0,4.0,17.0,66.0,30.0,45.45,22.0,12.0,54.55,44.0,18.0,40.91,10.0,6.0,60.0,12.0,24.0,36.0,23.0,1.0,10.0,4.0,19.0,reverse
2023_0505_41_1791,2023-05-05T00:00:00+00:00,NINERS Chemnitz,1791,MHP Riesen Ludwigsburg,41,79,86,visitante,2022-23,0,vVcc4eGc,62.0,25.0,40.32,37.0,17.0,45.95,25.0,8.0,32.0,25.0,21.0,84.0,14.0,25.0,39.0,20.0,1.0,17.0,6.0,29.0,55.0,23.0,41.82,31.0,16.0,51.61,24.0,7.0,29.17,39.0,33.0,84.6,11.0,24.0,35.0,16.0,3.0,14.0,9.0,22.0,reverse
2023_0505_450_1634,2023-05-05T00:00:00+00:00,EWE Baskets Oldenburg,1634,SYNTAINICS MBC Weissenfels,450,102,74,local,2022-23,0,Mgm23FV3,65.0,31.0,47.69,37.0,20.0,54.05,28.0,11.0,39.29,34.0,29.0,85.3,14.0,32.0,46.0,22.0,3.0,13.0,4.0,22.0,66.0,25.0,37.88,29.0,18.0,62.07,37.0,7.0,18.92,20.0,17.0,85.0,12.0,23.0,35.0,14.0,2.0,13.0,6.0,30.0,reverse
2023_0505_127_1774,2023-05-05T00:00:00+00:00,Rostock Seawolves,1774,Ratiopharm Ulm,127,86,116,visitante,2022-23,0,Sffg5y1i,66.0,34.0,51.52,44.0,22.0,50.0,22.0,12.0,54.55,9.0,6.0,66.7,10.0,22.0,32.0,13.0,1.0,14.0,5.0,20.0,88.0,41.0,46.59,45.0,24.0,53.33,43.0,17.0,39.53,21.0,17.0,81.0,26.0,24.0,50.0,21.0,3.0,6.0,8.0,18.0,reverse
2023_0507_132_134,2023-05-07T00:00:00+00:00,Medi Bayreuth,134,Bamberg Baskets,132,106,120,visitante,2022-23,0,SfWpeiwp,47.0,32.0,68.09,23.0,13.0,56.52,24.0,19.0,79.17,33.0,23.0,69.7,2.0,17.0,19.0,25.0,2.0,15.0,4.0,22.0,72.0,43.0,59.72,44.0,24.0,54.55,28.0,19.0,67.86,21.0,15.0,71.4,14.0,15.0,29.0,30.0,0.0,7.0,6.0,24.0,reverse
2023_0507_40_19629,2023-05-07T00:00:00+00:00,Veolia Towers Hamburg,19629,Basketball Loewen Braunschweig,40,78,88,visitante,2022-23,0,UJjA1g0G,54.0,28.0,51.85,40.0,23.0,57.5,14.0,5.0,35.71,24.0,17.0,70.8,9.0,23.0,32.0,22.0,1.0,14.0,7.0,18.0,77.0,37.0,48.05,51.0,28.0,54.9,26.0,9.0,34.62,9.0,5.0,55.6,19.0,19.0,38.0,14.0,2.0,11.0,12.0,20.0,reverse
2023_0507_1510_127,2023-05-07T00:00:00+00:00,Ratiopharm Ulm,127,Telekom Baskets Bonn,1510,83,85,visitante,2022-23,0,YDYyGhF9,72.0,29.0,40.28,31.0,18.0,58.06,41.0,11.0,26.83,20.0,14.0,70.0,12.0,20.0,32.0,16.0,1.0,10.0,11.0,21.0,55.0,29.0,52.73,34.0,22.0,64.71,21.0,7.0,33.33,23.0,20.0,87.0,7.0,33.0,40.0,14.0,3.0,21.0,5.0,23.0,reverse
2023_0507_214_3361,2023-05-07T00:00:00+00:00,Fraport Skyliners Frankfurt,3361,BG Goettingen,214,88,82,local,2022-23,0,8AkE0DFM,69.0,32.0,46.38,48.0,24.0,50.0,21.0,8.0,38.1,27.0,16.0,59.3,15.0,22.0,37.0,17.0,0.0,12.0,8.0,22.0,59.0,30.0,50.85,30.0,19.0,63.33,29.0,11.0,37.93,13.0,11.0,84.6,6.0,30.0,36.0,21.0,2.0,19.0,6.0,26.0,reverse
2023_0507_215_1791,2023-05-07T00:00:00+00:00,NINERS Chemnitz,1791,MLP Academics Heidelberg,215,81,74,local,2022-23,0,00zUHEpc,59.0,25.0,42.37,33.0,18.0,54.55,26.0,7.0,26.92,31.0,24.0,77.4,14.0,21.0,35.0,17.0,1.0,11.0,8.0,18.0,56.0,27.0,48.21,28.0,20.0,71.43,28.0,7.0,25.0,16.0,13.0,81.3,7.0,23.0,30.0,15.0,1.0,19.0,5.0,24.0,reverse
2023_0507_1634_219,2023-05-07T00:00:00+00:00,FC Bayern Muenchen Basketball,219,EWE Baskets Oldenburg,1634,76,88,visitante,2022-23,0,08UhgV7d,63.0,28.0,44.44,38.0,19.0,50.0,25.0,9.0,36.0,13.0,11.0,84.6,8.0,23.0,31.0,17.0,3.0,12.0,11.0,20.0,62.0,28.0,45.16,32.0,13.0,40.63,30.0,15.0,50.0,21.0,17.0,81.0,11.0,29.0,40.0,16.0,3.0,13.0,7.0,20.0,reverse
2023_0507_1774_41,2023-05-07T00:00:00+00:00,MHP Riesen Ludwigsburg,41,Rostock Seawolves,1774,87,92,visitante,2022-23,0,viZXGYa3,80.0,30.0,37.5,41.0,16.0,39.02,39.0,14.0,35.9,20.0,13.0,65.0,15.0,30.0,45.0,22.0,1.0,12.0,10.0,25.0,67.0,31.0,46.27,38.0,20.0,52.63,29.0,11.0,37.93,28.0,19.0,67.9,10.0,37.0,47.0,20.0,7.0,18.0,4.0,21.0,reverse
2023_0507_450_2315,2023-05-07T00:00:00+00:00,Merlins Crailsheim,2315,SYNTAINICS MBC Weissenfels,450,69,79,visitante,2022-23,0,jZvJaXUS,63.0,26.0,41.27,35.0,16.0,45.71,28.0,10.0,35.71,10.0,7.0,70.0,10.0,32.0,42.0,15.0,3.0,21.0,7.0,24.0,70.0,28.0,40.0,32.0,19.0,59.38,38.0,9.0,23.68,18.0,14.0,77.8,10.0,29.0,39.0,18.0,0.0,12.0,12.0,16.0,reverse
2023_0514_10_127,2023-05-14T00:00:00+00:00,Ratiopharm Ulm,127,ALBA Berlin,10,88,64,local,2022-23,1,UHFJEO9N,62.0,33.0,53.23,34.0,23.0,67.65,28.0,10.0,35.71,19.0,12.0,63.2,8.0,25.0,33.0,17.0,2.0,12.0,14.0,20.0,62.0,22.0,35.48,34.0,15.0,44.12,28.0,7.0,25.0,13.0,13.0,100.0,15.0,22.0,37.0,16.0,4.0,19.0,2.0,20.0,reverse
2023_0516_1634_41,2023-05-16T00:00:00+00:00,MHP Riesen Ludwigsburg,41,EWE Baskets Oldenburg,1634,90,80,local,2022-23,1,nZej92Xp,67.0,30.0,44.78,31.0,15.0,48.39,36.0,15.0,41.67,17.0,15.0,88.2,9.0,25.0,34.0,22.0,4.0,12.0,9.0,22.0,59.0,28.0,47.46,35.0,20.0,57.14,24.0,8.0,33.33,24.0,16.0,66.7,11.0,28.0,39.0,13.0,3.0,20.0,6.0,23.0,reverse
2023_0516_219_214,2023-05-16T00:00:00+00:00,BG Goettingen,214,FC Bayern Muenchen Basketball,219,67,87,visitante,2022-23,1,Ct5ODrPT,56.0,23.0,41.07,33.0,17.0,51.52,23.0,6.0,26.09,18.0,15.0,83.3,7.0,19.0,26.0,12.0,1.0,11.0,9.0,20.0,60.0,32.0,53.33,37.0,21.0,56.76,23.0,11.0,47.83,15.0,12.0,80.0,11.0,27.0,38.0,23.0,4.0,13.0,7.0,20.0,reverse
2023_0517_1510_1791,2023-05-17T00:00:00+00:00,NINERS Chemnitz,1791,Telekom Baskets Bonn,1510,63,94,visitante,2022-23,1,0xpYXoAo,61.0,20.0,32.79,34.0,15.0,44.12,27.0,5.0,18.52,25.0,18.0,72.0,12.0,19.0,31.0,12.0,1.0,15.0,9.0,20.0,63.0,35.0,55.56,30.0,21.0,70.0,33.0,14.0,42.42,13.0,10.0,76.9,9.0,31.0,40.0,17.0,6.0,15.0,7.0,25.0,reverse
2023_0517_127_10,2023-05-17T00:00:00+00:00,ALBA Berlin,10,Ratiopharm Ulm,127,91,77,local,2022-23,1,tOgYpS6f,60.0,33.0,55.0,33.0,22.0,66.67,27.0,11.0,40.74,19.0,14.0,73.7,11.0,30.0,41.0,22.0,4.0,18.0,12.0,19.0,60.0,25.0,41.67,23.0,13.0,56.52,37.0,12.0,32.43,18.0,15.0,83.3,5.0,17.0,22.0,21.0,3.0,16.0,9.0,22.0,reverse
2023_0518_1634_41,2023-05-18T00:00:00+00:00,MHP Riesen Ludwigsburg,41,EWE Baskets Oldenburg,1634,73,72,local,2022-23,1,zexoVqf4,68.0,28.0,41.18,34.0,18.0,52.94,34.0,10.0,29.41,9.0,7.0,77.8,13.0,25.0,38.0,16.0,0.0,16.0,4.0,25.0,54.0,25.0,46.3,30.0,19.0,63.33,24.0,6.0,25.0,20.0,16.0,80.0,6.0,25.0,31.0,12.0,1.0,18.0,7.0,22.0,reverse
2023_0518_219_214,2023-05-18T00:00:00+00:00,BG Goettingen,214,FC Bayern Muenchen Basketball,219,85,87,visitante,2022-23,1,d4wsWPvb,57.0,28.0,49.12,39.0,18.0,46.15,18.0,10.0,55.56,25.0,19.0,76.0,11.0,19.0,30.0,19.0,2.0,11.0,6.0,24.0,56.0,29.0,51.79,34.0,19.0,55.88,22.0,10.0,45.45,27.0,19.0,70.4,11.0,20.0,31.0,18.0,3.0,14.0,5.0,22.0,reverse
2023_0519_1510_1791,2023-05-19T00:00:00+00:00,NINERS Chemnitz,1791,Telekom Baskets Bonn,1510,78,95,visitante,2022-23,1,vTrxX5Pi,58.0,25.0,43.1,28.0,17.0,60.71,30.0,8.0,26.67,28.0,20.0,71.4,10.0,21.0,31.0,14.0,0.0,15.0,3.0,29.0,56.0,30.0,53.57,30.0,19.0,63.33,26.0,11.0,42.31,33.0,24.0,72.7,8.0,22.0,30.0,22.0,2.0,13.0,5.0,27.0,reverse
2023_0519_10_127,2023-05-19T00:00:00+00:00,Ratiopharm Ulm,127,ALBA Berlin,10,93,81,local,2022-23,1,KEhxpnM0,64.0,34.0,53.13,30.0,20.0,66.67,34.0,14.0,41.18,13.0,11.0,84.6,7.0,22.0,29.0,24.0,3.0,13.0,7.0,27.0,62.0,28.0,45.16,30.0,19.0,63.33,32.0,9.0,28.13,20.0,16.0,80.0,17.0,21.0,38.0,16.0,4.0,18.0,3.0,18.0,reverse
2023_0521_214_219,2023-05-21T00:00:00+00:00,FC Bayern Muenchen Basketball,219,BG Goettingen,214,65,54,local,2022-23,1,QqVcSsvN,63.0,25.0,39.68,34.0,18.0,52.94,29.0,7.0,24.14,11.0,8.0,72.7,12.0,30.0,42.0,11.0,3.0,13.0,8.0,21.0,52.0,17.0,32.69,27.0,11.0,40.74,25.0,6.0,24.0,16.0,14.0,87.5,5.0,25.0,30.0,12.0,1.0,14.0,8.0,17.0,reverse
2023_0521_41_1634,2023-05-21T00:00:00+00:00,EWE Baskets Oldenburg,1634,MHP Riesen Ludwigsburg,41,72,86,visitante,2022-23,1,UHykU39A,58.0,26.0,44.83,37.0,20.0,54.05,21.0,6.0,28.57,17.0,14.0,82.4,13.0,26.0,39.0,12.0,1.0,22.0,5.0,22.0,70.0,31.0,44.29,34.0,21.0,61.76,36.0,10.0,27.78,21.0,14.0,66.7,14.0,20.0,34.0,17.0,4.0,12.0,11.0,22.0,reverse
2023_0522_1791_1510,2023-05-22T00:00:00+00:00,Telekom Baskets Bonn,1510,NINERS Chemnitz,1791,89,83,local,2022-23,1,rLugTNOG,67.0,30.0,44.78,37.0,20.0,54.05,30.0,10.0,33.33,24.0,19.0,79.2,13.0,29.0,42.0,19.0,1.0,8.0,5.0,24.0,63.0,27.0,42.86,36.0,17.0,47.22,27.0,10.0,37.04,28.0,19.0,67.9,14.0,25.0,39.0,24.0,0.0,11.0,3.0,24.0,reverse
2023_0524_127_10,2023-05-24T00:00:00+00:00,ALBA Berlin,10,Ratiopharm Ulm,127,81,83,visitante,2022-23,1,UNpZhc3n,64.0,28.0,43.75,37.0,16.0,43.24,27.0,12.0,44.44,13.0,13.0,100.0,18.0,28.0,46.0,21.0,6.0,19.0,5.0,22.0,72.0,29.0,40.28,36.0,18.0,50.0,36.0,11.0,30.56,17.0,14.0,82.4,17.0,17.0,34.0,21.0,5.0,8.0,12.0,20.0,reverse
2023_0528_219_127,2023-05-28T00:00:00+00:00,Ratiopharm Ulm,127,FC Bayern Muenchen Basketball,219,87,69,local,2022-23,1,z13iCPP5,60.0,28.0,46.67,24.0,16.0,66.67,36.0,12.0,33.33,27.0,19.0,70.4,10.0,31.0,41.0,15.0,3.0,9.0,7.0,20.0,59.0,24.0,40.68,27.0,14.0,51.85,32.0,10.0,31.25,17.0,11.0,64.7,6.0,27.0,33.0,16.0,1.0,12.0,5.0,25.0,reverse
2023_0529_1510_41,2023-05-29T00:00:00+00:00,MHP Riesen Ludwigsburg,41,Telekom Baskets Bonn,1510,71,80,visitante,2022-23,1,t0oUMMWI,70.0,27.0,38.57,38.0,16.0,42.11,32.0,11.0,34.38,9.0,6.0,66.7,13.0,29.0,42.0,18.0,4.0,11.0,2.0,20.0,81.0,32.0,39.51,50.0,23.0,46.0,31.0,9.0,29.03,15.0,7.0,46.7,24.0,29.0,53.0,16.0,4.0,8.0,5.0,16.0,reverse
2023_0530_219_127,2023-05-30T00:00:00+00:00,Ratiopharm Ulm,127,FC Bayern Muenchen Basketball,219,93,88,local,2022-23,1,Ei2eBquC,66.0,31.0,46.97,27.0,18.0,66.67,39.0,13.0,33.33,23.0,18.0,78.3,11.0,18.0,29.0,18.0,5.0,17.0,11.0,28.0,48.0,23.0,47.92,22.0,13.0,59.09,26.0,10.0,38.46,36.0,32.0,88.9,8.0,24.0,32.0,13.0,1.0,21.0,9.0,24.0,reverse
2023_0531_1510_41,2023-05-31T00:00:00+00:00,MHP Riesen Ludwigsburg,41,Telekom Baskets Bonn,1510,65,94,visitante,2022-23,1,GjgxVJOu,63.0,21.0,33.33,32.0,13.0,40.63,31.0,8.0,25.81,17.0,15.0,88.2,12.0,18.0,30.0,12.0,2.0,16.0,6.0,28.0,62.0,32.0,51.61,32.0,22.0,68.75,30.0,10.0,33.33,29.0,20.0,69.0,17.0,29.0,46.0,12.0,1.0,16.0,10.0,21.0,reverse
2023_0602_127_219,2023-06-02T00:00:00+00:00,FC Bayern Muenchen Basketball,219,Ratiopharm Ulm,127,102,104,visitante,2022-23,1,WSd0A3fI,68.0,27.0,39.71,30.0,14.0,46.67,38.0,13.0,34.21,42.0,35.0,83.3,10.0,25.0,35.0,15.0,1.0,18.0,14.0,33.0,65.0,33.0,50.77,34.0,21.0,61.76,31.0,12.0,38.71,38.0,26.0,68.4,10.0,32.0,42.0,19.0,1.0,22.0,8.0,27.0,reverse
2023_0603_41_1510,2023-06-03T00:00:00+00:00,Telekom Baskets Bonn,1510,MHP Riesen Ludwigsburg,41,82,73,local,2022-23,1,fshtUwvn,62.0,27.0,43.55,31.0,19.0,61.29,31.0,8.0,25.81,28.0,20.0,71.4,17.0,32.0,49.0,15.0,8.0,19.0,8.0,23.0,68.0,26.0,38.24,40.0,17.0,42.5,28.0,9.0,32.14,22.0,12.0,54.5,12.0,20.0,32.0,10.0,5.0,11.0,9.0,24.0,reverse
2023_0609_1510_127,2023-06-09T00:00:00+00:00,Ratiopharm Ulm,127,Telekom Baskets Bonn,1510,79,73,local,2022-23,1,jy2oD6Di,62.0,25.0,40.32,26.0,11.0,42.31,36.0,14.0,38.89,27.0,15.0,55.6,11.0,25.0,36.0,19.0,1.0,12.0,6.0,33.0,59.0,21.0,35.59,22.0,12.0,54.55,37.0,9.0,24.32,35.0,22.0,62.9,16.0,31.0,47.0,13.0,5.0,16.0,5.0,24.0,reverse
2023_0611_1510_127,2023-06-11T00:00:00+00:00,Ratiopharm Ulm,127,Telekom Baskets Bonn,1510,75,104,visitante,2022-23,1,pb1kCQSc,54.0,23.0,42.59,25.0,13.0,52.0,29.0,10.0,34.48,26.0,19.0,73.1,8.0,19.0,27.0,21.0,4.0,16.0,3.0,23.0,68.0,36.0,52.94,33.0,20.0,60.61,35.0,16.0,45.71,22.0,16.0,72.7,14.0,25.0,39.0,22.0,1.0,10.0,13.0,25.0,reverse
2023_0614_127_1510,2023-06-14T00:00:00+00:00,Telekom Baskets Bonn,1510,Ratiopharm Ulm,127,84,112,visitante,2022-23,1,Ol0gBpr4,78.0,31.0,39.74,33.0,19.0,57.58,45.0,12.0,26.67,14.0,10.0,71.4,17.0,22.0,39.0,19.0,1.0,11.0,4.0,27.0,70.0,35.0,50.0,30.0,17.0,56.67,40.0,18.0,45.0,28.0,24.0,85.7,16.0,27.0,43.0,28.0,4.0,8.0,5.0,18.0,reverse
2023_0616_127_1510,2023-06-16T00:00:00+00:00,Telekom Baskets Bonn,1510,Ratiopharm Ulm,127,70,74,visitante,2022-23,1,Io0Ct3Gg,67.0,25.0,37.31,35.0,19.0,54.29,32.0,6.0,18.75,19.0,14.0,73.7,17.0,26.0,43.0,9.0,0.0,15.0,8.0,25.0,56.0,21.0,37.5,21.0,12.0,57.14,35.0,9.0,25.71,28.0,23.0,82.1,8.0,26.0,34.0,19.0,2.0,13.0,9.0,24.0,reverse
2023_0927_127_1791,2023-09-27T00:00:00+00:00,NINERS Chemnitz,1791,Ratiopharm Ulm,127,85,90,visitante,2023-24,0,8ENSXWbp,64.0,30.0,46.88,38.0,19.0,50.0,26.0,11.0,42.31,21.0,14.0,66.7,13.0,23.0,36.0,23.0,2.0,18.0,5.0,22.0,67.0,33.0,49.25,51.0,25.0,49.02,16.0,8.0,50.0,22.0,16.0,72.7,12.0,23.0,35.0,26.0,3.0,14.0,12.0,19.0,reverse
2023_0928_215_10,2023-09-28T00:00:00+00:00,ALBA Berlin,10,MLP Academics Heidelberg,215,90,81,local,2023-24,0,MHRWWjEj,58.0,33.0,56.9,39.0,25.0,64.1,19.0,8.0,42.11,27.0,16.0,59.3,14.0,30.0,44.0,26.0,1.0,20.0,4.0,15.0,71.0,31.0,43.66,29.0,18.0,62.07,42.0,13.0,30.95,12.0,6.0,50.0,13.0,14.0,27.0,19.0,2.0,9.0,9.0,22.0,reverse
2023_0928_2457_132,2023-09-28T00:00:00+00:00,Bamberg Baskets,132,Rasta Vechta,2457,79,101,visitante,2023-24,0,OM5Fezii,68.0,30.0,44.12,38.0,21.0,55.26,30.0,9.0,30.0,12.0,10.0,83.3,10.0,25.0,35.0,13.0,4.0,11.0,3.0,22.0,80.0,35.0,43.75,44.0,17.0,38.64,36.0,18.0,50.0,15.0,13.0,86.7,18.0,30.0,48.0,17.0,3.0,7.0,6.0,16.0,reverse
2023_0929_40_1634,2023-09-29T00:00:00+00:00,EWE Baskets Oldenburg,1634,Basketball Loewen Braunschweig,40,86,91,visitante,2023-24,0,h2cWihjG,62.0,30.0,48.39,40.0,19.0,47.5,22.0,11.0,50.0,22.0,15.0,68.2,10.0,22.0,32.0,20.0,2.0,15.0,7.0,24.0,64.0,33.0,51.56,36.0,22.0,61.11,28.0,11.0,39.29,21.0,14.0,66.7,9.0,24.0,33.0,20.0,3.0,13.0,9.0,22.0,reverse
2023_0929_219_450,2023-09-29T00:00:00+00:00,SYNTAINICS MBC Weissenfels,450,FC Bayern Muenchen Basketball,219,87,96,visitante,2023-24,0,Wn9NgEL3,75.0,29.0,38.67,39.0,16.0,41.03,36.0,13.0,36.11,18.0,16.0,88.9,12.0,21.0,33.0,18.0,2.0,9.0,8.0,25.0,61.0,31.0,50.82,40.0,22.0,55.0,21.0,9.0,42.86,28.0,25.0,89.3,9.0,32.0,41.0,19.0,5.0,14.0,5.0,20.0,reverse
2023_0929_2315_1774,2023-09-29T00:00:00+00:00,Rostock Seawolves,1774,Merlins Crailsheim,2315,81,85,visitante,2023-24,0,Aw8RhYzA,65.0,26.0,40.0,42.0,22.0,52.38,23.0,4.0,17.39,34.0,25.0,73.5,14.0,23.0,37.0,11.0,3.0,11.0,7.0,21.0,67.0,33.0,49.25,46.0,25.0,54.35,21.0,8.0,38.1,17.0,11.0,64.7,12.0,29.0,41.0,18.0,0.0,12.0,5.0,26.0,reverse
2023_0929_41_19629,2023-09-29T00:00:00+00:00,Veolia Towers Hamburg,19629,MHP Riesen Ludwigsburg,41,87,79,local,2023-24,0,4x1ziC5M,57.0,27.0,47.37,34.0,19.0,55.88,23.0,8.0,34.78,33.0,25.0,75.8,11.0,29.0,40.0,17.0,2.0,13.0,3.0,21.0,71.0,31.0,43.66,41.0,23.0,56.1,30.0,8.0,26.67,17.0,9.0,52.9,14.0,22.0,36.0,11.0,3.0,9.0,5.0,22.0,reverse
2023_1001_450_40,2023-10-01T00:00:00+00:00,Basketball Loewen Braunschweig,40,SYNTAINICS MBC Weissenfels,450,85,77,local,2023-24,0,0SvD19kr,68.0,28.0,41.18,44.0,21.0,47.73,24.0,7.0,29.17,32.0,22.0,68.8,12.0,31.0,43.0,13.0,5.0,11.0,7.0,17.0,72.0,30.0,41.67,42.0,23.0,54.76,30.0,7.0,23.33,15.0,10.0,66.7,11.0,30.0,41.0,18.0,5.0,17.0,3.0,22.0,reverse
2023_1001_2457_1510,2023-10-01T00:00:00+00:00,Telekom Baskets Bonn,1510,Rasta Vechta,2457,79,84,visitante,2023-24,0,vJwH0T4l,64.0,28.0,43.75,36.0,18.0,50.0,28.0,10.0,35.71,16.0,13.0,81.3,11.0,21.0,32.0,13.0,1.0,13.0,11.0,16.0,62.0,30.0,48.39,41.0,20.0,48.78,21.0,10.0,47.62,15.0,14.0,93.3,12.0,25.0,37.0,15.0,3.0,16.0,7.0,18.0,reverse
2023_1001_19629_2745,2023-10-01T00:00:00+00:00,FITOne Wuerzburg Baskets,2745,Veolia Towers Hamburg,19629,88,58,local,2023-24,0,dfYLamKf,61.0,33.0,54.1,37.0,21.0,56.76,24.0,12.0,50.0,11.0,10.0,90.9,6.0,37.0,43.0,9.0,4.0,20.0,11.0,20.0,61.0,19.0,31.15,25.0,10.0,40.0,36.0,9.0,25.0,15.0,11.0,73.3,7.0,22.0,29.0,14.0,3.0,20.0,5.0,16.0,reverse
2023_1001_1774_215,2023-10-01T00:00:00+00:00,MLP Academics Heidelberg,215,Rostock Seawolves,1774,113,122,visitante,2023-24,0,U7WTcRl7,89.0,34.0,38.2,37.0,19.0,51.35,52.0,15.0,28.85,39.0,30.0,76.9,17.0,25.0,42.0,29.0,3.0,11.0,9.0,23.0,81.0,44.0,54.32,48.0,27.0,56.25,33.0,17.0,51.52,22.0,17.0,77.3,13.0,41.0,54.0,30.0,5.0,18.0,6.0,30.0,reverse
2023_1001_447_127,2023-10-01T00:00:00+00:00,Ratiopharm Ulm,127,Baskets Paderborn,447,99,84,local,2023-24,0,,,,,,,,,,,,,,,,,,,,,,,,,,,,,,,,,,,,,,,,,,
2023_1002_10_2315,2023-10-02T00:00:00+00:00,Merlins Crailsheim,2315,ALBA Berlin,10,75,110,visitante,2023-24,0,trzYdo4D,61.0,28.0,45.9,48.0,24.0,50.0,13.0,4.0,30.77,21.0,15.0,71.4,10.0,20.0,30.0,10.0,0.0,20.0,5.0,27.0,62.0,36.0,58.06,38.0,26.0,68.42,24.0,10.0,41.67,33.0,28.0,84.8,7.0,26.0,33.0,28.0,3.0,12.0,11.0,19.0,reverse
2023_1002_1791_132,2023-10-02T00:00:00+00:00,Bamberg Baskets,132,NINERS Chemnitz,1791,79,109,visitante,2023-24,0,rmEGLUtE,72.0,29.0,40.28,40.0,22.0,55.0,32.0,7.0,21.88,24.0,14.0,58.3,19.0,24.0,43.0,12.0,4.0,19.0,9.0,23.0,80.0,39.0,48.75,50.0,29.0,58.0,30.0,10.0,33.33,28.0,21.0,75.0,20.0,27.0,47.0,20.0,2.0,10.0,9.0,21.0,reverse
2023_1002_1634_219,2023-10-02T00:00:00+00:00,FC Bayern Muenchen Basketball,219,EWE Baskets Oldenburg,1634,67,77,visitante,2023-24,0,MwDKKldK,58.0,22.0,37.93,32.0,16.0,50.0,26.0,6.0,23.08,18.0,17.0,94.4,13.0,24.0,37.0,13.0,0.0,15.0,5.0,18.0,67.0,28.0,41.79,36.0,18.0,50.0,31.0,10.0,32.26,13.0,11.0,84.6,16.0,23.0,39.0,14.0,2.0,11.0,7.0,23.0,reverse
2023_1004_1510_447,2023-10-04T00:00:00+00:00,Baskets Paderborn,447,Telekom Baskets Bonn,1510,88,76,local,2023-24,0,,,,,,,,,,,,,,,,,,,,,,,,,,,,,,,,,,,,,,,,,,
2023_1006_2745_41,2023-10-06T00:00:00+00:00,MHP Riesen Ludwigsburg,41,FITOne Wuerzburg Baskets,2745,78,60,local,2023-24,0,jDHOJ8BQ,64.0,30.0,46.88,34.0,20.0,58.82,30.0,10.0,33.33,16.0,8.0,50.0,15.0,29.0,44.0,19.0,5.0,19.0,8.0,16.0,66.0,23.0,34.85,45.0,20.0,44.44,21.0,3.0,14.29,17.0,11.0,64.7,15.0,22.0,37.0,13.0,2.0,15.0,11.0,13.0,reverse
2023_1007_214_2315,2023-10-07T00:00:00+00:00,Merlins Crailsheim,2315,BG Goettingen,214,104,110,visitante,2023-24,0,zogeEnZm,81.0,37.0,45.68,44.0,23.0,52.27,37.0,14.0,37.84,21.0,16.0,76.2,13.0,32.0,45.0,23.0,2.0,18.0,7.0,29.0,79.0,36.0,45.57,42.0,19.0,45.24,37.0,17.0,45.95,30.0,21.0,70.0,11.0,34.0,45.0,21.0,3.0,12.0,13.0,23.0,reverse
2023_1007_127_10,2023-10-07T00:00:00+00:00,ALBA Berlin,10,Ratiopharm Ulm,127,88,100,visitante,2023-24,0,hM3jFSJs,68.0,32.0,47.06,41.0,22.0,53.66,27.0,10.0,37.04,15.0,14.0,93.3,10.0,23.0,33.0,16.0,1.0,17.0,6.0,16.0,64.0,39.0,60.94,42.0,29.0,69.05,22.0,10.0,45.45,14.0,12.0,85.7,3.0,25.0,28.0,20.0,0.0,11.0,10.0,16.0,reverse
2023_1007_215_1634,2023-10-07T00:00:00+00:00,EWE Baskets Oldenburg,1634,MLP Academics Heidelberg,215,92,83,local,2023-24,0,rBd3CQ30,67.0,34.0,50.75,38.0,22.0,57.89,29.0,12.0,41.38,16.0,12.0,75.0,12.0,19.0,31.0,17.0,2.0,7.0,7.0,19.0,70.0,31.0,44.29,23.0,22.0,95.65,47.0,9.0,19.15,14.0,12.0,85.7,22.0,22.0,44.0,21.0,0.0,14.0,5.0,20.0,reverse
2023_1007_2457_447,2023-10-07T00:00:00+00:00,Baskets Paderborn,447,Rasta Vechta,2457,72,103,visitante,2023-24,0,,,,,,,,,,,,,,,,,,,,,,,,,,,,,,,,,,,,,,,,,,
2023_1008_40_1791,2023-10-08T00:00:00+00:00,NINERS Chemnitz,1791,Basketball Loewen Braunschweig,40,86,81,local,2023-24,0,M1e7BpJ6,61.0,30.0,49.18,36.0,19.0,52.78,25.0,11.0,44.0,20.0,15.0,75.0,12.0,22.0,34.0,19.0,2.0,13.0,6.0,21.0,63.0,29.0,46.03,41.0,20.0,48.78,22.0,9.0,40.91,22.0,14.0,63.6,16.0,19.0,35.0,17.0,4.0,13.0,7.0,20.0,reverse
2023_1008_219_19629,2023-10-08T00:00:00+00:00,Veolia Towers Hamburg,19629,FC Bayern Muenchen Basketball,219,79,90,visitante,2023-24,0,lOR3A4YC,61.0,24.0,39.34,32.0,16.0,50.0,29.0,8.0,27.59,31.0,23.0,74.2,14.0,20.0,34.0,14.0,2.0,7.0,7.0,22.0,60.0,27.0,45.0,34.0,16.0,47.06,26.0,11.0,42.31,30.0,25.0,83.3,14.0,26.0,40.0,15.0,3.0,11.0,6.0,26.0,reverse
2023_1009_1510_450,2023-10-09T00:00:00+00:00,SYNTAINICS MBC Weissenfels,450,Telekom Baskets Bonn,1510,73,100,visitante,2023-24,0,SEQ79OmJ,68.0,28.0,41.18,42.0,22.0,52.38,26.0,6.0,23.08,16.0,11.0,68.8,15.0,22.0,37.0,17.0,2.0,13.0,2.0,19.0,66.0,36.0,54.55,35.0,24.0,68.57,31.0,12.0,38.71,20.0,16.0,80.0,10.0,23.0,33.0,27.0,0.0,7.0,5.0,20.0,reverse
2023_1020_1634_1774,2023-10-20T00:00:00+00:00,Rostock Seawolves,1774,EWE Baskets Oldenburg,1634,89,94,visitante,2023-24,0,tIEkY7QJ,66.0,28.0,42.42,36.0,20.0,55.56,30.0,8.0,26.67,31.0,25.0,80.6,15.0,21.0,36.0,25.0,1.0,15.0,10.0,25.0,62.0,31.0,50.0,36.0,20.0,55.56,26.0,11.0,42.31,28.0,21.0,75.0,15.0,23.0,38.0,19.0,6.0,18.0,7.0,25.0,reverse
2023_1021_19629_127,2023-10-21T00:00:00+00:00,Ratiopharm Ulm,127,Veolia Towers Hamburg,19629,94,78,local,2023-24,0,02eMSols,60.0,35.0,58.33,31.0,21.0,67.74,29.0,14.0,48.28,15.0,10.0,66.7,4.0,22.0,26.0,24.0,5.0,14.0,8.0,22.0,59.0,29.0,49.15,38.0,23.0,60.53,21.0,6.0,28.57,20.0,14.0,70.0,9.0,24.0,33.0,12.0,1.0,17.0,3.0,20.0,reverse
2023_1021_2745_40,2023-10-21T00:00:00+00:00,Basketball Loewen Braunschweig,40,FITOne Wuerzburg Baskets,2745,76,84,visitante,2023-24,0,fLIgXRuQ,61.0,29.0,47.54,34.0,21.0,61.76,27.0,8.0,29.63,15.0,10.0,66.7,11.0,25.0,36.0,21.0,3.0,13.0,3.0,20.0,64.0,29.0,45.31,36.0,17.0,47.22,28.0,12.0,42.86,18.0,14.0,77.8,9.0,22.0,31.0,17.0,2.0,7.0,9.0,19.0,reverse
2023_1021_41_1510,2023-10-21T00:00:00+00:00,Telekom Baskets Bonn,1510,MHP Riesen Ludwigsburg,41,91,86,local,2023-24,0,8SbUQPIg,60.0,32.0,53.33,38.0,25.0,65.79,22.0,7.0,31.82,27.0,20.0,74.1,10.0,22.0,32.0,18.0,3.0,10.0,3.0,24.0,62.0,29.0,46.77,36.0,21.0,58.33,26.0,8.0,30.77,23.0,20.0,87.0,10.0,21.0,31.0,16.0,2.0,11.0,4.0,23.0,reverse
2023_1021_447_215,2023-10-21T00:00:00+00:00,MLP Academics Heidelberg,215,Baskets Paderborn,447,94,84,local,2023-24,0,,,,,,,,,,,,,,,,,,,,,,,,,,,,,,,,,,,,,,,,,,
2023_1022_1791_214,2023-10-22T00:00:00+00:00,BG Goettingen,214,NINERS Chemnitz,1791,63,77,visitante,2023-24,0,UsmwP3m6,56.0,22.0,39.29,30.0,19.0,63.33,26.0,3.0,11.54,23.0,14.0,60.9,11.0,27.0,38.0,10.0,1.0,12.0,4.0,24.0,61.0,26.0,42.62,28.0,19.0,67.86,33.0,7.0,21.21,26.0,18.0,69.2,14.0,30.0,44.0,23.0,2.0,14.0,6.0,17.0,reverse
2023_1022_450_132,2023-10-22T00:00:00+00:00,Bamberg Baskets,132,SYNTAINICS MBC Weissenfels,450,94,86,local,2023-24,0,nJcYPqYa,78.0,35.0,44.87,47.0,24.0,51.06,31.0,11.0,35.48,15.0,13.0,86.7,19.0,25.0,44.0,22.0,1.0,11.0,7.0,17.0,59.0,31.0,52.54,31.0,22.0,70.97,28.0,9.0,32.14,22.0,15.0,68.2,6.0,24.0,30.0,18.0,3.0,13.0,4.0,18.0,reverse
2023_1022_2315_219,2023-10-22T00:00:00+00:00,FC Bayern Muenchen Basketball,219,Merlins Crailsheim,2315,97,62,local,2023-24,0,tIjsON2C,55.0,32.0,58.18,28.0,19.0,67.86,27.0,13.0,48.15,25.0,20.0,80.0,7.0,31.0,38.0,18.0,2.0,13.0,8.0,19.0,55.0,22.0,40.0,32.0,13.0,40.63,23.0,9.0,39.13,14.0,9.0,64.3,4.0,19.0,23.0,13.0,0.0,15.0,5.0,23.0,reverse
2023_1022_10_2457,2023-10-22T00:00:00+00:00,Rasta Vechta,2457,ALBA Berlin,10,80,98,visitante,2023-24,0,zujoNsII,72.0,33.0,45.83,45.0,22.0,48.89,27.0,11.0,40.74,5.0,3.0,60.0,11.0,26.0,37.0,17.0,6.0,17.0,3.0,20.0,71.0,37.0,52.11,44.0,27.0,61.36,27.0,10.0,37.04,18.0,14.0,77.8,9.0,27.0,36.0,25.0,4.0,9.0,10.0,13.0,reverse
2023_1027_132_1634,2023-10-27T00:00:00+00:00,EWE Baskets Oldenburg,1634,Bamberg Baskets,132,92,83,local,2023-24,0,,,,,,,,,,,,,,,,,,,,,,,,,,,,,,,,,,,,,,,,,,
2023_1028_1791_450,2023-10-28T00:00:00+00:00,SYNTAINICS MBC Weissenfels,450,NINERS Chemnitz,1791,65,74,visitante,2023-24,0,lMdcUbPo,68.0,25.0,36.76,45.0,23.0,51.11,23.0,2.0,8.7,16.0,13.0,81.3,9.0,26.0,35.0,14.0,3.0,11.0,12.0,19.0,62.0,28.0,45.16,42.0,21.0,50.0,20.0,7.0,35.0,16.0,11.0,68.8,10.0,34.0,44.0,12.0,4.0,19.0,8.0,21.0,reverse
2023_1028_127_41,2023-10-28T00:00:00+00:00,MHP Riesen Ludwigsburg,41,Ratiopharm Ulm,127,99,70,local,2023-24,0,SCe1TIvh,73.0,37.0,50.68,51.0,26.0,50.98,22.0,11.0,50.0,16.0,14.0,87.5,15.0,28.0,43.0,18.0,2.0,14.0,9.0,19.0,58.0,22.0,37.93,30.0,16.0,53.33,28.0,6.0,21.43,26.0,20.0,76.9,8.0,22.0,30.0,16.0,1.0,17.0,8.0,21.0,reverse
2023_1028_215_19629,2023-10-28T00:00:00+00:00,Veolia Towers Hamburg,19629,MLP Academics Heidelberg,215,88,73,local,2023-24,0,zwa9Rd94,56.0,31.0,55.36,36.0,25.0,69.44,20.0,6.0,30.0,27.0,20.0,74.1,8.0,28.0,36.0,16.0,5.0,19.0,10.0,26.0,63.0,24.0,38.1,32.0,16.0,50.0,31.0,8.0,25.81,21.0,17.0,81.0,11.0,19.0,30.0,13.0,2.0,17.0,3.0,24.0,reverse
2023_1028_2457_40,2023-10-28T00:00:00+00:00,Basketball Loewen Braunschweig,40,Rasta Vechta,2457,90,97,visitante,2023-24,0,MZf5Sxfb,75.0,33.0,44.0,50.0,28.0,56.0,25.0,5.0,20.0,28.0,19.0,67.9,20.0,28.0,48.0,15.0,4.0,17.0,9.0,26.0,71.0,30.0,42.25,43.0,19.0,44.19,28.0,11.0,39.29,30.0,26.0,86.7,12.0,27.0,39.0,20.0,5.0,13.0,13.0,21.0,reverse
2023_1029_219_2745,2023-10-29T00:00:00+00:00,FITOne Wuerzburg Baskets,2745,FC Bayern Muenchen Basketball,219,64,87,visitante,2023-24,0,I1lEQGOA,67.0,23.0,34.33,35.0,15.0,42.86,32.0,8.0,25.0,11.0,10.0,90.9,11.0,23.0,34.0,12.0,1.0,13.0,3.0,22.0,59.0,31.0,52.54,36.0,22.0,61.11,23.0,9.0,39.13,23.0,18.0,78.3,8.0,34.0,42.0,20.0,5.0,9.0,8.0,15.0,reverse
2023_1029_1774_447,2023-10-29T00:00:00+00:00,Baskets Paderborn,447,Rostock Seawolves,1774,103,108,visitante,2023-24,0,,,,,,,,,,,,,,,,,,,,,,,,,,,,,,,,,,,,,,,,,,
2023_1029_1510_2315,2023-10-29T00:00:00+00:00,Merlins Crailsheim,2315,Telekom Baskets Bonn,1510,68,90,visitante,2023-24,0,r9oQNE8T,56.0,25.0,44.64,36.0,16.0,44.44,20.0,9.0,45.0,13.0,9.0,69.2,12.0,19.0,31.0,13.0,4.0,22.0,4.0,23.0,63.0,35.0,55.56,38.0,25.0,65.79,25.0,10.0,40.0,16.0,10.0,62.5,10.0,21.0,31.0,23.0,3.0,12.0,13.0,18.0,reverse
2023_1030_214_10,2023-10-30T00:00:00+00:00,ALBA Berlin,10,BG Goettingen,214,114,77,local,2023-24,0,4InMOfgN,65.0,39.0,60.0,45.0,28.0,62.22,20.0,11.0,55.0,29.0,25.0,86.2,12.0,30.0,42.0,30.0,1.0,13.0,11.0,13.0,64.0,27.0,42.19,32.0,16.0,50.0,32.0,11.0,34.38,16.0,12.0,75.0,10.0,16.0,26.0,17.0,2.0,18.0,7.0,27.0,reverse
2023_1103_19629_2457,2023-11-03T00:00:00+00:00,Rasta Vechta,2457,Veolia Towers Hamburg,19629,81,85,visitante,2023-24,0,ljOhJYGp,66.0,29.0,43.94,39.0,18.0,46.15,27.0,11.0,40.74,13.0,12.0,92.3,10.0,18.0,28.0,12.0,4.0,13.0,8.0,19.0,53.0,32.0,60.38,39.0,26.0,66.67,14.0,6.0,42.86,20.0,15.0,75.0,6.0,27.0,33.0,16.0,1.0,19.0,8.0,19.0,reverse
2023_1104_450_214,2023-11-04T00:00:00+00:00,BG Goettingen,214,SYNTAINICS MBC Weissenfels,450,89,97,visitante,2023-24,0,2gSdIhWj,54.0,30.0,55.56,32.0,20.0,62.5,22.0,10.0,45.45,27.0,19.0,70.4,5.0,20.0,25.0,14.0,1.0,12.0,4.0,23.0,62.0,37.0,59.68,42.0,30.0,71.43,20.0,7.0,35.0,22.0,16.0,72.7,8.0,20.0,28.0,17.0,6.0,10.0,3.0,22.0,reverse
2023_1104_2315_1634,2023-11-04T00:00:00+00:00,EWE Baskets Oldenburg,1634,Merlins Crailsheim,2315,99,63,local,2023-24,0,fmFrtdOc,59.0,32.0,54.24,30.0,21.0,70.0,29.0,11.0,37.93,32.0,24.0,75.0,12.0,25.0,37.0,19.0,3.0,14.0,13.0,21.0,55.0,23.0,41.82,34.0,17.0,50.0,21.0,6.0,28.57,14.0,11.0,78.6,7.0,17.0,24.0,14.0,3.0,22.0,9.0,27.0,reverse
2023_1104_2745_1791,2023-11-04T00:00:00+00:00,NINERS Chemnitz,1791,FITOne Wuerzburg Baskets,2745,70,68,local,2023-24,0,GdGvsx9i,67.0,28.0,41.79,40.0,17.0,42.5,27.0,11.0,40.74,5.0,3.0,60.0,12.0,22.0,34.0,20.0,2.0,16.0,9.0,20.0,57.0,25.0,43.86,38.0,20.0,52.63,19.0,5.0,26.32,19.0,13.0,68.4,12.0,29.0,41.0,7.0,2.0,19.0,7.0,15.0,reverse
2023_1105_127_1510,2023-11-05T00:00:00+00:00,Telekom Baskets Bonn,1510,Ratiopharm Ulm,127,87,105,visitante,2023-24,0,KGJ3Vl39,69.0,31.0,44.93,42.0,23.0,54.76,27.0,8.0,29.63,23.0,17.0,73.9,19.0,21.0,40.0,17.0,0.0,16.0,9.0,18.0,67.0,39.0,58.21,46.0,27.0,58.7,21.0,12.0,57.14,19.0,15.0,78.9,9.0,22.0,31.0,31.0,2.0,12.0,10.0,21.0,reverse
2023_1105_215_132,2023-11-05T00:00:00+00:00,Bamberg Baskets,132,MLP Academics Heidelberg,215,109,90,local,2023-24,0,CO9muGw4,70.0,38.0,54.29,48.0,26.0,54.17,22.0,12.0,54.55,28.0,21.0,75.0,13.0,22.0,35.0,23.0,3.0,11.0,14.0,20.0,72.0,32.0,44.44,31.0,20.0,64.52,41.0,12.0,29.27,16.0,14.0,87.5,18.0,22.0,40.0,15.0,3.0,18.0,9.0,21.0,reverse
2023_1105_41_1774,2023-11-05T00:00:00+00:00,Rostock Seawolves,1774,MHP Riesen Ludwigsburg,41,77,96,visitante,2023-24,0,jF8ivzgA,63.0,33.0,52.38,45.0,28.0,62.22,18.0,5.0,27.78,10.0,6.0,60.0,5.0,23.0,28.0,17.0,3.0,18.0,7.0,16.0,72.0,35.0,48.61,42.0,23.0,54.76,30.0,12.0,40.0,16.0,14.0,87.5,14.0,28.0,42.0,22.0,1.0,17.0,8.0,13.0,reverse
2023_1105_40_219,2023-11-05T00:00:00+00:00,FC Bayern Muenchen Basketball,219,Basketball Loewen Braunschweig,40,81,83,visitante,2023-24,0,px8ewf8G,57.0,29.0,50.88,32.0,21.0,65.63,25.0,8.0,32.0,19.0,15.0,78.9,5.0,24.0,29.0,17.0,7.0,11.0,7.0,16.0,65.0,27.0,41.54,34.0,15.0,44.12,31.0,12.0,38.71,20.0,17.0,85.0,14.0,23.0,37.0,16.0,2.0,9.0,7.0,19.0,reverse
2023_1106_447_10,2023-11-06T00:00:00+00:00,ALBA Berlin,10,Baskets Paderborn,447,97,81,local,2023-24,0,,,,,,,,,,,,,,,,,,,,,,,,,,,,,,,,,,,,,,,,,,
2023_1110_1774_450,2023-11-10T00:00:00+00:00,SYNTAINICS MBC Weissenfels,450,Rostock Seawolves,1774,97,85,local,2023-24,0,QoG3yYxT,58.0,34.0,58.62,33.0,23.0,69.7,25.0,11.0,44.0,10.0,4.0,40.0,12.0,17.0,29.0,12.0,1.0,15.0,7.0,22.0,51.0,23.0,45.1,33.0,16.0,48.48,18.0,7.0,38.89,29.0,24.0,82.8,12.0,16.0,28.0,18.0,1.0,11.0,8.0,15.0,reverse
2023_1111_214_19629,2023-11-11T00:00:00+00:00,Veolia Towers Hamburg,19629,BG Goettingen,214,123,118,local,2023-24,0,Sf2VWiop,83.0,40.0,48.19,36.0,18.0,50.0,47.0,22.0,46.81,31.0,21.0,67.7,21.0,24.0,45.0,32.0,4.0,17.0,10.0,33.0,77.0,39.0,50.65,47.0,25.0,53.19,30.0,14.0,46.67,32.0,26.0,81.3,17.0,26.0,43.0,23.0,3.0,18.0,9.0,26.0,reverse
2023_1111_1634_127,2023-11-11T00:00:00+00:00,Ratiopharm Ulm,127,EWE Baskets Oldenburg,1634,98,94,local,2023-24,0,dU6ZVB0j,77.0,35.0,45.45,42.0,20.0,47.62,35.0,15.0,42.86,15.0,13.0,86.7,13.0,26.0,39.0,30.0,2.0,15.0,11.0,24.0,63.0,31.0,49.21,41.0,22.0,53.66,22.0,9.0,40.91,27.0,23.0,85.2,7.0,28.0,35.0,20.0,2.0,17.0,7.0,20.0,reverse
2023_1111_215_2745,2023-11-11T00:00:00+00:00,FITOne Wuerzburg Baskets,2745,MLP Academics Heidelberg,215,87,54,local,2023-24,0,zL5wVVFd,59.0,28.0,47.46,30.0,13.0,43.33,29.0,15.0,51.72,24.0,16.0,66.7,9.0,26.0,35.0,12.0,2.0,10.0,10.0,17.0,62.0,22.0,35.48,32.0,18.0,56.25,30.0,4.0,13.33,8.0,6.0,75.0,13.0,26.0,39.0,13.0,3.0,19.0,4.0,18.0,reverse
2023_1111_2457_2315,2023-11-11T00:00:00+00:00,Merlins Crailsheim,2315,Rasta Vechta,2457,58,96,visitante,2023-24,0,vgWJwOJd,56.0,21.0,37.5,36.0,17.0,47.22,20.0,4.0,20.0,19.0,12.0,63.2,14.0,18.0,32.0,9.0,2.0,17.0,6.0,26.0,65.0,34.0,52.31,40.0,25.0,62.5,25.0,9.0,36.0,26.0,19.0,73.1,14.0,25.0,39.0,21.0,6.0,13.0,10.0,21.0,reverse
2023_1112_10_40,2023-11-12T00:00:00+00:00,Basketball Loewen Braunschweig,40,ALBA Berlin,10,64,92,visitante,2023-24,0,nJZRy2l9,61.0,22.0,36.07,32.0,14.0,43.75,29.0,8.0,27.59,17.0,12.0,70.6,10.0,22.0,32.0,13.0,1.0,20.0,8.0,20.0,63.0,34.0,53.97,36.0,25.0,69.44,27.0,9.0,33.33,18.0,15.0,83.3,8.0,27.0,35.0,21.0,2.0,15.0,11.0,18.0,reverse
2023_1112_132_41,2023-11-12T00:00:00+00:00,MHP Riesen Ludwigsburg,41,Bamberg Baskets,132,102,90,local,2023-24,0,hdzOxrZ2,77.0,34.0,44.16,41.0,22.0,53.66,36.0,12.0,33.33,26.0,22.0,84.6,16.0,24.0,40.0,15.0,1.0,7.0,5.0,25.0,65.0,32.0,49.23,41.0,23.0,56.1,24.0,9.0,37.5,23.0,17.0,73.9,12.0,29.0,41.0,15.0,5.0,16.0,2.0,23.0,reverse
2023_1112_1510_219,2023-11-12T00:00:00+00:00,FC Bayern Muenchen Basketball,219,Telekom Baskets Bonn,1510,83,88,visitante,2023-24,0,Q9YVzM3F,68.0,31.0,45.59,42.0,23.0,54.76,26.0,8.0,30.77,17.0,13.0,76.5,11.0,30.0,41.0,16.0,0.0,15.0,3.0,20.0,75.0,33.0,44.0,42.0,22.0,52.38,33.0,11.0,33.33,19.0,11.0,57.9,15.0,27.0,42.0,16.0,1.0,13.0,8.0,18.0,reverse
2023_1112_447_1791,2023-11-12T00:00:00+00:00,NINERS Chemnitz,1791,Baskets Paderborn,447,106,68,local,2023-24,0,,,,,,,,,,,,,,,,,,,,,,,,,,,,,,,,,,,,,,,,,,
2023_1117_1791_1774,2023-11-17T00:00:00+00:00,Rostock Seawolves,1774,NINERS Chemnitz,1791,75,85,visitante,2023-24,0,6LkTZuJL,62.0,24.0,38.71,33.0,13.0,39.39,29.0,11.0,37.93,20.0,16.0,80.0,7.0,32.0,39.0,12.0,5.0,11.0,7.0,19.0,74.0,30.0,40.54,39.0,18.0,46.15,35.0,12.0,34.29,17.0,13.0,76.5,15.0,32.0,47.0,19.0,4.0,10.0,6.0,22.0,reverse
2023_1118_40_447,2023-11-18T00:00:00+00:00,Baskets Paderborn,447,Basketball Loewen Braunschweig,40,92,87,local,2023-24,0,,,,,,,,,,,,,,,,,,,,,,,,,,,,,,,,,,,,,,,,,,
2023_1118_19629_132,2023-11-18T00:00:00+00:00,Bamberg Baskets,132,Veolia Towers Hamburg,19629,90,94,visitante,2023-24,0,2iyaUJtq,71.0,37.0,52.11,48.0,30.0,62.5,23.0,7.0,30.43,13.0,9.0,69.2,14.0,16.0,30.0,16.0,5.0,9.0,6.0,23.0,67.0,34.0,50.75,37.0,22.0,59.46,30.0,12.0,40.0,18.0,14.0,77.8,18.0,20.0,38.0,19.0,3.0,13.0,3.0,20.0,reverse
2023_1118_1634_2457,2023-11-18T00:00:00+00:00,Rasta Vechta,2457,EWE Baskets Oldenburg,1634,85,67,local,2023-24,0,Gfu3Twdk,63.0,31.0,49.21,26.0,17.0,65.38,37.0,14.0,37.84,14.0,9.0,64.3,8.0,34.0,42.0,22.0,3.0,10.0,5.0,16.0,69.0,23.0,33.33,35.0,12.0,34.29,34.0,11.0,32.35,12.0,10.0,83.3,14.0,26.0,40.0,18.0,0.0,11.0,5.0,21.0,reverse
2023_1119_219_41,2023-11-19T00:00:00+00:00,MHP Riesen Ludwigsburg,41,FC Bayern Muenchen Basketball,219,84,92,visitante,2023-24,0,bJU7ScBe,67.0,30.0,44.78,33.0,17.0,51.52,34.0,13.0,38.24,12.0,11.0,91.7,13.0,20.0,33.0,14.0,2.0,10.0,4.0,24.0,59.0,31.0,52.54,40.0,22.0,55.0,19.0,9.0,47.37,27.0,21.0,77.8,11.0,23.0,34.0,18.0,3.0,11.0,4.0,16.0,reverse
2023_1119_214_1510,2023-11-19T00:00:00+00:00,Telekom Baskets Bonn,1510,BG Goettingen,214,101,77,local,2023-24,0,xATBRHQ1,61.0,36.0,59.02,31.0,17.0,54.84,30.0,19.0,63.33,13.0,10.0,76.9,6.0,19.0,25.0,23.0,1.0,8.0,7.0,21.0,49.0,28.0,57.14,31.0,21.0,67.74,18.0,7.0,38.89,17.0,14.0,82.4,3.0,19.0,22.0,18.0,2.0,16.0,3.0,16.0,reverse
2023_1119_10_450,2023-11-19T00:00:00+00:00,SYNTAINICS MBC Weissenfels,450,ALBA Berlin,10,108,75,local,2023-24,0,QPMgj132,62.0,38.0,61.29,31.0,24.0,77.42,31.0,14.0,45.16,21.0,18.0,85.7,9.0,21.0,30.0,24.0,1.0,11.0,8.0,22.0,65.0,29.0,44.62,42.0,26.0,61.9,23.0,3.0,13.04,16.0,14.0,87.5,14.0,15.0,29.0,17.0,3.0,14.0,4.0,17.0,reverse
2023_1119_2745_127,2023-11-19T00:00:00+00:00,Ratiopharm Ulm,127,FITOne Wuerzburg Baskets,2745,88,83,local,2023-24,0,4GLckLI8,68.0,35.0,51.47,48.0,29.0,60.42,20.0,6.0,30.0,18.0,12.0,66.7,13.0,22.0,35.0,15.0,1.0,12.0,13.0,17.0,60.0,29.0,48.33,29.0,16.0,55.17,31.0,13.0,41.94,15.0,12.0,80.0,7.0,23.0,30.0,17.0,2.0,17.0,5.0,19.0,reverse
2023_1120_2315_215,2023-11-20T00:00:00+00:00,MLP Academics Heidelberg,215,Merlins Crailsheim,2315,93,86,local,2023-24,0,nuB2luYE,57.0,29.0,50.88,34.0,16.0,47.06,23.0,13.0,56.52,33.0,22.0,66.7,12.0,23.0,35.0,25.0,3.0,17.0,8.0,16.0,72.0,36.0,50.0,48.0,28.0,58.33,24.0,8.0,33.33,13.0,6.0,46.2,16.0,24.0,40.0,20.0,3.0,14.0,11.0,25.0,reverse
2023_1124_1791_19629,2023-11-24T00:00:00+00:00,Veolia Towers Hamburg,19629,NINERS Chemnitz,1791,87,96,visitante,2023-24,0,bFE6mamL,50.0,26.0,52.0,31.0,18.0,58.06,19.0,8.0,42.11,32.0,27.0,84.4,7.0,19.0,26.0,15.0,3.0,20.0,6.0,23.0,62.0,37.0,59.68,42.0,30.0,71.43,20.0,7.0,35.0,17.0,15.0,88.2,4.0,18.0,22.0,24.0,4.0,15.0,7.0,26.0,reverse
2023_1125_132_40,2023-11-25T00:00:00+00:00,Basketball Loewen Braunschweig,40,Bamberg Baskets,132,78,92,visitante,2023-24,0,fo0xrwBr,72.0,29.0,40.28,38.0,19.0,50.0,34.0,10.0,29.41,14.0,10.0,71.4,15.0,19.0,34.0,20.0,4.0,14.0,6.0,23.0,62.0,35.0,56.45,39.0,25.0,64.1,23.0,10.0,43.48,17.0,12.0,70.6,11.0,29.0,40.0,22.0,2.0,16.0,7.0,15.0,reverse
2023_1125_127_2315,2023-11-25T00:00:00+00:00,Merlins Crailsheim,2315,Ratiopharm Ulm,127,87,94,visitante,2023-24,0,hxEAnJ2R,74.0,34.0,45.95,41.0,25.0,60.98,33.0,9.0,27.27,12.0,10.0,83.3,8.0,8.0,16.0,16.0,2.0,12.0,9.0,22.0,62.0,36.0,58.06,42.0,32.0,76.19,20.0,4.0,20.0,26.0,18.0,69.2,11.0,25.0,36.0,23.0,3.0,14.0,6.0,17.0,reverse
2023_1125_1774_214,2023-11-25T00:00:00+00:00,BG Goettingen,214,Rostock Seawolves,1774,92,96,visitante,2023-24,0,CMfsscQl,68.0,33.0,48.53,36.0,22.0,61.11,32.0,11.0,34.38,17.0,15.0,88.2,10.0,22.0,32.0,18.0,3.0,9.0,5.0,25.0,66.0,32.0,48.48,42.0,21.0,50.0,24.0,11.0,45.83,29.0,21.0,72.4,13.0,25.0,38.0,18.0,0.0,7.0,3.0,18.0,reverse
2023_1126_1510_215,2023-11-26T00:00:00+00:00,MLP Academics Heidelberg,215,Telekom Baskets Bonn,1510,69,92,visitante,2023-24,0,jDgotHue,72.0,26.0,36.11,36.0,13.0,36.11,36.0,13.0,36.11,6.0,4.0,66.7,15.0,24.0,39.0,19.0,6.0,11.0,3.0,19.0,66.0,33.0,50.0,35.0,21.0,60.0,31.0,12.0,38.71,17.0,14.0,82.4,11.0,32.0,43.0,22.0,2.0,10.0,8.0,15.0,reverse
2023_1126_41_10,2023-11-26T00:00:00+00:00,ALBA Berlin,10,MHP Riesen Ludwigsburg,41,79,87,visitante,2023-24,0,pzgkuye1,60.0,31.0,51.67,48.0,27.0,56.25,12.0,4.0,33.33,24.0,13.0,54.2,12.0,27.0,39.0,17.0,3.0,23.0,5.0,18.0,70.0,33.0,47.14,40.0,22.0,55.0,30.0,11.0,36.67,16.0,10.0,62.5,12.0,17.0,29.0,17.0,4.0,12.0,14.0,22.0,reverse
2023_1126_447_1634,2023-11-26T00:00:00+00:00,EWE Baskets Oldenburg,1634,Baskets Paderborn,447,84,93,visitante,2023-24,0,,,,,,,,,,,,,,,,,,,,,,,,,,,,,,,,,,,,,,,,,,
2023_1126_2457_219,2023-11-26T00:00:00+00:00,FC Bayern Muenchen Basketball,219,Rasta Vechta,2457,85,81,local,2023-24,0,0ryx3vm8,66.0,29.0,43.94,37.0,22.0,59.46,29.0,7.0,24.14,25.0,20.0,80.0,10.0,23.0,33.0,16.0,2.0,6.0,6.0,17.0,65.0,30.0,46.15,31.0,18.0,58.06,34.0,12.0,35.29,12.0,9.0,75.0,12.0,27.0,39.0,17.0,0.0,16.0,4.0,27.0,reverse
2023_1127_450_2745,2023-11-27T00:00:00+00:00,FITOne Wuerzburg Baskets,2745,SYNTAINICS MBC Weissenfels,450,88,72,local,2023-24,0,vZZu2b2E,66.0,30.0,45.45,37.0,19.0,51.35,29.0,11.0,37.93,19.0,17.0,89.5,6.0,26.0,32.0,18.0,2.0,6.0,12.0,14.0,61.0,27.0,44.26,24.0,15.0,62.5,37.0,12.0,32.43,8.0,6.0,75.0,10.0,30.0,40.0,16.0,4.0,17.0,4.0,18.0,reverse
2023_1128_132_1774,2023-11-28T00:00:00+00:00,Rostock Seawolves,1774,Bamberg Baskets,132,83,93,visitante,2023-24,0,WrD8pWWt,58.0,27.0,46.55,30.0,15.0,50.0,28.0,12.0,42.86,21.0,17.0,81.0,5.0,25.0,30.0,21.0,0.0,18.0,8.0,20.0,75.0,34.0,45.33,43.0,23.0,53.49,32.0,11.0,34.38,21.0,14.0,66.7,18.0,27.0,45.0,20.0,1.0,12.0,6.0,19.0,reverse
2023_1128_214_41,2023-11-28T00:00:00+00:00,MHP Riesen Ludwigsburg,41,BG Goettingen,214,104,76,local,2023-24,0,b7I7U8IF,65.0,37.0,56.92,39.0,26.0,66.67,26.0,11.0,42.31,23.0,19.0,82.6,9.0,30.0,39.0,28.0,3.0,12.0,9.0,20.0,61.0,27.0,44.26,40.0,20.0,50.0,21.0,7.0,33.33,22.0,15.0,68.2,7.0,19.0,26.0,17.0,1.0,15.0,8.0,22.0,reverse
2023_1201_2745_2457,2023-12-01T00:00:00+00:00,Rasta Vechta,2457,FITOne Wuerzburg Baskets,2745,75,87,visitante,2023-24,0,AZBCqjnm,64.0,25.0,39.06,38.0,16.0,42.11,26.0,9.0,34.62,20.0,16.0,80.0,9.0,30.0,39.0,14.0,3.0,12.0,4.0,30.0,64.0,25.0,39.06,33.0,16.0,48.48,31.0,9.0,29.03,34.0,28.0,82.4,14.0,30.0,44.0,15.0,7.0,10.0,4.0,21.0,reverse
2023_1202_214_132,2023-12-02T00:00:00+00:00,Bamberg Baskets,132,BG Goettingen,214,85,92,visitante,2023-24,0,hb1HrA1g,69.0,34.0,49.28,48.0,29.0,60.42,21.0,5.0,23.81,15.0,12.0,80.0,14.0,25.0,39.0,16.0,3.0,12.0,3.0,23.0,62.0,32.0,51.61,35.0,21.0,60.0,27.0,11.0,40.74,23.0,17.0,73.9,8.0,21.0,29.0,18.0,2.0,10.0,5.0,18.0,reverse
2023_1202_450_19629,2023-12-02T00:00:00+00:00,Veolia Towers Hamburg,19629,SYNTAINICS MBC Weissenfels,450,86,81,local,2023-24,0,615LsUGa,55.0,30.0,54.55,35.0,22.0,62.86,20.0,8.0,40.0,21.0,18.0,85.7,7.0,27.0,34.0,19.0,3.0,18.0,4.0,19.0,77.0,31.0,40.26,48.0,23.0,47.92,29.0,8.0,27.59,12.0,11.0,91.7,19.0,18.0,37.0,11.0,1.0,10.0,13.0,20.0,reverse
2023_1202_2315_447,2023-12-02T00:00:00+00:00,Baskets Paderborn,447,Merlins Crailsheim,2315,84,87,visitante,2023-24,0,,,,,,,,,,,,,,,,,,,,,,,,,,,,,,,,,,,,,,,,,,
2023_1202_215_41,2023-12-02T00:00:00+00:00,MHP Riesen Ludwigsburg,41,MLP Academics Heidelberg,215,75,72,local,2023-24,0,0O4PtlW5,58.0,24.0,41.38,38.0,16.0,42.11,20.0,8.0,40.0,25.0,19.0,76.0,9.0,24.0,33.0,11.0,2.0,8.0,1.0,19.0,70.0,27.0,38.57,41.0,23.0,56.1,29.0,4.0,13.79,17.0,14.0,82.4,20.0,29.0,49.0,16.0,2.0,11.0,4.0,21.0,reverse
2023_1203_40_1510,2023-12-03T00:00:00+00:00,Telekom Baskets Bonn,1510,Basketball Loewen Braunschweig,40,102,94,local,2023-24,0,zscxvnGO,68.0,38.0,55.88,41.0,26.0,63.41,27.0,12.0,44.44,17.0,14.0,82.4,11.0,17.0,28.0,20.0,0.0,9.0,9.0,20.0,62.0,34.0,54.84,40.0,24.0,60.0,22.0,10.0,45.45,21.0,16.0,76.2,13.0,20.0,33.0,24.0,5.0,15.0,5.0,19.0,reverse
2023_1203_127_1774,2023-12-03T00:00:00+00:00,Rostock Seawolves,1774,Ratiopharm Ulm,127,107,89,local,2023-24,0,djbYvS0I,70.0,44.0,62.86,47.0,32.0,68.09,23.0,12.0,52.17,8.0,7.0,87.5,8.0,22.0,30.0,28.0,0.0,12.0,11.0,18.0,63.0,35.0,55.56,36.0,26.0,72.22,27.0,9.0,33.33,13.0,12.0,92.3,7.0,18.0,25.0,23.0,1.0,15.0,6.0,13.0,reverse
2023_1203_1634_1791,2023-12-03T00:00:00+00:00,NINERS Chemnitz,1791,EWE Baskets Oldenburg,1634,79,58,local,2023-24,0,Oxxnbk1t,54.0,28.0,51.85,22.0,17.0,77.27,32.0,11.0,34.38,21.0,15.0,71.4,13.0,26.0,39.0,13.0,2.0,16.0,9.0,19.0,58.0,24.0,41.38,29.0,20.0,68.97,29.0,4.0,13.79,9.0,6.0,66.7,10.0,21.0,31.0,7.0,0.0,16.0,9.0,23.0,reverse
2023_1213_1510_40,2023-12-13T00:00:00+00:00,Basketball Loewen Braunschweig,40,Telekom Baskets Bonn,1510,80,76,local,2023-24,0,jqxkHqQ8,66.0,31.0,46.97,46.0,23.0,50.0,20.0,8.0,40.0,17.0,10.0,58.8,10.0,22.0,32.0,12.0,3.0,12.0,7.0,21.0,68.0,29.0,42.65,45.0,22.0,48.89,23.0,7.0,30.43,16.0,11.0,68.8,18.0,28.0,46.0,12.0,0.0,18.0,6.0,21.0,reverse
2023_1215_19629_447,2023-12-15T00:00:00+00:00,Baskets Paderborn,447,Veolia Towers Hamburg,19629,86,94,visitante,2023-24,0,,,,,,,,,,,,,,,,,,,,,,,,,,,,,,,,,,,,,,,,,,
2023_1216_2745_1510,2023-12-16T00:00:00+00:00,Telekom Baskets Bonn,1510,FITOne Wuerzburg Baskets,2745,78,97,visitante,2023-24,0,phQfdTVh,65.0,28.0,43.08,35.0,19.0,54.29,30.0,9.0,30.0,18.0,13.0,72.2,11.0,21.0,32.0,21.0,1.0,10.0,3.0,22.0,61.0,34.0,55.74,30.0,19.0,63.33,31.0,15.0,48.39,16.0,14.0,87.5,7.0,29.0,36.0,20.0,1.0,13.0,4.0,22.0,reverse
2023_1216_1791_215,2023-12-16T00:00:00+00:00,MLP Academics Heidelberg,215,NINERS Chemnitz,1791,69,93,visitante,2023-24,0,hIT2f705,67.0,26.0,38.81,39.0,19.0,48.72,28.0,7.0,25.0,13.0,10.0,76.9,7.0,19.0,26.0,16.0,3.0,12.0,4.0,21.0,67.0,36.0,53.73,41.0,27.0,65.85,26.0,9.0,34.62,19.0,12.0,63.2,15.0,34.0,49.0,21.0,3.0,16.0,7.0,19.0,reverse
2023_1216_214_2457,2023-12-16T00:00:00+00:00,Rasta Vechta,2457,BG Goettingen,214,90,86,local,2023-24,0,ERUbemoa,64.0,31.0,48.44,37.0,21.0,56.76,27.0,10.0,37.04,27.0,18.0,66.7,14.0,21.0,35.0,19.0,6.0,18.0,9.0,25.0,51.0,25.0,49.02,28.0,17.0,60.71,23.0,8.0,34.78,33.0,28.0,84.8,5.0,22.0,27.0,23.0,2.0,16.0,8.0,25.0,reverse
2023_1217_41_450,2023-12-17T00:00:00+00:00,SYNTAINICS MBC Weissenfels,450,MHP Riesen Ludwigsburg,41,81,78,local,2023-24,0,zsJ7gRFB,66.0,32.0,48.48,45.0,24.0,53.33,21.0,8.0,38.1,11.0,9.0,81.8,9.0,40.0,49.0,17.0,3.0,23.0,2.0,19.0,76.0,28.0,36.84,44.0,19.0,43.18,32.0,9.0,28.13,16.0,13.0,81.3,8.0,26.0,34.0,20.0,5.0,9.0,10.0,18.0,reverse
2023_1217_1774_40,2023-12-17T00:00:00+00:00,Basketball Loewen Braunschweig,40,Rostock Seawolves,1774,78,101,visitante,2023-24,0,lpNBhoVH,62.0,27.0,43.55,45.0,22.0,48.89,17.0,5.0,29.41,29.0,19.0,65.5,15.0,23.0,38.0,15.0,7.0,15.0,4.0,27.0,60.0,31.0,51.67,37.0,21.0,56.76,23.0,10.0,43.48,34.0,29.0,85.3,7.0,23.0,30.0,20.0,2.0,9.0,7.0,26.0,reverse
2023_1217_219_127,2023-12-17T00:00:00+00:00,Ratiopharm Ulm,127,FC Bayern Muenchen Basketball,219,80,95,visitante,2023-24,0,r7MFi5pO,62.0,30.0,48.39,35.0,19.0,54.29,27.0,11.0,40.74,9.0,9.0,100.0,6.0,25.0,31.0,17.0,1.0,16.0,4.0,18.0,65.0,33.0,50.77,38.0,21.0,55.26,27.0,12.0,44.44,21.0,17.0,81.0,8.0,24.0,32.0,20.0,5.0,9.0,9.0,15.0,reverse
2023_1217_1634_10,2023-12-17T00:00:00+00:00,ALBA Berlin,10,EWE Baskets Oldenburg,1634,90,85,local,2023-24,0,McLJjPaU,64.0,31.0,48.44,38.0,20.0,52.63,26.0,11.0,42.31,18.0,17.0,94.4,12.0,18.0,30.0,23.0,3.0,12.0,6.0,22.0,61.0,32.0,52.46,33.0,23.0,69.7,28.0,9.0,32.14,13.0,12.0,92.3,11.0,21.0,32.0,19.0,1.0,18.0,4.0,20.0,reverse
2023_1218_132_2315,2023-12-18T00:00:00+00:00,Merlins Crailsheim,2315,Bamberg Baskets,132,87,97,visitante,2023-24,0,p8EIB8Vu,67.0,30.0,44.78,31.0,17.0,54.84,36.0,13.0,36.11,21.0,16.0,76.2,7.0,23.0,30.0,18.0,0.0,6.0,10.0,10.0,51.0,33.0,64.71,27.0,23.0,85.19,24.0,10.0,41.67,29.0,21.0,72.4,7.0,32.0,39.0,18.0,2.0,11.0,3.0,22.0,reverse
2023_1220_2457_1791,2023-12-20T00:00:00+00:00,NINERS Chemnitz,1791,Rasta Vechta,2457,81,80,local,2023-24,0,fZBGSnmS,65.0,32.0,49.23,41.0,22.0,53.66,24.0,10.0,41.67,9.0,7.0,77.8,9.0,24.0,33.0,19.0,1.0,15.0,8.0,18.0,63.0,30.0,47.62,38.0,21.0,55.26,25.0,9.0,36.0,13.0,11.0,84.6,8.0,23.0,31.0,10.0,4.0,15.0,7.0,15.0,reverse
2023_1222_127_215,2023-12-22T00:00:00+00:00,MLP Academics Heidelberg,215,Ratiopharm Ulm,127,89,98,visitante,2023-24,0,ObDMASpn,69.0,32.0,46.38,33.0,18.0,54.55,36.0,14.0,38.89,15.0,9.0,60.0,14.0,19.0,33.0,21.0,1.0,16.0,10.0,24.0,66.0,35.0,53.03,35.0,27.0,77.14,31.0,8.0,25.81,24.0,20.0,83.3,12.0,25.0,37.0,26.0,2.0,16.0,6.0,19.0,reverse
2023_1222_447_132,2023-12-22T00:00:00+00:00,Bamberg Baskets,132,Baskets Paderborn,447,92,99,visitante,2023-24,0,,,,,,,,,,,,,,,,,,,,,,,,,,,,,,,,,,,,,,,,,,
2023_1223_40_41,2023-12-23T00:00:00+00:00,MHP Riesen Ludwigsburg,41,Basketball Loewen Braunschweig,40,82,83,visitante,2023-24,0,WOGU86Fb,70.0,28.0,40.0,44.0,18.0,40.91,26.0,10.0,38.46,19.0,16.0,84.2,13.0,26.0,39.0,16.0,1.0,13.0,3.0,20.0,65.0,31.0,47.69,41.0,24.0,58.54,24.0,7.0,29.17,20.0,14.0,70.0,12.0,29.0,41.0,17.0,4.0,13.0,7.0,20.0,reverse
2023_1223_450_1634,2023-12-23T00:00:00+00:00,EWE Baskets Oldenburg,1634,SYNTAINICS MBC Weissenfels,450,89,71,local,2023-24,0,Em6Z7QU4,64.0,32.0,50.0,33.0,19.0,57.58,31.0,13.0,41.94,20.0,12.0,60.0,13.0,32.0,45.0,22.0,2.0,16.0,7.0,17.0,63.0,24.0,38.1,29.0,12.0,41.38,34.0,12.0,35.29,16.0,11.0,68.8,7.0,22.0,29.0,18.0,0.0,12.0,12.0,21.0,reverse
2023_1223_1510_19629,2023-12-23T00:00:00+00:00,Veolia Towers Hamburg,19629,Telekom Baskets Bonn,1510,94,108,visitante,2023-24,0,MD9s64aH,57.0,33.0,57.89,39.0,26.0,66.67,18.0,7.0,38.89,26.0,21.0,80.8,10.0,16.0,26.0,20.0,2.0,15.0,6.0,18.0,74.0,43.0,58.11,47.0,29.0,61.7,27.0,14.0,51.85,10.0,8.0,80.0,17.0,14.0,31.0,21.0,0.0,12.0,7.0,27.0,reverse
2023_1223_2315_2745,2023-12-23T00:00:00+00:00,FITOne Wuerzburg Baskets,2745,Merlins Crailsheim,2315,98,96,local,2023-24,0,hv5w7ppB,70.0,31.0,44.29,37.0,20.0,54.05,33.0,11.0,33.33,30.0,25.0,83.3,16.0,23.0,39.0,8.0,2.0,9.0,10.0,18.0,66.0,35.0,53.03,35.0,22.0,62.86,31.0,13.0,41.94,15.0,13.0,86.7,10.0,25.0,35.0,21.0,2.0,15.0,2.0,25.0,reverse
2023_1226_1791_2315,2023-12-26T00:00:00+00:00,Merlins Crailsheim,2315,NINERS Chemnitz,1791,67,95,visitante,2023-24,0,rTcj4rUT,57.0,23.0,40.35,36.0,17.0,47.22,21.0,6.0,28.57,24.0,15.0,62.5,11.0,20.0,31.0,15.0,3.0,21.0,7.0,24.0,62.0,31.0,50.0,38.0,23.0,60.53,24.0,8.0,33.33,33.0,25.0,75.8,14.0,26.0,40.0,27.0,1.0,17.0,10.0,22.0,reverse
2023_1226_447_219,2023-12-26T00:00:00+00:00,FC Bayern Muenchen Basketball,219,Baskets Paderborn,447,96,74,local,2023-24,0,,,,,,,,,,,,,,,,,,,,,,,,,,,,,,,,,,,,,,,,,,
2023_1226_1774_1510,2023-12-26T00:00:00+00:00,Telekom Baskets Bonn,1510,Rostock Seawolves,1774,92,98,visitante,2023-24,0,4W3Ha2xo,64.0,31.0,48.44,27.0,18.0,66.67,37.0,13.0,35.14,24.0,17.0,70.8,13.0,13.0,26.0,17.0,1.0,11.0,5.0,21.0,52.0,34.0,65.38,31.0,22.0,70.97,21.0,12.0,57.14,21.0,18.0,85.7,5.0,22.0,27.0,23.0,2.0,15.0,7.0,21.0,reverse
2023_1226_450_2457,2023-12-26T00:00:00+00:00,Rasta Vechta,2457,SYNTAINICS MBC Weissenfels,450,100,74,local,2023-24,0,IZiaOoFo,62.0,38.0,61.29,38.0,27.0,71.05,24.0,11.0,45.83,22.0,13.0,59.1,9.0,30.0,39.0,24.0,6.0,11.0,6.0,17.0,70.0,30.0,42.86,45.0,23.0,51.11,25.0,7.0,28.0,12.0,7.0,58.3,11.0,19.0,30.0,16.0,1.0,9.0,6.0,22.0,reverse
2023_1227_215_214,2023-12-27T00:00:00+00:00,BG Goettingen,214,MLP Academics Heidelberg,215,113,109,local,2023-24,0,dQj3N5Ui,76.0,36.0,47.37,35.0,18.0,51.43,41.0,18.0,43.9,39.0,29.0,74.4,12.0,23.0,35.0,12.0,1.0,7.0,4.0,18.0,71.0,36.0,50.7,34.0,20.0,58.82,37.0,16.0,43.24,16.0,15.0,93.8,6.0,24.0,30.0,20.0,2.0,8.0,5.0,26.0,reverse
2023_1227_132_2745,2023-12-27T00:00:00+00:00,FITOne Wuerzburg Baskets,2745,Bamberg Baskets,132,83,78,local,2023-24,0,hhpCLqa4,66.0,32.0,48.48,36.0,19.0,52.78,30.0,13.0,43.33,15.0,6.0,40.0,2.0,10.0,12.0,4.0,1.0,0.0,0.0,2.0,70.0,33.0,47.14,44.0,24.0,54.55,26.0,9.0,34.62,19.0,11.0,57.9,5.0,8.0,13.0,3.0,0.0,1.0,0.0,5.0,reverse
2023_1227_41_1634,2023-12-27T00:00:00+00:00,EWE Baskets Oldenburg,1634,MHP Riesen Ludwigsburg,41,80,104,visitante,2023-24,0,E1o8MPqb,56.0,23.0,41.07,34.0,17.0,50.0,22.0,6.0,27.27,33.0,28.0,84.8,10.0,25.0,35.0,15.0,1.0,14.0,5.0,16.0,72.0,37.0,51.39,26.0,15.0,57.69,46.0,22.0,47.83,13.0,8.0,61.5,12.0,25.0,37.0,27.0,5.0,11.0,8.0,25.0,reverse
2023_1229_2745_1634,2023-12-29T00:00:00+00:00,EWE Baskets Oldenburg,1634,FITOne Wuerzburg Baskets,2745,78,83,visitante,2023-24,0,nFqGK3EA,60.0,28.0,46.67,32.0,21.0,65.63,28.0,7.0,25.0,22.0,15.0,68.2,14.0,22.0,36.0,13.0,0.0,12.0,6.0,21.0,61.0,28.0,45.9,26.0,14.0,53.85,35.0,14.0,40.0,18.0,13.0,72.2,12.0,21.0,33.0,18.0,1.0,11.0,8.0,21.0,reverse
2023_1229_1510_132,2023-12-29T00:00:00+00:00,Bamberg Baskets,132,Telekom Baskets Bonn,1510,74,88,visitante,2023-24,0,0ImKJNTG,67.0,27.0,40.3,37.0,18.0,48.65,30.0,9.0,30.0,15.0,11.0,73.3,9.0,26.0,35.0,16.0,9.0,12.0,6.0,17.0,76.0,34.0,44.74,46.0,24.0,52.17,30.0,10.0,33.33,14.0,10.0,71.4,17.0,29.0,46.0,21.0,1.0,11.0,4.0,19.0,reverse
2023_1229_450_127,2023-12-29T00:00:00+00:00,Ratiopharm Ulm,127,SYNTAINICS MBC Weissenfels,450,107,75,local,2023-24,0,rswPIsqN,69.0,42.0,60.87,48.0,34.0,70.83,21.0,8.0,38.1,20.0,15.0,75.0,11.0,22.0,33.0,26.0,1.0,11.0,15.0,14.0,61.0,30.0,49.18,38.0,26.0,68.42,23.0,4.0,17.39,13.0,11.0,84.6,10.0,17.0,27.0,15.0,1.0,19.0,2.0,23.0,reverse
2023_1230_40_214,2023-12-30T00:00:00+00:00,BG Goettingen,214,Basketball Loewen Braunschweig,40,82,110,visitante,2023-24,0,MXyTH1bT,66.0,27.0,40.91,41.0,16.0,39.02,25.0,11.0,44.0,23.0,15.0,65.2,13.0,16.0,29.0,17.0,2.0,12.0,2.0,19.0,63.0,40.0,63.49,40.0,26.0,65.0,23.0,14.0,60.87,18.0,14.0,77.8,6.0,29.0,35.0,25.0,4.0,8.0,6.0,21.0,reverse
2023_1230_2457_1774,2023-12-30T00:00:00+00:00,Rostock Seawolves,1774,Rasta Vechta,2457,81,85,visitante,2023-24,0,hGOfDL6p,77.0,30.0,38.96,47.0,20.0,42.55,30.0,10.0,33.33,13.0,11.0,84.6,17.0,28.0,45.0,12.0,0.0,16.0,9.0,17.0,77.0,36.0,46.75,38.0,26.0,68.42,39.0,10.0,25.64,9.0,3.0,33.3,13.0,31.0,44.0,24.0,7.0,16.0,10.0,21.0,reverse
2023_1230_219_215,2023-12-30T00:00:00+00:00,MLP Academics Heidelberg,215,FC Bayern Muenchen Basketball,219,57,83,visitante,2023-24,0,nF5ozqEc,66.0,19.0,28.79,33.0,10.0,30.3,33.0,9.0,27.27,17.0,10.0,58.8,17.0,21.0,38.0,8.0,2.0,14.0,8.0,19.0,58.0,28.0,48.28,33.0,20.0,60.61,25.0,8.0,32.0,23.0,19.0,82.6,12.0,33.0,45.0,17.0,5.0,13.0,8.0,16.0,reverse
2023_1230_2315_19629,2023-12-30T00:00:00+00:00,Veolia Towers Hamburg,19629,Merlins Crailsheim,2315,89,84,local,2023-24,0,YB1syPbi,62.0,26.0,41.94,35.0,21.0,60.0,27.0,5.0,18.52,42.0,32.0,76.2,14.0,28.0,42.0,15.0,2.0,13.0,9.0,26.0,69.0,29.0,42.03,43.0,22.0,51.16,26.0,7.0,26.92,26.0,19.0,73.1,15.0,21.0,36.0,14.0,1.0,13.0,7.0,32.0,reverse
2023_1230_41_447,2023-12-30T00:00:00+00:00,Baskets Paderborn,447,MHP Riesen Ludwigsburg,41,94,104,visitante,2023-24,0,,,,,,,,,,,,,,,,,,,,,,,,,,,,,,,,,,,,,,,,,,
2023_1231_10_1791,2023-12-31T00:00:00+00:00,NINERS Chemnitz,1791,ALBA Berlin,10,90,101,visitante,2023-24,0,tx5kZ2T3,62.0,31.0,50.0,40.0,21.0,52.5,22.0,10.0,45.45,26.0,18.0,69.2,13.0,18.0,31.0,19.0,5.0,20.0,12.0,37.0,62.0,33.0,53.23,43.0,25.0,58.14,19.0,8.0,42.11,40.0,27.0,67.5,18.0,20.0,38.0,16.0,0.0,21.0,13.0,25.0,reverse
2024_0102_127_40,2024-01-02T00:00:00+00:00,Basketball Loewen Braunschweig,40,Ratiopharm Ulm,127,73,90,visitante,2023-24,0,KS3gYMrA,64.0,29.0,45.31,43.0,22.0,51.16,21.0,7.0,33.33,17.0,8.0,47.1,11.0,21.0,32.0,19.0,2.0,14.0,7.0,21.0,64.0,35.0,54.69,40.0,25.0,62.5,24.0,10.0,41.67,16.0,10.0,62.5,10.0,27.0,37.0,22.0,2.0,12.0,8.0,18.0,reverse
2024_0105_215_2457,2024-01-05T00:00:00+00:00,Rasta Vechta,2457,MLP Academics Heidelberg,215,113,76,local,2023-24,0,x4bbXtbG,66.0,41.0,62.12,31.0,21.0,67.74,35.0,20.0,57.14,13.0,11.0,84.6,11.0,35.0,46.0,31.0,6.0,19.0,8.0,19.0,69.0,27.0,39.13,43.0,18.0,41.86,26.0,9.0,34.62,15.0,13.0,86.7,6.0,16.0,22.0,15.0,1.0,14.0,7.0,19.0,reverse
2024_0106_214_127,2024-01-06T00:00:00+00:00,Ratiopharm Ulm,127,BG Goettingen,214,100,90,local,2023-24,0,ETLRFESr,58.0,33.0,56.9,39.0,27.0,69.23,19.0,6.0,31.58,35.0,28.0,80.0,11.0,19.0,30.0,22.0,2.0,16.0,16.0,18.0,59.0,33.0,55.93,35.0,23.0,65.71,24.0,10.0,41.67,18.0,14.0,77.8,8.0,14.0,22.0,20.0,3.0,20.0,8.0,27.0,reverse
2024_0106_19629_40,2024-01-06T00:00:00+00:00,Basketball Loewen Braunschweig,40,Veolia Towers Hamburg,19629,72,81,visitante,2023-24,0,8jLVEYsk,56.0,24.0,42.86,35.0,17.0,48.57,21.0,7.0,33.33,24.0,17.0,70.8,11.0,21.0,32.0,13.0,7.0,19.0,11.0,23.0,57.0,26.0,45.61,34.0,17.0,50.0,23.0,9.0,39.13,25.0,20.0,80.0,10.0,22.0,32.0,18.0,2.0,19.0,11.0,23.0,reverse
2024_0106_1791_41,2024-01-06T00:00:00+00:00,MHP Riesen Ludwigsburg,41,NINERS Chemnitz,1791,66,85,visitante,2023-24,0,2kEvDCC1,73.0,22.0,30.14,43.0,16.0,37.21,30.0,6.0,20.0,20.0,16.0,80.0,18.0,26.0,44.0,13.0,4.0,14.0,7.0,24.0,67.0,28.0,41.79,43.0,21.0,48.84,24.0,7.0,29.17,28.0,22.0,78.6,16.0,33.0,49.0,20.0,5.0,13.0,8.0,23.0,reverse
2024_0106_2315_450,2024-01-06T00:00:00+00:00,SYNTAINICS MBC Weissenfels,450,Merlins Crailsheim,2315,76,87,visitante,2023-24,0,KQOZDhce,68.0,27.0,39.71,36.0,20.0,55.56,32.0,7.0,21.88,18.0,15.0,83.3,8.0,20.0,28.0,15.0,0.0,12.0,11.0,22.0,56.0,28.0,50.0,24.0,18.0,75.0,32.0,10.0,31.25,24.0,21.0,87.5,8.0,32.0,40.0,21.0,0.0,20.0,6.0,23.0,reverse
2024_0107_132_10,2024-01-07T00:00:00+00:00,ALBA Berlin,10,Bamberg Baskets,132,77,97,visitante,2023-24,0,ttDrCWR7,52.0,21.0,40.38,24.0,8.0,33.33,28.0,13.0,46.43,30.0,22.0,73.3,6.0,23.0,29.0,16.0,0.0,14.0,4.0,13.0,76.0,37.0,48.68,40.0,24.0,60.0,36.0,13.0,36.11,14.0,10.0,71.4,16.0,26.0,42.0,20.0,1.0,8.0,6.0,24.0,reverse
2024_0107_1774_219,2024-01-07T00:00:00+00:00,FC Bayern Muenchen Basketball,219,Rostock Seawolves,1774,91,85,local,2023-24,0,Ue6QzG48,57.0,27.0,47.37,27.0,12.0,44.44,30.0,15.0,50.0,30.0,22.0,73.3,12.0,24.0,36.0,18.0,4.0,14.0,4.0,15.0,72.0,32.0,44.44,39.0,18.0,46.15,33.0,14.0,42.42,8.0,7.0,87.5,13.0,23.0,36.0,23.0,2.0,10.0,7.0,23.0,reverse
2024_0107_1634_1510,2024-01-07T00:00:00+00:00,Telekom Baskets Bonn,1510,EWE Baskets Oldenburg,1634,108,83,local,2023-24,0,8n5UZZJE,68.0,41.0,60.29,37.0,24.0,64.86,31.0,17.0,54.84,15.0,9.0,60.0,12.0,20.0,32.0,20.0,1.0,7.0,10.0,18.0,55.0,27.0,49.09,29.0,17.0,58.62,26.0,10.0,38.46,21.0,19.0,90.5,8.0,17.0,25.0,18.0,2.0,13.0,3.0,17.0,reverse
2024_0108_447_2745,2024-01-08T00:00:00+00:00,FITOne Wuerzburg Baskets,2745,Baskets Paderborn,447,107,101,local,2023-24,0,,,,,,,,,,,,,,,,,,,,,,,,,,,,,,,,,,,,,,,,,,
2024_0112_1510_1791,2024-01-12T00:00:00+00:00,NINERS Chemnitz,1791,Telekom Baskets Bonn,1510,85,77,local,2023-24,0,4EbwYDlR,56.0,30.0,53.57,34.0,21.0,61.76,22.0,9.0,40.91,20.0,16.0,80.0,7.0,27.0,34.0,18.0,2.0,18.0,8.0,20.0,67.0,29.0,43.28,32.0,21.0,65.63,35.0,8.0,22.86,16.0,11.0,68.8,12.0,20.0,32.0,15.0,0.0,16.0,9.0,20.0,reverse
2024_0113_1774_19629,2024-01-13T00:00:00+00:00,Veolia Towers Hamburg,19629,Rostock Seawolves,1774,111,94,local,2023-24,0,0pp9SiCl,65.0,37.0,56.92,31.0,22.0,70.97,34.0,15.0,44.12,26.0,22.0,84.6,10.0,21.0,31.0,25.0,2.0,9.0,4.0,19.0,63.0,32.0,50.79,40.0,22.0,55.0,23.0,10.0,43.48,24.0,20.0,83.3,13.0,21.0,34.0,24.0,0.0,14.0,5.0,24.0,reverse
2024_0113_127_2457,2024-01-13T00:00:00+00:00,Rasta Vechta,2457,Ratiopharm Ulm,127,106,102,local,2023-24,0,Mgo5TXdr,79.0,36.0,45.57,39.0,22.0,56.41,40.0,14.0,35.0,26.0,20.0,76.9,18.0,26.0,44.0,11.0,2.0,12.0,8.0,32.0,74.0,32.0,43.24,43.0,22.0,51.16,31.0,10.0,32.26,35.0,28.0,80.0,19.0,26.0,45.0,22.0,2.0,16.0,4.0,23.0,reverse
2024_0113_41_2315,2024-01-13T00:00:00+00:00,Merlins Crailsheim,2315,MHP Riesen Ludwigsburg,41,59,106,visitante,2023-24,0,6cF9QVt1,52.0,19.0,36.54,28.0,16.0,57.14,24.0,3.0,12.5,22.0,18.0,81.8,11.0,22.0,33.0,13.0,0.0,18.0,8.0,25.0,67.0,34.0,50.75,35.0,22.0,62.86,32.0,12.0,37.5,30.0,26.0,86.7,14.0,33.0,47.0,27.0,1.0,13.0,11.0,25.0,reverse
2024_0113_1634_214,2024-01-13T00:00:00+00:00,BG Goettingen,214,EWE Baskets Oldenburg,1634,85,106,visitante,2023-24,0,S6G5RBRf,46.0,23.0,50.0,18.0,12.0,66.67,28.0,11.0,39.29,34.0,28.0,82.4,5.0,17.0,22.0,9.0,4.0,12.0,8.0,12.0,61.0,36.0,59.02,34.0,22.0,64.71,27.0,14.0,51.85,25.0,20.0,80.0,15.0,28.0,43.0,16.0,2.0,15.0,4.0,25.0,reverse
2024_0114_10_2745,2024-01-14T00:00:00+00:00,FITOne Wuerzburg Baskets,2745,ALBA Berlin,10,82,90,visitante,2023-24,0,6DiiMpQe,76.0,33.0,43.42,37.0,21.0,56.76,39.0,12.0,30.77,18.0,16.0,88.9,13.0,16.0,29.0,19.0,1.0,13.0,14.0,22.0,53.0,32.0,60.38,30.0,21.0,70.0,23.0,11.0,47.83,27.0,21.0,77.8,7.0,29.0,36.0,20.0,1.0,21.0,5.0,20.0,reverse
2024_0114_40_215,2024-01-14T00:00:00+00:00,MLP Academics Heidelberg,215,Basketball Loewen Braunschweig,40,84,83,local,2023-24,0,0KEDPkd7,64.0,29.0,45.31,39.0,20.0,51.28,25.0,9.0,36.0,24.0,17.0,70.8,12.0,21.0,33.0,17.0,3.0,14.0,10.0,16.0,73.0,33.0,45.21,45.0,26.0,57.78,28.0,7.0,25.0,13.0,10.0,76.9,20.0,26.0,46.0,16.0,5.0,18.0,5.0,21.0,reverse
2024_0114_450_447,2024-01-14T00:00:00+00:00,Baskets Paderborn,447,SYNTAINICS MBC Weissenfels,450,78,114,visitante,2023-24,0,,,,,,,,,,,,,,,,,,,,,,,,,,,,,,,,,,,,,,,,,,
2024_0114_219_132,2024-01-14T00:00:00+00:00,Bamberg Baskets,132,FC Bayern Muenchen Basketball,219,69,91,visitante,2023-24,0,GSd0mglE,65.0,26.0,40.0,40.0,18.0,45.0,25.0,8.0,32.0,11.0,9.0,81.8,14.0,22.0,36.0,16.0,0.0,15.0,7.0,13.0,67.0,36.0,53.73,28.0,20.0,71.43,39.0,16.0,41.03,3.0,3.0,100.0,9.0,26.0,35.0,22.0,5.0,10.0,10.0,15.0,reverse
2024_0119_132_127,2024-01-19T00:00:00+00:00,Ratiopharm Ulm,127,Bamberg Baskets,132,84,76,local,2023-24,0,fJe4nD3K,73.0,30.0,41.1,43.0,21.0,48.84,30.0,9.0,30.0,18.0,15.0,83.3,12.0,28.0,40.0,22.0,2.0,10.0,5.0,18.0,64.0,27.0,42.19,37.0,18.0,48.65,27.0,9.0,33.33,14.0,13.0,92.9,10.0,30.0,40.0,20.0,7.0,18.0,7.0,18.0,reverse
2024_0120_19629_1634,2024-01-20T00:00:00+00:00,EWE Baskets Oldenburg,1634,Veolia Towers Hamburg,19629,91,80,local,2023-24,0,Oh08oXIQ,68.0,35.0,51.47,43.0,25.0,58.14,25.0,10.0,40.0,14.0,11.0,78.6,14.0,23.0,37.0,15.0,3.0,14.0,7.0,21.0,61.0,25.0,40.98,27.0,13.0,48.15,34.0,12.0,35.29,19.0,18.0,94.7,12.0,20.0,32.0,18.0,1.0,17.0,9.0,23.0,reverse
2024_0120_1774_2745,2024-01-20T00:00:00+00:00,FITOne Wuerzburg Baskets,2745,Rostock Seawolves,1774,91,78,local,2023-24,0,Q1nzsiRs,68.0,33.0,48.53,38.0,23.0,60.53,30.0,10.0,33.33,21.0,15.0,71.4,14.0,27.0,41.0,18.0,2.0,9.0,6.0,19.0,70.0,29.0,41.43,38.0,18.0,47.37,32.0,11.0,34.38,15.0,9.0,60.0,16.0,21.0,37.0,18.0,1.0,11.0,3.0,23.0,reverse
2024_0120_2315_40,2024-01-20T00:00:00+00:00,Basketball Loewen Braunschweig,40,Merlins Crailsheim,2315,80,70,local,2023-24,0,K0uquVef,63.0,28.0,44.44,41.0,22.0,53.66,22.0,6.0,27.27,27.0,18.0,66.7,16.0,25.0,41.0,16.0,4.0,13.0,7.0,22.0,60.0,25.0,41.67,34.0,18.0,52.94,26.0,7.0,26.92,15.0,13.0,86.7,9.0,23.0,32.0,11.0,0.0,15.0,5.0,25.0,reverse
2024_0121_1791_219,2024-01-21T00:00:00+00:00,FC Bayern Muenchen Basketball,219,NINERS Chemnitz,1791,86,73,local,2023-24,0,hEwiw9Q6,54.0,31.0,57.41,31.0,17.0,54.84,23.0,14.0,60.87,15.0,10.0,66.7,6.0,24.0,30.0,13.0,3.0,15.0,6.0,22.0,63.0,27.0,42.86,33.0,19.0,57.58,30.0,8.0,26.67,17.0,11.0,64.7,13.0,17.0,30.0,18.0,1.0,12.0,6.0,23.0,reverse
2024_0121_447_214,2024-01-21T00:00:00+00:00,BG Goettingen,214,Baskets Paderborn,447,116,95,local,2023-24,0,,,,,,,,,,,,,,,,,,,,,,,,,,,,,,,,,,,,,,,,,,
2024_0121_1510_10,2024-01-21T00:00:00+00:00,ALBA Berlin,10,Telekom Baskets Bonn,1510,95,87,local,2023-24,0,AkYexTuD,59.0,31.0,52.54,32.0,21.0,65.63,27.0,10.0,37.04,25.0,23.0,92.0,11.0,19.0,30.0,22.0,2.0,13.0,8.0,30.0,62.0,29.0,46.77,40.0,21.0,52.5,22.0,8.0,36.36,35.0,21.0,60.0,19.0,17.0,36.0,21.0,1.0,14.0,5.0,27.0,reverse
2024_0121_41_2457,2024-01-21T00:00:00+00:00,Rasta Vechta,2457,MHP Riesen Ludwigsburg,41,74,77,visitante,2023-24,0,ltXaymeJ,74.0,29.0,39.19,45.0,20.0,44.44,29.0,9.0,31.03,9.0,7.0,77.8,17.0,28.0,45.0,11.0,4.0,13.0,5.0,23.0,65.0,26.0,40.0,38.0,19.0,50.0,27.0,7.0,25.93,24.0,18.0,75.0,12.0,27.0,39.0,14.0,1.0,8.0,7.0,17.0,reverse
2024_0122_215_450,2024-01-22T00:00:00+00:00,SYNTAINICS MBC Weissenfels,450,MLP Academics Heidelberg,215,111,90,local,2023-24,0,8QyutBtl,65.0,41.0,63.08,40.0,25.0,62.5,25.0,16.0,64.0,15.0,13.0,86.7,9.0,30.0,39.0,26.0,2.0,23.0,8.0,21.0,77.0,32.0,41.56,42.0,22.0,52.38,35.0,10.0,28.57,24.0,16.0,66.7,18.0,15.0,33.0,17.0,6.0,14.0,11.0,19.0,reverse
2024_0126_450_1510,2024-01-26T00:00:00+00:00,Telekom Baskets Bonn,1510,SYNTAINICS MBC Weissenfels,450,100,92,local,2023-24,0,2qLs0WXJ,57.0,36.0,63.16,29.0,18.0,62.07,28.0,18.0,64.29,12.0,11.0,91.7,11.0,23.0,34.0,13.0,1.0,10.0,2.0,13.0,66.0,34.0,51.52,39.0,21.0,53.85,27.0,13.0,48.15,12.0,11.0,91.7,9.0,7.0,16.0,13.0,0.0,4.0,10.0,13.0,reverse
2024_0127_40_132,2024-01-27T00:00:00+00:00,Bamberg Baskets,132,Basketball Loewen Braunschweig,40,90,91,visitante,2023-24,0,MT1EfAes,67.0,33.0,49.25,49.0,29.0,59.18,18.0,4.0,22.22,31.0,20.0,64.5,11.0,33.0,44.0,15.0,2.0,22.0,9.0,20.0,78.0,34.0,43.59,47.0,23.0,48.94,31.0,11.0,35.48,15.0,12.0,80.0,12.0,26.0,38.0,18.0,3.0,18.0,8.0,27.0,reverse
2024_0127_214_1774,2024-01-27T00:00:00+00:00,Rostock Seawolves,1774,BG Goettingen,214,90,104,visitante,2023-24,0,0K0IgUAm,71.0,32.0,45.07,49.0,28.0,57.14,22.0,4.0,18.18,28.0,22.0,78.6,11.0,30.0,41.0,16.0,1.0,15.0,7.0,27.0,75.0,33.0,44.0,33.0,19.0,57.58,42.0,14.0,33.33,33.0,24.0,72.7,14.0,30.0,44.0,19.0,3.0,11.0,8.0,20.0,reverse
2024_0127_215_1791,2024-01-27T00:00:00+00:00,NINERS Chemnitz,1791,MLP Academics Heidelberg,215,99,77,local,2023-24,0,nyaQi8u0,69.0,34.0,49.28,42.0,23.0,54.76,27.0,11.0,40.74,30.0,20.0,66.7,13.0,31.0,44.0,24.0,3.0,12.0,7.0,24.0,62.0,27.0,43.55,40.0,20.0,50.0,22.0,7.0,31.82,26.0,16.0,61.5,9.0,29.0,38.0,14.0,2.0,14.0,8.0,24.0,reverse
2024_0127_1634_41,2024-01-27T00:00:00+00:00,MHP Riesen Ludwigsburg,41,EWE Baskets Oldenburg,1634,85,91,visitante,2023-24,0,8p0MhlQg,72.0,29.0,40.28,37.0,22.0,59.46,35.0,7.0,20.0,26.0,20.0,76.9,19.0,20.0,39.0,15.0,0.0,17.0,8.0,19.0,62.0,34.0,54.84,35.0,26.0,74.29,27.0,8.0,29.63,20.0,17.0,85.0,9.0,25.0,34.0,13.0,1.0,18.0,7.0,24.0,reverse
2024_0127_127_447,2024-01-27T00:00:00+00:00,Baskets Paderborn,447,Ratiopharm Ulm,127,97,76,local,2023-24,0,,,,,,,,,,,,,,,,,,,,,,,,,,,,,,,,,,,,,,,,,,
2024_0128_219_2315,2024-01-28T00:00:00+00:00,Merlins Crailsheim,2315,FC Bayern Muenchen Basketball,219,81,98,visitante,2023-24,0,r3hZknAC,60.0,30.0,50.0,36.0,21.0,58.33,24.0,9.0,37.5,12.0,12.0,100.0,3.0,27.0,30.0,12.0,3.0,13.0,3.0,18.0,76.0,36.0,47.37,42.0,23.0,54.76,34.0,13.0,38.24,15.0,13.0,86.7,15.0,26.0,41.0,22.0,1.0,7.0,8.0,18.0,reverse
2024_0128_2457_19629,2024-01-28T00:00:00+00:00,Veolia Towers Hamburg,19629,Rasta Vechta,2457,71,79,visitante,2023-24,0,UalVjSf6,57.0,28.0,49.12,33.0,20.0,60.61,24.0,8.0,33.33,14.0,7.0,50.0,14.0,16.0,30.0,13.0,0.0,13.0,7.0,18.0,56.0,29.0,51.79,29.0,16.0,55.17,27.0,13.0,48.15,11.0,8.0,72.7,14.0,18.0,32.0,19.0,1.0,17.0,3.0,20.0,reverse
2024_0128_2745_10,2024-01-28T00:00:00+00:00,ALBA Berlin,10,FITOne Wuerzburg Baskets,2745,75,76,visitante,2023-24,0,xQiwk6PI,63.0,29.0,46.03,38.0,21.0,55.26,25.0,8.0,32.0,12.0,9.0,75.0,12.0,26.0,38.0,18.0,3.0,12.0,4.0,18.0,66.0,27.0,40.91,39.0,16.0,41.03,27.0,11.0,40.74,15.0,11.0,73.3,13.0,24.0,37.0,15.0,3.0,8.0,7.0,18.0,reverse
2024_0202_447_2315,2024-02-02T00:00:00+00:00,Merlins Crailsheim,2315,Baskets Paderborn,447,96,85,local,2023-24,0,,,,,,,,,,,,,,,,,,,,,,,,,,,,,,,,,,,,,,,,,,
2024_0203_132_450,2024-02-03T00:00:00+00:00,SYNTAINICS MBC Weissenfels,450,Bamberg Baskets,132,78,108,visitante,2023-24,0,dA8khxit,70.0,29.0,41.43,44.0,23.0,52.27,26.0,6.0,23.08,16.0,14.0,87.5,15.0,20.0,35.0,13.0,0.0,13.0,8.0,21.0,70.0,41.0,58.57,37.0,25.0,67.57,33.0,16.0,48.48,15.0,10.0,66.7,9.0,27.0,36.0,33.0,3.0,14.0,9.0,18.0,reverse
2024_0203_19629_1510,2024-02-03T00:00:00+00:00,Telekom Baskets Bonn,1510,Veolia Towers Hamburg,19629,87,80,local,2023-24,0,jX7gid6n,62.0,32.0,51.61,36.0,21.0,58.33,26.0,11.0,42.31,14.0,12.0,85.7,9.0,20.0,29.0,19.0,1.0,9.0,4.0,22.0,53.0,30.0,56.6,38.0,24.0,63.16,15.0,6.0,40.0,21.0,14.0,66.7,7.0,22.0,29.0,12.0,2.0,16.0,4.0,20.0,reverse
2024_0203_41_214,2024-02-03T00:00:00+00:00,BG Goettingen,214,MHP Riesen Ludwigsburg,41,72,97,visitante,2023-24,0,f1MNdIrP,61.0,22.0,36.07,40.0,15.0,37.5,21.0,7.0,33.33,32.0,21.0,65.6,11.0,23.0,34.0,9.0,2.0,13.0,4.0,19.0,76.0,39.0,51.32,48.0,31.0,64.58,28.0,8.0,28.57,15.0,11.0,73.3,16.0,31.0,47.0,20.0,6.0,12.0,4.0,23.0,reverse
2024_0203_1774_1791,2024-02-03T00:00:00+00:00,NINERS Chemnitz,1791,Rostock Seawolves,1774,94,90,local,2023-24,0,lIQdjGLh,76.0,36.0,47.37,45.0,28.0,62.22,31.0,8.0,25.81,22.0,14.0,63.6,24.0,29.0,53.0,19.0,0.0,24.0,11.0,21.0,70.0,30.0,42.86,46.0,22.0,47.83,24.0,8.0,33.33,25.0,22.0,88.0,12.0,17.0,29.0,14.0,0.0,15.0,11.0,19.0,reverse
2024_0204_10_127,2024-02-04T00:00:00+00:00,Ratiopharm Ulm,127,ALBA Berlin,10,88,98,visitante,2023-24,0,AXE5lfj5,61.0,29.0,47.54,33.0,17.0,51.52,28.0,12.0,42.86,19.0,18.0,94.7,8.0,19.0,27.0,20.0,0.0,13.0,4.0,26.0,59.0,35.0,59.32,34.0,27.0,79.41,25.0,8.0,32.0,27.0,20.0,74.1,10.0,24.0,34.0,23.0,3.0,13.0,7.0,21.0,reverse
2024_0204_40_2745,2024-02-04T00:00:00+00:00,FITOne Wuerzburg Baskets,2745,Basketball Loewen Braunschweig,40,89,100,visitante,2023-24,0,WtG1kzya,62.0,31.0,50.0,36.0,20.0,55.56,26.0,11.0,42.31,20.0,16.0,80.0,6.0,19.0,25.0,5.0,1.0,8.0,1.0,21.0,60.0,33.0,55.0,32.0,20.0,62.5,28.0,13.0,46.43,25.0,21.0,84.0,9.0,27.0,36.0,8.0,3.0,11.0,0.0,22.0,reverse
2024_0204_2457_215,2024-02-04T00:00:00+00:00,MLP Academics Heidelberg,215,Rasta Vechta,2457,87,109,visitante,2023-24,0,v7J9mE5B,59.0,31.0,52.54,33.0,22.0,66.67,26.0,9.0,34.62,20.0,16.0,80.0,6.0,24.0,30.0,17.0,2.0,19.0,6.0,22.0,63.0,41.0,65.08,25.0,26.0,100.0,38.0,15.0,39.47,15.0,12.0,80.0,15.0,24.0,39.0,29.0,2.0,11.0,4.0,22.0,reverse
2024_0205_219_1634,2024-02-05T00:00:00+00:00,EWE Baskets Oldenburg,1634,FC Bayern Muenchen Basketball,219,73,93,visitante,2023-24,0,IcIDnYKH,64.0,26.0,40.63,34.0,19.0,55.88,30.0,7.0,23.33,16.0,14.0,87.5,15.0,19.0,34.0,15.0,2.0,15.0,5.0,26.0,56.0,33.0,58.93,24.0,17.0,70.83,32.0,16.0,50.0,16.0,11.0,68.8,7.0,23.0,30.0,22.0,8.0,14.0,6.0,20.0,reverse
2024_0209_215_40,2024-02-09T00:00:00+00:00,Basketball Loewen Braunschweig,40,MLP Academics Heidelberg,215,94,76,local,2023-24,0,beWsV5kp,67.0,32.0,47.76,41.0,21.0,51.22,26.0,11.0,42.31,22.0,19.0,86.4,14.0,29.0,43.0,21.0,6.0,14.0,5.0,31.0,61.0,23.0,37.7,40.0,17.0,42.5,21.0,6.0,28.57,36.0,24.0,66.7,13.0,20.0,33.0,18.0,1.0,12.0,8.0,21.0,reverse
2024_0209_2745_132,2024-02-09T00:00:00+00:00,Bamberg Baskets,132,FITOne Wuerzburg Baskets,2745,65,104,visitante,2023-24,0,OfwZk7R9,64.0,24.0,37.5,35.0,18.0,51.43,29.0,6.0,20.69,15.0,11.0,73.3,13.0,21.0,34.0,18.0,3.0,20.0,5.0,21.0,66.0,36.0,54.55,35.0,18.0,51.43,31.0,18.0,58.06,20.0,14.0,70.0,11.0,26.0,37.0,23.0,2.0,12.0,15.0,19.0,reverse
2024_0210_1510_127,2024-02-10T00:00:00+00:00,Ratiopharm Ulm,127,Telekom Baskets Bonn,1510,97,98,visitante,2023-24,0,p4vVjmC3,80.0,39.0,48.75,51.0,30.0,58.82,29.0,9.0,31.03,16.0,10.0,62.5,11.0,31.0,42.0,20.0,1.0,15.0,7.0,27.0,70.0,34.0,48.57,44.0,28.0,63.64,26.0,6.0,23.08,31.0,24.0,77.4,9.0,29.0,38.0,22.0,0.0,13.0,6.0,19.0,reverse
2024_0210_1791_1634,2024-02-10T00:00:00+00:00,EWE Baskets Oldenburg,1634,NINERS Chemnitz,1791,69,87,visitante,2023-24,0,4hNXiTdc,52.0,24.0,46.15,29.0,17.0,58.62,23.0,7.0,30.43,17.0,14.0,82.4,7.0,19.0,26.0,12.0,0.0,19.0,8.0,22.0,61.0,36.0,59.02,35.0,26.0,74.29,26.0,10.0,38.46,9.0,5.0,55.6,9.0,19.0,28.0,23.0,2.0,14.0,9.0,20.0,reverse
2024_0210_2315_41,2024-02-10T00:00:00+00:00,MHP Riesen Ludwigsburg,41,Merlins Crailsheim,2315,100,89,local,2023-24,0,Q1OTh9si,72.0,34.0,47.22,39.0,23.0,58.97,33.0,11.0,33.33,26.0,21.0,80.8,14.0,26.0,40.0,18.0,6.0,9.0,7.0,26.0,64.0,27.0,42.19,34.0,20.0,58.82,30.0,7.0,23.33,33.0,28.0,84.8,13.0,25.0,38.0,12.0,1.0,9.0,3.0,25.0,reverse
2024_0210_19629_1774,2024-02-10T00:00:00+00:00,Rostock Seawolves,1774,Veolia Towers Hamburg,19629,89,105,visitante,2023-24,0,CbznUP4j,62.0,31.0,50.0,37.0,23.0,62.16,25.0,8.0,32.0,25.0,19.0,76.0,8.0,17.0,25.0,13.0,1.0,13.0,8.0,27.0,63.0,36.0,57.14,40.0,30.0,75.0,23.0,6.0,26.09,34.0,27.0,79.4,14.0,25.0,39.0,19.0,1.0,14.0,4.0,26.0,reverse
2024_0211_214_447,2024-02-11T00:00:00+00:00,Baskets Paderborn,447,BG Goettingen,214,70,101,visitante,2023-24,0,,,,,,,,,,,,,,,,,,,,,,,,,,,,,,,,,,,,,,,,,,
2024_0211_450_219,2024-02-11T00:00:00+00:00,FC Bayern Muenchen Basketball,219,SYNTAINICS MBC Weissenfels,450,116,86,local,2023-24,0,WKtslodM,59.0,47.0,79.7,36.0,30.0,83.3,23.0,17.0,73.9,7.0,5.0,71.4,7.0,7.0,14.0,10.0,0.0,4.0,5.0,8.0,42.0,31.0,73.8,22.0,19.0,86.4,20.0,12.0,60.0,13.0,12.0,92.3,4.0,7.0,11.0,7.0,0.0,8.0,1.0,7.0,reverse
2024_0211_2457_10,2024-02-11T00:00:00+00:00,ALBA Berlin,10,Rasta Vechta,2457,98,89,local,2023-24,0,EqWom5BS,67.0,35.0,52.24,38.0,24.0,63.16,29.0,11.0,37.93,20.0,17.0,85.0,14.0,25.0,39.0,16.0,2.0,11.0,5.0,13.0,66.0,33.0,50.0,31.0,15.0,48.39,35.0,18.0,51.43,6.0,5.0,83.3,9.0,19.0,28.0,14.0,3.0,10.0,7.0,24.0,reverse
2024_0213_132_215,2024-02-13T00:00:00+00:00,MLP Academics Heidelberg,215,Bamberg Baskets,132,83,98,visitante,2023-24,0,xb3846t3,73.0,32.0,43.84,32.0,17.0,53.13,41.0,15.0,36.59,7.0,4.0,57.1,12.0,23.0,35.0,19.0,2.0,16.0,8.0,18.0,70.0,38.0,54.29,46.0,26.0,56.52,24.0,12.0,50.0,19.0,10.0,52.6,13.0,29.0,42.0,23.0,4.0,15.0,10.0,15.0,reverse
2024_0213_40_450,2024-02-13T00:00:00+00:00,SYNTAINICS MBC Weissenfels,450,Basketball Loewen Braunschweig,40,81,88,visitante,2023-24,0,pSMHsqZk,71.0,30.0,42.25,37.0,17.0,45.95,34.0,13.0,38.24,10.0,8.0,80.0,12.0,27.0,39.0,13.0,1.0,14.0,8.0,19.0,73.0,32.0,43.84,42.0,22.0,52.38,31.0,10.0,32.26,17.0,14.0,82.4,13.0,33.0,46.0,22.0,3.0,15.0,7.0,18.0,reverse
2024_0213_219_1791,2024-02-13T00:00:00+00:00,NINERS Chemnitz,1791,FC Bayern Muenchen Basketball,219,80,89,visitante,2023-24,0,QNa45nRd,59.0,30.0,50.85,27.0,17.0,62.96,32.0,13.0,40.63,9.0,7.0,77.8,5.0,17.0,22.0,18.0,1.0,10.0,5.0,28.0,54.0,26.0,48.15,27.0,15.0,55.56,27.0,11.0,40.74,30.0,26.0,86.7,12.0,24.0,36.0,15.0,2.0,11.0,4.0,16.0,reverse
2024_0213_127_19629,2024-02-13T00:00:00+00:00,Veolia Towers Hamburg,19629,Ratiopharm Ulm,127,70,83,visitante,2023-24,0,GhIDrPJq,29.0,17.0,58.6,25.0,16.0,71.4,26.0,9.0,46.7,17.0,11.0,62.5,6.0,27.0,14.0,19.0,2.0,24.0,5.0,23.0,44.0,20.0,45.5,38.0,22.0,46.4,27.0,8.0,43.8,23.0,15.0,90.9,7.0,24.0,12.0,19.0,3.0,9.0,11.0,19.0,reverse
2024_0213_10_214,2024-02-13T00:00:00+00:00,BG Goettingen,214,ALBA Berlin,10,85,108,visitante,2023-24,0,QgKaWUm3,58.0,31.0,53.45,31.0,20.0,64.52,27.0,11.0,40.74,14.0,12.0,85.7,3.0,17.0,20.0,25.0,0.0,20.0,10.0,28.0,60.0,37.0,61.67,43.0,29.0,67.44,17.0,8.0,47.06,29.0,26.0,89.7,8.0,24.0,32.0,25.0,2.0,18.0,12.0,15.0,reverse
2024_0214_41_2745,2024-02-14T00:00:00+00:00,FITOne Wuerzburg Baskets,2745,MHP Riesen Ludwigsburg,41,94,91,local,2023-24,0,OILLt3ld,73.0,30.0,41.1,44.0,21.0,47.73,29.0,9.0,31.03,28.0,25.0,89.3,16.0,21.0,37.0,18.0,4.0,4.0,5.0,19.0,65.0,32.0,49.23,32.0,19.0,59.38,33.0,13.0,39.39,15.0,14.0,93.3,11.0,28.0,39.0,19.0,2.0,12.0,3.0,22.0,reverse
2024_0214_1634_2315,2024-02-14T00:00:00+00:00,Merlins Crailsheim,2315,EWE Baskets Oldenburg,1634,58,80,visitante,2023-24,0,WK2C3Qe9,65.0,21.0,32.31,36.0,17.0,47.22,29.0,4.0,13.79,14.0,12.0,85.7,14.0,24.0,38.0,8.0,1.0,22.0,12.0,24.0,52.0,29.0,55.77,27.0,22.0,81.48,25.0,7.0,28.0,22.0,15.0,68.2,8.0,29.0,37.0,20.0,2.0,22.0,15.0,18.0,reverse
2024_0214_1774_2457,2024-02-14T00:00:00+00:00,Rasta Vechta,2457,Rostock Seawolves,1774,92,77,local,2023-24,0,SndL14QL,69.0,31.0,44.93,33.0,18.0,54.55,36.0,13.0,36.11,21.0,17.0,81.0,16.0,31.0,47.0,16.0,6.0,15.0,8.0,17.0,67.0,30.0,44.78,40.0,21.0,52.5,27.0,9.0,33.33,13.0,8.0,61.5,7.0,24.0,31.0,17.0,1.0,12.0,8.0,22.0,reverse
2024_0214_447_1510,2024-02-14T00:00:00+00:00,Telekom Baskets Bonn,1510,Baskets Paderborn,447,92,82,local,2023-24,0,,,,,,,,,,,,,,,,,,,,,,,,,,,,,,,,,,,,,,,,,,
2024_0228_219_214,2024-02-28T00:00:00+00:00,BG Goettingen,214,FC Bayern Muenchen Basketball,219,74,86,visitante,2023-24,0,p4jeL4u2,59.0,29.0,49.15,35.0,20.0,57.14,24.0,9.0,37.5,9.0,7.0,77.8,6.0,16.0,22.0,17.0,1.0,12.0,7.0,20.0,55.0,33.0,60.0,33.0,25.0,75.76,22.0,8.0,36.36,17.0,12.0,70.6,6.0,25.0,31.0,31.0,4.0,12.0,7.0,20.0,reverse
2024_0301_2745_2315,2024-03-01T00:00:00+00:00,Merlins Crailsheim,2315,FITOne Wuerzburg Baskets,2745,80,86,visitante,2023-24,0,6weP0OuS,66.0,26.0,39.39,33.0,13.0,39.39,33.0,13.0,39.39,17.0,15.0,88.2,12.0,27.0,39.0,21.0,4.0,14.0,7.0,23.0,66.0,30.0,45.45,38.0,20.0,52.63,28.0,10.0,35.71,22.0,16.0,72.7,12.0,28.0,40.0,16.0,6.0,13.0,9.0,20.0,reverse
2024_0302_132_447,2024-03-02T00:00:00+00:00,Baskets Paderborn,447,Bamberg Baskets,132,76,97,visitante,2023-24,0,,,,,,,,,,,,,,,,,,,,,,,,,,,,,,,,,,,,,,,,,,
2024_0302_1791_127,2024-03-02T00:00:00+00:00,Ratiopharm Ulm,127,NINERS Chemnitz,1791,82,83,visitante,2023-24,0,ChwoIPA2,65.0,28.0,43.08,34.0,18.0,52.94,31.0,10.0,32.26,28.0,16.0,57.1,14.0,20.0,34.0,17.0,0.0,16.0,8.0,27.0,56.0,27.0,48.21,32.0,19.0,59.38,24.0,8.0,33.33,26.0,21.0,80.8,7.0,29.0,36.0,17.0,2.0,18.0,4.0,26.0,reverse
2024_0302_450_1774,2024-03-02T00:00:00+00:00,Rostock Seawolves,1774,SYNTAINICS MBC Weissenfels,450,102,106,visitante,2023-24,0,OIsidrlq,66.0,38.0,57.58,39.0,25.0,64.1,27.0,13.0,48.15,18.0,13.0,72.2,8.0,19.0,27.0,19.0,0.0,9.0,7.0,27.0,69.0,34.0,49.28,37.0,22.0,59.46,32.0,12.0,37.5,32.0,26.0,81.3,17.0,19.0,36.0,23.0,4.0,8.0,6.0,18.0,reverse
2024_0302_2457_41,2024-03-02T00:00:00+00:00,MHP Riesen Ludwigsburg,41,Rasta Vechta,2457,86,72,local,2023-24,0,xMoee23k,69.0,27.0,39.13,36.0,17.0,47.22,33.0,10.0,30.3,24.0,22.0,91.7,15.0,30.0,45.0,19.0,6.0,13.0,9.0,19.0,66.0,22.0,33.33,40.0,16.0,40.0,26.0,6.0,23.08,27.0,22.0,81.5,14.0,29.0,43.0,11.0,5.0,19.0,8.0,21.0,reverse
2024_0303_10_1634,2024-03-03T00:00:00+00:00,EWE Baskets Oldenburg,1634,ALBA Berlin,10,67,85,visitante,2023-24,0,nBVcFNfL,62.0,27.0,43.55,27.0,19.0,70.37,35.0,8.0,22.86,6.0,5.0,83.3,12.0,22.0,34.0,19.0,2.0,23.0,12.0,25.0,58.0,28.0,48.28,34.0,19.0,55.88,24.0,9.0,37.5,23.0,20.0,87.0,11.0,22.0,33.0,25.0,2.0,20.0,10.0,14.0,reverse
2024_0303_214_215,2024-03-03T00:00:00+00:00,MLP Academics Heidelberg,215,BG Goettingen,214,91,94,visitante,2023-24,0,Y7RgG3uF,76.0,31.0,40.79,43.0,24.0,55.81,33.0,7.0,21.21,24.0,22.0,91.7,17.0,26.0,43.0,20.0,6.0,9.0,1.0,19.0,73.0,37.0,50.68,51.0,29.0,56.86,22.0,8.0,36.36,19.0,12.0,63.2,10.0,30.0,40.0,23.0,4.0,7.0,9.0,21.0,reverse
2024_0303_219_1510,2024-03-03T00:00:00+00:00,Telekom Baskets Bonn,1510,FC Bayern Muenchen Basketball,219,81,90,visitante,2023-24,0,hA33Im7U,64.0,31.0,48.44,35.0,21.0,60.0,29.0,10.0,34.48,14.0,9.0,64.3,11.0,20.0,31.0,19.0,0.0,12.0,5.0,21.0,59.0,32.0,54.24,30.0,19.0,63.33,29.0,13.0,44.83,17.0,13.0,76.5,8.0,22.0,30.0,23.0,3.0,11.0,8.0,20.0,reverse
2024_0309_1634_2745,2024-03-09T00:00:00+00:00,FITOne Wuerzburg Baskets,2745,EWE Baskets Oldenburg,1634,96,76,local,2023-24,0,rsHT91Ir,61.0,33.0,54.1,31.0,18.0,58.06,30.0,15.0,50.0,19.0,15.0,78.9,11.0,22.0,33.0,20.0,1.0,12.0,7.0,21.0,57.0,28.0,49.12,33.0,21.0,63.64,24.0,7.0,29.17,24.0,13.0,54.2,10.0,19.0,29.0,17.0,2.0,12.0,4.0,23.0,reverse
2024_0309_127_214,2024-03-09T00:00:00+00:00,BG Goettingen,214,Ratiopharm Ulm,127,78,91,visitante,2023-24,0,0IBY8LXl,58.0,27.0,46.55,33.0,20.0,60.61,25.0,7.0,28.0,24.0,17.0,70.8,6.0,21.0,27.0,12.0,2.0,13.0,7.0,17.0,74.0,36.0,48.65,49.0,31.0,63.27,25.0,5.0,20.0,17.0,14.0,82.4,17.0,27.0,44.0,19.0,1.0,11.0,4.0,22.0,reverse
2024_0309_2315_1791,2024-03-09T00:00:00+00:00,NINERS Chemnitz,1791,Merlins Crailsheim,2315,97,82,local,2023-24,0,p6Dp6JH7,70.0,31.0,44.29,39.0,22.0,56.41,31.0,9.0,29.03,33.0,26.0,78.8,11.0,26.0,37.0,20.0,1.0,8.0,14.0,25.0,57.0,25.0,43.86,30.0,14.0,46.67,27.0,11.0,40.74,25.0,21.0,84.0,7.0,29.0,36.0,14.0,2.0,23.0,2.0,28.0,reverse
2024_0309_41_132,2024-03-09T00:00:00+00:00,Bamberg Baskets,132,MHP Riesen Ludwigsburg,41,92,87,local,2023-24,0,v9Ax8ume,71.0,35.0,49.3,42.0,25.0,59.52,29.0,10.0,34.48,18.0,12.0,66.7,10.0,33.0,43.0,19.0,5.0,10.0,4.0,18.0,83.0,32.0,38.55,42.0,16.0,38.1,41.0,16.0,39.02,13.0,7.0,53.8,18.0,28.0,46.0,21.0,5.0,13.0,5.0,22.0,reverse
2024_0309_447_450,2024-03-09T00:00:00+00:00,SYNTAINICS MBC Weissenfels,450,Baskets Paderborn,447,78,88,visitante,2023-24,0,,,,,,,,,,,,,,,,,,,,,,,,,,,,,,,,,,,,,,,,,,
2024_0310_215_1510,2024-03-10T00:00:00+00:00,Telekom Baskets Bonn,1510,MLP Academics Heidelberg,215,87,92,visitante,2023-24,0,YV9t7a21,73.0,32.0,43.84,44.0,24.0,54.55,29.0,8.0,27.59,21.0,15.0,71.4,18.0,24.0,42.0,18.0,3.0,12.0,6.0,21.0,66.0,31.0,46.97,40.0,21.0,52.5,26.0,10.0,38.46,23.0,20.0,87.0,13.0,24.0,37.0,21.0,1.0,12.0,7.0,20.0,reverse
2024_0310_40_19629,2024-03-10T00:00:00+00:00,Veolia Towers Hamburg,19629,Basketball Loewen Braunschweig,40,81,70,local,2023-24,0,nBiTU2f8,47.0,26.0,55.32,31.0,18.0,58.06,16.0,8.0,50.0,28.0,21.0,75.0,7.0,29.0,36.0,14.0,0.0,23.0,5.0,18.0,62.0,28.0,45.16,37.0,21.0,56.76,25.0,7.0,28.0,13.0,7.0,53.8,8.0,16.0,24.0,16.0,4.0,14.0,7.0,26.0,reverse
2024_0310_219_2457,2024-03-10T00:00:00+00:00,Rasta Vechta,2457,FC Bayern Muenchen Basketball,219,90,88,local,2023-24,0,Q1jXTM9E,72.0,35.0,48.61,44.0,22.0,50.0,28.0,13.0,46.43,8.0,7.0,87.5,13.0,27.0,40.0,20.0,4.0,14.0,6.0,17.0,73.0,31.0,42.47,38.0,18.0,47.37,35.0,13.0,37.14,16.0,13.0,81.3,14.0,24.0,38.0,21.0,4.0,10.0,8.0,12.0,reverse
2024_0310_1774_10,2024-03-10T00:00:00+00:00,ALBA Berlin,10,Rostock Seawolves,1774,76,75,local,2023-24,0,YRguS0vR,65.0,26.0,40.0,35.0,19.0,54.29,30.0,7.0,23.33,25.0,17.0,68.0,15.0,30.0,45.0,14.0,3.0,15.0,9.0,14.0,64.0,28.0,43.75,35.0,17.0,48.57,29.0,11.0,37.93,13.0,8.0,61.5,7.0,28.0,35.0,16.0,3.0,13.0,10.0,22.0,reverse
2024_0313_2745_214,2024-03-13T00:00:00+00:00,BG Goettingen,214,FITOne Wuerzburg Baskets,2745,60,85,visitante,2023-24,0,ba0vjWKS,63.0,21.0,33.33,31.0,15.0,48.39,32.0,6.0,18.75,15.0,12.0,80.0,4.0,29.0,33.0,15.0,2.0,11.0,6.0,15.0,70.0,30.0,42.86,30.0,15.0,50.0,40.0,15.0,37.5,11.0,10.0,90.9,10.0,38.0,48.0,20.0,1.0,12.0,7.0,18.0,reverse
2024_0315_41_40,2024-03-15T00:00:00+00:00,Basketball Loewen Braunschweig,40,MHP Riesen Ludwigsburg,41,82,86,visitante,2023-24,0,v9W7NKnr,72.0,31.0,43.06,49.0,24.0,48.98,23.0,7.0,30.43,14.0,13.0,92.9,19.0,22.0,41.0,19.0,4.0,14.0,4.0,20.0,68.0,31.0,45.59,36.0,18.0,50.0,32.0,13.0,40.63,16.0,11.0,68.8,15.0,23.0,38.0,14.0,3.0,12.0,8.0,18.0,reverse
2024_0316_10_447,2024-03-16T00:00:00+00:00,Baskets Paderborn,447,ALBA Berlin,10,69,112,visitante,2023-24,0,,,,,,,,,,,,,,,,,,,,,,,,,,,,,,,,,,,,,,,,,,
2024_0316_215_1774,2024-03-16T00:00:00+00:00,Rostock Seawolves,1774,MLP Academics Heidelberg,215,86,88,visitante,2023-24,0,QPYJKIW0,66.0,31.0,46.97,38.0,20.0,52.63,28.0,11.0,39.29,15.0,13.0,86.7,8.0,30.0,38.0,20.0,1.0,15.0,5.0,19.0,73.0,33.0,45.21,39.0,22.0,56.41,34.0,11.0,32.35,13.0,11.0,84.6,9.0,26.0,35.0,18.0,5.0,10.0,6.0,20.0,reverse
2024_0316_450_2315,2024-03-16T00:00:00+00:00,Merlins Crailsheim,2315,SYNTAINICS MBC Weissenfels,450,93,98,visitante,2023-24,0,hCzCMv2l,70.0,35.0,50.0,43.0,25.0,58.14,27.0,10.0,37.04,15.0,13.0,86.7,9.0,29.0,38.0,23.0,4.0,9.0,3.0,21.0,68.0,32.0,47.06,34.0,18.0,52.94,34.0,14.0,41.18,23.0,20.0,87.0,8.0,27.0,35.0,25.0,3.0,8.0,5.0,18.0,reverse
2024_0317_132_1791,2024-03-17T00:00:00+00:00,NINERS Chemnitz,1791,Bamberg Baskets,132,106,84,local,2023-24,0,bVx3stvE,68.0,35.0,51.47,37.0,21.0,56.76,31.0,14.0,45.16,26.0,22.0,84.6,15.0,27.0,42.0,25.0,1.0,11.0,7.0,18.0,67.0,31.0,46.27,39.0,21.0,53.85,28.0,10.0,35.71,18.0,12.0,66.7,11.0,17.0,28.0,18.0,2.0,12.0,4.0,21.0,reverse
2024_0317_214_219,2024-03-17T00:00:00+00:00,FC Bayern Muenchen Basketball,219,BG Goettingen,214,77,71,local,2023-24,0,6yjHJxn7,63.0,28.0,44.44,30.0,17.0,56.67,33.0,11.0,33.33,12.0,10.0,83.3,10.0,28.0,38.0,20.0,1.0,12.0,4.0,25.0,55.0,24.0,43.64,30.0,17.0,56.67,25.0,7.0,28.0,20.0,16.0,80.0,3.0,24.0,27.0,13.0,1.0,10.0,5.0,21.0,reverse
2024_0317_2745_19629,2024-03-17T00:00:00+00:00,Veolia Towers Hamburg,19629,FITOne Wuerzburg Baskets,2745,76,96,visitante,2023-24,0,A75WPD8t,63.0,27.0,42.86,36.0,19.0,52.78,27.0,8.0,29.63,21.0,14.0,66.7,13.0,22.0,35.0,10.0,2.0,17.0,7.0,25.0,59.0,30.0,50.85,38.0,22.0,57.89,21.0,8.0,38.1,30.0,28.0,93.3,9.0,25.0,34.0,16.0,4.0,14.0,11.0,20.0,reverse
2024_0318_2457_127,2024-03-18T00:00:00+00:00,Ratiopharm Ulm,127,Rasta Vechta,2457,81,86,visitante,2023-24,0,pSlLId1D,75.0,30.0,40.0,42.0,17.0,40.48,33.0,13.0,39.39,15.0,8.0,53.3,20.0,27.0,47.0,18.0,3.0,11.0,3.0,20.0,70.0,33.0,47.14,45.0,23.0,51.11,25.0,10.0,40.0,14.0,10.0,71.4,11.0,27.0,38.0,15.0,6.0,6.0,6.0,17.0,reverse
2024_0322_1774_132,2024-03-22T00:00:00+00:00,Bamberg Baskets,132,Rostock Seawolves,1774,98,91,local,2023-24,0,WMguOiwg,83.0,37.0,44.58,45.0,24.0,53.33,38.0,13.0,34.21,20.0,11.0,55.0,17.0,29.0,46.0,22.0,3.0,15.0,11.0,20.0,76.0,34.0,44.74,43.0,23.0,53.49,33.0,11.0,33.33,13.0,12.0,92.3,13.0,29.0,42.0,25.0,6.0,19.0,6.0,22.0,reverse
2024_0322_447_41,2024-03-22T00:00:00+00:00,MHP Riesen Ludwigsburg,41,Baskets Paderborn,447,98,79,local,2023-24,0,,,,,,,,,,,,,,,,,,,,,,,,,,,,,,,,,,,,,,,,,,
2024_0323_2315_214,2024-03-23T00:00:00+00:00,BG Goettingen,214,Merlins Crailsheim,2315,76,80,visitante,2023-24,0,Kd5eK9xI,58.0,23.0,39.66,29.0,11.0,37.93,29.0,12.0,41.38,23.0,18.0,78.3,9.0,27.0,36.0,8.0,1.0,18.0,7.0,17.0,69.0,32.0,46.38,40.0,20.0,50.0,29.0,12.0,41.38,8.0,4.0,50.0,11.0,30.0,41.0,16.0,2.0,16.0,4.0,21.0,reverse
2024_0323_1634_215,2024-03-23T00:00:00+00:00,MLP Academics Heidelberg,215,EWE Baskets Oldenburg,1634,77,99,visitante,2023-24,0,MBnhLkNB,64.0,25.0,39.06,38.0,16.0,42.11,26.0,9.0,34.62,22.0,18.0,81.8,11.0,23.0,34.0,15.0,4.0,20.0,9.0,23.0,70.0,36.0,51.43,42.0,24.0,57.14,28.0,12.0,42.86,25.0,15.0,60.0,14.0,29.0,43.0,27.0,4.0,15.0,13.0,21.0,reverse
2024_0323_127_2745,2024-03-23T00:00:00+00:00,FITOne Wuerzburg Baskets,2745,Ratiopharm Ulm,127,79,87,visitante,2023-24,0,0dbqNBha,63.0,25.0,39.68,27.0,14.0,51.85,36.0,11.0,30.56,21.0,18.0,85.7,11.0,25.0,36.0,14.0,1.0,12.0,7.0,17.0,65.0,31.0,47.69,29.0,19.0,65.52,36.0,12.0,33.33,16.0,13.0,81.3,12.0,27.0,39.0,19.0,3.0,11.0,8.0,24.0,reverse
2024_0324_19629_219,2024-03-24T00:00:00+00:00,FC Bayern Muenchen Basketball,219,Veolia Towers Hamburg,19629,81,80,local,2023-24,0,tYU1EsAR,54.0,26.0,48.15,27.0,18.0,66.67,27.0,8.0,29.63,25.0,21.0,84.0,8.0,26.0,34.0,15.0,3.0,16.0,6.0,24.0,65.0,27.0,41.54,41.0,16.0,39.02,24.0,11.0,45.83,18.0,15.0,83.3,12.0,21.0,33.0,12.0,0.0,12.0,3.0,27.0,reverse
2024_0324_1791_10,2024-03-24T00:00:00+00:00,ALBA Berlin,10,NINERS Chemnitz,1791,84,79,local,2023-24,0,hpzAwXxt,58.0,28.0,48.28,36.0,22.0,61.11,22.0,6.0,27.27,27.0,22.0,81.5,10.0,31.0,41.0,16.0,5.0,19.0,4.0,22.0,72.0,29.0,40.28,41.0,22.0,53.66,31.0,7.0,22.58,20.0,14.0,70.0,15.0,20.0,35.0,17.0,3.0,16.0,13.0,28.0,reverse
2024_0325_40_2457,2024-03-25T00:00:00+00:00,Rasta Vechta,2457,Basketball Loewen Braunschweig,40,92,79,local,2023-24,0,EJ4aJTiO,63.0,33.0,52.38,40.0,23.0,57.5,23.0,10.0,43.48,22.0,16.0,72.7,13.0,25.0,38.0,19.0,3.0,19.0,13.0,19.0,64.0,29.0,45.31,36.0,20.0,55.56,28.0,9.0,32.14,16.0,12.0,75.0,9.0,21.0,30.0,18.0,5.0,19.0,10.0,19.0,reverse
2024_0326_1510_1634,2024-03-26T00:00:00+00:00,EWE Baskets Oldenburg,1634,Telekom Baskets Bonn,1510,85,100,visitante,2023-24,0,CEbrO6eq,53.0,26.0,49.06,33.0,21.0,63.64,20.0,5.0,25.0,32.0,28.0,87.5,7.0,20.0,27.0,12.0,4.0,12.0,2.0,28.0,68.0,33.0,48.53,42.0,21.0,50.0,26.0,12.0,46.15,26.0,22.0,84.6,17.0,19.0,36.0,15.0,2.0,8.0,7.0,23.0,reverse
2024_0327_19629_450,2024-03-27T00:00:00+00:00,SYNTAINICS MBC Weissenfels,450,Veolia Towers Hamburg,19629,76,107,visitante,2023-24,0,vmcmMV75,63.0,26.0,41.27,32.0,16.0,50.0,31.0,10.0,32.26,18.0,14.0,77.8,7.0,26.0,33.0,14.0,1.0,16.0,5.0,30.0,60.0,32.0,53.33,31.0,20.0,64.52,29.0,12.0,41.38,36.0,31.0,86.1,6.0,29.0,35.0,22.0,2.0,11.0,6.0,21.0,reverse
2024_0330_450_1791,2024-03-30T00:00:00+00:00,NINERS Chemnitz,1791,SYNTAINICS MBC Weissenfels,450,111,95,local,2023-24,0,v1xMzVMb,71.0,37.0,52.11,42.0,24.0,57.14,29.0,13.0,44.83,28.0,24.0,85.7,8.0,30.0,38.0,24.0,4.0,10.0,8.0,21.0,73.0,34.0,46.58,45.0,24.0,53.33,28.0,10.0,35.71,23.0,17.0,73.9,10.0,24.0,34.0,16.0,2.0,10.0,3.0,23.0,reverse
2024_0330_215_2315,2024-03-30T00:00:00+00:00,Merlins Crailsheim,2315,MLP Academics Heidelberg,215,86,90,visitante,2023-24,0,WzZDxihn,69.0,31.0,44.93,39.0,16.0,41.03,30.0,15.0,50.0,12.0,9.0,75.0,10.0,30.0,40.0,16.0,0.0,15.0,6.0,23.0,68.0,29.0,42.65,34.0,18.0,52.94,34.0,11.0,32.35,25.0,21.0,84.0,10.0,29.0,39.0,16.0,0.0,9.0,5.0,14.0,reverse
2024_0330_2745_447,2024-03-30T00:00:00+00:00,Baskets Paderborn,447,FITOne Wuerzburg Baskets,2745,81,96,visitante,2023-24,0,,,,,,,,,,,,,,,,,,,,,,,,,,,,,,,,,,,,,,,,,,
2024_0330_1510_2457,2024-03-30T00:00:00+00:00,Rasta Vechta,2457,Telekom Baskets Bonn,1510,77,80,visitante,2023-24,0,UeEsW6yU,58.0,29.0,50.0,35.0,21.0,60.0,23.0,8.0,34.78,17.0,11.0,64.7,11.0,25.0,36.0,12.0,0.0,16.0,3.0,24.0,61.0,25.0,40.98,35.0,17.0,48.57,26.0,8.0,30.77,30.0,22.0,73.3,13.0,22.0,35.0,15.0,1.0,10.0,8.0,21.0,reverse
2024_0331_10_19629,2024-03-31T00:00:00+00:00,Veolia Towers Hamburg,19629,ALBA Berlin,10,65,85,visitante,2023-24,0,nXOxXnMN,66.0,24.0,36.36,44.0,22.0,50.0,22.0,2.0,9.09,21.0,15.0,71.4,15.0,23.0,38.0,13.0,0.0,14.0,4.0,30.0,58.0,32.0,55.17,38.0,27.0,71.05,20.0,5.0,25.0,23.0,16.0,69.6,7.0,26.0,33.0,21.0,3.0,11.0,5.0,21.0,reverse
2024_0331_132_219,2024-03-31T00:00:00+00:00,FC Bayern Muenchen Basketball,219,Bamberg Baskets,132,99,81,local,2023-24,0,0GQUY8iB,61.0,34.0,55.74,31.0,19.0,61.29,30.0,15.0,50.0,20.0,16.0,80.0,6.0,30.0,36.0,19.0,0.0,10.0,7.0,15.0,67.0,31.0,46.27,39.0,19.0,48.72,28.0,12.0,42.86,13.0,7.0,53.8,7.0,23.0,30.0,20.0,3.0,8.0,4.0,20.0,reverse
2024_0331_41_127,2024-03-31T00:00:00+00:00,Ratiopharm Ulm,127,MHP Riesen Ludwigsburg,41,94,60,local,2023-24,0,MPRQZlx5,62.0,30.0,48.39,36.0,18.0,50.0,26.0,12.0,46.15,28.0,22.0,78.6,18.0,38.0,56.0,20.0,6.0,16.0,5.0,18.0,75.0,21.0,28.0,43.0,14.0,32.56,32.0,7.0,21.88,14.0,11.0,78.6,17.0,16.0,33.0,11.0,1.0,9.0,6.0,24.0,reverse
2024_0331_1774_1634,2024-03-31T00:00:00+00:00,EWE Baskets Oldenburg,1634,Rostock Seawolves,1774,99,64,local,2023-24,0,8tQYXS6H,63.0,32.0,50.79,33.0,19.0,57.58,30.0,13.0,43.33,27.0,22.0,81.5,15.0,29.0,44.0,22.0,3.0,17.0,4.0,19.0,61.0,23.0,37.7,37.0,18.0,48.65,24.0,5.0,20.83,16.0,13.0,81.3,9.0,18.0,27.0,13.0,0.0,18.0,5.0,27.0,reverse
2024_0401_214_40,2024-04-01T00:00:00+00:00,Basketball Loewen Braunschweig,40,BG Goettingen,214,73,75,visitante,2023-24,0,6H59RQqo,65.0,28.0,43.08,43.0,23.0,53.49,22.0,5.0,22.73,18.0,12.0,66.7,10.0,23.0,33.0,15.0,1.0,13.0,12.0,19.0,61.0,30.0,49.18,39.0,21.0,53.85,22.0,9.0,40.91,7.0,6.0,85.7,8.0,29.0,37.0,12.0,2.0,19.0,3.0,18.0,reverse
2024_0405_447_1774,2024-04-05T00:00:00+00:00,Rostock Seawolves,1774,Baskets Paderborn,447,92,75,local,2023-24,0,,,,,,,,,,,,,,,,,,,,,,,,,,,,,,,,,,,,,,,,,,
2024_0406_1791_1510,2024-04-06T00:00:00+00:00,Telekom Baskets Bonn,1510,NINERS Chemnitz,1791,66,80,visitante,2023-24,0,l0o8nSLA,62.0,23.0,37.1,36.0,15.0,41.67,26.0,8.0,30.77,13.0,12.0,92.3,10.0,23.0,33.0,8.0,1.0,16.0,3.0,23.0,69.0,32.0,46.38,52.0,27.0,51.92,17.0,5.0,29.41,19.0,11.0,57.9,17.0,29.0,46.0,24.0,2.0,11.0,9.0,20.0,reverse
2024_0406_2315_2457,2024-04-06T00:00:00+00:00,Rasta Vechta,2457,Merlins Crailsheim,2315,93,102,visitante,2023-24,0,bBhekUyh,75.0,34.0,45.33,42.0,22.0,52.38,33.0,12.0,36.36,17.0,13.0,76.5,11.0,24.0,35.0,22.0,3.0,11.0,14.0,20.0,65.0,36.0,55.38,38.0,23.0,60.53,27.0,13.0,48.15,20.0,17.0,85.0,7.0,33.0,40.0,22.0,1.0,17.0,6.0,16.0,reverse
2024_0406_1634_450,2024-04-06T00:00:00+00:00,SYNTAINICS MBC Weissenfels,450,EWE Baskets Oldenburg,1634,88,95,visitante,2023-24,0,fwn4m864,71.0,35.0,49.3,42.0,29.0,69.05,29.0,6.0,20.69,17.0,12.0,70.6,10.0,20.0,30.0,23.0,2.0,9.0,9.0,17.0,66.0,34.0,51.52,26.0,19.0,73.08,40.0,15.0,37.5,17.0,12.0,70.6,13.0,27.0,40.0,29.0,3.0,16.0,4.0,18.0,reverse
2024_0406_127_132,2024-04-06T00:00:00+00:00,Bamberg Baskets,132,Ratiopharm Ulm,127,90,106,visitante,2023-24,0,Gnm0llib,62.0,34.0,54.84,31.0,21.0,67.74,31.0,13.0,41.94,10.0,7.0,70.0,11.0,19.0,30.0,22.0,1.0,18.0,5.0,19.0,66.0,37.0,56.06,35.0,20.0,57.14,31.0,17.0,54.84,15.0,13.0,86.7,10.0,17.0,27.0,21.0,0.0,12.0,11.0,15.0,reverse
2024_0407_219_40,2024-04-07T00:00:00+00:00,Basketball Loewen Braunschweig,40,FC Bayern Muenchen Basketball,219,61,91,visitante,2023-24,0,ravHp6jN,56.0,24.0,42.86,37.0,20.0,54.05,19.0,4.0,21.05,17.0,9.0,52.9,8.0,19.0,27.0,14.0,1.0,16.0,6.0,18.0,62.0,36.0,58.06,41.0,25.0,60.98,21.0,11.0,52.38,13.0,8.0,61.5,9.0,25.0,34.0,24.0,0.0,9.0,10.0,19.0,reverse
2024_0407_214_2745,2024-04-07T00:00:00+00:00,FITOne Wuerzburg Baskets,2745,BG Goettingen,214,75,67,local,2023-24,0,0zkConyH,67.0,29.0,43.28,45.0,23.0,51.11,22.0,6.0,27.27,17.0,11.0,64.7,12.0,32.0,44.0,12.0,4.0,11.0,8.0,16.0,61.0,25.0,40.98,29.0,17.0,58.62,32.0,8.0,25.0,14.0,9.0,64.3,3.0,27.0,30.0,19.0,0.0,11.0,4.0,18.0,reverse
2024_0407_10_41,2024-04-07T00:00:00+00:00,MHP Riesen Ludwigsburg,41,ALBA Berlin,10,91,100,visitante,2023-24,0,Ol2nNQAk,67.0,30.0,44.78,34.0,16.0,47.06,33.0,14.0,42.42,17.0,17.0,100.0,9.0,11.0,20.0,14.0,3.0,9.0,10.0,26.0,65.0,37.0,56.92,47.0,32.0,68.09,18.0,5.0,27.78,26.0,21.0,80.8,18.0,27.0,45.0,15.0,5.0,15.0,6.0,18.0,reverse
2024_0408_19629_215,2024-04-08T00:00:00+00:00,MLP Academics Heidelberg,215,Veolia Towers Hamburg,19629,83,79,local,2023-24,0,MkwLqQ5T,68.0,30.0,44.12,37.0,19.0,51.35,31.0,11.0,35.48,15.0,12.0,80.0,10.0,25.0,35.0,12.0,1.0,16.0,8.0,26.0,59.0,27.0,45.76,40.0,23.0,57.5,19.0,4.0,21.05,31.0,21.0,67.7,10.0,30.0,40.0,11.0,1.0,18.0,9.0,24.0,reverse
2024_0413_40_2315,2024-04-13T00:00:00+00:00,Merlins Crailsheim,2315,Basketball Loewen Braunschweig,40,88,98,visitante,2023-24,0,hYTjv4Tj,74.0,35.0,47.3,44.0,23.0,52.27,30.0,12.0,40.0,8.0,6.0,75.0,14.0,28.0,42.0,20.0,4.0,17.0,9.0,20.0,70.0,33.0,47.14,39.0,16.0,41.03,31.0,17.0,54.84,18.0,15.0,83.3,8.0,25.0,33.0,25.0,3.0,12.0,6.0,16.0,reverse
2024_0413_1791_447,2024-04-13T00:00:00+00:00,Baskets Paderborn,447,NINERS Chemnitz,1791,82,113,visitante,2023-24,0,,,,,,,,,,,,,,,,,,,,,,,,,,,,,,,,,,,,,,,,,,
2024_0413_41_215,2024-04-13T00:00:00+00:00,MLP Academics Heidelberg,215,MHP Riesen Ludwigsburg,41,68,93,visitante,2023-24,0,8tCw27Lc,79.0,25.0,31.65,45.0,19.0,42.22,34.0,6.0,17.65,17.0,12.0,70.6,16.0,29.0,45.0,9.0,1.0,14.0,7.0,22.0,71.0,36.0,50.7,45.0,28.0,62.22,26.0,8.0,30.77,24.0,15.0,62.5,10.0,40.0,50.0,19.0,4.0,16.0,10.0,19.0,reverse
2024_0413_2457_1634,2024-04-13T00:00:00+00:00,EWE Baskets Oldenburg,1634,Rasta Vechta,2457,88,82,local,2023-24,0,fw8Z2m6i,63.0,29.0,46.03,33.0,20.0,60.61,30.0,9.0,30.0,23.0,21.0,91.3,8.0,23.0,31.0,11.0,0.0,15.0,8.0,27.0,58.0,28.0,48.28,39.0,24.0,61.54,19.0,4.0,21.05,25.0,22.0,88.0,9.0,26.0,35.0,13.0,2.0,16.0,7.0,25.0,reverse
2024_0414_1510_214,2024-04-14T00:00:00+00:00,BG Goettingen,214,Telekom Baskets Bonn,1510,85,95,visitante,2023-24,0,EsVnupEp,68.0,32.0,47.06,45.0,24.0,53.33,23.0,8.0,34.78,18.0,13.0,72.2,10.0,32.0,42.0,20.0,1.0,14.0,3.0,27.0,70.0,32.0,45.71,42.0,24.0,57.14,28.0,8.0,28.57,33.0,23.0,69.7,9.0,28.0,37.0,18.0,2.0,7.0,11.0,19.0,reverse
2024_0414_132_19629,2024-04-14T00:00:00+00:00,Veolia Towers Hamburg,19629,Bamberg Baskets,132,80,86,visitante,2023-24,0,8Gtra55G,64.0,27.0,42.19,37.0,19.0,51.35,27.0,8.0,29.63,26.0,18.0,69.2,13.0,26.0,39.0,9.0,1.0,15.0,5.0,24.0,64.0,30.0,46.88,38.0,22.0,57.89,26.0,8.0,30.77,28.0,18.0,64.3,13.0,28.0,41.0,14.0,4.0,15.0,9.0,23.0,reverse
2024_0414_1774_127,2024-04-14T00:00:00+00:00,Ratiopharm Ulm,127,Rostock Seawolves,1774,96,71,local,2023-24,0,n7unbPKM,74.0,36.0,48.65,38.0,24.0,63.16,36.0,12.0,33.33,22.0,12.0,54.5,16.0,36.0,52.0,23.0,1.0,9.0,5.0,20.0,61.0,23.0,37.7,36.0,15.0,41.67,25.0,8.0,32.0,24.0,17.0,70.8,9.0,28.0,37.0,19.0,0.0,14.0,7.0,25.0,reverse
2024_0414_450_10,2024-04-14T00:00:00+00:00,ALBA Berlin,10,SYNTAINICS MBC Weissenfels,450,76,67,local,2023-24,0,tfAo0ojA,71.0,25.0,35.21,35.0,16.0,45.71,36.0,9.0,25.0,26.0,17.0,65.4,17.0,33.0,50.0,19.0,3.0,12.0,4.0,18.0,61.0,26.0,42.62,31.0,19.0,61.29,30.0,7.0,23.33,11.0,8.0,72.7,2.0,34.0,36.0,16.0,2.0,13.0,1.0,25.0,reverse
2024_0414_2745_219,2024-04-14T00:00:00+00:00,FC Bayern Muenchen Basketball,219,FITOne Wuerzburg Baskets,2745,90,82,local,2023-24,0,tUvjcqzT,51.0,28.0,54.9,21.0,14.0,66.67,30.0,14.0,46.67,23.0,20.0,87.0,7.0,28.0,35.0,17.0,3.0,11.0,1.0,21.0,62.0,29.0,46.77,33.0,18.0,54.55,29.0,11.0,37.93,17.0,13.0,76.5,5.0,16.0,21.0,12.0,1.0,4.0,4.0,20.0,reverse
2024_0417_19629_10,2024-04-17T00:00:00+00:00,ALBA Berlin,10,Veolia Towers Hamburg,19629,84,76,local,2023-24,0,CArsq8X8,56.0,25.0,44.64,33.0,15.0,45.45,23.0,10.0,43.48,29.0,24.0,82.8,8.0,34.0,42.0,17.0,5.0,18.0,5.0,28.0,72.0,22.0,30.56,38.0,16.0,42.11,34.0,6.0,17.65,38.0,26.0,68.4,20.0,22.0,42.0,15.0,2.0,15.0,8.0,29.0,reverse
2024_0419_447_2457,2024-04-19T00:00:00+00:00,Rasta Vechta,2457,Baskets Paderborn,447,88,77,local,2023-24,0,,,,,,,,,,,,,,,,,,,,,,,,,,,,,,,,,,,,,,,,,,
2024_0420_2315_1510,2024-04-20T00:00:00+00:00,Telekom Baskets Bonn,1510,Merlins Crailsheim,2315,89,98,visitante,2023-24,0,v5KQjsDd,70.0,33.0,47.14,39.0,23.0,58.97,31.0,10.0,32.26,17.0,13.0,76.5,16.0,24.0,40.0,20.0,3.0,17.0,9.0,21.0,66.0,37.0,56.06,38.0,25.0,65.79,28.0,12.0,42.86,18.0,12.0,66.7,8.0,20.0,28.0,31.0,1.0,14.0,7.0,22.0,reverse
2024_0420_19629_41,2024-04-20T00:00:00+00:00,MHP Riesen Ludwigsburg,41,Veolia Towers Hamburg,19629,84,89,visitante,2023-24,0,0ELMiNcj,65.0,30.0,46.15,36.0,19.0,52.78,29.0,11.0,37.93,19.0,13.0,68.4,14.0,20.0,34.0,12.0,1.0,16.0,7.0,27.0,59.0,28.0,47.46,40.0,19.0,47.5,19.0,9.0,47.37,30.0,24.0,80.0,14.0,22.0,36.0,16.0,3.0,15.0,6.0,24.0,reverse
2024_0420_1634_40,2024-04-20T00:00:00+00:00,Basketball Loewen Braunschweig,40,EWE Baskets Oldenburg,1634,66,87,visitante,2023-24,0,6BCCEp53,58.0,24.0,41.38,43.0,21.0,48.84,15.0,3.0,20.0,25.0,15.0,60.0,8.0,22.0,30.0,19.0,3.0,17.0,7.0,20.0,70.0,32.0,45.71,36.0,24.0,66.67,34.0,8.0,23.53,22.0,15.0,68.2,14.0,30.0,44.0,22.0,1.0,12.0,9.0,24.0,reverse
2024_0420_2745_1774,2024-04-20T00:00:00+00:00,Rostock Seawolves,1774,FITOne Wuerzburg Baskets,2745,95,86,local,2023-24,0,lz2HD4K9,59.0,34.0,57.63,35.0,23.0,65.71,24.0,11.0,45.83,16.0,14.0,87.5,6.0,27.0,33.0,22.0,2.0,18.0,9.0,27.0,68.0,27.0,39.71,39.0,16.0,41.03,29.0,11.0,37.93,32.0,21.0,65.6,18.0,19.0,37.0,10.0,2.0,16.0,10.0,22.0,reverse
2024_0421_10_132,2024-04-21T00:00:00+00:00,Bamberg Baskets,132,ALBA Berlin,10,92,98,visitante,2023-24,0,SKD8FQkc,73.0,35.0,47.95,42.0,24.0,57.14,31.0,11.0,35.48,15.0,11.0,73.3,13.0,22.0,35.0,18.0,3.0,11.0,5.0,24.0,67.0,33.0,49.25,40.0,24.0,60.0,27.0,9.0,33.33,27.0,23.0,85.2,13.0,25.0,38.0,26.0,3.0,10.0,7.0,16.0,reverse
2024_0421_214_1791,2024-04-21T00:00:00+00:00,NINERS Chemnitz,1791,BG Goettingen,214,99,100,visitante,2023-24,0,h6Tled4r,76.0,37.0,48.68,40.0,26.0,65.0,36.0,11.0,30.56,24.0,14.0,58.3,8.0,30.0,38.0,22.0,1.0,17.0,9.0,24.0,77.0,32.0,41.56,46.0,19.0,41.3,31.0,13.0,41.94,24.0,23.0,95.8,14.0,32.0,46.0,17.0,4.0,19.0,8.0,23.0,reverse
2024_0421_215_219,2024-04-21T00:00:00+00:00,FC Bayern Muenchen Basketball,219,MLP Academics Heidelberg,215,82,89,visitante,2023-24,0,WdShfGJl,63.0,29.0,46.03,35.0,21.0,60.0,28.0,8.0,28.57,20.0,16.0,80.0,7.0,29.0,36.0,15.0,4.0,10.0,4.0,26.0,64.0,27.0,42.19,32.0,18.0,56.25,32.0,9.0,28.13,37.0,26.0,70.3,10.0,28.0,38.0,11.0,2.0,5.0,5.0,23.0,reverse
2024_0421_127_450,2024-04-21T00:00:00+00:00,SYNTAINICS MBC Weissenfels,450,Ratiopharm Ulm,127,79,106,visitante,2023-24,0,0A5LCOZF,63.0,29.0,46.03,36.0,18.0,50.0,27.0,11.0,40.74,12.0,10.0,83.3,8.0,17.0,25.0,18.0,1.0,16.0,5.0,19.0,73.0,42.0,57.53,43.0,30.0,69.77,30.0,12.0,40.0,16.0,10.0,62.5,16.0,25.0,41.0,23.0,2.0,12.0,11.0,14.0,reverse
2024_0424_10_1774,2024-04-24T00:00:00+00:00,Rostock Seawolves,1774,ALBA Berlin,10,74,91,visitante,2023-24,0,YJqwplI2,65.0,25.0,38.46,29.0,16.0,55.17,36.0,9.0,25.0,16.0,15.0,93.8,10.0,22.0,32.0,19.0,1.0,17.0,10.0,22.0,67.0,32.0,47.76,38.0,25.0,65.79,29.0,7.0,24.14,22.0,20.0,90.9,12.0,30.0,42.0,21.0,2.0,13.0,8.0,16.0,reverse
2024_0426_450_215,2024-04-26T00:00:00+00:00,MLP Academics Heidelberg,215,SYNTAINICS MBC Weissenfels,450,97,104,visitante,2023-24,0,lYMcgzZf,67.0,30.0,44.78,34.0,19.0,55.88,33.0,11.0,33.33,34.0,26.0,76.5,9.0,22.0,31.0,18.0,0.0,14.0,7.0,24.0,70.0,40.0,57.14,48.0,33.0,68.75,22.0,7.0,31.82,28.0,17.0,60.7,14.0,31.0,45.0,20.0,2.0,17.0,8.0,28.0,reverse
2024_0427_132_214,2024-04-27T00:00:00+00:00,BG Goettingen,214,Bamberg Baskets,132,76,85,visitante,2023-24,0,SOL1hfl1,73.0,27.0,36.99,41.0,18.0,43.9,32.0,9.0,28.13,19.0,13.0,68.4,13.0,24.0,37.0,15.0,1.0,11.0,6.0,19.0,70.0,31.0,44.29,40.0,20.0,50.0,30.0,11.0,36.67,16.0,12.0,75.0,14.0,36.0,50.0,18.0,2.0,15.0,5.0,18.0,reverse
2024_0427_1510_1774,2024-04-27T00:00:00+00:00,Rostock Seawolves,1774,Telekom Baskets Bonn,1510,89,112,visitante,2023-24,0,vNkjaQMD,66.0,30.0,45.45,42.0,20.0,47.62,24.0,10.0,41.67,21.0,19.0,90.5,3.0,15.0,18.0,14.0,1.0,14.0,4.0,16.0,62.0,40.0,64.52,42.0,26.0,61.9,20.0,14.0,70.0,20.0,18.0,90.0,6.0,16.0,22.0,18.0,0.0,8.0,5.0,15.0,reverse
2024_0427_2315_127,2024-04-27T00:00:00+00:00,Ratiopharm Ulm,127,Merlins Crailsheim,2315,86,66,local,2023-24,0,MoL5iE37,76.0,28.0,36.84,41.0,19.0,46.34,35.0,9.0,25.71,27.0,21.0,77.8,17.0,22.0,39.0,22.0,0.0,12.0,19.0,23.0,46.0,23.0,50.0,26.0,18.0,69.23,20.0,5.0,25.0,21.0,15.0,71.4,3.0,32.0,35.0,16.0,0.0,29.0,7.0,24.0,reverse
2024_0427_41_1791,2024-04-27T00:00:00+00:00,NINERS Chemnitz,1791,MHP Riesen Ludwigsburg,41,93,96,visitante,2023-24,0,zkP9jYID,62.0,32.0,51.61,32.0,18.0,56.25,30.0,14.0,46.67,23.0,15.0,65.2,8.0,20.0,28.0,20.0,0.0,20.0,9.0,28.0,59.0,32.0,54.24,40.0,26.0,65.0,19.0,6.0,31.58,35.0,26.0,74.3,10.0,25.0,35.0,9.0,4.0,22.0,12.0,24.0,reverse
2024_0428_40_10,2024-04-28T00:00:00+00:00,ALBA Berlin,10,Basketball Loewen Braunschweig,40,81,90,visitante,2023-24,0,IDlfbpxK,71.0,27.0,38.03,43.0,21.0,48.84,28.0,6.0,21.43,26.0,21.0,80.8,15.0,25.0,40.0,16.0,1.0,12.0,10.0,22.0,67.0,30.0,44.78,41.0,19.0,46.34,26.0,11.0,42.31,24.0,19.0,79.2,12.0,32.0,44.0,21.0,3.0,15.0,8.0,26.0,reverse
2024_0428_219_447,2024-04-28T00:00:00+00:00,Baskets Paderborn,447,FC Bayern Muenchen Basketball,219,73,92,visitante,2023-24,0,,,,,,,,,,,,,,,,,,,,,,,,,,,,,,,,,,,,,,,,,,
2024_0428_1634_19629,2024-04-28T00:00:00+00:00,Veolia Towers Hamburg,19629,EWE Baskets Oldenburg,1634,92,107,visitante,2023-24,0,ABPUirFm,56.0,30.0,53.57,36.0,25.0,69.44,20.0,5.0,25.0,34.0,27.0,79.4,8.0,21.0,29.0,14.0,1.0,17.0,6.0,21.0,69.0,38.0,55.07,34.0,22.0,64.71,35.0,16.0,45.71,19.0,15.0,78.9,9.0,20.0,29.0,20.0,1.0,13.0,9.0,30.0,reverse
2024_0428_2457_2745,2024-04-28T00:00:00+00:00,FITOne Wuerzburg Baskets,2745,Rasta Vechta,2457,89,87,local,2023-24,0,Qwlbc4iQ,60.0,32.0,53.33,29.0,17.0,58.62,31.0,15.0,48.39,15.0,10.0,66.7,8.0,20.0,28.0,16.0,4.0,11.0,6.0,17.0,58.0,31.0,53.45,30.0,16.0,53.33,28.0,15.0,53.57,13.0,10.0,76.9,8.0,22.0,30.0,19.0,0.0,12.0,5.0,17.0,reverse
2024_0430_10_215,2024-04-30T00:00:00+00:00,MLP Academics Heidelberg,215,ALBA Berlin,10,89,96,visitante,2023-24,0,IyTxjMq0,73.0,34.0,46.58,40.0,23.0,57.5,33.0,11.0,33.33,16.0,10.0,62.5,7.0,24.0,31.0,25.0,2.0,10.0,4.0,28.0,63.0,29.0,46.03,30.0,18.0,60.0,33.0,11.0,33.33,30.0,27.0,90.0,10.0,32.0,42.0,23.0,1.0,17.0,4.0,17.0,reverse
2024_0430_132_1510,2024-04-30T00:00:00+00:00,Telekom Baskets Bonn,1510,Bamberg Baskets,132,89,79,local,2023-24,0,OETYj2Ug,67.0,32.0,47.76,43.0,21.0,48.84,24.0,11.0,45.83,16.0,14.0,87.5,13.0,22.0,35.0,18.0,2.0,11.0,7.0,18.0,66.0,28.0,42.42,36.0,21.0,58.33,30.0,7.0,23.33,18.0,16.0,88.9,16.0,23.0,39.0,18.0,6.0,15.0,6.0,22.0,reverse
2024_0430_19629_2315,2024-04-30T00:00:00+00:00,Merlins Crailsheim,2315,Veolia Towers Hamburg,19629,88,94,visitante,2023-24,0,E3Mol0EC,63.0,32.0,50.79,35.0,23.0,65.71,28.0,9.0,32.14,18.0,15.0,83.3,11.0,26.0,37.0,9.0,5.0,17.0,3.0,22.0,70.0,31.0,44.29,41.0,19.0,46.34,29.0,12.0,41.38,27.0,20.0,74.1,14.0,19.0,33.0,14.0,3.0,7.0,11.0,21.0,reverse
2024_0430_1774_41,2024-04-30T00:00:00+00:00,MHP Riesen Ludwigsburg,41,Rostock Seawolves,1774,85,91,visitante,2023-24,0,hfLkmKTI,76.0,27.0,35.53,41.0,20.0,48.78,35.0,7.0,20.0,28.0,24.0,85.7,14.0,31.0,45.0,7.0,0.0,10.0,8.0,22.0,68.0,31.0,45.59,42.0,24.0,57.14,26.0,7.0,26.92,27.0,22.0,81.5,10.0,35.0,45.0,14.0,3.0,13.0,4.0,24.0,reverse
2024_0430_2745_450,2024-04-30T00:00:00+00:00,SYNTAINICS MBC Weissenfels,450,FITOne Wuerzburg Baskets,2745,83,107,visitante,2023-24,0,dSRtkta6,61.0,31.0,50.82,30.0,17.0,56.67,31.0,14.0,45.16,10.0,7.0,70.0,10.0,23.0,33.0,18.0,1.0,18.0,2.0,20.0,67.0,37.0,55.22,40.0,24.0,60.0,27.0,13.0,48.15,28.0,20.0,71.4,10.0,21.0,31.0,20.0,4.0,5.0,11.0,16.0,reverse
2024_0501_1791_2457,2024-05-01T00:00:00+00:00,Rasta Vechta,2457,NINERS Chemnitz,1791,91,83,local,2023-24,0,6c9XB36J,61.0,26.0,42.62,33.0,16.0,48.48,28.0,10.0,35.71,34.0,29.0,85.3,13.0,26.0,39.0,13.0,3.0,17.0,9.0,25.0,61.0,27.0,44.26,35.0,19.0,54.29,26.0,8.0,30.77,27.0,21.0,77.8,11.0,24.0,35.0,15.0,1.0,19.0,9.0,28.0,reverse
2024_0501_214_1634,2024-05-01T00:00:00+00:00,EWE Baskets Oldenburg,1634,BG Goettingen,214,83,87,visitante,2023-24,0,AP436sUt,67.0,29.0,43.28,29.0,15.0,51.72,38.0,14.0,36.84,18.0,11.0,61.1,12.0,24.0,36.0,25.0,2.0,9.0,3.0,24.0,58.0,29.0,50.0,29.0,15.0,51.72,29.0,14.0,48.28,20.0,15.0,75.0,5.0,29.0,34.0,16.0,3.0,9.0,2.0,21.0,reverse
2024_0501_447_40,2024-05-01T00:00:00+00:00,Basketball Loewen Braunschweig,40,Baskets Paderborn,447,81,68,local,2023-24,0,,,,,,,,,,,,,,,,,,,,,,,,,,,,,,,,,,,,,,,,,,
2024_0501_127_219,2024-05-01T00:00:00+00:00,FC Bayern Muenchen Basketball,219,Ratiopharm Ulm,127,81,74,local,2023-24,0,4rSzBNLP,61.0,27.0,44.26,28.0,13.0,46.43,33.0,14.0,42.42,17.0,14.0,82.4,11.0,29.0,40.0,15.0,1.0,11.0,4.0,21.0,65.0,26.0,40.0,36.0,18.0,50.0,29.0,8.0,27.59,18.0,14.0,77.8,12.0,24.0,36.0,16.0,0.0,8.0,6.0,20.0,reverse
2024_0504_2315_132,2024-05-04T00:00:00+00:00,Bamberg Baskets,132,Merlins Crailsheim,2315,109,82,local,2023-24,0,Ik8B4Lbg,69.0,40.0,57.97,35.0,25.0,71.43,34.0,15.0,44.12,26.0,14.0,53.8,10.0,32.0,42.0,28.0,1.0,11.0,6.0,16.0,69.0,29.0,42.03,35.0,18.0,51.43,34.0,11.0,32.35,15.0,13.0,86.7,8.0,25.0,33.0,17.0,0.0,13.0,5.0,24.0,reverse
2024_0504_19629_1791,2024-05-04T00:00:00+00:00,NINERS Chemnitz,1791,Veolia Towers Hamburg,19629,85,79,local,2023-24,0,dt7F3uEa,60.0,26.0,43.33,40.0,19.0,47.5,20.0,7.0,35.0,31.0,26.0,83.9,16.0,22.0,38.0,12.0,1.0,13.0,5.0,23.0,51.0,23.0,45.1,25.0,14.0,56.0,26.0,9.0,34.62,30.0,24.0,80.0,9.0,22.0,31.0,16.0,4.0,17.0,6.0,27.0,reverse
2024_0504_215_127,2024-05-04T00:00:00+00:00,Ratiopharm Ulm,127,MLP Academics Heidelberg,215,73,57,local,2023-24,0,nVaS0wbI,64.0,26.0,40.63,41.0,21.0,51.22,23.0,5.0,21.74,19.0,16.0,84.2,12.0,32.0,44.0,20.0,0.0,14.0,7.0,21.0,59.0,19.0,32.2,32.0,15.0,46.88,27.0,4.0,14.81,25.0,15.0,60.0,12.0,26.0,38.0,10.0,1.0,15.0,9.0,19.0,reverse
2024_0504_1634_447,2024-05-04T00:00:00+00:00,Baskets Paderborn,447,EWE Baskets Oldenburg,1634,63,79,visitante,2023-24,0,,,,,,,,,,,,,,,,,,,,,,,,,,,,,,,,,,,,,,,,,,
2024_0505_1510_2745,2024-05-05T00:00:00+00:00,FITOne Wuerzburg Baskets,2745,Telekom Baskets Bonn,1510,100,91,local,2023-24,0,v5dK2aT5,59.0,37.0,62.71,32.0,24.0,75.0,27.0,13.0,48.15,21.0,16.0,76.2,4.0,22.0,26.0,20.0,4.0,10.0,5.0,19.0,65.0,33.0,50.77,36.0,21.0,58.33,29.0,12.0,41.38,14.0,13.0,92.9,10.0,22.0,32.0,19.0,1.0,11.0,6.0,22.0,reverse
2024_0505_40_1774,2024-05-05T00:00:00+00:00,Rostock Seawolves,1774,Basketball Loewen Braunschweig,40,70,76,visitante,2023-24,0,QLbWacDO,65.0,27.0,41.54,41.0,22.0,53.66,24.0,5.0,20.83,13.0,11.0,84.6,14.0,28.0,42.0,19.0,0.0,18.0,8.0,22.0,67.0,30.0,44.78,43.0,23.0,53.49,24.0,7.0,29.17,18.0,9.0,50.0,13.0,26.0,39.0,17.0,4.0,15.0,8.0,17.0,reverse
2024_0505_219_10,2024-05-05T00:00:00+00:00,ALBA Berlin,10,FC Bayern Muenchen Basketball,219,53,77,visitante,2023-24,0,QD47OtjP,68.0,20.0,29.41,34.0,12.0,35.29,34.0,8.0,23.53,8.0,5.0,62.5,16.0,20.0,36.0,14.0,0.0,15.0,11.0,13.0,53.0,27.0,50.94,24.0,13.0,54.17,29.0,14.0,48.28,10.0,9.0,90.0,6.0,32.0,38.0,19.0,7.0,18.0,10.0,19.0,reverse
2024_0505_450_41,2024-05-05T00:00:00+00:00,MHP Riesen Ludwigsburg,41,SYNTAINICS MBC Weissenfels,450,90,91,visitante,2023-24,0,SMjZJ0bt,79.0,32.0,40.51,46.0,21.0,45.65,33.0,11.0,33.33,21.0,15.0,71.4,21.0,23.0,44.0,18.0,1.0,11.0,6.0,23.0,69.0,34.0,49.28,44.0,26.0,59.09,25.0,8.0,32.0,23.0,15.0,65.2,13.0,26.0,39.0,16.0,2.0,13.0,6.0,17.0,reverse
2024_0505_2457_214,2024-05-05T00:00:00+00:00,BG Goettingen,214,Rasta Vechta,2457,75,81,visitante,2023-24,0,MqjwJKDn,66.0,26.0,39.39,36.0,17.0,47.22,30.0,9.0,30.0,21.0,14.0,66.7,13.0,24.0,37.0,12.0,1.0,10.0,5.0,23.0,61.0,26.0,42.62,38.0,15.0,39.47,23.0,11.0,47.83,26.0,18.0,69.2,10.0,30.0,40.0,14.0,1.0,10.0,6.0,19.0,reverse
2024_0508_1791_40,2024-05-08T00:00:00+00:00,Basketball Loewen Braunschweig,40,NINERS Chemnitz,1791,68,82,visitante,2023-24,0,IBqnHbra,66.0,26.0,39.39,48.0,23.0,47.92,18.0,3.0,16.67,20.0,13.0,65.0,9.0,20.0,29.0,12.0,2.0,12.0,10.0,23.0,60.0,32.0,53.33,37.0,27.0,72.97,23.0,5.0,21.74,18.0,13.0,72.2,10.0,33.0,43.0,18.0,5.0,17.0,6.0,19.0,reverse
2024_0508_41_219,2024-05-08T00:00:00+00:00,FC Bayern Muenchen Basketball,219,MHP Riesen Ludwigsburg,41,85,80,local,2023-24,0,QymfFxDB,60.0,30.0,50.0,37.0,22.0,59.46,23.0,8.0,34.78,22.0,17.0,77.3,7.0,31.0,38.0,20.0,4.0,8.0,3.0,17.0,66.0,26.0,39.39,27.0,14.0,51.85,39.0,12.0,30.77,18.0,16.0,88.9,12.0,26.0,38.0,13.0,0.0,7.0,2.0,23.0,reverse
2024_0508_1774_2315,2024-05-08T00:00:00+00:00,Merlins Crailsheim,2315,Rostock Seawolves,1774,85,70,local,2023-24,0,d2rjGIc5,64.0,31.0,48.44,31.0,20.0,64.52,33.0,11.0,33.33,18.0,12.0,66.7,11.0,28.0,39.0,20.0,7.0,17.0,9.0,20.0,67.0,26.0,38.81,40.0,20.0,50.0,27.0,6.0,22.22,15.0,12.0,80.0,12.0,24.0,36.0,14.0,3.0,15.0,8.0,18.0,reverse
2024_0508_2745_215,2024-05-08T00:00:00+00:00,MLP Academics Heidelberg,215,FITOne Wuerzburg Baskets,2745,84,98,visitante,2023-24,0,zmfsIvTh,69.0,29.0,42.03,38.0,21.0,55.26,31.0,8.0,25.81,25.0,18.0,72.0,12.0,28.0,40.0,19.0,2.0,14.0,4.0,15.0,74.0,39.0,52.7,49.0,29.0,59.18,25.0,10.0,40.0,17.0,10.0,58.8,10.0,31.0,41.0,14.0,1.0,10.0,8.0,21.0,reverse
2024_0508_10_1510,2024-05-08T00:00:00+00:00,Telekom Baskets Bonn,1510,ALBA Berlin,10,69,90,visitante,2023-24,0,zmGCXJSu,58.0,23.0,39.66,24.0,14.0,58.33,34.0,9.0,26.47,18.0,14.0,77.8,12.0,11.0,23.0,14.0,1.0,15.0,11.0,18.0,47.0,32.0,68.09,28.0,24.0,85.71,19.0,8.0,42.11,21.0,18.0,85.7,7.0,28.0,35.0,22.0,3.0,20.0,9.0,16.0,reverse
2024_0509_132_2457,2024-05-09T00:00:00+00:00,Rasta Vechta,2457,Bamberg Baskets,132,65,94,visitante,2023-24,0,bRv7CzcU,73.0,24.0,32.88,35.0,15.0,42.86,38.0,9.0,23.68,11.0,8.0,72.7,14.0,21.0,35.0,11.0,4.0,12.0,10.0,13.0,72.0,39.0,54.17,37.0,25.0,67.57,35.0,14.0,40.0,4.0,2.0,50.0,11.0,38.0,49.0,24.0,3.0,14.0,8.0,17.0,reverse
2024_0509_214_450,2024-05-09T00:00:00+00:00,SYNTAINICS MBC Weissenfels,450,BG Goettingen,214,92,88,local,2023-24,0,niy3DGsO,68.0,33.0,48.53,44.0,24.0,54.55,24.0,9.0,37.5,23.0,17.0,73.9,16.0,26.0,42.0,18.0,4.0,18.0,8.0,19.0,68.0,31.0,45.59,41.0,22.0,53.66,27.0,9.0,33.33,23.0,17.0,73.9,12.0,21.0,33.0,21.0,2.0,13.0,11.0,19.0,reverse
2024_0509_447_19629,2024-05-09T00:00:00+00:00,Veolia Towers Hamburg,19629,Baskets Paderborn,447,93,78,local,2023-24,0,,,,,,,,,,,,,,,,,,,,,,,,,,,,,,,,,,,,,,,,,,
2024_0509_127_1634,2024-05-09T00:00:00+00:00,EWE Baskets Oldenburg,1634,Ratiopharm Ulm,127,74,91,visitante,2023-24,0,4SobEdSH,76.0,28.0,36.84,36.0,20.0,55.56,40.0,8.0,20.0,13.0,10.0,76.9,24.0,14.0,38.0,13.0,1.0,18.0,12.0,26.0,49.0,29.0,59.18,28.0,20.0,71.43,21.0,9.0,42.86,27.0,24.0,88.9,8.0,26.0,34.0,19.0,3.0,20.0,9.0,20.0,reverse
2024_0510_10_219,2024-05-10T00:00:00+00:00,FC Bayern Muenchen Basketball,219,ALBA Berlin,10,53,59,visitante,2023-24,0,lpoK2VhP,56.0,22.0,39.29,25.0,14.0,56.0,31.0,8.0,25.81,1.0,1.0,100.0,4.0,24.0,28.0,14.0,3.0,12.0,4.0,19.0,52.0,20.0,38.46,32.0,14.0,43.75,20.0,6.0,30.0,16.0,13.0,81.3,9.0,30.0,39.0,10.0,1.0,14.0,4.0,16.0,reverse
2024_0512_40_127,2024-05-12T00:00:00+00:00,Ratiopharm Ulm,127,Basketball Loewen Braunschweig,40,77,72,local,2023-24,0,AoxD8Red,65.0,31.0,47.69,43.0,24.0,55.81,22.0,7.0,31.82,13.0,8.0,61.5,11.0,25.0,36.0,17.0,3.0,18.0,11.0,24.0,54.0,26.0,48.15,37.0,21.0,56.76,17.0,5.0,29.41,26.0,15.0,57.7,8.0,25.0,33.0,22.0,3.0,21.0,6.0,20.0,reverse
2024_0512_219_1774,2024-05-12T00:00:00+00:00,Rostock Seawolves,1774,FC Bayern Muenchen Basketball,219,73,101,visitante,2023-24,0,WE9LVcch,59.0,25.0,42.37,33.0,15.0,45.45,26.0,10.0,38.46,14.0,13.0,92.9,3.0,20.0,23.0,16.0,2.0,10.0,5.0,16.0,70.0,38.0,54.29,38.0,22.0,57.89,32.0,16.0,50.0,16.0,9.0,56.3,16.0,30.0,46.0,21.0,3.0,10.0,6.0,16.0,reverse
2024_0512_1510_41,2024-05-12T00:00:00+00:00,MHP Riesen Ludwigsburg,41,Telekom Baskets Bonn,1510,60,87,visitante,2023-24,0,IVBXSesB,66.0,19.0,28.79,39.0,13.0,33.33,27.0,6.0,22.22,22.0,16.0,72.7,16.0,22.0,38.0,11.0,1.0,11.0,1.0,26.0,60.0,28.0,46.67,42.0,24.0,57.14,18.0,4.0,22.22,33.0,27.0,81.8,11.0,34.0,45.0,25.0,2.0,7.0,4.0,24.0,reverse
2024_0512_1791_2745,2024-05-12T00:00:00+00:00,FITOne Wuerzburg Baskets,2745,NINERS Chemnitz,1791,66,79,visitante,2023-24,0,4S7TTyS4,60.0,23.0,38.33,30.0,14.0,46.67,30.0,9.0,30.0,21.0,11.0,52.4,12.0,29.0,41.0,10.0,1.0,13.0,6.0,20.0,62.0,30.0,48.39,38.0,21.0,55.26,24.0,9.0,37.5,16.0,10.0,62.5,8.0,27.0,35.0,17.0,0.0,9.0,7.0,20.0,reverse
2024_0512_2315_10,2024-05-12T00:00:00+00:00,ALBA Berlin,10,Merlins Crailsheim,2315,103,83,local,2023-24,0,xKO5AmRq,62.0,37.0,59.68,35.0,24.0,68.57,27.0,13.0,48.15,18.0,16.0,88.9,9.0,34.0,43.0,29.0,4.0,19.0,2.0,19.0,68.0,28.0,41.18,34.0,17.0,50.0,34.0,11.0,32.35,21.0,16.0,76.2,5.0,17.0,22.0,14.0,2.0,6.0,12.0,21.0,reverse
2024_0512_19629_214,2024-05-12T00:00:00+00:00,BG Goettingen,214,Veolia Towers Hamburg,19629,66,79,visitante,2023-24,0,0f1xSFdH,62.0,25.0,40.32,43.0,20.0,46.51,19.0,5.0,26.32,18.0,11.0,61.1,12.0,25.0,37.0,10.0,1.0,18.0,8.0,16.0,56.0,28.0,50.0,28.0,19.0,67.86,28.0,9.0,32.14,15.0,14.0,93.3,3.0,25.0,28.0,21.0,3.0,15.0,8.0,22.0,reverse
2024_0512_215_447,2024-05-12T00:00:00+00:00,Baskets Paderborn,447,MLP Academics Heidelberg,215,78,93,visitante,2023-24,0,,,,,,,,,,,,,,,,,,,,,,,,,,,,,,,,,,,,,,,,,,
2024_0512_1634_132,2024-05-12T00:00:00+00:00,Bamberg Baskets,132,EWE Baskets Oldenburg,1634,84,107,visitante,2023-24,0,A58PUHCb,58.0,29.0,50.0,32.0,22.0,68.75,26.0,7.0,26.92,24.0,17.0,70.8,14.0,21.0,35.0,17.0,1.0,21.0,4.0,25.0,70.0,40.0,57.14,38.0,29.0,76.32,32.0,11.0,34.38,20.0,16.0,80.0,9.0,20.0,29.0,28.0,2.0,12.0,12.0,20.0,reverse
2024_0512_2457_450,2024-05-12T00:00:00+00:00,SYNTAINICS MBC Weissenfels,450,Rasta Vechta,2457,69,98,visitante,2023-24,0,CjGeXAYd,68.0,25.0,36.76,35.0,13.0,37.14,33.0,12.0,36.36,11.0,7.0,63.6,10.0,28.0,38.0,7.0,3.0,14.0,4.0,9.0,81.0,37.0,45.68,39.0,19.0,48.72,42.0,18.0,42.86,8.0,6.0,75.0,15.0,35.0,50.0,27.0,3.0,8.0,9.0,17.0,reverse
2024_0514_1634_19629,2024-05-14T00:00:00+00:00,Veolia Towers Hamburg,19629,EWE Baskets Oldenburg,1634,93,81,local,2023-24,1,hMgHFJKh,63.0,32.0,50.79,32.0,21.0,65.63,31.0,11.0,35.48,27.0,18.0,66.7,13.0,28.0,41.0,15.0,2.0,13.0,8.0,21.0,64.0,28.0,43.75,33.0,19.0,57.58,31.0,9.0,29.03,19.0,16.0,84.2,9.0,19.0,28.0,18.0,2.0,13.0,5.0,26.0,reverse
2024_0514_1510_41,2024-05-14T00:00:00+00:00,MHP Riesen Ludwigsburg,41,Telekom Baskets Bonn,1510,69,90,visitante,2023-24,1,CO9IDck5,59.0,21.0,35.59,29.0,14.0,48.28,30.0,7.0,23.33,29.0,20.0,69.0,15.0,23.0,38.0,15.0,4.0,12.0,4.0,22.0,69.0,33.0,47.83,46.0,22.0,47.83,23.0,11.0,47.83,21.0,13.0,61.9,17.0,26.0,43.0,19.0,1.0,9.0,6.0,23.0,reverse
2024_0516_41_19629,2024-05-16T00:00:00+00:00,Veolia Towers Hamburg,19629,MHP Riesen Ludwigsburg,41,78,91,visitante,2023-24,1,rLPV5agc,56.0,27.0,48.21,28.0,18.0,64.29,28.0,9.0,32.14,22.0,15.0,68.2,11.0,18.0,29.0,10.0,1.0,18.0,5.0,24.0,62.0,33.0,53.23,39.0,27.0,69.23,23.0,6.0,26.09,25.0,19.0,76.0,13.0,19.0,32.0,14.0,3.0,11.0,6.0,20.0,reverse
2024_0517_10_1510,2024-05-17T00:00:00+00:00,Telekom Baskets Bonn,1510,ALBA Berlin,10,68,94,visitante,2023-24,1,SWc1R1dE,69.0,29.0,42.03,40.0,21.0,52.5,29.0,8.0,27.59,5.0,2.0,40.0,8.0,10.0,18.0,16.0,1.0,6.0,9.0,23.0,55.0,30.0,54.55,26.0,16.0,61.54,29.0,14.0,48.28,22.0,20.0,90.9,14.0,32.0,46.0,25.0,2.0,19.0,4.0,12.0,reverse
2024_0517_1791_2457,2024-05-17T00:00:00+00:00,Rasta Vechta,2457,NINERS Chemnitz,1791,77,83,visitante,2023-24,1,SSDene7L,56.0,24.0,42.86,28.0,12.0,42.86,28.0,12.0,42.86,17.0,17.0,100.0,11.0,26.0,37.0,5.0,0.0,11.0,2.0,21.0,52.0,30.0,57.69,24.0,21.0,87.5,28.0,9.0,32.14,21.0,14.0,66.7,8.0,31.0,39.0,8.0,4.0,10.0,7.0,18.0,reverse
2024_0518_219_41,2024-05-18T00:00:00+00:00,MHP Riesen Ludwigsburg,41,FC Bayern Muenchen Basketball,219,102,98,local,2023-24,1,4xNeUSm2,71.0,34.0,47.89,33.0,18.0,54.55,38.0,16.0,42.11,23.0,18.0,78.3,10.0,25.0,35.0,15.0,2.0,9.0,7.0,27.0,66.0,31.0,46.97,35.0,20.0,57.14,31.0,11.0,35.48,31.0,25.0,80.6,14.0,31.0,45.0,15.0,4.0,12.0,5.0,20.0,reverse
2024_0518_127_2745,2024-05-18T00:00:00+00:00,FITOne Wuerzburg Baskets,2745,Ratiopharm Ulm,127,78,65,local,2023-24,1,QNerwiU7,61.0,29.0,47.54,30.0,18.0,60.0,31.0,11.0,35.48,11.0,9.0,81.8,11.0,33.0,44.0,11.0,1.0,17.0,7.0,13.0,69.0,25.0,36.23,31.0,15.0,48.39,38.0,10.0,26.32,10.0,5.0,50.0,14.0,20.0,34.0,13.0,4.0,10.0,7.0,19.0,reverse
2024_0519_10_1510,2024-05-19T00:00:00+00:00,Telekom Baskets Bonn,1510,ALBA Berlin,10,70,83,visitante,2023-24,1,0pd9PuRQ,69.0,27.0,39.13,36.0,16.0,44.44,33.0,11.0,33.33,6.0,5.0,83.3,14.0,22.0,36.0,13.0,2.0,10.0,6.0,21.0,59.0,30.0,50.85,35.0,22.0,62.86,24.0,8.0,33.33,20.0,15.0,75.0,11.0,28.0,39.0,18.0,4.0,10.0,4.0,16.0,reverse
2024_0519_1791_2457,2024-05-19T00:00:00+00:00,Rasta Vechta,2457,NINERS Chemnitz,1791,96,87,local,2023-24,1,dr4RtZUr,63.0,32.0,50.79,33.0,16.0,48.48,30.0,16.0,53.33,19.0,16.0,84.2,10.0,21.0,31.0,16.0,1.0,14.0,6.0,22.0,70.0,33.0,47.14,42.0,26.0,61.9,28.0,7.0,25.0,18.0,14.0,77.8,18.0,22.0,40.0,13.0,4.0,14.0,5.0,22.0,reverse
2024_0520_219_41,2024-05-20T00:00:00+00:00,MHP Riesen Ludwigsburg,41,FC Bayern Muenchen Basketball,219,67,83,visitante,2023-24,1,dW9shWu9,58.0,20.0,34.48,28.0,13.0,46.43,30.0,7.0,23.33,24.0,20.0,83.3,8.0,17.0,25.0,15.0,1.0,10.0,8.0,20.0,52.0,30.0,57.69,33.0,21.0,63.64,19.0,9.0,47.37,19.0,14.0,73.7,8.0,32.0,40.0,20.0,3.0,18.0,6.0,24.0,reverse
2024_0520_127_2745,2024-05-20T00:00:00+00:00,FITOne Wuerzburg Baskets,2745,Ratiopharm Ulm,127,64,100,visitante,2023-24,1,tWwV0fME,60.0,22.0,36.67,25.0,11.0,44.0,35.0,11.0,31.43,14.0,9.0,64.3,8.0,25.0,33.0,13.0,0.0,18.0,5.0,15.0,71.0,37.0,52.11,34.0,25.0,73.53,37.0,12.0,32.43,17.0,14.0,82.4,10.0,33.0,43.0,22.0,0.0,8.0,14.0,22.0,reverse
2024_0521_1510_10,2024-05-21T00:00:00+00:00,ALBA Berlin,10,Telekom Baskets Bonn,1510,93,86,local,2023-24,1,KUxtKJll,64.0,32.0,50.0,33.0,22.0,66.67,31.0,10.0,32.26,27.0,19.0,70.4,14.0,24.0,38.0,22.0,1.0,11.0,6.0,20.0,65.0,33.0,50.77,38.0,26.0,68.42,27.0,7.0,25.93,20.0,13.0,65.0,13.0,22.0,35.0,20.0,0.0,13.0,6.0,22.0,reverse
2024_0521_2457_1791,2024-05-21T00:00:00+00:00,NINERS Chemnitz,1791,Rasta Vechta,2457,84,76,local,2023-24,1,IchzuDae,66.0,28.0,42.42,41.0,17.0,41.46,25.0,11.0,44.0,27.0,17.0,63.0,17.0,22.0,39.0,14.0,2.0,13.0,7.0,23.0,55.0,23.0,41.82,27.0,14.0,51.85,28.0,9.0,32.14,25.0,21.0,84.0,11.0,25.0,36.0,10.0,2.0,18.0,4.0,23.0,reverse
2024_0522_41_219,2024-05-22T00:00:00+00:00,FC Bayern Muenchen Basketball,219,MHP Riesen Ludwigsburg,41,84,73,local,2023-24,1,GYPrjAAL,59.0,29.0,49.15,46.0,26.0,56.52,13.0,3.0,23.08,27.0,23.0,85.2,14.0,26.0,40.0,14.0,3.0,15.0,5.0,16.0,66.0,28.0,42.42,35.0,17.0,48.57,31.0,11.0,35.48,7.0,6.0,85.7,8.0,19.0,27.0,15.0,2.0,12.0,7.0,24.0,reverse
2024_0522_2745_127,2024-05-22T00:00:00+00:00,Ratiopharm Ulm,127,FITOne Wuerzburg Baskets,2745,79,82,visitante,2023-24,1,CI02rn6m,60.0,26.0,43.33,29.0,14.0,48.28,31.0,12.0,38.71,21.0,15.0,71.4,4.0,31.0,35.0,19.0,2.0,9.0,8.0,19.0,63.0,27.0,42.86,34.0,17.0,50.0,29.0,10.0,34.48,20.0,18.0,90.0,6.0,32.0,38.0,20.0,2.0,12.0,7.0,19.0,reverse
2024_0523_2457_1791,2024-05-23T00:00:00+00:00,NINERS Chemnitz,1791,Rasta Vechta,2457,84,67,local,2023-24,1,GbZvX8Ks,59.0,29.0,49.15,33.0,20.0,60.61,26.0,9.0,34.62,23.0,17.0,73.9,9.0,27.0,36.0,19.0,2.0,13.0,4.0,23.0,56.0,23.0,41.07,40.0,20.0,50.0,16.0,3.0,18.75,23.0,18.0,78.3,6.0,20.0,26.0,6.0,3.0,11.0,4.0,21.0,reverse
2024_0524_2745_127,2024-05-24T00:00:00+00:00,Ratiopharm Ulm,127,FITOne Wuerzburg Baskets,2745,72,75,visitante,2023-24,1,nBB3a7xA,57.0,26.0,45.61,22.0,13.0,59.09,35.0,13.0,37.14,15.0,7.0,46.7,9.0,20.0,29.0,15.0,2.0,16.0,5.0,23.0,50.0,23.0,46.0,24.0,11.0,45.83,26.0,12.0,46.15,22.0,17.0,77.3,8.0,26.0,34.0,15.0,1.0,18.0,8.0,17.0,reverse
2024_0524_41_219,2024-05-24T00:00:00+00:00,FC Bayern Muenchen Basketball,219,MHP Riesen Ludwigsburg,41,76,69,local,2023-24,1,tCTysaMr,57.0,26.0,45.61,31.0,15.0,48.39,26.0,11.0,42.31,20.0,13.0,65.0,7.0,33.0,40.0,13.0,4.0,12.0,5.0,22.0,64.0,24.0,37.5,35.0,16.0,45.71,29.0,8.0,27.59,19.0,13.0,68.4,9.0,28.0,37.0,13.0,3.0,10.0,7.0,25.0,reverse
2024_0528_10_1791,2024-05-28T00:00:00+00:00,NINERS Chemnitz,1791,ALBA Berlin,10,95,82,local,2023-24,1,hpML3v63,69.0,36.0,52.17,43.0,26.0,60.47,26.0,10.0,38.46,21.0,13.0,61.9,15.0,24.0,39.0,25.0,0.0,13.0,5.0,27.0,57.0,26.0,45.61,29.0,17.0,58.62,28.0,9.0,32.14,26.0,21.0,80.8,7.0,22.0,29.0,11.0,1.0,17.0,5.0,24.0,reverse
2024_0529_219_2745,2024-05-29T00:00:00+00:00,FITOne Wuerzburg Baskets,2745,FC Bayern Muenchen Basketball,219,76,91,visitante,2023-24,1,vsdnkuiA,57.0,23.0,40.35,29.0,13.0,44.83,28.0,10.0,35.71,22.0,20.0,90.9,11.0,19.0,30.0,14.0,1.0,12.0,3.0,14.0,63.0,35.0,55.56,36.0,24.0,66.67,27.0,11.0,40.74,11.0,10.0,90.9,8.0,23.0,31.0,25.0,2.0,8.0,7.0,18.0,reverse
2024_0531_10_1791,2024-05-31T00:00:00+00:00,NINERS Chemnitz,1791,ALBA Berlin,10,64,86,visitante,2023-24,1,EaAU1IzG,63.0,22.0,34.92,34.0,13.0,38.24,29.0,9.0,31.03,12.0,11.0,91.7,7.0,25.0,32.0,12.0,4.0,18.0,7.0,21.0,74.0,31.0,41.89,45.0,21.0,46.67,29.0,10.0,34.48,16.0,14.0,87.5,18.0,32.0,50.0,23.0,3.0,14.0,11.0,18.0,reverse
2024_0531_219_2745,2024-05-31T00:00:00+00:00,FITOne Wuerzburg Baskets,2745,FC Bayern Muenchen Basketball,219,75,99,visitante,2023-24,1,z9kemJLM,61.0,27.0,44.26,32.0,19.0,59.38,29.0,8.0,27.59,15.0,13.0,86.7,12.0,17.0,29.0,12.0,1.0,11.0,4.0,16.0,72.0,39.0,54.17,49.0,28.0,57.14,23.0,11.0,47.83,10.0,10.0,100.0,15.0,21.0,36.0,25.0,1.0,5.0,5.0,20.0,reverse
2024_0602_2745_219,2024-06-02T00:00:00+00:00,FC Bayern Muenchen Basketball,219,FITOne Wuerzburg Baskets,2745,75,61,local,2023-24,1,WvyRscqp,70.0,43.0,61.43,42.0,32.0,76.19,28.0,11.0,39.29,8.0,8.0,100.0,9.0,21.0,30.0,16.0,0.0,8.0,8.0,16.0,68.0,30.0,44.12,42.0,23.0,54.76,26.0,7.0,26.92,18.0,14.0,77.8,12.0,23.0,35.0,11.0,0.0,15.0,6.0,11.0,reverse
2024_0602_1791_10,2024-06-02T00:00:00+00:00,ALBA Berlin,10,NINERS Chemnitz,1791,72,84,visitante,2023-24,1,MPDx0d5S,63.0,27.0,42.86,39.0,19.0,48.72,24.0,8.0,33.33,17.0,10.0,58.8,12.0,28.0,40.0,16.0,2.0,20.0,5.0,23.0,68.0,34.0,50.0,41.0,27.0,65.85,27.0,7.0,25.93,12.0,9.0,75.0,6.0,27.0,33.0,21.0,2.0,9.0,11.0,22.0,reverse
2024_0604_1791_10,2024-06-04T00:00:00+00:00,ALBA Berlin,10,NINERS Chemnitz,1791,96,85,local,2023-24,1,8WAK1tFU,60.0,32.0,53.33,36.0,20.0,55.56,24.0,12.0,50.0,26.0,20.0,76.9,15.0,28.0,43.0,16.0,8.0,16.0,6.0,13.0,73.0,34.0,46.58,42.0,24.0,57.14,31.0,10.0,32.26,7.0,7.0,100.0,11.0,15.0,26.0,19.0,3.0,11.0,6.0,23.0,reverse
2024_0606_10_1791,2024-06-06T00:00:00+00:00,NINERS Chemnitz,1791,ALBA Berlin,10,84,97,visitante,2023-24,1,SpJQK4ZP,74.0,35.0,47.3,43.0,25.0,58.14,31.0,10.0,32.26,7.0,4.0,57.1,12.0,18.0,30.0,20.0,2.0,14.0,9.0,21.0,63.0,35.0,55.56,35.0,23.0,65.71,28.0,12.0,42.86,18.0,15.0,83.3,10.0,28.0,38.0,21.0,4.0,17.0,7.0,13.0,reverse
2024_0608_219_10,2024-06-08T00:00:00+00:00,ALBA Berlin,10,FC Bayern Muenchen Basketball,219,67,79,visitante,2023-24,1,rcTPvbgK,48.0,23.0,47.92,19.0,12.0,63.16,29.0,11.0,37.93,12.0,10.0,83.3,3.0,27.0,30.0,17.0,2.0,20.0,1.0,15.0,62.0,30.0,48.39,33.0,17.0,51.52,29.0,13.0,44.83,9.0,6.0,66.7,5.0,22.0,27.0,20.0,2.0,8.0,11.0,16.0,reverse
2024_0610_219_10,2024-06-10T00:00:00+00:00,ALBA Berlin,10,FC Bayern Muenchen Basketball,219,79,70,local,2023-24,1,2sAdZyHs,60.0,26.0,43.33,29.0,15.0,51.72,31.0,11.0,35.48,25.0,16.0,64.0,13.0,26.0,39.0,21.0,2.0,12.0,8.0,15.0,60.0,25.0,41.67,31.0,15.0,48.39,29.0,10.0,34.48,10.0,10.0,100.0,8.0,23.0,31.0,15.0,2.0,13.0,6.0,25.0,reverse
2024_0612_10_219,2024-06-12T00:00:00+00:00,FC Bayern Muenchen Basketball,219,ALBA Berlin,10,67,63,local,2023-24,1,ze84XFof,59.0,23.0,38.98,20.0,8.0,40.0,39.0,15.0,38.46,9.0,6.0,66.7,13.0,26.0,39.0,16.0,3.0,16.0,8.0,15.0,59.0,24.0,40.68,26.0,14.0,53.85,33.0,10.0,30.3,6.0,5.0,83.3,8.0,23.0,31.0,12.0,4.0,15.0,10.0,17.0,reverse
2024_0614_10_219,2024-06-14T00:00:00+00:00,FC Bayern Muenchen Basketball,219,ALBA Berlin,10,88,82,local,2023-24,1,jujLc2Hd,57.0,26.0,45.61,23.0,13.0,56.52,34.0,13.0,38.24,24.0,23.0,95.8,9.0,25.0,34.0,13.0,4.0,13.0,7.0,21.0,65.0,29.0,44.62,36.0,21.0,58.33,29.0,8.0,27.59,20.0,16.0,80.0,12.0,25.0,37.0,17.0,4.0,15.0,7.0,22.0,reverse
2024_0920_219_1791,2024-09-20T00:00:00+00:00,NINERS Chemnitz,1791,FC Bayern Muenchen Basketball,219,59,73,visitante,2024-25,0,8rX5DJU1,59.0,24.0,40.68,33.0,15.0,45.45,26.0,9.0,34.62,3.0,2.0,66.7,7.0,19.0,26.0,19.0,2.0,20.0,10.0,21.0,55.0,23.0,41.82,30.0,18.0,60.0,25.0,5.0,20.0,28.0,22.0,78.6,13.0,27.0,40.0,14.0,3.0,18.0,12.0,14.0,reverse
2024_0921_1634_215,2024-09-21T00:00:00+00:00,MLP Academics Heidelberg,215,EWE Baskets Oldenburg,1634,82,105,visitante,2024-25,0,nchAiHjo,57.0,29.0,50.88,36.0,23.0,63.89,21.0,6.0,28.57,25.0,18.0,72.0,9.0,16.0,25.0,12.0,3.0,20.0,12.0,26.0,63.0,33.0,52.38,36.0,26.0,72.22,27.0,7.0,25.93,36.0,32.0,88.9,12.0,21.0,33.0,21.0,1.0,14.0,14.0,22.0,reverse
2024_0921_214_3361,2024-09-21T00:00:00+00:00,Fraport Skyliners Frankfurt,3361,BG Goettingen,214,100,72,local,2024-25,0,p4AdDbD4,65.0,43.0,66.15,44.0,33.0,75.0,21.0,10.0,47.62,8.0,4.0,50.0,5.0,25.0,30.0,23.0,5.0,12.0,10.0,19.0,60.0,25.0,41.67,41.0,19.0,46.34,19.0,6.0,31.58,22.0,16.0,72.7,14.0,17.0,31.0,18.0,1.0,17.0,6.0,15.0,reverse
2024_0922_450_1774,2024-09-22T00:00:00+00:00,Rostock Seawolves,1774,SYNTAINICS MBC Weissenfels,450,87,84,local,2024-25,0,SCBwcwTN,71.0,33.0,46.48,43.0,21.0,48.84,28.0,12.0,42.86,15.0,9.0,60.0,11.0,26.0,37.0,16.0,2.0,8.0,4.0,21.0,76.0,30.0,39.47,42.0,20.0,47.62,34.0,10.0,29.41,18.0,14.0,77.8,18.0,30.0,48.0,21.0,1.0,8.0,3.0,15.0,reverse
2024_0922_132_40,2024-09-22T00:00:00+00:00,Basketball Loewen Braunschweig,40,Bamberg Baskets,132,96,77,local,2024-25,0,hUD4BxrH,66.0,32.0,48.48,40.0,26.0,65.0,26.0,6.0,23.08,33.0,26.0,78.8,16.0,31.0,47.0,13.0,1.0,14.0,10.0,17.0,73.0,29.0,39.73,46.0,21.0,45.65,27.0,8.0,29.63,16.0,11.0,68.8,14.0,19.0,33.0,10.0,1.0,13.0,6.0,26.0,reverse
2024_0922_1791_127,2024-09-22T00:00:00+00:00,Ratiopharm Ulm,127,NINERS Chemnitz,1791,90,86,local,2024-25,0,Eq2D9GCT,60.0,32.0,53.33,37.0,24.0,64.86,23.0,8.0,34.78,23.0,18.0,78.3,8.0,21.0,29.0,15.0,2.0,15.0,10.0,19.0,59.0,29.0,49.15,34.0,23.0,67.65,25.0,6.0,24.0,29.0,22.0,75.9,9.0,22.0,31.0,23.0,2.0,15.0,10.0,20.0,reverse
2024_0922_19629_10,2024-09-22T00:00:00+00:00,ALBA Berlin,10,Veolia Towers Hamburg,19629,80,97,visitante,2024-25,0,0zNTB6gc,66.0,32.0,48.48,44.0,25.0,56.82,22.0,7.0,31.82,10.0,9.0,90.0,15.0,21.0,36.0,18.0,1.0,20.0,4.0,18.0,67.0,36.0,53.73,34.0,23.0,67.65,33.0,13.0,39.39,16.0,12.0,75.0,9.0,20.0,29.0,23.0,3.0,9.0,11.0,21.0,reverse
2024_0922_41_219,2024-09-22T00:00:00+00:00,FC Bayern Muenchen Basketball,219,MHP Riesen Ludwigsburg,41,70,78,visitante,2024-25,0,pShq4fzi,55.0,23.0,41.82,28.0,18.0,64.29,27.0,5.0,18.52,21.0,19.0,90.5,9.0,32.0,41.0,13.0,4.0,20.0,4.0,23.0,70.0,28.0,40.0,43.0,22.0,51.16,27.0,6.0,22.22,25.0,16.0,64.0,13.0,25.0,38.0,16.0,0.0,8.0,12.0,23.0,reverse
2024_0925_2457_1510,2024-09-25T00:00:00+00:00,Telekom Baskets Bonn,1510,Rasta Vechta,2457,75,83,visitante,2024-25,0,viudFKrh,77.0,26.0,33.77,46.0,17.0,36.96,31.0,9.0,29.03,15.0,14.0,93.3,11.0,30.0,41.0,16.0,3.0,8.0,9.0,22.0,68.0,34.0,50.0,50.0,29.0,58.0,18.0,5.0,27.78,19.0,10.0,52.6,8.0,39.0,47.0,15.0,3.0,13.0,3.0,13.0,reverse
2024_0928_10_1634,2024-09-28T00:00:00+00:00,EWE Baskets Oldenburg,1634,ALBA Berlin,10,70,105,visitante,2024-25,0,UFEp8OhM,67.0,25.0,37.31,35.0,16.0,45.71,32.0,9.0,28.13,14.0,11.0,78.6,17.0,21.0,38.0,16.0,1.0,24.0,5.0,35.0,59.0,31.0,52.54,41.0,23.0,56.1,18.0,8.0,44.44,44.0,35.0,79.5,10.0,26.0,36.0,26.0,3.0,9.0,15.0,14.0,reverse
2024_0928_127_2745,2024-09-28T00:00:00+00:00,FITOne Wuerzburg Baskets,2745,Ratiopharm Ulm,127,76,85,visitante,2024-25,0,YmLyApO9,58.0,26.0,44.83,29.0,16.0,55.17,29.0,10.0,34.48,17.0,14.0,82.4,11.0,28.0,39.0,13.0,4.0,18.0,7.0,25.0,59.0,26.0,44.07,27.0,13.0,48.15,32.0,13.0,40.63,27.0,20.0,74.1,9.0,21.0,30.0,19.0,3.0,9.0,6.0,19.0,reverse
2024_0928_1510_450,2024-09-28T00:00:00+00:00,SYNTAINICS MBC Weissenfels,450,Telekom Baskets Bonn,1510,80,95,visitante,2024-25,0,MDgP0tod,61.0,31.0,50.82,36.0,22.0,61.11,25.0,9.0,36.0,12.0,9.0,75.0,10.0,17.0,27.0,19.0,4.0,9.0,2.0,15.0,70.0,38.0,54.29,41.0,26.0,63.41,29.0,12.0,41.38,9.0,7.0,77.8,13.0,21.0,34.0,12.0,2.0,7.0,6.0,18.0,reverse
2024_0928_1774_214,2024-09-28T00:00:00+00:00,BG Goettingen,214,Rostock Seawolves,1774,74,102,visitante,2024-25,0,0b5G22Gq,68.0,26.0,38.24,39.0,20.0,51.28,29.0,6.0,20.69,23.0,16.0,69.6,11.0,18.0,29.0,13.0,0.0,10.0,10.0,16.0,61.0,37.0,60.66,47.0,27.0,57.45,14.0,10.0,71.43,23.0,18.0,78.3,8.0,31.0,39.0,26.0,3.0,13.0,4.0,21.0,reverse
2024_0929_219_19629,2024-09-29T00:00:00+00:00,Veolia Towers Hamburg,19629,FC Bayern Muenchen Basketball,219,80,81,visitante,2024-25,0,SAtBOqw3,55.0,30.0,54.55,26.0,16.0,61.54,29.0,14.0,48.28,12.0,6.0,50.0,3.0,28.0,31.0,21.0,1.0,16.0,6.0,23.0,75.0,27.0,36.0,42.0,17.0,40.48,33.0,10.0,30.3,21.0,17.0,81.0,22.0,26.0,48.0,17.0,1.0,11.0,8.0,16.0,reverse
2024_0929_215_2457,2024-09-29T00:00:00+00:00,Rasta Vechta,2457,MLP Academics Heidelberg,215,74,80,visitante,2024-25,0,OxzKMN7F,59.0,28.0,47.46,32.0,18.0,56.25,27.0,10.0,37.04,13.0,8.0,61.5,8.0,26.0,34.0,13.0,4.0,19.0,5.0,18.0,71.0,32.0,45.07,48.0,26.0,54.17,23.0,6.0,26.09,12.0,10.0,83.3,12.0,24.0,36.0,11.0,5.0,11.0,11.0,22.0,reverse
2024_0929_3361_132,2024-09-29T00:00:00+00:00,Bamberg Baskets,132,Fraport Skyliners Frankfurt,3361,66,58,local,2024-25,0,djYRK1xS,60.0,23.0,38.33,41.0,19.0,46.34,19.0,4.0,21.05,23.0,16.0,69.6,17.0,29.0,46.0,10.0,1.0,18.0,9.0,16.0,65.0,24.0,36.92,41.0,18.0,43.9,24.0,6.0,25.0,6.0,4.0,66.7,11.0,23.0,34.0,11.0,3.0,14.0,8.0,26.0,reverse
2024_0930_40_41,2024-09-30T00:00:00+00:00,MHP Riesen Ludwigsburg,41,Basketball Loewen Braunschweig,40,71,91,visitante,2024-25,0,GzFbFu0k,68.0,25.0,36.76,50.0,20.0,40.0,18.0,5.0,27.78,21.0,16.0,76.2,16.0,20.0,36.0,10.0,5.0,20.0,14.0,26.0,57.0,33.0,57.89,36.0,22.0,61.11,21.0,11.0,52.38,20.0,14.0,70.0,6.0,29.0,35.0,17.0,6.0,23.0,8.0,23.0,reverse
2024_1002_41_1774,2024-10-02T00:00:00+00:00,Rostock Seawolves,1774,MHP Riesen Ludwigsburg,41,64,70,visitante,2024-25,0,fwxQIE6s,58.0,24.0,41.38,31.0,18.0,58.06,27.0,6.0,22.22,10.0,10.0,100.0,9.0,33.0,42.0,11.0,2.0,18.0,1.0,20.0,66.0,24.0,36.36,35.0,15.0,42.86,31.0,9.0,29.03,18.0,13.0,72.2,10.0,25.0,35.0,13.0,1.0,7.0,7.0,13.0,reverse
2024_1003_450_215,2024-10-03T00:00:00+00:00,MLP Academics Heidelberg,215,SYNTAINICS MBC Weissenfels,450,108,93,local,2024-25,0,OITtFW56,60.0,37.0,61.67,40.0,24.0,60.0,20.0,13.0,65.0,26.0,21.0,80.8,9.0,19.0,28.0,18.0,4.0,10.0,8.0,23.0,60.0,29.0,48.33,37.0,18.0,48.65,23.0,11.0,47.83,29.0,24.0,82.8,14.0,16.0,30.0,14.0,3.0,14.0,5.0,25.0,reverse
2024_1005_1774_2745,2024-10-05T00:00:00+00:00,FITOne Wuerzburg Baskets,2745,Rostock Seawolves,1774,92,65,local,2024-25,0,ARyUzESP,66.0,33.0,50.0,38.0,22.0,57.89,28.0,11.0,39.29,19.0,15.0,78.9,12.0,18.0,30.0,15.0,2.0,9.0,9.0,20.0,53.0,23.0,43.4,32.0,15.0,46.88,21.0,8.0,38.1,14.0,11.0,78.6,13.0,22.0,35.0,14.0,2.0,24.0,5.0,20.0,reverse
2024_1005_40_215,2024-10-05T00:00:00+00:00,MLP Academics Heidelberg,215,Basketball Loewen Braunschweig,40,72,65,local,2024-25,0,2PG8TVKa,59.0,24.0,40.68,35.0,15.0,42.86,24.0,9.0,37.5,19.0,15.0,78.9,12.0,29.0,41.0,13.0,5.0,19.0,8.0,18.0,58.0,22.0,37.93,32.0,14.0,43.75,26.0,8.0,30.77,20.0,13.0,65.0,9.0,22.0,31.0,12.0,4.0,15.0,11.0,18.0,reverse
2024_1005_127_41,2024-10-05T00:00:00+00:00,MHP Riesen Ludwigsburg,41,Ratiopharm Ulm,127,62,63,visitante,2024-25,0,faD0Vijm,74.0,23.0,31.08,48.0,16.0,33.33,26.0,7.0,26.92,16.0,9.0,56.3,13.0,24.0,37.0,8.0,2.0,7.0,6.0,20.0,56.0,21.0,37.5,31.0,12.0,38.71,25.0,9.0,36.0,21.0,12.0,57.1,13.0,38.0,51.0,13.0,3.0,20.0,3.0,21.0,reverse
2024_1006_3361_450,2024-10-06T00:00:00+00:00,SYNTAINICS MBC Weissenfels,450,Fraport Skyliners Frankfurt,3361,79,69,local,2024-25,0,dO9HR9kC,56.0,26.0,46.43,31.0,17.0,54.84,25.0,9.0,36.0,22.0,18.0,81.8,7.0,20.0,27.0,17.0,1.0,12.0,8.0,18.0,52.0,25.0,48.08,31.0,17.0,54.84,21.0,8.0,38.1,15.0,11.0,73.3,9.0,24.0,33.0,19.0,1.0,21.0,3.0,19.0,reverse
2024_1006_214_219,2024-10-06T00:00:00+00:00,FC Bayern Muenchen Basketball,219,BG Goettingen,214,95,81,local,2024-25,0,Uy8PPmKO,59.0,28.0,47.46,29.0,18.0,62.07,30.0,10.0,33.33,32.0,29.0,90.6,12.0,27.0,39.0,26.0,3.0,12.0,8.0,18.0,63.0,31.0,49.21,34.0,23.0,67.65,29.0,8.0,27.59,16.0,11.0,68.8,7.0,21.0,28.0,19.0,2.0,13.0,11.0,27.0,reverse
2024_1006_1510_10,2024-10-06T00:00:00+00:00,ALBA Berlin,10,Telekom Baskets Bonn,1510,87,91,visitante,2024-25,0,GStrrVZh,68.0,35.0,51.47,49.0,30.0,61.22,19.0,5.0,26.32,20.0,12.0,60.0,18.0,17.0,35.0,26.0,3.0,11.0,9.0,16.0,56.0,31.0,55.36,29.0,18.0,62.07,27.0,13.0,48.15,20.0,16.0,80.0,9.0,18.0,27.0,21.0,4.0,12.0,7.0,20.0,reverse
2024_1006_1791_2457,2024-10-06T00:00:00+00:00,Rasta Vechta,2457,NINERS Chemnitz,1791,77,88,visitante,2024-25,0,82wzpi5t,58.0,26.0,44.83,33.0,16.0,48.48,25.0,10.0,40.0,17.0,15.0,88.2,8.0,22.0,30.0,10.0,5.0,20.0,5.0,25.0,65.0,32.0,49.23,39.0,23.0,58.97,26.0,9.0,34.62,23.0,15.0,65.2,12.0,25.0,37.0,17.0,1.0,11.0,10.0,23.0,reverse
2024_1007_19629_1634,2024-10-07T00:00:00+00:00,EWE Baskets Oldenburg,1634,Veolia Towers Hamburg,19629,78,87,visitante,2024-25,0,,,,,,,,,,,,,,,,,,,,,,,,,,,,,,,,,,,,,,,,,,
2024_1018_2745_19629,2024-10-18T00:00:00+00:00,Veolia Towers Hamburg,19629,FITOne Wuerzburg Baskets,2745,85,91,visitante,2024-25,0,A9rbvmZH,59.0,26.0,44.07,27.0,13.0,48.15,32.0,13.0,40.63,26.0,20.0,76.9,10.0,24.0,34.0,19.0,6.0,17.0,7.0,26.0,70.0,29.0,41.43,41.0,19.0,46.34,29.0,10.0,34.48,26.0,23.0,88.5,18.0,25.0,43.0,12.0,5.0,12.0,10.0,23.0,reverse
2024_1019_1634_127,2024-10-19T00:00:00+00:00,Ratiopharm Ulm,127,EWE Baskets Oldenburg,1634,66,93,visitante,2024-25,0,6yx7xR3U,58.0,19.0,32.76,30.0,12.0,40.0,28.0,7.0,25.0,28.0,21.0,75.0,14.0,23.0,37.0,12.0,5.0,20.0,7.0,27.0,71.0,31.0,43.66,45.0,22.0,48.89,26.0,9.0,34.62,29.0,22.0,75.9,18.0,27.0,45.0,15.0,1.0,14.0,10.0,27.0,reverse
2024_1019_2457_3361,2024-10-19T00:00:00+00:00,Fraport Skyliners Frankfurt,3361,Rasta Vechta,2457,80,74,local,2024-25,0,MmCGdUln,63.0,30.0,47.62,43.0,20.0,46.51,20.0,10.0,50.0,14.0,10.0,71.4,9.0,24.0,33.0,13.0,1.0,12.0,6.0,15.0,60.0,27.0,45.0,31.0,19.0,61.29,29.0,8.0,27.59,18.0,12.0,66.7,10.0,26.0,36.0,15.0,5.0,14.0,4.0,18.0,reverse
2024_1019_41_214,2024-10-19T00:00:00+00:00,BG Goettingen,214,MHP Riesen Ludwigsburg,41,62,91,visitante,2024-25,0,pSdtiQIN,64.0,19.0,29.69,41.0,13.0,31.71,23.0,6.0,26.09,24.0,18.0,75.0,13.0,22.0,35.0,10.0,1.0,14.0,4.0,19.0,63.0,30.0,47.62,38.0,19.0,50.0,25.0,11.0,44.0,31.0,20.0,64.5,13.0,34.0,47.0,22.0,6.0,11.0,9.0,24.0,reverse
2024_1019_450_219,2024-10-19T00:00:00+00:00,FC Bayern Muenchen Basketball,219,SYNTAINICS MBC Weissenfels,450,75,79,visitante,2024-25,0,OC8XhnlB,49.0,18.0,36.73,14.0,7.0,50.0,35.0,11.0,31.43,34.0,28.0,82.4,19.0,25.0,44.0,13.0,4.0,21.0,8.0,18.0,63.0,28.0,44.44,31.0,19.0,61.29,32.0,9.0,28.13,19.0,14.0,73.7,12.0,18.0,30.0,17.0,1.0,12.0,9.0,28.0,reverse
2024_1020_132_1774,2024-10-20T00:00:00+00:00,Rostock Seawolves,1774,Bamberg Baskets,132,89,75,local,2024-25,0,GAmCo4to,59.0,31.0,52.54,37.0,18.0,48.65,22.0,13.0,59.09,18.0,14.0,77.8,5.0,26.0,31.0,23.0,1.0,10.0,4.0,17.0,63.0,27.0,42.86,41.0,17.0,41.46,22.0,10.0,45.45,13.0,11.0,84.6,10.0,22.0,32.0,19.0,2.0,10.0,1.0,19.0,reverse
2024_1020_215_1510,2024-10-20T00:00:00+00:00,Telekom Baskets Bonn,1510,MLP Academics Heidelberg,215,95,76,local,2024-25,0,WIVb97Yi,56.0,31.0,55.36,29.0,17.0,58.62,27.0,14.0,51.85,24.0,19.0,79.2,9.0,36.0,45.0,20.0,4.0,18.0,2.0,20.0,77.0,29.0,37.66,50.0,21.0,42.0,27.0,8.0,29.63,14.0,10.0,71.4,13.0,15.0,28.0,17.0,2.0,5.0,10.0,24.0,reverse
2024_1020_10_1791,2024-10-20T00:00:00+00:00,NINERS Chemnitz,1791,ALBA Berlin,10,81,78,local,2024-25,0,4WT67o34,61.0,29.0,47.54,31.0,17.0,54.84,30.0,12.0,40.0,14.0,11.0,78.6,9.0,19.0,28.0,15.0,3.0,11.0,5.0,19.0,59.0,29.0,49.15,36.0,22.0,61.11,23.0,7.0,30.43,17.0,13.0,76.5,13.0,24.0,37.0,19.0,1.0,14.0,6.0,14.0,reverse
2024_1025_1634_132,2024-10-25T00:00:00+00:00,Bamberg Baskets,132,EWE Baskets Oldenburg,1634,59,67,visitante,2024-25,0,OYq85PXG,57.0,20.0,35.09,39.0,17.0,43.59,18.0,3.0,16.67,26.0,16.0,61.5,8.0,30.0,38.0,11.0,5.0,16.0,10.0,21.0,63.0,20.0,31.75,28.0,9.0,32.14,35.0,11.0,31.43,19.0,16.0,84.2,13.0,30.0,43.0,13.0,2.0,18.0,8.0,24.0,reverse
2024_1026_3361_215,2024-10-26T00:00:00+00:00,MLP Academics Heidelberg,215,Fraport Skyliners Frankfurt,3361,95,72,local,2024-25,0,jm0loen2,54.0,33.0,61.11,25.0,16.0,64.0,29.0,17.0,58.62,13.0,12.0,92.3,3.0,28.0,31.0,22.0,2.0,13.0,4.0,24.0,64.0,27.0,42.19,40.0,22.0,55.0,24.0,5.0,20.83,27.0,13.0,48.1,17.0,17.0,34.0,11.0,1.0,12.0,7.0,18.0,reverse
2024_1026_127_2457,2024-10-26T00:00:00+00:00,Rasta Vechta,2457,Ratiopharm Ulm,127,76,85,visitante,2024-25,0,UXBumHHk,60.0,26.0,43.33,40.0,19.0,47.5,20.0,7.0,35.0,24.0,17.0,70.8,10.0,24.0,34.0,13.0,1.0,13.0,10.0,20.0,71.0,30.0,42.25,38.0,17.0,44.74,33.0,13.0,39.39,19.0,12.0,63.2,18.0,27.0,45.0,15.0,3.0,12.0,4.0,23.0,reverse
2024_1026_19629_450,2024-10-26T00:00:00+00:00,SYNTAINICS MBC Weissenfels,450,Veolia Towers Hamburg,19629,96,75,local,2024-25,0,Ighz9bv9,70.0,39.0,55.71,48.0,32.0,66.67,22.0,7.0,31.82,15.0,11.0,73.3,11.0,17.0,28.0,16.0,1.0,11.0,16.0,21.0,53.0,27.0,50.94,29.0,19.0,65.52,24.0,8.0,33.33,18.0,13.0,72.2,10.0,21.0,31.0,16.0,1.0,24.0,5.0,19.0,reverse
2024_1027_10_40,2024-10-27T00:00:00+00:00,Basketball Loewen Braunschweig,40,ALBA Berlin,10,61,65,visitante,2024-25,0,fZoE1GWr,54.0,23.0,42.59,31.0,18.0,58.06,23.0,5.0,21.74,20.0,10.0,50.0,9.0,27.0,36.0,12.0,4.0,15.0,11.0,22.0,61.0,23.0,37.7,38.0,17.0,44.74,23.0,6.0,26.09,20.0,13.0,65.0,16.0,24.0,40.0,15.0,1.0,16.0,9.0,22.0,reverse
2024_1027_1774_1791,2024-10-27T00:00:00+00:00,NINERS Chemnitz,1791,Rostock Seawolves,1774,68,60,local,2024-25,0,j1uNaf1e,60.0,22.0,36.67,41.0,15.0,36.59,19.0,7.0,36.84,26.0,17.0,65.4,13.0,32.0,45.0,11.0,1.0,14.0,6.0,18.0,64.0,24.0,37.5,39.0,19.0,48.72,25.0,5.0,20.0,14.0,7.0,50.0,12.0,28.0,40.0,11.0,0.0,12.0,5.0,22.0,reverse
2024_1027_219_2745,2024-10-27T00:00:00+00:00,FITOne Wuerzburg Baskets,2745,FC Bayern Muenchen Basketball,219,69,70,visitante,2024-25,0,bRrVcYV7,70.0,26.0,37.14,33.0,17.0,51.52,37.0,9.0,24.32,12.0,8.0,66.7,15.0,27.0,42.0,12.0,1.0,10.0,5.0,18.0,61.0,26.0,42.62,41.0,21.0,51.22,20.0,5.0,25.0,19.0,13.0,68.4,11.0,27.0,38.0,15.0,3.0,9.0,6.0,20.0,reverse
2024_1028_1510_41,2024-10-28T00:00:00+00:00,MHP Riesen Ludwigsburg,41,Telekom Baskets Bonn,1510,89,79,local,2024-25,0,vNLHLyOE,64.0,35.0,54.69,40.0,25.0,62.5,24.0,10.0,41.67,18.0,9.0,50.0,9.0,21.0,30.0,13.0,1.0,11.0,11.0,17.0,56.0,29.0,51.79,27.0,20.0,74.07,29.0,9.0,31.03,17.0,12.0,70.6,8.0,22.0,30.0,16.0,3.0,19.0,7.0,17.0,reverse
2024_1101_1774_3361,2024-11-01T00:00:00+00:00,Fraport Skyliners Frankfurt,3361,Rostock Seawolves,1774,66,83,visitante,2024-25,0,QwKPJFhR,59.0,25.0,42.37,38.0,19.0,50.0,21.0,6.0,28.57,18.0,10.0,55.6,10.0,29.0,39.0,9.0,1.0,13.0,3.0,16.0,71.0,31.0,43.66,40.0,22.0,55.0,31.0,9.0,29.03,17.0,12.0,70.6,14.0,29.0,43.0,19.0,3.0,6.0,9.0,23.0,reverse
2024_1102_215_2745,2024-11-02T00:00:00+00:00,FITOne Wuerzburg Baskets,2745,MLP Academics Heidelberg,215,72,67,local,2024-25,0,pO0dEgGl,60.0,23.0,38.33,36.0,18.0,50.0,24.0,5.0,20.83,25.0,21.0,84.0,15.0,25.0,40.0,4.0,3.0,14.0,6.0,16.0,61.0,25.0,40.98,36.0,21.0,58.33,25.0,4.0,16.0,16.0,13.0,81.3,12.0,24.0,36.0,11.0,4.0,12.0,6.0,30.0,reverse
2024_1102_2457_41,2024-11-02T00:00:00+00:00,MHP Riesen Ludwigsburg,41,Rasta Vechta,2457,77,79,visitante,2024-25,0,E3hDABFD,60.0,28.0,46.67,39.0,19.0,48.72,21.0,9.0,42.86,15.0,12.0,80.0,6.0,23.0,29.0,13.0,2.0,12.0,7.0,25.0,57.0,26.0,45.61,35.0,20.0,57.14,22.0,6.0,27.27,27.0,21.0,77.8,9.0,28.0,37.0,12.0,5.0,14.0,4.0,22.0,forward
2024_1102_127_19629,2024-11-02T00:00:00+00:00,Veolia Towers Hamburg,19629,Ratiopharm Ulm,127,72,82,visitante,2024-25,0,Iya4CXp1,58.0,28.0,48.28,33.0,19.0,57.58,25.0,9.0,36.0,10.0,7.0,70.0,12.0,17.0,29.0,19.0,2.0,18.0,4.0,18.0,60.0,32.0,53.33,37.0,23.0,62.16,23.0,9.0,39.13,10.0,9.0,90.0,10.0,19.0,29.0,14.0,7.0,15.0,10.0,18.0,reverse
2024_1103_10_132,2024-11-03T00:00:00+00:00,Bamberg Baskets,132,ALBA Berlin,10,87,82,local,2024-25,0,vspaYE7K,66.0,34.0,51.52,43.0,25.0,58.14,23.0,9.0,39.13,14.0,10.0,71.4,16.0,27.0,43.0,21.0,1.0,14.0,4.0,22.0,70.0,30.0,42.86,33.0,20.0,60.61,37.0,10.0,27.03,24.0,12.0,50.0,15.0,17.0,32.0,19.0,3.0,6.0,6.0,20.0,forward
2024_1103_214_1791,2024-11-03T00:00:00+00:00,NINERS Chemnitz,1791,BG Goettingen,214,96,88,local,2024-25,0,OELVShVs,68.0,33.0,48.53,41.0,23.0,56.1,27.0,10.0,37.04,24.0,20.0,83.3,12.0,27.0,39.0,17.0,3.0,10.0,7.0,19.0,71.0,34.0,47.89,42.0,26.0,61.9,29.0,8.0,27.59,20.0,12.0,60.0,14.0,23.0,37.0,16.0,2.0,12.0,6.0,23.0,forward
2024_1103_1634_450,2024-11-03T00:00:00+00:00,SYNTAINICS MBC Weissenfels,450,EWE Baskets Oldenburg,1634,92,77,local,2024-25,0,WvPwRWaf,62.0,31.0,50.0,36.0,23.0,63.89,26.0,8.0,30.77,26.0,22.0,84.6,9.0,30.0,39.0,17.0,5.0,11.0,10.0,25.0,66.0,27.0,40.91,28.0,16.0,57.14,38.0,11.0,28.95,18.0,12.0,66.7,11.0,22.0,33.0,17.0,1.0,16.0,7.0,23.0,forward
2024_1103_219_40,2024-11-03T00:00:00+00:00,Basketball Loewen Braunschweig,40,FC Bayern Muenchen Basketball,219,72,90,visitante,2024-25,0,S6InPAU6,60.0,26.0,43.33,33.0,17.0,51.52,27.0,9.0,33.33,13.0,11.0,84.6,9.0,17.0,26.0,13.0,4.0,12.0,10.0,21.0,62.0,31.0,50.0,33.0,18.0,54.55,29.0,13.0,44.83,15.0,15.0,100.0,13.0,25.0,38.0,16.0,3.0,14.0,8.0,15.0,forward
2024_1108_132_2457,2024-11-08T00:00:00+00:00,Rasta Vechta,2457,Bamberg Baskets,132,101,98,local,2024-25,0,0KGfNlaJ,61.0,33.0,54.1,28.0,14.0,50.0,33.0,19.0,57.58,20.0,16.0,80.0,7.0,20.0,27.0,24.0,2.0,13.0,2.0,23.0,64.0,37.0,57.81,44.0,29.0,65.91,20.0,8.0,40.0,22.0,16.0,72.7,9.0,21.0,30.0,22.0,0.0,10.0,8.0,24.0,forward
2024_1109_127_10,2024-11-09T00:00:00+00:00,ALBA Berlin,10,Ratiopharm Ulm,127,96,88,local,2024-25,0,bPD2Pvtm,69.0,34.0,49.28,39.0,23.0,58.97,30.0,11.0,36.67,26.0,17.0,65.4,10.0,27.0,37.0,26.0,3.0,9.0,9.0,20.0,68.0,33.0,48.53,33.0,21.0,63.64,35.0,12.0,34.29,14.0,10.0,71.4,12.0,28.0,40.0,14.0,2.0,17.0,3.0,27.0,forward
2024_1109_215_214,2024-11-09T00:00:00+00:00,BG Goettingen,214,MLP Academics Heidelberg,215,73,95,visitante,2024-25,0,S45JLduC,70.0,24.0,34.29,42.0,18.0,42.86,28.0,6.0,21.43,24.0,19.0,79.2,15.0,25.0,40.0,14.0,1.0,14.0,6.0,21.0,72.0,37.0,51.39,47.0,29.0,61.7,25.0,8.0,32.0,14.0,13.0,92.9,9.0,32.0,41.0,20.0,6.0,10.0,9.0,21.0,forward
2024_1110_40_2745,2024-11-10T00:00:00+00:00,FITOne Wuerzburg Baskets,2745,Basketball Loewen Braunschweig,40,70,53,local,2024-25,0,StNWU0IP,62.0,25.0,40.32,34.0,17.0,50.0,28.0,8.0,28.57,15.0,12.0,80.0,14.0,33.0,47.0,8.0,4.0,13.0,6.0,19.0,61.0,19.0,31.15,41.0,17.0,41.46,20.0,2.0,10.0,18.0,13.0,72.2,10.0,24.0,34.0,9.0,5.0,10.0,6.0,21.0,forward
2024_1110_1510_1774,2024-11-10T00:00:00+00:00,Rostock Seawolves,1774,Telekom Baskets Bonn,1510,64,69,visitante,2024-25,0,8ATnl7eD,61.0,25.0,40.98,35.0,19.0,54.29,26.0,6.0,23.08,15.0,8.0,53.3,11.0,26.0,37.0,15.0,3.0,15.0,9.0,24.0,60.0,22.0,36.67,25.0,10.0,40.0,35.0,12.0,34.29,17.0,13.0,76.5,13.0,26.0,39.0,13.0,2.0,17.0,8.0,18.0,forward
2024_1110_1634_1791,2024-11-10T00:00:00+00:00,NINERS Chemnitz,1791,EWE Baskets Oldenburg,1634,87,78,local,2024-25,0,KxNi3lPp,59.0,33.0,55.93,31.0,21.0,67.74,28.0,12.0,42.86,13.0,9.0,69.2,5.0,30.0,35.0,17.0,3.0,13.0,4.0,19.0,60.0,27.0,45.0,30.0,16.0,53.33,30.0,11.0,36.67,17.0,13.0,76.5,5.0,20.0,25.0,21.0,0.0,8.0,5.0,16.0,forward
2024_1115_19629_215,2024-11-15T00:00:00+00:00,MLP Academics Heidelberg,215,Veolia Towers Hamburg,19629,73,68,local,2024-25,0,GO6fN9GG,57.0,27.0,47.37,37.0,22.0,59.46,20.0,5.0,25.0,15.0,14.0,93.3,5.0,26.0,31.0,16.0,6.0,15.0,8.0,20.0,66.0,26.0,39.39,32.0,19.0,59.38,34.0,7.0,20.59,10.0,9.0,90.0,12.0,23.0,35.0,3.0,0.0,17.0,7.0,22.0,forward
2024_1116_1791_40,2024-11-16T00:00:00+00:00,Basketball Loewen Braunschweig,40,NINERS Chemnitz,1791,82,74,local,2024-25,0,xve3LmoT,50.0,26.0,52.0,29.0,16.0,55.17,21.0,10.0,47.62,24.0,20.0,83.3,6.0,27.0,33.0,16.0,5.0,14.0,8.0,15.0,64.0,27.0,42.19,33.0,19.0,57.58,31.0,8.0,25.81,14.0,12.0,85.7,10.0,20.0,30.0,10.0,3.0,9.0,7.0,19.0,forward
2024_1116_3361_1634,2024-11-16T00:00:00+00:00,EWE Baskets Oldenburg,1634,Fraport Skyliners Frankfurt,3361,102,92,local,2024-25,0,nDtZFR8j,69.0,35.0,50.72,41.0,26.0,63.41,28.0,9.0,32.14,24.0,23.0,95.8,11.0,24.0,35.0,22.0,2.0,19.0,9.0,20.0,64.0,34.0,53.13,32.0,20.0,62.5,32.0,14.0,43.75,15.0,10.0,66.7,8.0,19.0,27.0,17.0,3.0,20.0,9.0,24.0,forward
2024_1116_450_132,2024-11-16T00:00:00+00:00,Bamberg Baskets,132,SYNTAINICS MBC Weissenfels,450,94,99,visitante,2024-25,0,8tAGS4hd,74.0,34.0,45.95,49.0,28.0,57.14,25.0,6.0,24.0,25.0,20.0,80.0,18.0,24.0,42.0,12.0,3.0,13.0,9.0,20.0,65.0,33.0,50.77,38.0,16.0,42.11,27.0,17.0,62.96,21.0,16.0,76.2,8.0,24.0,32.0,20.0,2.0,16.0,8.0,24.0,reverse
2024_1117_1510_219,2024-11-17T00:00:00+00:00,FC Bayern Muenchen Basketball,219,Telekom Baskets Bonn,1510,93,73,local,2024-25,0,2LOLwV0c,61.0,33.0,54.1,30.0,18.0,60.0,31.0,15.0,48.39,14.0,12.0,85.7,11.0,29.0,40.0,26.0,2.0,17.0,8.0,16.0,64.0,26.0,40.63,33.0,17.0,51.52,31.0,9.0,29.03,16.0,12.0,75.0,10.0,18.0,28.0,16.0,1.0,15.0,8.0,18.0,forward
2024_1117_214_127,2024-11-17T00:00:00+00:00,Ratiopharm Ulm,127,BG Goettingen,214,109,70,local,2024-25,0,zZMTy9V9,62.0,38.0,61.29,32.0,23.0,71.88,30.0,15.0,50.0,23.0,18.0,78.3,10.0,29.0,39.0,29.0,3.0,15.0,9.0,16.0,61.0,27.0,44.26,36.0,20.0,55.56,25.0,7.0,28.0,12.0,9.0,75.0,5.0,18.0,23.0,14.0,1.0,18.0,8.0,16.0,forward
2024_1117_10_2457,2024-11-17T00:00:00+00:00,Rasta Vechta,2457,ALBA Berlin,10,96,93,local,2024-25,0,W0Gxzm0M,73.0,36.0,49.32,44.0,24.0,54.55,29.0,12.0,41.38,16.0,12.0,75.0,12.0,23.0,35.0,15.0,1.0,8.0,4.0,22.0,68.0,35.0,51.47,43.0,29.0,67.44,25.0,6.0,24.0,27.0,17.0,63.0,11.0,26.0,37.0,19.0,0.0,10.0,6.0,19.0,forward
2024_1117_2745_41,2024-11-17T00:00:00+00:00,MHP Riesen Ludwigsburg,41,FITOne Wuerzburg Baskets,2745,82,91,visitante,2024-25,0,nRL7UQNq,56.0,25.0,44.64,26.0,15.0,57.69,30.0,10.0,33.33,30.0,22.0,73.3,8.0,14.0,22.0,10.0,1.0,13.0,8.0,28.0,56.0,30.0,53.57,27.0,19.0,70.37,29.0,11.0,37.93,30.0,20.0,66.7,15.0,25.0,40.0,16.0,0.0,20.0,7.0,25.0,forward
2024_1130_2745_1791,2024-11-30T00:00:00+00:00,NINERS Chemnitz,1791,FITOne Wuerzburg Baskets,2745,81,77,local,2024-25,0,4SgJnQqS,53.0,26.0,49.06,23.0,14.0,60.87,30.0,12.0,40.0,25.0,17.0,68.0,9.0,33.0,42.0,21.0,3.0,23.0,5.0,26.0,61.0,25.0,40.98,35.0,19.0,54.29,26.0,6.0,23.08,37.0,21.0,56.8,9.0,20.0,29.0,9.0,0.0,11.0,15.0,22.0,forward
2024_1130_3361_19629,2024-11-30T00:00:00+00:00,Veolia Towers Hamburg,19629,Fraport Skyliners Frankfurt,3361,91,78,local,2024-25,0,WEeBlnFF,60.0,33.0,55.0,31.0,21.0,67.74,29.0,12.0,41.38,19.0,13.0,68.4,4.0,31.0,35.0,24.0,0.0,16.0,10.0,18.0,62.0,28.0,45.16,27.0,18.0,66.67,35.0,10.0,28.57,18.0,12.0,66.7,6.0,27.0,33.0,14.0,1.0,18.0,10.0,17.0,forward
2024_1130_1774_215,2024-11-30T00:00:00+00:00,MLP Academics Heidelberg,215,Rostock Seawolves,1774,86,81,local,2024-25,0,zm22j8p3,54.0,28.0,51.85,40.0,22.0,55.0,14.0,6.0,42.86,31.0,24.0,77.4,14.0,22.0,36.0,12.0,2.0,14.0,7.0,23.0,62.0,31.0,50.0,36.0,21.0,58.33,26.0,10.0,38.46,18.0,9.0,50.0,13.0,12.0,25.0,8.0,4.0,13.0,4.0,28.0,forward
2024_1201_41_10,2024-12-01T00:00:00+00:00,ALBA Berlin,10,MHP Riesen Ludwigsburg,41,60,74,visitante,2024-25,0,rZto1PbL,53.0,18.0,33.96,31.0,14.0,45.16,22.0,4.0,18.18,24.0,20.0,83.3,8.0,31.0,39.0,13.0,3.0,20.0,5.0,25.0,69.0,27.0,39.13,43.0,21.0,48.84,26.0,6.0,23.08,20.0,14.0,70.0,13.0,26.0,39.0,12.0,1.0,11.0,10.0,19.0,forward
2024_1201_450_40,2024-12-01T00:00:00+00:00,Basketball Loewen Braunschweig,40,SYNTAINICS MBC Weissenfels,450,76,70,local,2024-25,0,fD0jurx2,57.0,27.0,47.37,34.0,20.0,58.82,23.0,7.0,30.43,19.0,15.0,78.9,13.0,20.0,33.0,20.0,5.0,17.0,12.0,16.0,58.0,26.0,44.83,32.0,15.0,46.88,26.0,11.0,42.31,8.0,7.0,87.5,13.0,18.0,31.0,17.0,2.0,19.0,11.0,20.0,forward
2024_1201_2457_219,2024-12-01T00:00:00+00:00,FC Bayern Muenchen Basketball,219,Rasta Vechta,2457,77,78,visitante,2024-25,0,z9ww3oU8,64.0,27.0,42.19,35.0,20.0,57.14,29.0,7.0,24.14,20.0,16.0,80.0,17.0,28.0,45.0,16.0,3.0,13.0,5.0,18.0,72.0,31.0,43.06,43.0,21.0,48.84,29.0,10.0,34.48,7.0,6.0,85.7,13.0,22.0,35.0,17.0,1.0,8.0,8.0,24.0,forward
2024_1201_127_1510,2024-12-01T00:00:00+00:00,Telekom Baskets Bonn,1510,Ratiopharm Ulm,127,75,95,visitante,2024-25,0,nmcrs47k,64.0,25.0,39.06,39.0,19.0,48.72,25.0,6.0,24.0,24.0,19.0,79.2,16.0,17.0,33.0,17.0,3.0,17.0,10.0,19.0,58.0,36.0,62.07,36.0,23.0,63.89,22.0,13.0,59.09,11.0,10.0,90.9,6.0,24.0,30.0,19.0,1.0,17.0,10.0,23.0,forward
2024_1202_132_214,2024-12-02T00:00:00+00:00,BG Goettingen,214,Bamberg Baskets,132,97,88,local,2024-25,0,0jNHe3Mr,71.0,35.0,49.3,47.0,26.0,55.32,24.0,9.0,37.5,24.0,18.0,75.0,12.0,28.0,40.0,26.0,5.0,13.0,10.0,21.0,72.0,32.0,44.44,41.0,23.0,56.1,31.0,9.0,29.03,19.0,15.0,78.9,14.0,26.0,40.0,23.0,4.0,13.0,9.0,22.0,forward
2024_1206_1510_1634,2024-12-06T00:00:00+00:00,EWE Baskets Oldenburg,1634,Telekom Baskets Bonn,1510,91,96,visitante,2024-25,0,lvAhyNM8,70.0,32.0,45.71,43.0,25.0,58.14,27.0,7.0,25.93,26.0,20.0,76.9,16.0,28.0,44.0,16.0,1.0,11.0,6.0,20.0,74.0,37.0,50.0,36.0,23.0,63.89,38.0,14.0,36.84,19.0,8.0,42.1,15.0,23.0,38.0,21.0,3.0,8.0,6.0,22.0,forward
2024_1210_3361_2745,2024-12-10T00:00:00+00:00,FITOne Wuerzburg Baskets,2745,Fraport Skyliners Frankfurt,3361,89,70,local,2024-25,0,j5VYGhyf,54.0,28.0,51.85,21.0,12.0,57.14,33.0,16.0,48.48,22.0,17.0,77.3,10.0,25.0,35.0,22.0,2.0,14.0,8.0,17.0,57.0,26.0,45.61,27.0,14.0,51.85,30.0,12.0,40.0,9.0,6.0,66.7,8.0,16.0,24.0,21.0,1.0,14.0,9.0,21.0,forward
2024_1213_40_3361,2024-12-13T00:00:00+00:00,Fraport Skyliners Frankfurt,3361,Basketball Loewen Braunschweig,40,91,92,visitante,2024-25,0,Y3LPgsie,51.0,28.0,54.9,33.0,17.0,51.52,18.0,11.0,61.11,34.0,24.0,70.6,9.0,25.0,34.0,10.0,1.0,20.0,11.0,29.0,55.0,26.0,47.27,31.0,18.0,58.06,24.0,8.0,33.33,41.0,32.0,78.0,10.0,15.0,25.0,17.0,3.0,14.0,9.0,24.0,forward
2024_1214_1510_132,2024-12-14T00:00:00+00:00,Bamberg Baskets,132,Telekom Baskets Bonn,1510,92,73,local,2024-25,0,GQJhcGcm,66.0,32.0,48.48,40.0,21.0,52.5,26.0,11.0,42.31,22.0,17.0,77.3,16.0,39.0,55.0,18.0,8.0,16.0,4.0,20.0,73.0,25.0,34.25,41.0,16.0,39.02,32.0,9.0,28.13,23.0,14.0,60.9,15.0,20.0,35.0,18.0,3.0,7.0,11.0,19.0,forward
2024_1214_215_127,2024-12-14T00:00:00+00:00,Ratiopharm Ulm,127,MLP Academics Heidelberg,215,67,69,visitante,2024-25,0,UVEYiLL7,60.0,26.0,43.33,32.0,18.0,56.25,28.0,8.0,28.57,15.0,7.0,46.7,9.0,30.0,39.0,16.0,2.0,20.0,5.0,17.0,68.0,27.0,39.71,46.0,19.0,41.3,22.0,8.0,36.36,11.0,7.0,63.6,14.0,29.0,43.0,15.0,0.0,16.0,10.0,22.0,forward
2024_1214_19629_2457,2024-12-14T00:00:00+00:00,Rasta Vechta,2457,Veolia Towers Hamburg,19629,69,79,visitante,2024-25,0,dx7KFODE,74.0,25.0,33.78,42.0,18.0,42.86,32.0,7.0,21.88,16.0,12.0,75.0,17.0,30.0,47.0,6.0,7.0,14.0,8.0,23.0,67.0,28.0,41.79,42.0,18.0,42.86,25.0,10.0,40.0,21.0,13.0,61.9,12.0,35.0,47.0,12.0,2.0,15.0,9.0,20.0,forward
2024_1215_1791_41,2024-12-15T00:00:00+00:00,MHP Riesen Ludwigsburg,41,NINERS Chemnitz,1791,69,65,local,2024-25,0,pKQ8gYdC,71.0,23.0,32.39,40.0,17.0,42.5,31.0,6.0,19.35,24.0,17.0,70.8,21.0,24.0,45.0,9.0,3.0,10.0,8.0,21.0,55.0,20.0,36.36,27.0,12.0,44.44,28.0,8.0,28.57,22.0,17.0,77.3,14.0,28.0,42.0,6.0,2.0,21.0,4.0,24.0,forward
2024_1215_214_1634,2024-12-15T00:00:00+00:00,EWE Baskets Oldenburg,1634,BG Goettingen,214,111,94,local,2024-25,0,IXOGiCRO,72.0,36.0,50.0,37.0,22.0,59.46,35.0,14.0,40.0,27.0,25.0,92.6,13.0,28.0,41.0,28.0,1.0,9.0,9.0,24.0,65.0,31.0,47.69,39.0,20.0,51.28,26.0,11.0,42.31,29.0,21.0,72.4,11.0,23.0,34.0,15.0,1.0,13.0,5.0,24.0,forward
2024_1215_219_1774,2024-12-15T00:00:00+00:00,Rostock Seawolves,1774,FC Bayern Muenchen Basketball,219,70,80,visitante,2024-25,0,dbfRBFCt,57.0,27.0,47.37,34.0,18.0,52.94,23.0,9.0,39.13,11.0,7.0,63.6,7.0,30.0,37.0,11.0,1.0,21.0,6.0,26.0,68.0,27.0,39.71,34.0,16.0,47.06,34.0,11.0,32.35,21.0,15.0,71.4,13.0,26.0,39.0,23.0,3.0,13.0,13.0,16.0,forward
2024_1218_41_450,2024-12-18T00:00:00+00:00,SYNTAINICS MBC Weissenfels,450,MHP Riesen Ludwigsburg,41,76,70,local,2024-25,0,8b3nPVo4,51.0,20.0,39.22,22.0,10.0,45.45,29.0,10.0,34.48,29.0,26.0,89.7,8.0,25.0,33.0,16.0,0.0,19.0,13.0,19.0,67.0,25.0,37.31,30.0,18.0,60.0,37.0,7.0,18.92,16.0,11.0,68.8,19.0,23.0,42.0,15.0,3.0,21.0,10.0,25.0,forward
2024_1221_450_2745,2024-12-21T00:00:00+00:00,FITOne Wuerzburg Baskets,2745,SYNTAINICS MBC Weissenfels,450,86,76,local,2024-25,0,2ecZ9gsg,59.0,25.0,42.37,37.0,16.0,43.24,22.0,9.0,40.91,31.0,27.0,87.1,15.0,25.0,40.0,17.0,1.0,16.0,9.0,17.0,64.0,29.0,45.31,40.0,21.0,52.5,24.0,8.0,33.33,13.0,10.0,76.9,11.0,19.0,30.0,18.0,0.0,14.0,7.0,26.0,forward
2024_1221_1774_40,2024-12-21T00:00:00+00:00,Basketball Loewen Braunschweig,40,Rostock Seawolves,1774,80,63,local,2024-25,0,OAor8XB5,67.0,29.0,43.28,39.0,19.0,48.72,28.0,10.0,35.71,17.0,12.0,70.6,14.0,25.0,39.0,13.0,5.0,11.0,9.0,22.0,63.0,23.0,36.51,37.0,16.0,43.24,26.0,7.0,26.92,16.0,10.0,62.5,17.0,27.0,44.0,13.0,1.0,20.0,5.0,25.0,forward
2024_1221_1510_1791,2024-12-21T00:00:00+00:00,NINERS Chemnitz,1791,Telekom Baskets Bonn,1510,88,123,visitante,2024-25,0,Wzkj6BtI,66.0,36.0,54.55,50.0,30.0,60.0,16.0,6.0,37.5,12.0,10.0,83.3,7.0,12.0,19.0,17.0,3.0,15.0,6.0,19.0,66.0,44.0,66.67,30.0,20.0,66.67,36.0,24.0,66.67,14.0,11.0,78.6,9.0,24.0,33.0,23.0,1.0,18.0,8.0,15.0,forward
2024_1221_41_19629,2024-12-21T00:00:00+00:00,Veolia Towers Hamburg,19629,MHP Riesen Ludwigsburg,41,66,73,visitante,2024-25,0,S2ra4kBU,43.0,18.0,41.86,18.0,8.0,44.44,25.0,10.0,40.0,25.0,20.0,80.0,9.0,31.0,40.0,16.0,1.0,27.0,4.0,20.0,80.0,28.0,35.0,41.0,20.0,48.78,39.0,8.0,20.51,15.0,9.0,60.0,24.0,17.0,41.0,11.0,1.0,10.0,10.0,25.0,forward
2024_1222_1634_219,2024-12-22T00:00:00+00:00,FC Bayern Muenchen Basketball,219,EWE Baskets Oldenburg,1634,89,75,local,2024-25,0,2HY9MWQb,59.0,30.0,50.85,26.0,18.0,69.23,33.0,12.0,36.36,27.0,17.0,63.0,9.0,26.0,35.0,23.0,0.0,15.0,9.0,21.0,59.0,27.0,45.76,31.0,18.0,58.06,28.0,9.0,32.14,18.0,12.0,66.7,8.0,23.0,31.0,22.0,0.0,17.0,9.0,19.0,forward
2024_1222_10_214,2024-12-22T00:00:00+00:00,BG Goettingen,214,ALBA Berlin,10,83,109,visitante,2024-25,0,rFI8Ohdn,69.0,29.0,42.03,42.0,20.0,47.62,27.0,9.0,33.33,18.0,16.0,88.9,15.0,18.0,33.0,14.0,1.0,18.0,7.0,19.0,76.0,43.0,56.58,49.0,34.0,69.39,27.0,9.0,33.33,17.0,14.0,82.4,17.0,24.0,41.0,27.0,3.0,11.0,11.0,19.0,forward
2024_1222_132_215,2024-12-22T00:00:00+00:00,MLP Academics Heidelberg,215,Bamberg Baskets,132,68,79,visitante,2024-25,0,AsxIKAeB,67.0,27.0,40.3,44.0,22.0,50.0,23.0,5.0,21.74,14.0,9.0,64.3,10.0,28.0,38.0,19.0,3.0,7.0,4.0,29.0,65.0,25.0,38.46,47.0,18.0,38.3,18.0,7.0,38.89,28.0,22.0,78.6,14.0,31.0,45.0,15.0,3.0,11.0,4.0,19.0,forward
2024_1223_127_3361,2024-12-23T00:00:00+00:00,Fraport Skyliners Frankfurt,3361,Ratiopharm Ulm,127,87,85,local,2024-25,0,WdQQIlQN,67.0,31.0,46.27,39.0,17.0,43.59,28.0,14.0,50.0,16.0,11.0,68.8,12.0,18.0,30.0,17.0,2.0,13.0,9.0,21.0,59.0,30.0,50.85,36.0,22.0,61.11,23.0,8.0,34.78,22.0,17.0,77.3,12.0,25.0,37.0,19.0,3.0,17.0,5.0,21.0,forward
2024_1226_2745_1510,2024-12-26T00:00:00+00:00,Telekom Baskets Bonn,1510,FITOne Wuerzburg Baskets,2745,81,90,visitante,2024-25,0,2uHdDSmo,59.0,26.0,44.07,29.0,15.0,51.72,30.0,11.0,36.67,25.0,18.0,72.0,12.0,26.0,38.0,17.0,2.0,19.0,6.0,21.0,73.0,31.0,42.47,46.0,21.0,45.65,27.0,10.0,37.04,25.0,18.0,72.0,18.0,22.0,40.0,19.0,2.0,11.0,14.0,21.0,forward
2024_1226_3361_41,2024-12-26T00:00:00+00:00,MHP Riesen Ludwigsburg,41,Fraport Skyliners Frankfurt,3361,82,61,local,2024-25,0,zqCjZ9A4,76.0,30.0,39.47,39.0,17.0,43.59,37.0,13.0,35.14,13.0,9.0,69.2,19.0,21.0,40.0,20.0,0.0,3.0,12.0,18.0,43.0,21.0,48.84,21.0,12.0,57.14,22.0,9.0,40.91,20.0,10.0,50.0,5.0,27.0,32.0,14.0,4.0,19.0,2.0,17.0,forward
2024_1226_19629_1774,2024-12-26T00:00:00+00:00,Rostock Seawolves,1774,Veolia Towers Hamburg,19629,92,78,local,2024-25,0,2VDryWuh,74.0,35.0,47.3,38.0,21.0,55.26,36.0,14.0,38.89,11.0,8.0,72.7,16.0,28.0,44.0,12.0,4.0,15.0,9.0,26.0,61.0,23.0,37.7,29.0,12.0,41.38,32.0,11.0,34.38,26.0,21.0,80.8,9.0,21.0,30.0,16.0,5.0,13.0,6.0,16.0,forward
2024_1227_1791_132,2024-12-27T00:00:00+00:00,Bamberg Baskets,132,NINERS Chemnitz,1791,81,80,local,2024-25,0,O8pvQ5Xj,65.0,30.0,46.15,45.0,25.0,55.56,20.0,5.0,25.0,20.0,16.0,80.0,13.0,30.0,43.0,18.0,2.0,16.0,3.0,26.0,72.0,27.0,37.5,45.0,21.0,46.67,27.0,6.0,22.22,25.0,20.0,80.0,15.0,25.0,40.0,9.0,2.0,10.0,8.0,20.0,forward
2024_1227_1634_40,2024-12-27T00:00:00+00:00,Basketball Loewen Braunschweig,40,EWE Baskets Oldenburg,1634,83,82,local,2024-25,0,WA5aXmuH,70.0,28.0,40.0,40.0,19.0,47.5,30.0,9.0,30.0,22.0,18.0,81.8,15.0,27.0,42.0,14.0,9.0,12.0,8.0,22.0,73.0,29.0,39.73,54.0,21.0,38.89,19.0,8.0,42.11,18.0,16.0,88.9,16.0,29.0,45.0,15.0,1.0,13.0,8.0,22.0,forward
2024_1228_10_450,2024-12-28T00:00:00+00:00,SYNTAINICS MBC Weissenfels,450,ALBA Berlin,10,94,76,local,2024-25,0,U5XPm9Pc,59.0,34.0,57.63,36.0,21.0,58.33,23.0,13.0,56.52,18.0,13.0,72.2,6.0,28.0,34.0,28.0,4.0,18.0,12.0,31.0,52.0,22.0,42.31,35.0,19.0,54.29,17.0,3.0,17.65,42.0,29.0,69.0,9.0,21.0,30.0,14.0,1.0,18.0,11.0,20.0,forward
2024_1229_214_1510,2024-12-29T00:00:00+00:00,Telekom Baskets Bonn,1510,BG Goettingen,214,80,67,local,2024-25,0,hnsFRI8e,66.0,28.0,42.42,32.0,21.0,65.63,34.0,7.0,20.59,24.0,17.0,70.8,16.0,25.0,41.0,25.0,3.0,13.0,10.0,25.0,62.0,19.0,30.65,32.0,13.0,40.63,30.0,6.0,20.0,37.0,23.0,62.2,23.0,24.0,47.0,10.0,0.0,18.0,9.0,20.0,forward
2024_1229_1634_2457,2024-12-29T00:00:00+00:00,Rasta Vechta,2457,EWE Baskets Oldenburg,1634,98,91,local,2024-25,0,dKm6Tvvq,66.0,29.0,43.94,36.0,15.0,41.67,30.0,14.0,46.67,30.0,26.0,86.7,10.0,29.0,39.0,13.0,4.0,7.0,6.0,19.0,80.0,37.0,46.25,51.0,26.0,50.98,29.0,11.0,37.93,9.0,6.0,66.7,15.0,31.0,46.0,19.0,2.0,10.0,4.0,23.0,forward
2024_1229_219_3361,2024-12-29T00:00:00+00:00,Fraport Skyliners Frankfurt,3361,FC Bayern Muenchen Basketball,219,84,91,visitante,2024-25,0,CW9wRiHi,64.0,34.0,53.13,35.0,22.0,62.86,29.0,12.0,41.38,10.0,4.0,40.0,7.0,22.0,29.0,14.0,1.0,15.0,5.0,23.0,56.0,32.0,57.14,33.0,23.0,69.7,23.0,9.0,39.13,24.0,18.0,75.0,4.0,24.0,28.0,23.0,1.0,13.0,11.0,16.0,forward
2024_1230_450_1791,2024-12-30T00:00:00+00:00,NINERS Chemnitz,1791,SYNTAINICS MBC Weissenfels,450,82,72,local,2024-25,0,bqpNPdw8,59.0,29.0,49.15,33.0,20.0,60.61,26.0,9.0,34.62,20.0,15.0,75.0,12.0,30.0,42.0,21.0,2.0,16.0,5.0,20.0,60.0,25.0,41.67,32.0,15.0,46.88,28.0,10.0,35.71,17.0,12.0,70.6,7.0,22.0,29.0,17.0,0.0,10.0,9.0,19.0,forward
2024_1230_40_19629,2024-12-30T00:00:00+00:00,Veolia Towers Hamburg,19629,Basketball Loewen Braunschweig,40,86,91,visitante,2024-25,0,lYCFVnRQ,63.0,29.0,46.03,35.0,19.0,54.29,28.0,10.0,35.71,22.0,18.0,81.8,12.0,22.0,34.0,22.0,1.0,15.0,10.0,22.0,66.0,34.0,51.52,39.0,24.0,61.54,27.0,10.0,37.04,22.0,13.0,59.1,14.0,22.0,36.0,21.0,2.0,12.0,9.0,23.0,forward
2024_1230_215_41,2024-12-30T00:00:00+00:00,MHP Riesen Ludwigsburg,41,MLP Academics Heidelberg,215,63,67,visitante,2024-25,0,8IgnQQll,64.0,20.0,31.25,35.0,17.0,48.57,29.0,3.0,10.34,27.0,20.0,74.1,11.0,22.0,33.0,7.0,2.0,7.0,5.0,21.0,59.0,28.0,47.46,40.0,24.0,60.0,19.0,4.0,21.05,15.0,7.0,46.7,13.0,31.0,44.0,12.0,3.0,15.0,2.0,22.0,forward
2024_1230_132_2745,2024-12-30T00:00:00+00:00,FITOne Wuerzburg Baskets,2745,Bamberg Baskets,132,70,82,visitante,2024-25,0,t897X8dE,68.0,24.0,35.29,28.0,13.0,46.43,40.0,11.0,27.5,15.0,11.0,73.3,14.0,26.0,40.0,21.0,1.0,14.0,7.0,20.0,59.0,29.0,49.15,35.0,21.0,60.0,24.0,8.0,33.33,20.0,16.0,80.0,6.0,30.0,36.0,17.0,3.0,12.0,10.0,20.0,forward
2024_1231_1774_10,2024-12-31T00:00:00+00:00,ALBA Berlin,10,Rostock Seawolves,1774,85,96,visitante,2024-25,0,tWifO4J0,63.0,28.0,44.44,42.0,23.0,54.76,21.0,5.0,23.81,30.0,24.0,80.0,10.0,21.0,31.0,11.0,2.0,12.0,6.0,28.0,59.0,29.0,49.15,33.0,21.0,63.64,26.0,8.0,30.77,36.0,30.0,83.3,11.0,28.0,39.0,6.0,1.0,13.0,6.0,28.0,forward
2025_0102_127_132,2025-01-02T00:00:00+00:00,Bamberg Baskets,132,Ratiopharm Ulm,127,77,98,visitante,2024-25,0,rLqrDAzJ,70.0,30.0,42.86,52.0,22.0,42.31,18.0,8.0,44.44,17.0,9.0,52.9,16.0,19.0,35.0,20.0,1.0,15.0,4.0,19.0,66.0,38.0,57.58,42.0,30.0,71.43,24.0,8.0,33.33,22.0,14.0,63.6,9.0,28.0,37.0,22.0,4.0,10.0,8.0,20.0,forward
2025_0103_214_2745,2025-01-03T00:00:00+00:00,FITOne Wuerzburg Baskets,2745,BG Goettingen,214,79,78,local,2024-25,0,nqNfMrlD,62.0,29.0,46.77,32.0,22.0,68.75,30.0,7.0,23.33,21.0,14.0,66.7,14.0,22.0,36.0,15.0,3.0,11.0,10.0,20.0,52.0,25.0,48.08,27.0,14.0,51.85,25.0,11.0,44.0,21.0,17.0,81.0,8.0,22.0,30.0,19.0,2.0,15.0,4.0,20.0,forward
2025_0104_2457_1774,2025-01-04T00:00:00+00:00,Rostock Seawolves,1774,Rasta Vechta,2457,87,83,local,2024-25,0,EkFtpntK,62.0,23.0,37.1,31.0,9.0,29.03,31.0,14.0,45.16,30.0,27.0,90.0,11.0,25.0,36.0,12.0,1.0,10.0,6.0,25.0,62.0,27.0,43.55,36.0,17.0,47.22,26.0,10.0,38.46,20.0,19.0,95.0,10.0,28.0,38.0,13.0,5.0,14.0,4.0,26.0,forward
2025_0104_127_450,2025-01-04T00:00:00+00:00,SYNTAINICS MBC Weissenfels,450,Ratiopharm Ulm,127,89,92,visitante,2024-25,0,bNjDvQ3s,64.0,29.0,45.31,35.0,19.0,54.29,29.0,10.0,34.48,27.0,21.0,77.8,10.0,19.0,29.0,21.0,2.0,10.0,8.0,26.0,52.0,30.0,57.69,33.0,23.0,69.7,19.0,7.0,36.84,34.0,25.0,73.5,7.0,24.0,31.0,21.0,1.0,14.0,5.0,22.0,forward
2025_0104_3361_1791,2025-01-04T00:00:00+00:00,NINERS Chemnitz,1791,Fraport Skyliners Frankfurt,3361,85,66,local,2024-25,0,YaoxZLXI,59.0,29.0,49.15,32.0,16.0,50.0,27.0,13.0,48.15,22.0,14.0,63.6,12.0,24.0,36.0,21.0,3.0,14.0,3.0,23.0,58.0,25.0,43.1,34.0,20.0,58.82,24.0,5.0,20.83,19.0,11.0,57.9,12.0,19.0,31.0,12.0,1.0,17.0,4.0,24.0,forward
2025_0105_219_10,2025-01-05T00:00:00+00:00,ALBA Berlin,10,FC Bayern Muenchen Basketball,219,88,81,local,2024-25,0,l8TOdPPP,63.0,32.0,50.79,34.0,23.0,67.65,29.0,9.0,31.03,20.0,15.0,75.0,9.0,28.0,37.0,21.0,1.0,13.0,10.0,19.0,65.0,26.0,40.0,29.0,14.0,48.28,36.0,12.0,33.33,21.0,17.0,81.0,12.0,24.0,36.0,23.0,2.0,14.0,8.0,19.0,forward
2025_0105_1510_40,2025-01-05T00:00:00+00:00,Basketball Loewen Braunschweig,40,Telekom Baskets Bonn,1510,74,94,visitante,2024-25,0,0nmUzr36,69.0,26.0,37.68,40.0,21.0,52.5,29.0,5.0,17.24,24.0,17.0,70.8,17.0,27.0,44.0,14.0,2.0,16.0,7.0,21.0,69.0,32.0,46.38,42.0,26.0,61.9,27.0,6.0,22.22,29.0,24.0,82.8,12.0,30.0,42.0,18.0,4.0,11.0,8.0,23.0,forward
2025_0105_41_1634,2025-01-05T00:00:00+00:00,EWE Baskets Oldenburg,1634,MHP Riesen Ludwigsburg,41,70,64,local,2024-25,0,6mfLx4Yg,64.0,22.0,34.38,35.0,17.0,48.57,29.0,5.0,17.24,31.0,21.0,67.7,19.0,32.0,51.0,17.0,3.0,18.0,7.0,18.0,76.0,27.0,35.53,40.0,20.0,50.0,36.0,7.0,19.44,13.0,3.0,23.1,20.0,26.0,46.0,8.0,1.0,15.0,9.0,26.0,forward
2025_0106_19629_132,2025-01-06T00:00:00+00:00,Bamberg Baskets,132,Veolia Towers Hamburg,19629,80,83,visitante,2024-25,0,Yoh2TQmC,74.0,32.0,43.24,39.0,23.0,58.97,35.0,9.0,25.71,13.0,7.0,53.8,16.0,25.0,41.0,14.0,0.0,16.0,13.0,23.0,64.0,30.0,46.88,31.0,21.0,67.74,33.0,9.0,27.27,22.0,14.0,63.6,13.0,29.0,42.0,22.0,3.0,20.0,11.0,20.0,forward
2025_0110_1510_19629,2025-01-10T00:00:00+00:00,Veolia Towers Hamburg,19629,Telekom Baskets Bonn,1510,91,84,local,2024-25,0,KjKfi3mm,66.0,34.0,51.52,45.0,28.0,62.22,21.0,6.0,28.57,22.0,17.0,77.3,11.0,33.0,44.0,14.0,3.0,14.0,5.0,18.0,75.0,30.0,40.0,34.0,18.0,52.94,41.0,12.0,29.27,18.0,12.0,66.7,15.0,23.0,38.0,15.0,4.0,9.0,8.0,20.0,forward
2025_0111_40_214,2025-01-11T00:00:00+00:00,BG Goettingen,214,Basketball Loewen Braunschweig,40,86,107,visitante,2024-25,0,t683ksIa,71.0,33.0,46.48,42.0,25.0,59.52,29.0,8.0,27.59,18.0,12.0,66.7,9.0,21.0,30.0,16.0,2.0,12.0,4.0,22.0,66.0,38.0,57.58,43.0,29.0,67.44,23.0,9.0,39.13,25.0,22.0,88.0,9.0,30.0,39.0,22.0,4.0,13.0,8.0,21.0,forward
2025_0111_2745_1634,2025-01-11T00:00:00+00:00,EWE Baskets Oldenburg,1634,FITOne Wuerzburg Baskets,2745,96,85,local,2024-25,0,SM6BmLnC,70.0,33.0,47.14,43.0,26.0,60.47,27.0,7.0,25.93,29.0,23.0,79.3,15.0,21.0,36.0,15.0,1.0,7.0,8.0,21.0,63.0,30.0,47.62,30.0,17.0,56.67,33.0,13.0,39.39,21.0,12.0,57.1,15.0,25.0,40.0,16.0,4.0,14.0,2.0,22.0,forward
2025_0111_1774_127,2025-01-11T00:00:00+00:00,Ratiopharm Ulm,127,Rostock Seawolves,1774,82,72,local,2024-25,0,v1zU522t,69.0,27.0,39.13,36.0,17.0,47.22,33.0,10.0,30.3,20.0,18.0,90.0,11.0,33.0,44.0,15.0,5.0,13.0,8.0,23.0,66.0,25.0,37.88,40.0,16.0,40.0,26.0,9.0,34.62,23.0,13.0,56.5,13.0,30.0,43.0,11.0,1.0,14.0,10.0,19.0,forward
2025_0111_450_2457,2025-01-11T00:00:00+00:00,Rasta Vechta,2457,SYNTAINICS MBC Weissenfels,450,87,79,local,2024-25,0,Ol0KoaHO,59.0,23.0,38.98,33.0,13.0,39.39,26.0,10.0,38.46,42.0,31.0,73.8,13.0,27.0,40.0,18.0,4.0,11.0,3.0,23.0,63.0,29.0,46.03,36.0,21.0,58.33,27.0,8.0,29.63,21.0,13.0,61.9,11.0,28.0,39.0,10.0,1.0,14.0,5.0,34.0,forward
2025_0112_10_3361,2025-01-12T00:00:00+00:00,Fraport Skyliners Frankfurt,3361,ALBA Berlin,10,61,75,visitante,2024-25,0,zTTx4tXh,57.0,22.0,38.6,32.0,17.0,53.13,25.0,5.0,20.0,16.0,12.0,75.0,9.0,28.0,37.0,14.0,5.0,26.0,12.0,20.0,71.0,28.0,39.44,41.0,21.0,51.22,30.0,7.0,23.33,16.0,12.0,75.0,16.0,23.0,39.0,20.0,3.0,18.0,10.0,21.0,forward
2025_0112_132_41,2025-01-12T00:00:00+00:00,MHP Riesen Ludwigsburg,41,Bamberg Baskets,132,92,73,local,2024-25,0,Sznp2K15,68.0,29.0,42.65,42.0,23.0,54.76,26.0,6.0,23.08,42.0,28.0,66.7,21.0,29.0,50.0,16.0,3.0,8.0,11.0,23.0,57.0,24.0,42.11,34.0,15.0,44.12,23.0,9.0,39.13,24.0,16.0,66.7,9.0,23.0,32.0,19.0,2.0,16.0,5.0,30.0,forward
2025_0112_219_215,2025-01-12T00:00:00+00:00,MLP Academics Heidelberg,215,FC Bayern Muenchen Basketball,219,59,87,visitante,2024-25,0,CW3gVnJa,59.0,20.0,33.9,38.0,14.0,36.84,21.0,6.0,28.57,18.0,13.0,72.2,7.0,18.0,25.0,17.0,1.0,15.0,12.0,24.0,51.0,29.0,56.86,25.0,17.0,68.0,26.0,12.0,46.15,26.0,17.0,65.4,8.0,31.0,39.0,14.0,2.0,20.0,4.0,21.0,forward
2025_0117_19629_1791,2025-01-17T00:00:00+00:00,NINERS Chemnitz,1791,Veolia Towers Hamburg,19629,69,60,local,2024-25,0,AcpD5g8c,57.0,25.0,43.86,33.0,18.0,54.55,24.0,7.0,29.17,14.0,12.0,85.7,6.0,38.0,44.0,13.0,5.0,17.0,5.0,20.0,75.0,24.0,32.0,45.0,20.0,44.44,30.0,4.0,13.33,14.0,8.0,57.1,16.0,25.0,41.0,14.0,3.0,10.0,5.0,19.0,forward
2025_0118_215_10,2025-01-18T00:00:00+00:00,ALBA Berlin,10,MLP Academics Heidelberg,215,92,65,local,2024-25,0,2DbM1B7M,65.0,28.0,43.08,36.0,18.0,50.0,29.0,10.0,34.48,31.0,26.0,83.9,17.0,32.0,49.0,20.0,2.0,13.0,7.0,19.0,59.0,21.0,35.59,35.0,12.0,34.29,24.0,9.0,37.5,18.0,14.0,77.8,10.0,20.0,30.0,10.0,1.0,16.0,7.0,32.0,forward
2025_0118_1634_1774,2025-01-18T00:00:00+00:00,Rostock Seawolves,1774,EWE Baskets Oldenburg,1634,122,118,local,2024-25,0,YekhdkVq,88.0,40.0,45.45,38.0,26.0,68.42,50.0,14.0,28.0,31.0,28.0,90.3,13.0,31.0,44.0,18.0,3.0,14.0,12.0,32.0,81.0,38.0,46.91,45.0,22.0,48.89,36.0,16.0,44.44,34.0,26.0,76.5,13.0,35.0,48.0,23.0,2.0,17.0,7.0,27.0,forward
2025_0118_214_450,2025-01-18T00:00:00+00:00,SYNTAINICS MBC Weissenfels,450,BG Goettingen,214,93,91,local,2024-25,0,rBrL3XxA,60.0,33.0,55.0,37.0,25.0,67.57,23.0,8.0,34.78,22.0,19.0,86.4,7.0,23.0,30.0,19.0,4.0,16.0,7.0,23.0,60.0,30.0,50.0,29.0,16.0,55.17,31.0,14.0,45.16,23.0,17.0,73.9,11.0,23.0,34.0,19.0,2.0,17.0,4.0,21.0,forward
2025_0119_127_40,2025-01-19T00:00:00+00:00,Basketball Loewen Braunschweig,40,Ratiopharm Ulm,127,98,99,visitante,2024-25,0,fBw1fTad,60.0,35.0,58.33,36.0,24.0,66.67,24.0,11.0,45.83,28.0,17.0,60.7,8.0,26.0,34.0,21.0,8.0,13.0,4.0,26.0,77.0,32.0,41.56,52.0,27.0,51.92,25.0,5.0,20.0,28.0,20.0,71.4,22.0,23.0,45.0,12.0,4.0,12.0,6.0,27.0,forward
2025_0119_3361_1510,2025-01-19T00:00:00+00:00,Telekom Baskets Bonn,1510,Fraport Skyliners Frankfurt,3361,70,77,visitante,2024-25,0,MHVnIWi3,70.0,23.0,32.86,35.0,13.0,37.14,35.0,10.0,28.57,18.0,14.0,77.8,16.0,23.0,39.0,19.0,3.0,15.0,8.0,22.0,61.0,26.0,42.62,37.0,17.0,45.95,24.0,9.0,37.5,24.0,16.0,66.7,15.0,34.0,49.0,15.0,3.0,21.0,6.0,19.0,forward
2025_0120_2457_2745,2025-01-20T00:00:00+00:00,FITOne Wuerzburg Baskets,2745,Rasta Vechta,2457,74,86,visitante,2024-25,0,GGOeGAMF,62.0,25.0,40.32,33.0,16.0,48.48,29.0,9.0,31.03,23.0,15.0,65.2,17.0,24.0,41.0,11.0,3.0,18.0,5.0,22.0,62.0,27.0,43.55,27.0,14.0,51.85,35.0,13.0,37.14,24.0,19.0,79.2,13.0,23.0,36.0,14.0,5.0,12.0,8.0,23.0,forward
2025_0124_1791_2457,2025-01-24T00:00:00+00:00,Rasta Vechta,2457,NINERS Chemnitz,1791,89,66,local,2024-25,0,lUM3EliS,67.0,33.0,49.25,52.0,25.0,48.08,15.0,8.0,53.33,20.0,15.0,75.0,9.0,26.0,35.0,16.0,1.0,9.0,11.0,20.0,63.0,21.0,33.33,40.0,15.0,37.5,23.0,6.0,26.09,20.0,18.0,90.0,12.0,28.0,40.0,6.0,2.0,18.0,5.0,23.0,forward
2025_0125_450_214,2025-01-25T00:00:00+00:00,BG Goettingen,214,SYNTAINICS MBC Weissenfels,450,80,94,visitante,2024-25,0,Gv7r76q2,65.0,27.0,41.54,37.0,20.0,54.05,28.0,7.0,25.0,25.0,19.0,76.0,11.0,23.0,34.0,12.0,2.0,7.0,4.0,22.0,60.0,33.0,55.0,30.0,22.0,73.33,30.0,11.0,36.67,21.0,17.0,81.0,7.0,29.0,36.0,23.0,6.0,9.0,3.0,24.0,forward
2025_0125_40_41,2025-01-25T00:00:00+00:00,MHP Riesen Ludwigsburg,41,Basketball Loewen Braunschweig,40,69,83,visitante,2024-25,0,dzpVU9y9,78.0,24.0,30.77,52.0,22.0,42.31,26.0,2.0,7.69,28.0,19.0,67.9,28.0,29.0,57.0,7.0,3.0,10.0,7.0,27.0,54.0,26.0,48.15,26.0,17.0,65.38,28.0,9.0,32.14,30.0,22.0,73.3,5.0,31.0,36.0,18.0,5.0,11.0,6.0,25.0,forward
2025_0125_1510_127,2025-01-25T00:00:00+00:00,Ratiopharm Ulm,127,Telekom Baskets Bonn,1510,84,75,local,2024-25,0,8E3z9SEk,62.0,31.0,50.0,37.0,22.0,59.46,25.0,9.0,36.0,20.0,13.0,65.0,14.0,28.0,42.0,19.0,3.0,21.0,12.0,23.0,67.0,26.0,38.81,36.0,15.0,41.67,31.0,11.0,35.48,21.0,12.0,57.1,17.0,19.0,36.0,14.0,2.0,20.0,11.0,24.0,forward
2025_0126_132_219,2025-01-26T00:00:00+00:00,FC Bayern Muenchen Basketball,219,Bamberg Baskets,132,84,82,local,2024-25,0,lnv9NRTr,62.0,27.0,43.55,33.0,16.0,48.48,29.0,11.0,37.93,25.0,19.0,76.0,10.0,22.0,32.0,20.0,1.0,12.0,6.0,23.0,66.0,29.0,43.94,44.0,22.0,50.0,22.0,7.0,31.82,22.0,15.0,68.2,15.0,24.0,39.0,22.0,3.0,14.0,8.0,24.0,forward
2025_0126_2745_19629,2025-01-26T00:00:00+00:00,Veolia Towers Hamburg,19629,FITOne Wuerzburg Baskets,2745,68,66,local,2024-25,0,U1cxTm6L,66.0,23.0,34.85,32.0,14.0,43.75,34.0,9.0,26.47,17.0,13.0,76.5,16.0,30.0,46.0,13.0,4.0,16.0,7.0,20.0,67.0,26.0,38.81,39.0,19.0,48.72,28.0,7.0,25.0,14.0,7.0,50.0,14.0,28.0,42.0,15.0,2.0,16.0,11.0,22.0,forward
2025_0127_10_1634,2025-01-27T00:00:00+00:00,EWE Baskets Oldenburg,1634,ALBA Berlin,10,97,92,local,2024-25,0,MaxHL5be,71.0,36.0,50.7,39.0,26.0,66.67,32.0,10.0,31.25,20.0,15.0,75.0,11.0,26.0,37.0,28.0,1.0,10.0,6.0,19.0,67.0,34.0,50.75,39.0,24.0,61.54,28.0,10.0,35.71,18.0,14.0,77.8,10.0,26.0,36.0,28.0,1.0,11.0,3.0,20.0,forward
2025_0130_40_2457,2025-01-30T00:00:00+00:00,Rasta Vechta,2457,Basketball Loewen Braunschweig,40,91,88,local,2024-25,0,zyrNxVQP,62.0,31.0,50.0,38.0,23.0,60.53,24.0,8.0,33.33,27.0,21.0,77.8,13.0,21.0,34.0,18.0,3.0,15.0,6.0,21.0,69.0,32.0,46.38,45.0,26.0,57.78,24.0,6.0,25.0,22.0,18.0,81.8,15.0,22.0,37.0,16.0,2.0,13.0,6.0,27.0,forward
2025_0201_214_19629,2025-02-01T00:00:00+00:00,Veolia Towers Hamburg,19629,BG Goettingen,214,91,82,local,2024-25,0,r5NBsmLE,73.0,32.0,43.84,42.0,21.0,50.0,31.0,11.0,35.48,23.0,16.0,69.6,17.0,24.0,41.0,17.0,4.0,14.0,10.0,25.0,55.0,25.0,45.45,30.0,16.0,53.33,25.0,9.0,36.0,31.0,23.0,74.2,7.0,24.0,31.0,11.0,2.0,18.0,7.0,21.0,forward
2025_0201_132_450,2025-02-01T00:00:00+00:00,SYNTAINICS MBC Weissenfels,450,Bamberg Baskets,132,69,87,visitante,2024-25,0,z32jz5Dl,73.0,26.0,35.62,36.0,18.0,50.0,37.0,8.0,21.62,9.0,9.0,100.0,14.0,26.0,40.0,21.0,2.0,10.0,5.0,20.0,68.0,35.0,51.47,42.0,27.0,64.29,26.0,8.0,30.77,17.0,9.0,52.9,12.0,32.0,44.0,22.0,2.0,7.0,7.0,17.0,reverse
2025_0201_1634_2745,2025-02-01T00:00:00+00:00,FITOne Wuerzburg Baskets,2745,EWE Baskets Oldenburg,1634,102,112,visitante,2024-25,0,4KBKuRkR,71.0,34.0,47.89,32.0,18.0,56.25,39.0,16.0,41.03,23.0,18.0,78.3,16.0,20.0,36.0,22.0,2.0,15.0,11.0,26.0,67.0,38.0,56.72,39.0,22.0,56.41,28.0,16.0,57.14,24.0,20.0,83.3,13.0,21.0,34.0,30.0,3.0,18.0,5.0,26.0,forward
2025_0202_10_219,2025-02-02T00:00:00+00:00,FC Bayern Muenchen Basketball,219,ALBA Berlin,10,99,86,local,2024-25,0,4rf7WMCD,76.0,38.0,50.0,43.0,25.0,58.14,33.0,13.0,39.39,14.0,10.0,71.4,14.0,24.0,38.0,23.0,1.0,11.0,11.0,19.0,63.0,33.0,52.38,31.0,21.0,67.74,32.0,12.0,37.5,12.0,9.0,75.0,9.0,26.0,35.0,17.0,3.0,16.0,4.0,20.0,forward
2025_0202_1791_1510,2025-02-02T00:00:00+00:00,Telekom Baskets Bonn,1510,NINERS Chemnitz,1791,80,84,visitante,2024-25,0,t0NBwvKt,71.0,26.0,36.62,40.0,18.0,45.0,31.0,8.0,25.81,29.0,20.0,69.0,18.0,29.0,47.0,17.0,2.0,17.0,3.0,21.0,72.0,32.0,44.44,50.0,26.0,52.0,22.0,6.0,27.27,26.0,14.0,53.8,14.0,28.0,42.0,13.0,5.0,13.0,12.0,27.0,forward
2025_0202_127_41,2025-02-02T00:00:00+00:00,MHP Riesen Ludwigsburg,41,Ratiopharm Ulm,127,92,71,local,2024-25,0,lQQJyIlg,70.0,34.0,48.57,37.0,24.0,64.86,33.0,10.0,30.3,21.0,14.0,66.7,19.0,18.0,37.0,14.0,0.0,11.0,7.0,24.0,50.0,22.0,44.0,27.0,12.0,44.44,23.0,10.0,43.48,26.0,17.0,65.4,11.0,19.0,30.0,16.0,3.0,18.0,2.0,24.0,forward
2025_0202_215_1774,2025-02-02T00:00:00+00:00,Rostock Seawolves,1774,MLP Academics Heidelberg,215,88,82,local,2024-25,0,WUeaYrr1,66.0,29.0,43.94,36.0,14.0,38.89,30.0,15.0,50.0,20.0,15.0,75.0,12.0,30.0,42.0,12.0,1.0,11.0,3.0,22.0,63.0,26.0,41.27,31.0,15.0,48.39,32.0,11.0,34.38,22.0,19.0,86.4,9.0,27.0,36.0,18.0,7.0,10.0,4.0,25.0,forward
2025_0203_2457_40,2025-02-03T00:00:00+00:00,Basketball Loewen Braunschweig,40,Rasta Vechta,2457,103,70,local,2024-25,0,AuFSZeJ5,73.0,36.0,49.32,45.0,24.0,53.33,28.0,12.0,42.86,26.0,19.0,73.1,18.0,34.0,52.0,24.0,4.0,7.0,8.0,18.0,64.0,26.0,40.63,44.0,21.0,47.73,20.0,5.0,25.0,19.0,13.0,68.4,7.0,20.0,27.0,12.0,4.0,9.0,5.0,24.0,forward
2025_0208_40_1791,2025-02-08T00:00:00+00:00,NINERS Chemnitz,1791,Basketball Loewen Braunschweig,40,83,95,visitante,2024-25,0,Agf1leYb,57.0,26.0,45.61,34.0,18.0,52.94,23.0,8.0,34.78,28.0,23.0,82.1,10.0,20.0,30.0,14.0,0.0,15.0,3.0,28.0,58.0,30.0,51.72,30.0,19.0,63.33,28.0,11.0,39.29,39.0,24.0,61.5,14.0,23.0,37.0,16.0,2.0,14.0,10.0,22.0,forward
2025_0208_214_3361,2025-02-08T00:00:00+00:00,Fraport Skyliners Frankfurt,3361,BG Goettingen,214,95,94,local,2024-25,0,IJc9nZ2B,60.0,32.0,53.33,34.0,19.0,55.88,26.0,13.0,50.0,23.0,18.0,78.3,7.0,31.0,38.0,23.0,7.0,13.0,5.0,22.0,80.0,31.0,38.75,47.0,19.0,40.43,33.0,12.0,36.36,23.0,20.0,87.0,19.0,22.0,41.0,17.0,0.0,8.0,8.0,23.0,forward
2025_0208_41_215,2025-02-08T00:00:00+00:00,MLP Academics Heidelberg,215,MHP Riesen Ludwigsburg,41,86,73,local,2024-25,0,I5IzYZmI,46.0,24.0,52.17,27.0,15.0,55.56,19.0,9.0,47.37,36.0,29.0,80.6,7.0,32.0,39.0,16.0,5.0,22.0,6.0,27.0,65.0,25.0,38.46,38.0,17.0,44.74,27.0,8.0,29.63,21.0,15.0,71.4,11.0,18.0,29.0,11.0,2.0,15.0,10.0,29.0,forward
2025_0208_450_127,2025-02-08T00:00:00+00:00,Ratiopharm Ulm,127,SYNTAINICS MBC Weissenfels,450,92,66,local,2024-25,0,ER0hjH3n,64.0,32.0,50.0,35.0,19.0,54.29,29.0,13.0,44.83,21.0,15.0,71.4,9.0,26.0,35.0,14.0,3.0,12.0,3.0,19.0,60.0,25.0,41.67,36.0,22.0,61.11,24.0,3.0,12.5,16.0,13.0,81.3,9.0,22.0,31.0,12.0,1.0,15.0,5.0,23.0,forward
2025_0209_19629_10,2025-02-09T00:00:00+00:00,ALBA Berlin,10,Veolia Towers Hamburg,19629,92,77,local,2024-25,0,6q2Yn3Ei,67.0,35.0,52.24,34.0,22.0,64.71,33.0,13.0,39.39,11.0,9.0,81.8,12.0,32.0,44.0,21.0,3.0,18.0,7.0,27.0,55.0,24.0,43.64,27.0,13.0,48.15,28.0,11.0,39.29,30.0,18.0,60.0,5.0,21.0,26.0,19.0,4.0,14.0,11.0,19.0,forward
2025_0209_1634_132,2025-02-09T00:00:00+00:00,Bamberg Baskets,132,EWE Baskets Oldenburg,1634,103,85,local,2024-25,0,l8Xmuieo,60.0,35.0,58.33,37.0,22.0,59.46,23.0,13.0,56.52,26.0,20.0,76.9,10.0,31.0,41.0,25.0,1.0,19.0,7.0,18.0,81.0,33.0,40.74,39.0,22.0,56.41,42.0,11.0,26.19,11.0,8.0,72.7,18.0,19.0,37.0,24.0,2.0,11.0,12.0,24.0,forward
2025_0209_219_2457,2025-02-09T00:00:00+00:00,Rasta Vechta,2457,FC Bayern Muenchen Basketball,219,79,65,local,2024-25,0,vc0tosq4,70.0,31.0,44.29,47.0,23.0,48.94,23.0,8.0,34.78,11.0,9.0,81.8,13.0,32.0,45.0,18.0,4.0,9.0,8.0,19.0,71.0,25.0,35.21,37.0,17.0,45.95,34.0,8.0,23.53,12.0,7.0,58.3,17.0,26.0,43.0,18.0,4.0,11.0,4.0,17.0,forward
2025_0209_1774_2745,2025-02-09T00:00:00+00:00,FITOne Wuerzburg Baskets,2745,Rostock Seawolves,1774,93,97,visitante,2024-25,0,vZoIpDXN,68.0,33.0,48.53,37.0,21.0,56.76,31.0,12.0,38.71,23.0,15.0,65.2,10.0,17.0,27.0,21.0,2.0,5.0,5.0,21.0,58.0,34.0,58.62,27.0,19.0,70.37,31.0,15.0,48.39,17.0,14.0,82.4,7.0,26.0,33.0,17.0,3.0,12.0,2.0,28.0,forward
2025_0211_3361_219,2025-02-11T00:00:00+00:00,FC Bayern Muenchen Basketball,219,Fraport Skyliners Frankfurt,3361,70,56,local,2024-25,0,QgYTyw6j,58.0,27.0,46.55,28.0,18.0,64.29,30.0,9.0,30.0,10.0,7.0,70.0,9.0,23.0,32.0,19.0,3.0,14.0,14.0,16.0,49.0,19.0,38.78,26.0,10.0,38.46,23.0,9.0,39.13,12.0,9.0,75.0,7.0,22.0,29.0,11.0,1.0,21.0,8.0,20.0,forward
2025_0211_215_1791,2025-02-11T00:00:00+00:00,NINERS Chemnitz,1791,MLP Academics Heidelberg,215,72,65,local,2024-25,0,byv3lGkd,66.0,28.0,42.42,42.0,21.0,50.0,24.0,7.0,29.17,16.0,9.0,56.3,13.0,34.0,47.0,16.0,3.0,11.0,3.0,19.0,68.0,24.0,35.29,40.0,19.0,47.5,28.0,5.0,17.86,19.0,12.0,63.2,14.0,29.0,43.0,18.0,5.0,10.0,7.0,18.0,forward
2025_0211_1510_41,2025-02-11T00:00:00+00:00,MHP Riesen Ludwigsburg,41,Telekom Baskets Bonn,1510,81,61,local,2024-25,0,MuIWebcM,81.0,31.0,38.27,42.0,19.0,45.24,39.0,12.0,30.77,8.0,7.0,87.5,16.0,34.0,50.0,18.0,3.0,8.0,9.0,21.0,64.0,20.0,31.25,33.0,14.0,42.42,31.0,6.0,19.35,20.0,15.0,75.0,13.0,33.0,46.0,13.0,6.0,17.0,5.0,15.0,forward
2025_0211_2457_450,2025-02-11T00:00:00+00:00,SYNTAINICS MBC Weissenfels,450,Rasta Vechta,2457,91,83,local,2024-25,0,h0QFatbc,68.0,31.0,45.59,35.0,20.0,57.14,33.0,11.0,33.33,23.0,18.0,78.3,18.0,22.0,40.0,23.0,1.0,8.0,5.0,27.0,63.0,26.0,41.27,32.0,17.0,53.13,31.0,9.0,29.03,29.0,22.0,75.9,17.0,22.0,39.0,12.0,2.0,11.0,3.0,23.0,forward
2025_0212_2745_132,2025-02-12T00:00:00+00:00,Bamberg Baskets,132,FITOne Wuerzburg Baskets,2745,93,98,visitante,2024-25,0,tMdcsarT,75.0,33.0,44.0,42.0,25.0,59.52,33.0,8.0,24.24,31.0,19.0,61.3,12.0,26.0,38.0,24.0,2.0,5.0,5.0,25.0,74.0,32.0,43.24,39.0,22.0,56.41,35.0,10.0,28.57,30.0,24.0,80.0,16.0,35.0,51.0,18.0,2.0,12.0,2.0,23.0,forward
2025_0212_19629_40,2025-02-12T00:00:00+00:00,Basketball Loewen Braunschweig,40,Veolia Towers Hamburg,19629,91,79,local,2024-25,0,lSJOcKS9,67.0,32.0,47.76,39.0,21.0,53.85,28.0,11.0,39.29,23.0,16.0,69.6,11.0,26.0,37.0,20.0,5.0,10.0,10.0,20.0,63.0,29.0,46.03,38.0,22.0,57.89,25.0,7.0,28.0,19.0,14.0,73.7,11.0,27.0,38.0,14.0,1.0,19.0,3.0,21.0,forward
2025_0212_10_1774,2025-02-12T00:00:00+00:00,Rostock Seawolves,1774,ALBA Berlin,10,71,78,visitante,2024-25,0,vXGkCJs3,59.0,21.0,35.59,29.0,12.0,41.38,30.0,9.0,30.0,26.0,20.0,76.9,10.0,23.0,33.0,13.0,1.0,17.0,10.0,33.0,59.0,28.0,47.46,41.0,23.0,56.1,18.0,5.0,27.78,30.0,19.0,63.3,12.0,32.0,44.0,17.0,3.0,19.0,7.0,27.0,forward
2025_0213_127_214,2025-02-13T00:00:00+00:00,BG Goettingen,214,Ratiopharm Ulm,127,72,91,visitante,2024-25,0,jBzejxLq,65.0,27.0,41.54,38.0,19.0,50.0,27.0,8.0,29.63,18.0,10.0,55.6,10.0,29.0,39.0,14.0,0.0,20.0,6.0,29.0,64.0,31.0,48.44,41.0,23.0,56.1,23.0,8.0,34.78,31.0,21.0,67.7,10.0,30.0,40.0,20.0,5.0,15.0,10.0,16.0,forward
2025_0228_40_127,2025-02-28T00:00:00+00:00,Ratiopharm Ulm,127,Basketball Loewen Braunschweig,40,111,75,local,2024-25,0,65eD4Suf,68.0,37.0,54.41,38.0,21.0,55.26,30.0,16.0,53.33,28.0,21.0,75.0,11.0,23.0,34.0,19.0,3.0,6.0,8.0,24.0,63.0,25.0,39.68,37.0,19.0,51.35,26.0,6.0,23.08,25.0,19.0,76.0,14.0,24.0,38.0,14.0,4.0,14.0,4.0,24.0,forward
2025_0301_19629_3361,2025-03-01T00:00:00+00:00,Fraport Skyliners Frankfurt,3361,Veolia Towers Hamburg,19629,78,84,visitante,2024-25,0,CrzvjTQ0,69.0,27.0,39.13,45.0,21.0,46.67,24.0,6.0,25.0,19.0,18.0,94.7,14.0,24.0,38.0,16.0,3.0,13.0,9.0,21.0,74.0,33.0,44.59,45.0,24.0,53.33,29.0,9.0,31.03,18.0,9.0,50.0,19.0,28.0,47.0,9.0,3.0,13.0,8.0,20.0,forward
2025_0301_214_2457,2025-03-01T00:00:00+00:00,Rasta Vechta,2457,BG Goettingen,214,87,79,local,2024-25,0,vVyWikdl,73.0,32.0,43.84,39.0,19.0,48.72,34.0,13.0,38.24,18.0,10.0,55.6,19.0,28.0,47.0,20.0,3.0,12.0,7.0,20.0,58.0,29.0,50.0,36.0,21.0,58.33,22.0,8.0,36.36,23.0,13.0,56.5,5.0,27.0,32.0,11.0,1.0,12.0,6.0,21.0,forward
2025_0301_41_2745,2025-03-01T00:00:00+00:00,FITOne Wuerzburg Baskets,2745,MHP Riesen Ludwigsburg,41,77,60,local,2024-25,0,ncKcAcCF,51.0,23.0,45.1,26.0,14.0,53.85,25.0,9.0,36.0,28.0,22.0,78.6,8.0,29.0,37.0,19.0,1.0,14.0,10.0,24.0,66.0,21.0,31.82,24.0,11.0,45.83,42.0,10.0,23.81,14.0,8.0,57.1,19.0,21.0,40.0,17.0,4.0,16.0,9.0,26.0,forward
2025_0301_1510_1774,2025-03-01T00:00:00+00:00,Rostock Seawolves,1774,Telekom Baskets Bonn,1510,72,83,visitante,2024-25,0,Kv2BNIAa,64.0,26.0,40.63,34.0,18.0,52.94,30.0,8.0,26.67,15.0,12.0,80.0,7.0,26.0,33.0,17.0,1.0,15.0,7.0,23.0,61.0,27.0,44.26,30.0,18.0,60.0,31.0,9.0,29.03,25.0,20.0,80.0,9.0,31.0,40.0,15.0,4.0,14.0,7.0,21.0,reverse
2025_0302_219_1791,2025-03-02T00:00:00+00:00,NINERS Chemnitz,1791,FC Bayern Muenchen Basketball,219,72,94,visitante,2024-25,0,Klc56lBs,58.0,22.0,37.93,22.0,8.0,36.36,36.0,14.0,38.89,16.0,14.0,87.5,8.0,22.0,30.0,12.0,1.0,13.0,8.0,27.0,68.0,34.0,50.0,34.0,21.0,61.76,34.0,13.0,38.24,22.0,13.0,59.1,17.0,30.0,47.0,19.0,2.0,13.0,8.0,19.0,forward
2025_0302_1634_215,2025-03-02T00:00:00+00:00,MLP Academics Heidelberg,215,EWE Baskets Oldenburg,1634,95,79,local,2024-25,0,zHLYBAmK,58.0,33.0,56.9,32.0,22.0,68.75,26.0,11.0,42.31,25.0,18.0,72.0,9.0,24.0,33.0,18.0,6.0,21.0,10.0,27.0,57.0,22.0,38.6,30.0,10.0,33.33,27.0,12.0,44.44,32.0,23.0,71.9,12.0,18.0,30.0,10.0,2.0,17.0,10.0,23.0,forward
2025_0303_132_10,2025-03-03T00:00:00+00:00,ALBA Berlin,10,Bamberg Baskets,132,86,77,local,2024-25,0,voKZAIXp,64.0,31.0,48.44,39.0,23.0,58.97,25.0,8.0,32.0,24.0,16.0,66.7,13.0,27.0,40.0,19.0,3.0,13.0,7.0,25.0,69.0,27.0,39.13,41.0,21.0,51.22,28.0,6.0,21.43,23.0,17.0,73.9,16.0,23.0,39.0,14.0,1.0,13.0,6.0,22.0,forward
2025_0307_2457_1510,2025-03-07T00:00:00+00:00,Telekom Baskets Bonn,1510,Rasta Vechta,2457,88,94,visitante,2024-25,0,2XlM26A6,71.0,31.0,43.66,39.0,20.0,51.28,32.0,11.0,34.38,20.0,15.0,75.0,11.0,26.0,37.0,16.0,8.0,12.0,4.0,24.0,79.0,33.0,41.77,54.0,24.0,44.44,25.0,9.0,36.0,26.0,19.0,73.1,20.0,30.0,50.0,15.0,6.0,10.0,7.0,22.0,forward
2025_0308_3361_132,2025-03-08T00:00:00+00:00,Bamberg Baskets,132,Fraport Skyliners Frankfurt,3361,92,85,local,2024-25,0,SYOfH5Pa,53.0,29.0,54.72,34.0,22.0,64.71,19.0,7.0,36.84,36.0,27.0,75.0,8.0,25.0,33.0,24.0,3.0,12.0,6.0,20.0,66.0,31.0,46.97,40.0,22.0,55.0,26.0,9.0,34.62,19.0,14.0,73.7,11.0,20.0,31.0,18.0,1.0,12.0,7.0,29.0,forward
2025_0308_1791_214,2025-03-08T00:00:00+00:00,BG Goettingen,214,NINERS Chemnitz,1791,90,94,visitante,2024-25,0,zomU0puJ,59.0,28.0,47.46,30.0,18.0,60.0,29.0,10.0,34.48,37.0,24.0,64.9,10.0,27.0,37.0,22.0,1.0,14.0,7.0,20.0,72.0,32.0,44.44,35.0,17.0,48.57,37.0,15.0,40.54,20.0,15.0,75.0,13.0,25.0,38.0,25.0,2.0,11.0,8.0,30.0,forward
2025_0308_1774_19629,2025-03-08T00:00:00+00:00,Veolia Towers Hamburg,19629,Rostock Seawolves,1774,78,77,local,2024-25,0,6JznJRfm,68.0,31.0,45.59,41.0,23.0,56.1,27.0,8.0,29.63,13.0,8.0,61.5,13.0,23.0,36.0,13.0,8.0,11.0,3.0,20.0,67.0,28.0,41.79,39.0,18.0,46.15,28.0,10.0,35.71,14.0,12.0,85.7,17.0,24.0,41.0,15.0,2.0,15.0,4.0,21.0,forward
2025_0308_40_1634,2025-03-08T00:00:00+00:00,EWE Baskets Oldenburg,1634,Basketball Loewen Braunschweig,40,102,90,local,2024-25,0,jgVGOmXP,60.0,35.0,58.33,36.0,25.0,69.44,24.0,10.0,41.67,29.0,22.0,75.9,9.0,28.0,37.0,26.0,7.0,23.0,7.0,23.0,77.0,32.0,41.56,43.0,23.0,53.49,34.0,9.0,26.47,24.0,17.0,70.8,16.0,18.0,34.0,23.0,4.0,16.0,11.0,26.0,forward
2025_0309_215_219,2025-03-09T00:00:00+00:00,FC Bayern Muenchen Basketball,219,MLP Academics Heidelberg,215,87,78,local,2024-25,0,WQLBDNOO,60.0,30.0,50.0,31.0,18.0,58.06,29.0,12.0,41.38,20.0,15.0,75.0,8.0,24.0,32.0,21.0,2.0,15.0,13.0,18.0,58.0,29.0,50.0,29.0,19.0,65.52,29.0,10.0,34.48,14.0,10.0,71.4,7.0,24.0,31.0,22.0,2.0,17.0,10.0,21.0,forward
2025_0309_2745_450,2025-03-09T00:00:00+00:00,SYNTAINICS MBC Weissenfels,450,FITOne Wuerzburg Baskets,2745,110,101,local,2024-25,0,nwdLXQ9t,59.0,34.0,57.63,28.0,21.0,75.0,31.0,13.0,41.94,34.0,29.0,85.3,13.0,23.0,36.0,28.0,2.0,15.0,5.0,27.0,59.0,31.0,52.54,28.0,18.0,64.29,31.0,13.0,41.94,32.0,27.0,84.4,8.0,17.0,25.0,21.0,0.0,14.0,6.0,29.0,forward
2025_0309_10_127,2025-03-09T00:00:00+00:00,Ratiopharm Ulm,127,ALBA Berlin,10,101,90,local,2024-25,0,zaS2FqfC,69.0,33.0,47.83,38.0,21.0,55.26,31.0,12.0,38.71,27.0,23.0,85.2,10.0,24.0,34.0,24.0,1.0,17.0,7.0,23.0,63.0,30.0,47.62,36.0,23.0,63.89,27.0,7.0,25.93,32.0,23.0,71.9,12.0,26.0,38.0,16.0,0.0,17.0,11.0,24.0,forward
2025_0310_2457_214,2025-03-10T00:00:00+00:00,BG Goettingen,214,Rasta Vechta,2457,66,86,visitante,2024-25,0,vy97VR9T,68.0,21.0,30.88,45.0,16.0,35.56,23.0,5.0,21.74,27.0,19.0,70.4,21.0,26.0,47.0,14.0,3.0,18.0,9.0,21.0,78.0,34.0,43.59,49.0,25.0,51.02,29.0,9.0,31.03,14.0,9.0,64.3,20.0,30.0,50.0,17.0,7.0,13.0,11.0,27.0,forward
2025_0311_219_132,2025-03-11T00:00:00+00:00,Bamberg Baskets,132,FC Bayern Muenchen Basketball,219,69,68,local,2024-25,0,fk2QsjGj,66.0,27.0,40.91,39.0,17.0,43.59,27.0,10.0,37.04,10.0,5.0,50.0,10.0,29.0,39.0,19.0,3.0,9.0,4.0,24.0,56.0,20.0,35.71,15.0,8.0,53.33,41.0,12.0,29.27,21.0,16.0,76.2,14.0,30.0,44.0,13.0,0.0,13.0,6.0,17.0,forward
2025_0314_127_2457,2025-03-14T00:00:00+00:00,Rasta Vechta,2457,Ratiopharm Ulm,127,73,84,visitante,2024-25,0,6uCMV4vg,61.0,21.0,34.43,27.0,9.0,33.33,34.0,12.0,35.29,27.0,19.0,70.4,10.0,23.0,33.0,15.0,5.0,16.0,8.0,29.0,58.0,27.0,46.55,31.0,17.0,54.84,27.0,10.0,37.04,31.0,20.0,64.5,13.0,32.0,45.0,16.0,0.0,19.0,8.0,25.0,forward
2025_0315_132_1510,2025-03-15T00:00:00+00:00,Telekom Baskets Bonn,1510,Bamberg Baskets,132,87,77,local,2024-25,0,zL3wSMwI,65.0,29.0,44.62,28.0,18.0,64.29,37.0,11.0,29.73,19.0,18.0,94.7,11.0,28.0,39.0,19.0,2.0,16.0,6.0,19.0,72.0,28.0,38.89,46.0,21.0,45.65,26.0,7.0,26.92,19.0,14.0,73.7,17.0,24.0,41.0,18.0,1.0,11.0,12.0,22.0,forward
2025_0315_19629_1634,2025-03-15T00:00:00+00:00,EWE Baskets Oldenburg,1634,Veolia Towers Hamburg,19629,99,81,local,2024-25,0,ro7oQ08U,52.0,29.0,55.77,32.0,20.0,62.5,20.0,9.0,45.0,36.0,32.0,88.9,10.0,31.0,41.0,23.0,1.0,19.0,5.0,25.0,61.0,27.0,44.26,27.0,18.0,66.67,34.0,9.0,26.47,32.0,18.0,56.3,9.0,15.0,24.0,19.0,2.0,12.0,12.0,30.0,forward
2025_0315_450_1774,2025-03-15T00:00:00+00:00,Rostock Seawolves,1774,SYNTAINICS MBC Weissenfels,450,84,76,local,2024-25,0,E5FUTr95,61.0,31.0,50.82,38.0,22.0,57.89,23.0,9.0,39.13,18.0,13.0,72.2,10.0,26.0,36.0,13.0,2.0,13.0,4.0,22.0,59.0,26.0,44.07,31.0,16.0,51.61,28.0,10.0,35.71,16.0,14.0,87.5,7.0,21.0,28.0,16.0,2.0,12.0,7.0,25.0,forward
2025_0316_10_40,2025-03-16T00:00:00+00:00,Basketball Loewen Braunschweig,40,ALBA Berlin,10,73,108,visitante,2024-25,0,Krxdp4gn,64.0,27.0,42.19,43.0,24.0,55.81,21.0,3.0,14.29,32.0,16.0,50.0,12.0,22.0,34.0,20.0,3.0,12.0,9.0,29.0,58.0,31.0,53.45,31.0,18.0,58.06,27.0,13.0,48.15,40.0,33.0,82.5,9.0,32.0,41.0,21.0,7.0,13.0,8.0,28.0,forward
2025_0316_41_3361,2025-03-16T00:00:00+00:00,Fraport Skyliners Frankfurt,3361,MHP Riesen Ludwigsburg,41,77,69,local,2024-25,0,hdz4rrOb,45.0,20.0,44.44,25.0,10.0,40.0,20.0,10.0,50.0,35.0,27.0,77.1,6.0,38.0,44.0,12.0,6.0,19.0,3.0,22.0,73.0,23.0,31.51,35.0,14.0,40.0,38.0,9.0,23.68,19.0,14.0,73.7,13.0,22.0,35.0,12.0,2.0,7.0,9.0,25.0,forward
2025_0316_214_215,2025-03-16T00:00:00+00:00,MLP Academics Heidelberg,215,BG Goettingen,214,93,86,local,2024-25,0,fNepODxp,63.0,32.0,50.79,45.0,26.0,57.78,18.0,6.0,33.33,32.0,23.0,71.9,8.0,25.0,33.0,23.0,6.0,10.0,5.0,30.0,59.0,27.0,45.76,33.0,17.0,51.52,26.0,10.0,38.46,33.0,22.0,66.7,10.0,25.0,35.0,17.0,0.0,13.0,5.0,29.0,forward
2025_0316_1791_2745,2025-03-16T00:00:00+00:00,FITOne Wuerzburg Baskets,2745,NINERS Chemnitz,1791,83,90,visitante,2024-25,0,lOTCtMhB,68.0,28.0,41.18,41.0,24.0,58.54,27.0,4.0,14.81,27.0,23.0,85.2,15.0,24.0,39.0,12.0,2.0,8.0,3.0,22.0,63.0,29.0,46.03,30.0,15.0,50.0,33.0,14.0,42.42,22.0,18.0,81.8,13.0,23.0,36.0,15.0,2.0,12.0,5.0,25.0,forward
2025_0317_127_219,2025-03-17T00:00:00+00:00,FC Bayern Muenchen Basketball,219,Ratiopharm Ulm,127,70,62,local,2024-25,0,QXQYomfA,65.0,23.0,35.38,30.0,17.0,56.67,35.0,6.0,17.14,20.0,18.0,90.0,13.0,26.0,39.0,14.0,2.0,13.0,7.0,16.0,59.0,24.0,40.68,27.0,16.0,59.26,32.0,8.0,25.0,10.0,6.0,60.0,8.0,28.0,36.0,10.0,1.0,19.0,8.0,24.0,forward
2025_0322_2457_19629,2025-03-22T00:00:00+00:00,Veolia Towers Hamburg,19629,Rasta Vechta,2457,86,73,local,2024-25,0,GxpgMi7d,63.0,31.0,49.21,36.0,19.0,52.78,27.0,12.0,44.44,16.0,12.0,75.0,12.0,27.0,39.0,19.0,1.0,15.0,3.0,21.0,63.0,27.0,42.86,35.0,21.0,60.0,28.0,6.0,21.43,16.0,13.0,81.3,9.0,21.0,30.0,8.0,3.0,14.0,6.0,19.0,forward
2025_0322_1634_41,2025-03-22T00:00:00+00:00,MHP Riesen Ludwigsburg,41,EWE Baskets Oldenburg,1634,66,79,visitante,2024-25,0,8pnvpea3,71.0,22.0,30.99,36.0,17.0,47.22,35.0,5.0,14.29,26.0,17.0,65.4,14.0,26.0,40.0,9.0,1.0,13.0,10.0,33.0,56.0,22.0,39.29,30.0,16.0,53.33,26.0,6.0,23.08,38.0,29.0,76.3,15.0,36.0,51.0,15.0,6.0,20.0,2.0,27.0,forward
2025_0322_3361_127,2025-03-22T00:00:00+00:00,Ratiopharm Ulm,127,Fraport Skyliners Frankfurt,3361,115,88,local,2024-25,0,4CumrZTF,66.0,39.0,59.09,34.0,20.0,58.82,32.0,19.0,59.38,20.0,18.0,90.0,10.0,15.0,25.0,26.0,2.0,11.0,12.0,22.0,54.0,28.0,51.85,33.0,15.0,45.45,21.0,13.0,61.9,24.0,19.0,79.2,13.0,18.0,31.0,20.0,1.0,25.0,4.0,22.0,forward
2025_0322_1774_219,2025-03-22T00:00:00+00:00,FC Bayern Muenchen Basketball,219,Rostock Seawolves,1774,91,66,local,2024-25,0,hQ1MYLPi,66.0,34.0,51.52,27.0,17.0,62.96,39.0,17.0,43.59,9.0,6.0,66.7,9.0,26.0,35.0,22.0,2.0,15.0,10.0,21.0,62.0,23.0,37.1,40.0,17.0,42.5,22.0,6.0,27.27,22.0,14.0,63.6,17.0,22.0,39.0,10.0,0.0,20.0,10.0,13.0,forward
2025_0323_2745_10,2025-03-23T00:00:00+00:00,ALBA Berlin,10,FITOne Wuerzburg Baskets,2745,80,84,visitante,2024-25,0,xQwetDbS,53.0,26.0,49.06,27.0,14.0,51.85,26.0,12.0,46.15,29.0,16.0,55.2,10.0,27.0,37.0,24.0,4.0,20.0,2.0,25.0,59.0,28.0,47.46,37.0,19.0,51.35,22.0,9.0,40.91,23.0,19.0,82.6,5.0,24.0,29.0,8.0,2.0,15.0,10.0,24.0,forward
2025_0323_215_132,2025-03-23T00:00:00+00:00,Bamberg Baskets,132,MLP Academics Heidelberg,215,90,93,visitante,2024-25,0,dAKRziMk,69.0,28.0,40.58,35.0,17.0,48.57,34.0,11.0,32.35,30.0,23.0,76.7,12.0,23.0,35.0,24.0,1.0,8.0,9.0,24.0,64.0,34.0,53.13,37.0,23.0,62.16,27.0,11.0,40.74,24.0,14.0,58.3,11.0,30.0,41.0,23.0,3.0,14.0,4.0,28.0,forward
2025_0323_1510_214,2025-03-23T00:00:00+00:00,BG Goettingen,214,Telekom Baskets Bonn,1510,85,112,visitante,2024-25,0,r30MdYr9,71.0,31.0,43.66,39.0,22.0,56.41,32.0,9.0,28.13,22.0,14.0,63.6,15.0,24.0,39.0,21.0,3.0,15.0,3.0,26.0,66.0,36.0,54.55,36.0,23.0,63.89,30.0,13.0,43.33,29.0,27.0,93.1,8.0,27.0,35.0,20.0,3.0,9.0,8.0,21.0,forward
2025_0323_40_450,2025-03-23T00:00:00+00:00,SYNTAINICS MBC Weissenfels,450,Basketball Loewen Braunschweig,40,82,77,local,2024-25,0,27NZYUj2,62.0,30.0,48.39,39.0,19.0,48.72,23.0,11.0,47.83,15.0,11.0,73.3,9.0,21.0,30.0,27.0,2.0,18.0,15.0,20.0,66.0,25.0,37.88,42.0,18.0,42.86,24.0,7.0,29.17,21.0,16.0,76.2,18.0,23.0,41.0,17.0,5.0,19.0,9.0,19.0,forward
2025_0328_41_2457,2025-03-28T00:00:00+00:00,Rasta Vechta,2457,MHP Riesen Ludwigsburg,41,64,70,visitante,2024-25,0,jT3UfCDL,51.0,18.0,35.29,29.0,10.0,34.48,22.0,8.0,36.36,27.0,20.0,74.1,6.0,32.0,38.0,13.0,6.0,12.0,3.0,25.0,69.0,23.0,33.33,36.0,16.0,44.44,33.0,7.0,21.21,25.0,17.0,68.0,20.0,29.0,49.0,12.0,2.0,10.0,6.0,23.0,forward
2025_0329_19629_1510,2025-03-29T00:00:00+00:00,Telekom Baskets Bonn,1510,Veolia Towers Hamburg,19629,93,96,visitante,2024-25,0,ADp1kjyq,69.0,31.0,44.93,35.0,14.0,40.0,34.0,17.0,50.0,18.0,14.0,77.8,13.0,21.0,34.0,14.0,1.0,10.0,10.0,23.0,70.0,33.0,47.14,42.0,22.0,52.38,28.0,11.0,39.29,26.0,19.0,73.1,19.0,27.0,46.0,15.0,3.0,13.0,8.0,23.0,forward
2025_0329_450_1634,2025-03-29T00:00:00+00:00,EWE Baskets Oldenburg,1634,SYNTAINICS MBC Weissenfels,450,95,97,visitante,2024-25,0,2TbAo8z8,64.0,35.0,54.69,43.0,26.0,60.47,21.0,9.0,42.86,23.0,16.0,69.6,15.0,24.0,39.0,23.0,0.0,19.0,7.0,27.0,57.0,28.0,49.12,28.0,18.0,64.29,29.0,10.0,34.48,33.0,31.0,93.9,6.0,16.0,22.0,18.0,5.0,12.0,11.0,25.0,forward
2025_0329_127_1774,2025-03-29T00:00:00+00:00,Rostock Seawolves,1774,Ratiopharm Ulm,127,85,67,local,2024-25,0,rRr9mU5e,62.0,30.0,48.39,39.0,21.0,53.85,23.0,9.0,39.13,19.0,16.0,84.2,11.0,33.0,44.0,14.0,4.0,16.0,10.0,21.0,69.0,24.0,34.78,29.0,13.0,44.83,40.0,11.0,27.5,17.0,8.0,47.1,16.0,22.0,38.0,12.0,4.0,14.0,9.0,19.0,forward
2025_0329_219_2745,2025-03-29T00:00:00+00:00,FITOne Wuerzburg Baskets,2745,FC Bayern Muenchen Basketball,219,75,81,visitante,2024-25,0,MXVz2TKl,69.0,25.0,36.23,35.0,14.0,40.0,34.0,11.0,32.35,21.0,14.0,66.7,17.0,21.0,38.0,13.0,2.0,18.0,11.0,22.0,56.0,29.0,51.79,29.0,22.0,75.86,27.0,7.0,25.93,24.0,16.0,66.7,10.0,29.0,39.0,19.0,3.0,21.0,13.0,22.0,forward
2025_0330_132_40,2025-03-30T00:00:00+00:00,Basketball Loewen Braunschweig,40,Bamberg Baskets,132,114,88,local,2024-25,0,jku57kcR,67.0,40.0,59.7,40.0,30.0,75.0,27.0,10.0,37.04,28.0,24.0,85.7,8.0,26.0,34.0,24.0,6.0,4.0,8.0,20.0,65.0,32.0,49.23,44.0,24.0,54.55,21.0,8.0,38.1,20.0,16.0,80.0,8.0,21.0,29.0,14.0,2.0,10.0,3.0,26.0,forward
2025_0330_1791_3361,2025-03-30T00:00:00+00:00,Fraport Skyliners Frankfurt,3361,NINERS Chemnitz,1791,65,70,visitante,2024-25,0,2svq07k1,64.0,21.0,32.81,36.0,15.0,41.67,28.0,6.0,21.43,23.0,17.0,73.9,11.0,29.0,40.0,12.0,3.0,14.0,8.0,21.0,64.0,25.0,39.06,38.0,20.0,52.63,26.0,5.0,19.23,21.0,15.0,71.4,13.0,32.0,45.0,13.0,2.0,15.0,7.0,21.0,forward
2025_0331_10_215,2025-03-31T00:00:00+00:00,MLP Academics Heidelberg,215,ALBA Berlin,10,90,86,local,2024-25,0,zexiboKD,60.0,32.0,53.33,33.0,24.0,72.73,27.0,8.0,29.63,29.0,18.0,62.1,8.0,25.0,33.0,17.0,4.0,14.0,12.0,24.0,60.0,28.0,46.67,31.0,19.0,61.29,29.0,9.0,31.03,26.0,21.0,80.8,9.0,25.0,34.0,17.0,1.0,15.0,9.0,27.0,forward
2025_0404_3361_450,2025-04-04T00:00:00+00:00,SYNTAINICS MBC Weissenfels,450,Fraport Skyliners Frankfurt,3361,85,72,local,2024-25,0,hW6y6cwK,58.0,31.0,53.45,32.0,22.0,68.75,26.0,9.0,34.62,19.0,16.0,84.2,5.0,19.0,24.0,22.0,1.0,8.0,11.0,18.0,50.0,27.0,54.0,33.0,21.0,63.64,17.0,6.0,35.29,15.0,12.0,80.0,5.0,24.0,29.0,18.0,1.0,18.0,4.0,20.0,forward
2025_0405_2745_214,2025-04-05T00:00:00+00:00,BG Goettingen,214,FITOne Wuerzburg Baskets,2745,80,97,visitante,2024-25,0,WppOdg06,61.0,28.0,45.9,37.0,20.0,54.05,24.0,8.0,33.33,28.0,16.0,57.1,10.0,20.0,30.0,18.0,1.0,14.0,7.0,23.0,68.0,35.0,51.47,46.0,28.0,60.87,22.0,7.0,31.82,28.0,20.0,71.4,14.0,31.0,45.0,21.0,0.0,12.0,9.0,25.0,forward
2025_0405_215_19629,2025-04-05T00:00:00+00:00,Veolia Towers Hamburg,19629,MLP Academics Heidelberg,215,88,81,local,2024-25,0,OEc70y1s,63.0,31.0,49.21,32.0,19.0,59.38,31.0,12.0,38.71,21.0,14.0,66.7,10.0,27.0,37.0,14.0,1.0,15.0,12.0,21.0,64.0,27.0,42.19,34.0,16.0,47.06,30.0,11.0,36.67,22.0,16.0,72.7,12.0,25.0,37.0,17.0,2.0,17.0,8.0,24.0,forward
2025_0405_41_1774,2025-04-05T00:00:00+00:00,Rostock Seawolves,1774,MHP Riesen Ludwigsburg,41,94,89,local,2024-25,0,pUoGbFVg,60.0,30.0,50.0,35.0,17.0,48.57,25.0,13.0,52.0,27.0,21.0,77.8,12.0,26.0,38.0,18.0,2.0,14.0,4.0,17.0,68.0,34.0,50.0,30.0,18.0,60.0,38.0,16.0,42.11,7.0,5.0,71.4,10.0,19.0,29.0,24.0,5.0,11.0,10.0,22.0,forward
2025_0406_2457_10,2025-04-06T00:00:00+00:00,ALBA Berlin,10,Rasta Vechta,2457,83,58,local,2024-25,0,K4oab6yB,67.0,32.0,47.76,37.0,22.0,59.46,30.0,10.0,33.33,11.0,9.0,81.8,11.0,29.0,40.0,24.0,4.0,15.0,10.0,18.0,58.0,20.0,34.48,31.0,14.0,45.16,27.0,6.0,22.22,18.0,12.0,66.7,10.0,24.0,34.0,8.0,4.0,21.0,7.0,19.0,forward
2025_0406_40_219,2025-04-06T00:00:00+00:00,FC Bayern Muenchen Basketball,219,Basketball Loewen Braunschweig,40,94,72,local,2024-25,0,Iukr2lxn,63.0,34.0,53.97,38.0,22.0,57.89,25.0,12.0,48.0,19.0,14.0,73.7,10.0,29.0,39.0,18.0,3.0,13.0,10.0,17.0,68.0,26.0,38.24,37.0,17.0,45.95,31.0,9.0,29.03,15.0,11.0,73.3,13.0,20.0,33.0,17.0,2.0,13.0,6.0,16.0,forward
2025_0406_1634_1510,2025-04-06T00:00:00+00:00,Telekom Baskets Bonn,1510,EWE Baskets Oldenburg,1634,81,76,local,2024-25,0,E7ri0S6b,62.0,23.0,37.1,27.0,16.0,59.26,35.0,7.0,20.0,36.0,28.0,77.8,17.0,30.0,47.0,13.0,3.0,13.0,4.0,21.0,76.0,31.0,40.79,52.0,26.0,50.0,24.0,5.0,20.83,16.0,9.0,56.3,20.0,27.0,47.0,19.0,1.0,12.0,2.0,32.0,forward
2025_0406_1791_127,2025-04-06T00:00:00+00:00,Ratiopharm Ulm,127,NINERS Chemnitz,1791,117,87,local,2024-25,0,SCwXfXUI,66.0,36.0,54.55,40.0,22.0,55.0,26.0,14.0,53.85,37.0,31.0,83.8,9.0,34.0,43.0,26.0,3.0,17.0,11.0,22.0,67.0,31.0,46.27,39.0,18.0,46.15,28.0,13.0,46.43,20.0,12.0,60.0,6.0,23.0,29.0,24.0,1.0,19.0,13.0,29.0,forward
2025_0408_219_127,2025-04-08T00:00:00+00:00,Ratiopharm Ulm,127,FC Bayern Muenchen Basketball,219,109,94,local,2024-25,0,zXLMe7G5,65.0,40.0,61.54,31.0,20.0,64.52,34.0,20.0,58.82,11.0,9.0,81.8,9.0,15.0,24.0,24.0,2.0,11.0,7.0,16.0,61.0,36.0,59.02,31.0,23.0,74.19,30.0,13.0,43.33,10.0,9.0,90.0,8.0,16.0,24.0,22.0,4.0,14.0,5.0,20.0,forward
2025_0409_19629_214,2025-04-09T00:00:00+00:00,BG Goettingen,214,Veolia Towers Hamburg,19629,75,92,visitante,2024-25,0,460oX8lm,69.0,25.0,36.23,41.0,19.0,46.34,28.0,6.0,21.43,24.0,19.0,79.2,10.0,30.0,40.0,17.0,1.0,18.0,8.0,30.0,66.0,33.0,50.0,49.0,25.0,51.02,17.0,8.0,47.06,30.0,18.0,60.0,9.0,34.0,43.0,26.0,3.0,15.0,14.0,23.0,forward
2025_0409_1634_3361,2025-04-09T00:00:00+00:00,Fraport Skyliners Frankfurt,3361,EWE Baskets Oldenburg,1634,83,72,local,2024-25,0,fcb6BhSQ,59.0,30.0,50.85,31.0,20.0,64.52,28.0,10.0,35.71,19.0,13.0,68.4,10.0,27.0,37.0,22.0,4.0,18.0,8.0,22.0,70.0,26.0,37.14,48.0,21.0,43.75,22.0,5.0,22.73,17.0,15.0,88.2,19.0,21.0,40.0,16.0,1.0,18.0,8.0,20.0,forward
2025_0411_450_215,2025-04-11T00:00:00+00:00,MLP Academics Heidelberg,215,SYNTAINICS MBC Weissenfels,450,87,78,local,2024-25,0,tKZ7dp6N,61.0,33.0,54.1,39.0,26.0,66.67,22.0,7.0,31.82,18.0,14.0,77.8,9.0,23.0,32.0,18.0,2.0,8.0,8.0,19.0,59.0,25.0,42.37,31.0,14.0,45.16,28.0,11.0,39.29,19.0,17.0,89.5,10.0,19.0,29.0,18.0,0.0,11.0,5.0,21.0,forward
2025_0412_214_40,2025-04-12T00:00:00+00:00,Basketball Loewen Braunschweig,40,BG Goettingen,214,101,77,local,2024-25,0,0O6YC5j4,69.0,32.0,46.38,52.0,28.0,53.85,17.0,4.0,23.53,40.0,33.0,82.5,12.0,34.0,46.0,22.0,5.0,12.0,8.0,24.0,66.0,25.0,37.88,42.0,20.0,47.62,24.0,5.0,20.83,33.0,22.0,66.7,11.0,28.0,39.0,14.0,1.0,17.0,8.0,27.0,forward
2025_0412_1510_3361,2025-04-12T00:00:00+00:00,Fraport Skyliners Frankfurt,3361,Telekom Baskets Bonn,1510,76,70,local,2024-25,0,C2QwiOTp,58.0,29.0,50.0,37.0,19.0,51.35,21.0,10.0,47.62,12.0,8.0,66.7,5.0,26.0,31.0,17.0,3.0,16.0,3.0,15.0,62.0,27.0,43.55,34.0,19.0,55.88,28.0,8.0,28.57,9.0,6.0,66.7,9.0,26.0,35.0,17.0,4.0,16.0,9.0,20.0,forward
2025_0412_1774_2457,2025-04-12T00:00:00+00:00,Rasta Vechta,2457,Rostock Seawolves,1774,68,84,visitante,2024-25,0,SA8QERLi,66.0,22.0,33.33,35.0,14.0,40.0,31.0,8.0,25.81,25.0,16.0,64.0,20.0,27.0,47.0,12.0,2.0,13.0,3.0,29.0,61.0,26.0,42.62,32.0,16.0,50.0,29.0,10.0,34.48,30.0,22.0,73.3,11.0,26.0,37.0,9.0,3.0,9.0,5.0,25.0,forward
2025_0413_132_1791,2025-04-13T00:00:00+00:00,NINERS Chemnitz,1791,Bamberg Baskets,132,99,98,local,2024-25,0,6yxZAqLG,78.0,37.0,47.44,42.0,30.0,71.43,36.0,7.0,19.44,23.0,18.0,78.3,16.0,29.0,45.0,24.0,4.0,13.0,4.0,18.0,67.0,36.0,53.73,39.0,22.0,56.41,28.0,14.0,50.0,17.0,12.0,70.6,5.0,24.0,29.0,21.0,4.0,15.0,8.0,24.0,forward
2025_0413_10_41,2025-04-13T00:00:00+00:00,MHP Riesen Ludwigsburg,41,ALBA Berlin,10,63,79,visitante,2024-25,0,E1us9NkT,68.0,19.0,27.94,31.0,12.0,38.71,37.0,7.0,18.92,26.0,18.0,69.2,20.0,19.0,39.0,12.0,2.0,15.0,14.0,21.0,57.0,27.0,47.37,29.0,17.0,58.62,28.0,10.0,35.71,20.0,15.0,75.0,10.0,31.0,41.0,14.0,2.0,20.0,5.0,26.0,forward
2025_0413_219_1634,2025-04-13T00:00:00+00:00,EWE Baskets Oldenburg,1634,FC Bayern Muenchen Basketball,219,83,94,visitante,2024-25,0,bZGD31Dj,62.0,29.0,46.77,35.0,20.0,57.14,27.0,9.0,33.33,21.0,16.0,76.2,13.0,24.0,37.0,18.0,3.0,20.0,8.0,22.0,67.0,32.0,47.76,36.0,23.0,63.89,31.0,9.0,29.03,26.0,21.0,80.8,14.0,21.0,35.0,16.0,1.0,14.0,13.0,21.0,forward
2025_0414_127_2745,2025-04-14T00:00:00+00:00,FITOne Wuerzburg Baskets,2745,Ratiopharm Ulm,127,89,72,local,2024-25,0,Qu9aR45c,68.0,33.0,48.53,38.0,21.0,55.26,30.0,12.0,40.0,13.0,11.0,84.6,13.0,26.0,39.0,17.0,2.0,16.0,10.0,21.0,50.0,23.0,46.0,24.0,14.0,58.33,26.0,9.0,34.62,23.0,17.0,73.9,3.0,24.0,27.0,13.0,2.0,21.0,12.0,23.0,forward
2025_0416_1791_215,2025-04-16T00:00:00+00:00,MLP Academics Heidelberg,215,NINERS Chemnitz,1791,81,66,local,2024-25,0,ljzg0bWH,67.0,30.0,44.78,41.0,26.0,63.41,26.0,4.0,15.38,24.0,17.0,70.8,13.0,23.0,36.0,13.0,3.0,13.0,10.0,25.0,54.0,23.0,42.59,33.0,17.0,51.52,21.0,6.0,28.57,30.0,14.0,46.7,12.0,29.0,41.0,16.0,1.0,22.0,7.0,23.0,forward
2025_0416_1510_10,2025-04-16T00:00:00+00:00,ALBA Berlin,10,Telekom Baskets Bonn,1510,102,88,local,2024-25,0,Oz9oLNqH,64.0,38.0,59.38,38.0,24.0,63.16,26.0,14.0,53.85,16.0,12.0,75.0,7.0,31.0,38.0,25.0,2.0,16.0,8.0,25.0,73.0,28.0,38.36,38.0,17.0,44.74,35.0,11.0,31.43,24.0,21.0,87.5,16.0,20.0,36.0,15.0,1.0,13.0,7.0,21.0,forward
2025_0417_1774_3361,2025-04-17T00:00:00+00:00,Fraport Skyliners Frankfurt,3361,Rostock Seawolves,1774,72,77,visitante,2024-25,0,IRVPJqT7,70.0,25.0,35.71,40.0,14.0,35.0,30.0,11.0,36.67,15.0,11.0,73.3,8.0,36.0,44.0,14.0,5.0,13.0,5.0,27.0,76.0,25.0,32.89,40.0,16.0,40.0,36.0,9.0,25.0,23.0,18.0,78.3,18.0,36.0,54.0,16.0,4.0,12.0,8.0,18.0,forward
2025_0419_1791_450,2025-04-19T00:00:00+00:00,SYNTAINICS MBC Weissenfels,450,NINERS Chemnitz,1791,97,95,local,2024-25,0,hh0GNM4M,61.0,33.0,54.1,31.0,18.0,58.06,30.0,15.0,50.0,19.0,16.0,84.2,8.0,22.0,30.0,22.0,1.0,14.0,9.0,21.0,65.0,34.0,52.31,33.0,21.0,63.64,32.0,13.0,40.63,19.0,14.0,73.7,11.0,21.0,32.0,16.0,0.0,11.0,6.0,22.0,forward
2025_0419_2745_2457,2025-04-19T00:00:00+00:00,Rasta Vechta,2457,FITOne Wuerzburg Baskets,2745,78,86,visitante,2024-25,0,Kv28PrzA,58.0,24.0,41.38,37.0,17.0,45.95,21.0,7.0,33.33,31.0,23.0,74.2,11.0,29.0,40.0,14.0,7.0,19.0,5.0,24.0,65.0,29.0,44.62,42.0,19.0,45.24,23.0,10.0,43.48,25.0,18.0,72.0,10.0,26.0,36.0,11.0,5.0,14.0,10.0,31.0,forward
2025_0419_41_214,2025-04-19T00:00:00+00:00,BG Goettingen,214,MHP Riesen Ludwigsburg,41,74,79,visitante,2024-25,0,K2peGvcd,61.0,23.0,37.7,30.0,14.0,46.67,31.0,9.0,29.03,27.0,19.0,70.4,11.0,31.0,42.0,15.0,0.0,14.0,2.0,27.0,75.0,30.0,40.0,52.0,26.0,50.0,23.0,4.0,17.39,32.0,15.0,46.9,20.0,30.0,50.0,19.0,3.0,9.0,6.0,25.0,forward
2025_0420_3361_10,2025-04-20T00:00:00+00:00,ALBA Berlin,10,Fraport Skyliners Frankfurt,3361,89,68,local,2024-25,0,0bNsvrk3,67.0,30.0,44.78,30.0,16.0,53.33,37.0,14.0,37.84,21.0,15.0,71.4,18.0,22.0,40.0,27.0,3.0,15.0,17.0,21.0,54.0,24.0,44.44,29.0,16.0,55.17,25.0,8.0,32.0,19.0,12.0,63.2,10.0,21.0,31.0,16.0,3.0,22.0,10.0,20.0,forward
2025_0420_215_1510,2025-04-20T00:00:00+00:00,Telekom Baskets Bonn,1510,MLP Academics Heidelberg,215,85,80,local,2024-25,0,CxsmI0Sq,66.0,30.0,45.45,42.0,25.0,59.52,24.0,5.0,20.83,30.0,20.0,66.7,13.0,28.0,41.0,8.0,2.0,13.0,7.0,19.0,64.0,28.0,43.75,38.0,21.0,55.26,26.0,7.0,26.92,20.0,17.0,85.0,6.0,28.0,34.0,11.0,5.0,14.0,8.0,26.0,forward
2025_0420_219_19629,2025-04-20T00:00:00+00:00,Veolia Towers Hamburg,19629,FC Bayern Muenchen Basketball,219,74,70,local,2024-25,0,nFLkxMJF,62.0,28.0,45.16,29.0,17.0,58.62,33.0,11.0,33.33,11.0,7.0,63.6,7.0,27.0,34.0,14.0,5.0,15.0,6.0,20.0,61.0,21.0,34.43,25.0,12.0,48.0,36.0,9.0,25.0,21.0,19.0,90.5,11.0,27.0,38.0,16.0,0.0,15.0,9.0,18.0,forward
2025_0420_132_1774,2025-04-20T00:00:00+00:00,Rostock Seawolves,1774,Bamberg Baskets,132,98,74,local,2024-25,0,rsFbz0lS,69.0,35.0,50.72,35.0,20.0,57.14,34.0,15.0,44.12,18.0,13.0,72.2,9.0,31.0,40.0,23.0,3.0,9.0,7.0,22.0,65.0,28.0,43.08,43.0,22.0,51.16,22.0,6.0,27.27,21.0,12.0,57.1,9.0,28.0,37.0,14.0,1.0,10.0,5.0,19.0,forward
2025_0421_1634_127,2025-04-21T00:00:00+00:00,Ratiopharm Ulm,127,EWE Baskets Oldenburg,1634,119,92,local,2024-25,0,vD0UUwCk,75.0,42.0,56.0,45.0,28.0,62.22,30.0,14.0,46.67,26.0,21.0,80.8,15.0,19.0,34.0,21.0,4.0,7.0,10.0,23.0,63.0,30.0,47.62,32.0,19.0,59.38,31.0,11.0,35.48,24.0,21.0,87.5,12.0,20.0,32.0,21.0,1.0,18.0,5.0,25.0,forward
2025_0423_10_2745,2025-04-23T00:00:00+00:00,FITOne Wuerzburg Baskets,2745,ALBA Berlin,10,70,69,local,2024-25,0,lhXaefSa,57.0,19.0,33.33,25.0,10.0,40.0,32.0,9.0,28.13,26.0,23.0,88.5,12.0,24.0,36.0,9.0,1.0,8.0,4.0,25.0,54.0,22.0,40.74,31.0,14.0,45.16,23.0,8.0,34.78,31.0,17.0,54.8,15.0,26.0,41.0,15.0,2.0,9.0,3.0,22.0,forward
2025_0425_214_132,2025-04-25T00:00:00+00:00,Bamberg Baskets,132,BG Goettingen,214,92,101,visitante,2024-25,0,zufwTHt2,76.0,31.0,40.79,51.0,22.0,43.14,25.0,9.0,36.0,30.0,21.0,70.0,15.0,30.0,45.0,23.0,1.0,8.0,7.0,26.0,64.0,32.0,50.0,37.0,22.0,59.46,27.0,10.0,37.04,31.0,27.0,87.1,5.0,34.0,39.0,10.0,2.0,11.0,4.0,23.0,forward
2025_0426_40_215,2025-04-26T00:00:00+00:00,MLP Academics Heidelberg,215,Basketball Loewen Braunschweig,40,74,94,visitante,2024-25,0,6HDdYCIs,56.0,21.0,37.5,34.0,16.0,47.06,22.0,5.0,22.73,32.0,27.0,84.4,10.0,26.0,36.0,11.0,4.0,19.0,4.0,28.0,68.0,32.0,47.06,44.0,24.0,54.55,24.0,8.0,33.33,31.0,22.0,71.0,13.0,25.0,38.0,16.0,1.0,11.0,8.0,27.0,forward
2025_0426_19629_41,2025-04-26T00:00:00+00:00,MHP Riesen Ludwigsburg,41,Veolia Towers Hamburg,19629,89,78,local,2024-25,0,nT0OjLY8,78.0,36.0,46.15,49.0,28.0,57.14,29.0,8.0,27.59,19.0,9.0,47.4,17.0,21.0,38.0,16.0,5.0,6.0,14.0,20.0,46.0,24.0,52.17,15.0,9.0,60.0,31.0,15.0,48.39,26.0,15.0,57.7,7.0,30.0,37.0,19.0,2.0,20.0,3.0,25.0,forward
2025_0426_1774_1634,2025-04-26T00:00:00+00:00,EWE Baskets Oldenburg,1634,Rostock Seawolves,1774,92,79,local,2024-25,0,A9ADUUH6,67.0,32.0,47.76,34.0,19.0,55.88,33.0,13.0,39.39,19.0,15.0,78.9,14.0,31.0,45.0,23.0,1.0,17.0,6.0,24.0,57.0,22.0,38.6,28.0,12.0,42.86,29.0,10.0,34.48,30.0,25.0,83.3,6.0,23.0,29.0,13.0,3.0,12.0,11.0,22.0,forward
2025_0426_1510_2745,2025-04-26T00:00:00+00:00,FITOne Wuerzburg Baskets,2745,Telekom Baskets Bonn,1510,83,75,local,2024-25,0,rN8LS8nJ,71.0,30.0,42.25,38.0,19.0,50.0,33.0,11.0,33.33,16.0,12.0,75.0,11.0,25.0,36.0,23.0,2.0,9.0,10.0,22.0,62.0,24.0,38.71,31.0,15.0,48.39,31.0,9.0,29.03,23.0,18.0,78.3,15.0,31.0,46.0,15.0,1.0,18.0,5.0,21.0,forward
2025_0426_2457_3361,2025-04-26T00:00:00+00:00,Fraport Skyliners Frankfurt,3361,Rasta Vechta,2457,74,75,visitante,2024-25,0,E3huqUWa,64.0,25.0,39.06,28.0,14.0,50.0,36.0,11.0,30.56,16.0,13.0,81.3,10.0,30.0,40.0,20.0,6.0,10.0,3.0,22.0,57.0,22.0,38.6,37.0,16.0,43.24,20.0,6.0,30.0,31.0,25.0,80.6,8.0,30.0,38.0,10.0,1.0,9.0,6.0,20.0,forward
2025_0427_450_219,2025-04-27T00:00:00+00:00,FC Bayern Muenchen Basketball,219,SYNTAINICS MBC Weissenfels,450,90,88,local,2024-25,0,M5D0jCvQ,61.0,29.0,47.54,30.0,17.0,56.67,31.0,12.0,38.71,30.0,22.0,73.3,16.0,14.0,30.0,26.0,1.0,12.0,10.0,22.0,51.0,29.0,56.86,24.0,16.0,66.67,27.0,13.0,48.15,17.0,17.0,100.0,6.0,17.0,23.0,17.0,2.0,17.0,4.0,25.0,forward
2025_0427_10_1791,2025-04-27T00:00:00+00:00,NINERS Chemnitz,1791,ALBA Berlin,10,81,103,visitante,2024-25,0,hl4Wpj2m,60.0,26.0,43.33,20.0,10.0,50.0,40.0,16.0,40.0,17.0,13.0,76.5,9.0,13.0,22.0,21.0,2.0,20.0,7.0,27.0,59.0,35.0,59.32,37.0,25.0,67.57,22.0,10.0,45.45,31.0,23.0,74.2,13.0,24.0,37.0,22.0,1.0,19.0,11.0,24.0,forward
2025_0430_450_10,2025-04-30T00:00:00+00:00,ALBA Berlin,10,SYNTAINICS MBC Weissenfels,450,90,62,local,2024-25,0,MTems81C,68.0,36.0,52.94,47.0,26.0,55.32,21.0,10.0,47.62,11.0,8.0,72.7,15.0,27.0,42.0,24.0,3.0,15.0,9.0,22.0,56.0,20.0,35.71,28.0,11.0,39.29,28.0,9.0,32.14,20.0,13.0,65.0,12.0,19.0,31.0,11.0,6.0,18.0,6.0,20.0,forward
2025_0430_40_1510,2025-04-30T00:00:00+00:00,Telekom Baskets Bonn,1510,Basketball Loewen Braunschweig,40,85,81,local,2024-25,0,GSldunWO,61.0,29.0,47.54,38.0,19.0,50.0,23.0,10.0,43.48,25.0,17.0,68.0,8.0,27.0,35.0,13.0,3.0,13.0,7.0,17.0,68.0,31.0,45.59,37.0,23.0,62.16,31.0,8.0,25.81,17.0,11.0,64.7,10.0,28.0,38.0,16.0,6.0,15.0,8.0,22.0,forward
2025_0430_215_2457,2025-04-30T00:00:00+00:00,Rasta Vechta,2457,MLP Academics Heidelberg,215,78,60,local,2024-25,0,WvP5akHt,60.0,25.0,41.67,36.0,18.0,50.0,24.0,7.0,29.17,29.0,21.0,72.4,14.0,30.0,44.0,9.0,2.0,16.0,5.0,24.0,56.0,20.0,35.71,35.0,18.0,51.43,21.0,2.0,9.52,30.0,18.0,60.0,13.0,22.0,35.0,11.0,5.0,18.0,7.0,27.0,forward
2025_0430_132_19629,2025-04-30T00:00:00+00:00,Veolia Towers Hamburg,19629,Bamberg Baskets,132,93,114,visitante,2024-25,0,S6IEcTog,61.0,29.0,47.54,30.0,16.0,53.33,31.0,13.0,41.94,28.0,22.0,78.6,10.0,20.0,30.0,16.0,4.0,14.0,2.0,25.0,68.0,40.0,58.82,45.0,30.0,66.67,23.0,10.0,43.48,32.0,24.0,75.0,11.0,26.0,37.0,18.0,0.0,9.0,5.0,25.0,forward
2025_0501_41_1791,2025-05-01T00:00:00+00:00,NINERS Chemnitz,1791,MHP Riesen Ludwigsburg,41,104,100,local,2024-25,0,UDNxhPFU,67.0,32.0,47.76,37.0,20.0,54.05,30.0,12.0,40.0,34.0,28.0,82.4,9.0,37.0,46.0,20.0,4.0,13.0,4.0,33.0,82.0,31.0,37.8,51.0,23.0,45.1,31.0,8.0,25.81,46.0,30.0,65.2,21.0,31.0,52.0,15.0,4.0,8.0,6.0,25.0,forward
2025_0501_2745_3361,2025-05-01T00:00:00+00:00,Fraport Skyliners Frankfurt,3361,FITOne Wuerzburg Baskets,2745,70,85,visitante,2024-25,0,8vgmCS0n,55.0,27.0,49.09,31.0,22.0,70.97,24.0,5.0,20.83,15.0,11.0,73.3,6.0,23.0,29.0,15.0,3.0,17.0,5.0,16.0,60.0,28.0,46.67,30.0,10.0,33.33,30.0,18.0,60.0,13.0,11.0,84.6,10.0,23.0,33.0,13.0,3.0,14.0,10.0,20.0,forward
2025_0501_1634_214,2025-05-01T00:00:00+00:00,BG Goettingen,214,EWE Baskets Oldenburg,1634,93,96,visitante,2024-25,0,dnAVgooI,65.0,30.0,46.15,39.0,18.0,46.15,26.0,12.0,46.15,27.0,21.0,77.8,10.0,23.0,33.0,15.0,2.0,17.0,7.0,28.0,70.0,39.0,55.71,55.0,38.0,69.09,15.0,1.0,6.67,22.0,17.0,77.3,9.0,28.0,37.0,21.0,1.0,12.0,9.0,25.0,forward
2025_0503_41_132,2025-05-03T00:00:00+00:00,Bamberg Baskets,132,MHP Riesen Ludwigsburg,41,73,75,visitante,2024-25,0,xKp48p0B,63.0,24.0,38.1,42.0,16.0,38.1,21.0,8.0,38.1,19.0,17.0,89.5,12.0,39.0,51.0,20.0,4.0,16.0,2.0,24.0,77.0,28.0,36.36,50.0,20.0,40.0,27.0,8.0,29.63,26.0,11.0,42.3,18.0,27.0,45.0,19.0,5.0,4.0,11.0,19.0,forward
2025_0503_127_215,2025-05-03T00:00:00+00:00,MLP Academics Heidelberg,215,Ratiopharm Ulm,127,74,90,visitante,2024-25,0,thieA6Vb,68.0,25.0,36.76,36.0,15.0,41.67,32.0,10.0,31.25,18.0,14.0,77.8,17.0,22.0,39.0,13.0,2.0,15.0,6.0,27.0,60.0,31.0,51.67,38.0,25.0,65.79,22.0,6.0,27.27,31.0,22.0,71.0,12.0,28.0,40.0,15.0,4.0,10.0,11.0,23.0,forward
2025_0503_2457_1634,2025-05-03T00:00:00+00:00,EWE Baskets Oldenburg,1634,Rasta Vechta,2457,91,75,local,2024-25,0,rHmC6OUN,61.0,30.0,49.18,41.0,22.0,53.66,20.0,8.0,40.0,30.0,23.0,76.7,14.0,32.0,46.0,17.0,1.0,17.0,7.0,23.0,71.0,28.0,39.44,45.0,23.0,51.11,26.0,5.0,19.23,18.0,14.0,77.8,12.0,20.0,32.0,10.0,2.0,11.0,7.0,26.0,forward
2025_0503_19629_450,2025-05-03T00:00:00+00:00,SYNTAINICS MBC Weissenfels,450,Veolia Towers Hamburg,19629,102,81,local,2024-25,0,tCmC2FTk,67.0,38.0,56.72,41.0,24.0,58.54,26.0,14.0,53.85,16.0,12.0,75.0,8.0,27.0,35.0,22.0,5.0,11.0,8.0,23.0,63.0,25.0,39.68,32.0,18.0,56.25,31.0,7.0,22.58,30.0,24.0,80.0,14.0,23.0,37.0,16.0,1.0,13.0,6.0,18.0,forward
2025_0504_3361_40,2025-05-04T00:00:00+00:00,Basketball Loewen Braunschweig,40,Fraport Skyliners Frankfurt,3361,79,72,local,2024-25,0,feHUO5ph,56.0,26.0,46.43,32.0,19.0,59.38,24.0,7.0,29.17,30.0,20.0,66.7,16.0,25.0,41.0,16.0,7.0,16.0,8.0,19.0,64.0,24.0,37.5,37.0,13.0,35.14,27.0,11.0,40.74,16.0,13.0,81.3,15.0,20.0,35.0,18.0,1.0,14.0,9.0,25.0,forward
2025_0504_214_219,2025-05-04T00:00:00+00:00,FC Bayern Muenchen Basketball,219,BG Goettingen,214,94,86,local,2024-25,0,jNAwNqF4,63.0,33.0,52.38,30.0,19.0,63.33,33.0,14.0,42.42,26.0,14.0,53.8,6.0,21.0,27.0,22.0,5.0,7.0,11.0,20.0,63.0,27.0,42.86,34.0,16.0,47.06,29.0,11.0,37.93,24.0,21.0,87.5,15.0,29.0,44.0,18.0,0.0,19.0,3.0,25.0,forward
2025_0504_1774_1791,2025-05-04T00:00:00+00:00,NINERS Chemnitz,1791,Rostock Seawolves,1774,108,102,local,2024-25,0,SlPr12ho,73.0,37.0,50.68,45.0,24.0,53.33,28.0,13.0,46.43,30.0,21.0,70.0,9.0,26.0,35.0,25.0,1.0,10.0,7.0,27.0,85.0,38.0,44.71,47.0,24.0,51.06,38.0,14.0,36.84,20.0,12.0,60.0,19.0,31.0,50.0,13.0,4.0,15.0,6.0,28.0,forward
2025_0507_1791_19629,2025-05-07T00:00:00+00:00,Veolia Towers Hamburg,19629,NINERS Chemnitz,1791,88,93,visitante,2024-25,0,YTUObFrL,71.0,34.0,47.89,41.0,28.0,68.29,30.0,6.0,20.0,20.0,14.0,70.0,12.0,27.0,39.0,19.0,0.0,17.0,10.0,21.0,66.0,33.0,50.0,33.0,24.0,72.73,33.0,9.0,27.27,25.0,18.0,72.0,7.0,27.0,34.0,21.0,1.0,15.0,9.0,23.0,forward
2025_0507_450_41,2025-05-07T00:00:00+00:00,MHP Riesen Ludwigsburg,41,SYNTAINICS MBC Weissenfels,450,85,76,local,2024-25,0,Q3RG0yE8,63.0,27.0,42.86,42.0,20.0,47.62,21.0,7.0,33.33,34.0,24.0,70.6,15.0,20.0,35.0,15.0,2.0,7.0,8.0,17.0,61.0,30.0,49.18,38.0,23.0,60.53,23.0,7.0,30.43,12.0,9.0,75.0,11.0,26.0,37.0,18.0,2.0,15.0,5.0,29.0,forward
2025_0507_215_2745,2025-05-07T00:00:00+00:00,FITOne Wuerzburg Baskets,2745,MLP Academics Heidelberg,215,85,102,visitante,2024-25,0,lxiK0gb2,63.0,24.0,38.1,26.0,13.0,50.0,37.0,11.0,29.73,33.0,26.0,78.8,12.0,17.0,29.0,11.0,2.0,7.0,7.0,17.0,68.0,42.0,61.76,39.0,30.0,76.92,29.0,12.0,41.38,8.0,6.0,75.0,11.0,28.0,39.0,20.0,3.0,11.0,4.0,24.0,forward
2025_0508_214_10,2025-05-08T00:00:00+00:00,ALBA Berlin,10,BG Goettingen,214,101,69,local,2024-25,0,6yIBkB57,75.0,38.0,50.67,44.0,26.0,59.09,31.0,12.0,38.71,20.0,13.0,65.0,16.0,32.0,48.0,26.0,6.0,10.0,9.0,20.0,59.0,22.0,37.29,37.0,15.0,40.54,22.0,7.0,31.82,21.0,18.0,85.7,8.0,22.0,30.0,10.0,1.0,19.0,7.0,19.0,forward
2025_0508_219_1510,2025-05-08T00:00:00+00:00,Telekom Baskets Bonn,1510,FC Bayern Muenchen Basketball,219,86,90,visitante,2024-25,0,YsAcDEcE,62.0,32.0,51.61,32.0,21.0,65.63,30.0,11.0,36.67,16.0,11.0,68.8,7.0,27.0,34.0,13.0,2.0,11.0,6.0,22.0,64.0,31.0,48.44,31.0,17.0,54.84,33.0,14.0,42.42,19.0,14.0,73.7,8.0,24.0,32.0,21.0,0.0,9.0,7.0,19.0,forward
2025_0508_40_1774,2025-05-08T00:00:00+00:00,Rostock Seawolves,1774,Basketball Loewen Braunschweig,40,48,67,visitante,2024-25,0,xdQfgg6r,62.0,16.0,25.81,36.0,12.0,33.33,26.0,4.0,15.38,18.0,12.0,66.7,10.0,31.0,41.0,7.0,4.0,15.0,2.0,21.0,64.0,25.0,39.06,40.0,21.0,52.5,24.0,4.0,16.67,25.0,13.0,52.0,12.0,37.0,49.0,13.0,5.0,14.0,4.0,21.0,forward
2025_0508_132_127,2025-05-08T00:00:00+00:00,Ratiopharm Ulm,127,Bamberg Baskets,132,92,77,local,2024-25,0,A9O2iXze,63.0,27.0,42.86,28.0,14.0,50.0,35.0,13.0,37.14,34.0,25.0,73.5,13.0,23.0,36.0,19.0,1.0,10.0,10.0,21.0,52.0,29.0,55.77,41.0,25.0,60.98,11.0,4.0,36.36,19.0,15.0,78.9,2.0,28.0,30.0,15.0,1.0,19.0,6.0,29.0,forward
2025_0511_2457_132,2025-05-11T00:00:00+00:00,Bamberg Baskets,132,Rasta Vechta,2457,86,73,local,2024-25,0,IZ9BKV4s,73.0,32.0,43.84,45.0,24.0,53.33,28.0,8.0,28.57,19.0,14.0,73.7,15.0,26.0,41.0,20.0,3.0,8.0,7.0,25.0,64.0,27.0,42.19,38.0,20.0,52.63,26.0,7.0,26.92,18.0,12.0,66.7,13.0,27.0,40.0,14.0,5.0,19.0,4.0,26.0,forward
2025_0511_2745_40,2025-05-11T00:00:00+00:00,Basketball Loewen Braunschweig,40,FITOne Wuerzburg Baskets,2745,86,72,local,2024-25,0,4Wqx6Wkl,55.0,20.0,36.36,31.0,14.0,45.16,24.0,6.0,25.0,41.0,36.0,87.8,16.0,24.0,40.0,16.0,3.0,12.0,8.0,19.0,64.0,24.0,37.5,35.0,18.0,51.43,29.0,6.0,20.69,18.0,17.0,94.4,15.0,23.0,38.0,12.0,5.0,16.0,8.0,27.0,forward
2025_0511_41_219,2025-05-11T00:00:00+00:00,FC Bayern Muenchen Basketball,219,MHP Riesen Ludwigsburg,41,73,72,local,2024-25,0,lKJuQisK,57.0,22.0,38.6,22.0,9.0,40.91,35.0,13.0,37.14,19.0,16.0,84.2,10.0,25.0,35.0,17.0,2.0,15.0,6.0,19.0,62.0,28.0,45.16,41.0,19.0,46.34,21.0,9.0,42.86,11.0,7.0,63.6,8.0,26.0,34.0,15.0,0.0,12.0,8.0,22.0,forward
2025_0511_1774_214,2025-05-11T00:00:00+00:00,BG Goettingen,214,Rostock Seawolves,1774,88,85,local,2024-25,0,0bwo4AK0,70.0,31.0,44.29,36.0,18.0,50.0,34.0,13.0,38.24,21.0,13.0,61.9,11.0,31.0,42.0,15.0,1.0,11.0,6.0,24.0,61.0,31.0,50.82,37.0,22.0,59.46,24.0,9.0,37.5,29.0,14.0,48.3,7.0,30.0,37.0,18.0,2.0,8.0,7.0,19.0,forward
2025_0511_127_19629,2025-05-11T00:00:00+00:00,Veolia Towers Hamburg,19629,Ratiopharm Ulm,127,64,79,visitante,2024-25,0,vkbKI9Zg,57.0,23.0,40.35,31.0,17.0,54.84,26.0,6.0,23.08,22.0,12.0,54.5,6.0,24.0,30.0,17.0,3.0,19.0,9.0,20.0,61.0,31.0,50.82,35.0,23.0,65.71,26.0,8.0,30.77,11.0,9.0,81.8,5.0,33.0,38.0,18.0,1.0,21.0,11.0,23.0,forward
2025_0511_3361_215,2025-05-11T00:00:00+00:00,MLP Academics Heidelberg,215,Fraport Skyliners Frankfurt,3361,84,75,local,2024-25,0,nF1SGm46,76.0,30.0,39.47,54.0,24.0,44.44,22.0,6.0,27.27,22.0,18.0,81.8,14.0,25.0,39.0,17.0,4.0,7.0,8.0,25.0,67.0,24.0,35.82,37.0,16.0,43.24,30.0,8.0,26.67,27.0,19.0,70.4,19.0,33.0,52.0,13.0,3.0,19.0,4.0,25.0,forward
2025_0511_1791_1634,2025-05-11T00:00:00+00:00,EWE Baskets Oldenburg,1634,NINERS Chemnitz,1791,104,94,local,2024-25,0,rseyFRYI,68.0,34.0,50.0,36.0,19.0,52.78,32.0,15.0,46.88,33.0,23.0,69.7,14.0,22.0,36.0,25.0,3.0,8.0,7.0,20.0,63.0,35.0,55.56,36.0,24.0,66.67,27.0,11.0,40.74,14.0,13.0,92.9,6.0,21.0,27.0,19.0,1.0,13.0,2.0,27.0,forward
2025_0511_1510_450,2025-05-11T00:00:00+00:00,SYNTAINICS MBC Weissenfels,450,Telekom Baskets Bonn,1510,100,94,local,2024-25,0,YByg2lkD,67.0,35.0,52.24,34.0,20.0,58.82,33.0,15.0,45.45,21.0,15.0,71.4,10.0,23.0,33.0,22.0,2.0,12.0,9.0,18.0,69.0,34.0,49.28,37.0,21.0,56.76,32.0,13.0,40.63,14.0,13.0,92.9,11.0,21.0,32.0,21.0,3.0,15.0,5.0,21.0,forward
2025_0513_1774_1634,2025-05-13T00:00:00+00:00,EWE Baskets Oldenburg,1634,Rostock Seawolves,1774,95,83,local,2024-25,1,OIXNvSGl,75.0,32.0,42.67,45.0,23.0,51.11,30.0,9.0,30.0,27.0,22.0,81.5,16.0,32.0,48.0,13.0,1.0,9.0,4.0,25.0,68.0,28.0,41.18,35.0,19.0,54.29,33.0,9.0,27.27,26.0,18.0,69.2,10.0,27.0,37.0,10.0,2.0,11.0,4.0,30.0,forward
2025_0513_450_10,2025-05-13T00:00:00+00:00,ALBA Berlin,10,SYNTAINICS MBC Weissenfels,450,81,78,local,2024-25,1,4UKkczXF,59.0,25.0,42.37,36.0,15.0,41.67,23.0,10.0,43.48,27.0,21.0,77.8,15.0,24.0,39.0,18.0,2.0,15.0,6.0,18.0,65.0,28.0,43.08,34.0,18.0,52.94,31.0,10.0,32.26,12.0,10.0,83.3,11.0,20.0,31.0,19.0,2.0,12.0,9.0,25.0,forward
2025_0515_1634_450,2025-05-15T00:00:00+00:00,SYNTAINICS MBC Weissenfels,450,EWE Baskets Oldenburg,1634,110,95,local,2024-25,1,tE0MUJxf,64.0,38.0,59.38,36.0,24.0,66.67,28.0,14.0,50.0,28.0,20.0,71.4,14.0,23.0,37.0,24.0,3.0,14.0,4.0,25.0,70.0,36.0,51.43,50.0,30.0,60.0,20.0,6.0,30.0,24.0,17.0,70.8,14.0,15.0,29.0,23.0,1.0,11.0,6.0,27.0,forward
2025_0517_215_1791,2025-05-17T00:00:00+00:00,NINERS Chemnitz,1791,MLP Academics Heidelberg,215,90,93,visitante,2024-25,1,OWCdgRVs,74.0,31.0,41.89,41.0,19.0,46.34,33.0,12.0,36.36,21.0,16.0,76.2,13.0,22.0,35.0,17.0,4.0,10.0,10.0,21.0,67.0,32.0,47.76,39.0,21.0,53.85,28.0,11.0,39.29,21.0,18.0,85.7,14.0,30.0,44.0,16.0,5.0,16.0,6.0,19.0,forward
2025_0517_10_127,2025-05-17T00:00:00+00:00,Ratiopharm Ulm,127,ALBA Berlin,10,94,83,local,2024-25,1,KGNmYhqn,53.0,27.0,50.94,31.0,21.0,67.74,22.0,6.0,27.27,44.0,34.0,77.3,7.0,20.0,27.0,14.0,2.0,13.0,12.0,20.0,67.0,32.0,47.76,42.0,22.0,52.38,25.0,10.0,40.0,14.0,9.0,64.3,16.0,24.0,40.0,11.0,0.0,24.0,8.0,36.0,forward
2025_0517_450_219,2025-05-17T00:00:00+00:00,FC Bayern Muenchen Basketball,219,SYNTAINICS MBC Weissenfels,450,78,60,local,2024-25,1,Sd7QyT2c,69.0,29.0,42.03,34.0,19.0,55.88,35.0,10.0,28.57,16.0,10.0,62.5,12.0,29.0,41.0,19.0,1.0,12.0,9.0,20.0,59.0,24.0,40.68,32.0,16.0,50.0,27.0,8.0,29.63,10.0,4.0,40.0,7.0,29.0,36.0,11.0,1.0,16.0,5.0,22.0,forward
2025_0518_2745_40,2025-05-18T00:00:00+00:00,Basketball Loewen Braunschweig,40,FITOne Wuerzburg Baskets,2745,92,79,local,2024-25,1,WryWx6o1,64.0,32.0,50.0,38.0,18.0,47.37,26.0,14.0,53.85,18.0,14.0,77.8,11.0,27.0,38.0,21.0,4.0,12.0,7.0,20.0,66.0,29.0,43.94,36.0,21.0,58.33,30.0,8.0,26.67,14.0,13.0,92.9,9.0,23.0,32.0,11.0,0.0,10.0,7.0,18.0,forward
2025_0520_1791_215,2025-05-20T00:00:00+00:00,MLP Academics Heidelberg,215,NINERS Chemnitz,1791,74,70,local,2024-25,1,WdG4i50f,74.0,30.0,40.54,35.0,20.0,57.14,39.0,10.0,25.64,7.0,4.0,57.1,13.0,31.0,44.0,14.0,2.0,12.0,9.0,19.0,60.0,25.0,41.67,35.0,17.0,48.57,25.0,8.0,32.0,19.0,12.0,63.2,8.0,31.0,39.0,13.0,1.0,15.0,5.0,17.0,forward
2025_0520_219_450,2025-05-20T00:00:00+00:00,SYNTAINICS MBC Weissenfels,450,FC Bayern Muenchen Basketball,219,65,80,visitante,2024-25,1,OO0ZZ6X9,64.0,24.0,37.5,39.0,20.0,51.28,25.0,4.0,16.0,15.0,13.0,86.7,11.0,29.0,40.0,12.0,2.0,12.0,4.0,24.0,50.0,23.0,46.0,27.0,15.0,55.56,23.0,8.0,34.78,31.0,26.0,83.9,4.0,29.0,33.0,23.0,0.0,8.0,3.0,20.0,forward
2025_0521_40_2745,2025-05-21T00:00:00+00:00,FITOne Wuerzburg Baskets,2745,Basketball Loewen Braunschweig,40,94,90,local,2024-25,1,ChqvypGD,69.0,34.0,49.28,44.0,23.0,52.27,25.0,11.0,44.0,21.0,15.0,71.4,18.0,16.0,34.0,18.0,0.0,9.0,9.0,25.0,50.0,30.0,60.0,29.0,20.0,68.97,21.0,10.0,47.62,30.0,20.0,66.7,9.0,19.0,28.0,18.0,5.0,16.0,5.0,23.0,forward
2025_0521_127_10,2025-05-21T00:00:00+00:00,ALBA Berlin,10,Ratiopharm Ulm,127,62,74,visitante,2024-25,1,GrHdWWDb,59.0,21.0,35.59,32.0,17.0,53.13,27.0,4.0,14.81,21.0,16.0,76.2,9.0,25.0,34.0,12.0,2.0,18.0,11.0,17.0,61.0,26.0,42.62,26.0,14.0,53.85,35.0,12.0,34.29,10.0,10.0,100.0,8.0,30.0,38.0,21.0,3.0,20.0,10.0,24.0,forward
2025_0524_10_127,2025-05-24T00:00:00+00:00,Ratiopharm Ulm,127,ALBA Berlin,10,93,84,local,2024-25,1,ldF4UArB,51.0,25.0,49.02,25.0,16.0,64.0,26.0,9.0,34.62,42.0,34.0,81.0,8.0,26.0,34.0,18.0,2.0,19.0,10.0,21.0,64.0,31.0,48.44,36.0,20.0,55.56,28.0,11.0,39.29,13.0,11.0,84.6,9.0,20.0,29.0,14.0,1.0,19.0,12.0,30.0,forward
2025_0524_450_219,2025-05-24T00:00:00+00:00,FC Bayern Muenchen Basketball,219,SYNTAINICS MBC Weissenfels,450,80,69,local,2024-25,1,dxasYp2M,49.0,26.0,53.06,21.0,14.0,66.67,28.0,12.0,42.86,20.0,16.0,80.0,5.0,26.0,31.0,19.0,2.0,14.0,5.0,17.0,57.0,25.0,43.86,27.0,13.0,48.15,30.0,12.0,40.0,9.0,7.0,77.8,8.0,21.0,29.0,15.0,0.0,13.0,6.0,23.0,forward
2025_0525_2745_40,2025-05-25T00:00:00+00:00,Basketball Loewen Braunschweig,40,FITOne Wuerzburg Baskets,2745,80,75,local,2024-25,1,4nWPbm8K,58.0,27.0,46.55,39.0,21.0,53.85,19.0,6.0,31.58,26.0,20.0,76.9,12.0,30.0,42.0,13.0,10.0,16.0,3.0,22.0,71.0,26.0,36.62,46.0,20.0,43.48,25.0,6.0,24.0,22.0,17.0,77.3,15.0,23.0,38.0,9.0,3.0,9.0,10.0,26.0,forward
2025_0525_215_1791,2025-05-25T00:00:00+00:00,NINERS Chemnitz,1791,MLP Academics Heidelberg,215,97,88,local,2024-25,1,hC4DkqV6,65.0,35.0,53.85,31.0,19.0,61.29,34.0,16.0,47.06,14.0,11.0,78.6,14.0,27.0,41.0,24.0,1.0,22.0,6.0,23.0,67.0,34.0,50.75,47.0,29.0,61.7,20.0,5.0,25.0,18.0,15.0,83.3,5.0,16.0,21.0,12.0,2.0,10.0,14.0,19.0,forward
2025_0527_1791_215,2025-05-27T00:00:00+00:00,MLP Academics Heidelberg,215,NINERS Chemnitz,1791,92,64,local,2024-25,1,Cfb9POgl,62.0,30.0,48.39,35.0,23.0,65.71,27.0,7.0,25.93,35.0,23.0,65.7,17.0,33.0,50.0,17.0,0.0,17.0,11.0,20.0,56.0,22.0,39.29,25.0,15.0,60.0,31.0,7.0,22.58,19.0,13.0,68.4,7.0,18.0,25.0,10.0,2.0,19.0,13.0,29.0,forward
2025_0527_40_2745,2025-05-27T00:00:00+00:00,FITOne Wuerzburg Baskets,2745,Basketball Loewen Braunschweig,40,79,72,local,2024-25,1,nHbfdhNp,67.0,28.0,41.79,34.0,19.0,55.88,33.0,9.0,27.27,16.0,14.0,87.5,10.0,27.0,37.0,11.0,6.0,13.0,9.0,23.0,66.0,26.0,39.39,42.0,20.0,47.62,24.0,6.0,25.0,22.0,14.0,63.6,15.0,28.0,43.0,12.0,3.0,15.0,6.0,22.0,forward
2025_0529_2745_40,2025-05-29T00:00:00+00:00,Basketball Loewen Braunschweig,40,FITOne Wuerzburg Baskets,2745,88,97,visitante,2024-25,1,pzau5MXO,80.0,33.0,41.25,50.0,28.0,56.0,30.0,5.0,16.67,23.0,17.0,73.9,21.0,31.0,52.0,16.0,5.0,17.0,8.0,26.0,67.0,29.0,43.28,36.0,17.0,47.22,31.0,12.0,38.71,34.0,27.0,79.4,10.0,27.0,37.0,14.0,3.0,15.0,14.0,21.0,forward
2025_0601_215_219,2025-06-01T00:00:00+00:00,FC Bayern Muenchen Basketball,219,MLP Academics Heidelberg,215,90,95,visitante,2024-25,1,CM0au1Kb,65.0,29.0,44.62,26.0,14.0,53.85,39.0,15.0,38.46,19.0,17.0,89.5,13.0,22.0,35.0,17.0,0.0,9.0,7.0,17.0,61.0,35.0,57.38,33.0,20.0,60.61,28.0,15.0,53.57,12.0,10.0,83.3,6.0,24.0,30.0,20.0,3.0,12.0,6.0,25.0,forward
2025_0601_2745_127,2025-06-01T00:00:00+00:00,Ratiopharm Ulm,127,FITOne Wuerzburg Baskets,2745,91,87,local,2024-25,1,ITMr8FDs,78.0,31.0,39.74,45.0,23.0,51.11,33.0,8.0,24.24,27.0,21.0,77.8,15.0,32.0,47.0,19.0,3.0,13.0,7.0,24.0,72.0,29.0,40.28,43.0,20.0,46.51,29.0,9.0,31.03,26.0,20.0,76.9,15.0,35.0,50.0,10.0,2.0,15.0,7.0,23.0,forward
2025_0604_127_2745,2025-06-04T00:00:00+00:00,FITOne Wuerzburg Baskets,2745,Ratiopharm Ulm,127,87,77,local,2024-25,1,EeGi6grf,62.0,27.0,43.55,37.0,17.0,45.95,25.0,10.0,40.0,32.0,23.0,71.9,14.0,21.0,35.0,15.0,2.0,17.0,11.0,23.0,58.0,26.0,44.83,28.0,19.0,67.86,30.0,7.0,23.33,23.0,18.0,78.3,13.0,23.0,36.0,12.0,5.0,23.0,7.0,28.0,forward
2025_0604_219_215,2025-06-04T00:00:00+00:00,MLP Academics Heidelberg,215,FC Bayern Muenchen Basketball,219,61,90,visitante,2024-25,1,Kn47wukB,55.0,19.0,34.55,30.0,12.0,40.0,25.0,7.0,28.0,23.0,16.0,69.6,9.0,19.0,28.0,8.0,1.0,16.0,5.0,25.0,59.0,28.0,47.46,26.0,15.0,57.69,33.0,13.0,39.39,24.0,21.0,87.5,11.0,29.0,40.0,16.0,1.0,12.0,11.0,25.0,forward
2025_0607_2745_127,2025-06-07T00:00:00+00:00,Ratiopharm Ulm,127,FITOne Wuerzburg Baskets,2745,99,86,local,2024-25,1,63Yb4XC6,71.0,34.0,47.89,47.0,28.0,59.57,24.0,6.0,25.0,34.0,25.0,73.5,20.0,33.0,53.0,18.0,3.0,13.0,7.0,28.0,59.0,26.0,44.07,29.0,14.0,48.28,30.0,12.0,40.0,32.0,22.0,68.8,4.0,22.0,26.0,14.0,2.0,10.0,5.0,29.0,forward
2025_0607_215_219,2025-06-07T00:00:00+00:00,FC Bayern Muenchen Basketball,219,MLP Academics Heidelberg,215,98,68,local,2024-25,1,t2hGyJJN,65.0,34.0,52.31,30.0,20.0,66.67,35.0,14.0,40.0,20.0,16.0,80.0,13.0,30.0,43.0,21.0,5.0,11.0,4.0,24.0,58.0,25.0,43.1,37.0,20.0,54.05,21.0,5.0,23.81,18.0,13.0,72.2,7.0,18.0,25.0,7.0,2.0,12.0,5.0,23.0,forward
2025_0610_127_2745,2025-06-10T00:00:00+00:00,FITOne Wuerzburg Baskets,2745,Ratiopharm Ulm,127,78,77,local,2024-25,1,E1cH2KTF,58.0,24.0,41.38,29.0,15.0,51.72,29.0,9.0,31.03,27.0,21.0,77.8,9.0,24.0,33.0,19.0,5.0,12.0,7.0,26.0,61.0,23.0,37.7,37.0,14.0,37.84,24.0,9.0,37.5,29.0,22.0,75.9,16.0,28.0,44.0,14.0,2.0,17.0,8.0,26.0,forward
2025_0610_219_215,2025-06-10T00:00:00+00:00,MLP Academics Heidelberg,215,FC Bayern Muenchen Basketball,219,82,94,visitante,2024-25,1,js9PUiVb,65.0,29.0,44.62,33.0,20.0,60.61,32.0,9.0,28.13,22.0,15.0,68.2,7.0,30.0,37.0,15.0,3.0,20.0,6.0,31.0,73.0,29.0,39.73,25.0,11.0,44.0,48.0,18.0,37.5,23.0,18.0,78.3,14.0,33.0,47.0,20.0,2.0,18.0,9.0,24.0,forward
2025_0612_2745_127,2025-06-12T00:00:00+00:00,Ratiopharm Ulm,127,FITOne Wuerzburg Baskets,2745,91,84,local,2024-25,1,OC8hQKdJ,61.0,30.0,49.18,35.0,18.0,51.43,26.0,12.0,46.15,30.0,19.0,63.3,11.0,28.0,39.0,19.0,2.0,20.0,9.0,26.0,67.0,30.0,44.78,35.0,21.0,60.0,32.0,9.0,28.13,26.0,18.0,69.2,12.0,26.0,38.0,16.0,4.0,18.0,8.0,28.0,forward
2025_0615_127_219,2025-06-15T00:00:00+00:00,FC Bayern Muenchen Basketball,219,Ratiopharm Ulm,127,82,66,local,2024-25,1,rRWGIGKH,56.0,26.0,46.43,28.0,17.0,60.71,28.0,9.0,32.14,26.0,21.0,80.8,12.0,28.0,40.0,18.0,2.0,11.0,8.0,20.0,65.0,27.0,41.54,31.0,19.0,61.29,34.0,8.0,23.53,12.0,4.0,33.3,13.0,19.0,32.0,12.0,1.0,11.0,4.0,24.0,forward
2025_0618_219_127,2025-06-18T00:00:00+00:00,Ratiopharm Ulm,127,FC Bayern Muenchen Basketball,219,79,64,local,2024-25,1,2Fqk084j,62.0,27.0,43.55,34.0,16.0,47.06,28.0,11.0,39.29,23.0,14.0,60.9,13.0,30.0,43.0,16.0,2.0,18.0,15.0,26.0,58.0,19.0,32.76,24.0,11.0,45.83,34.0,8.0,23.53,22.0,18.0,81.8,12.0,26.0,38.0,11.0,0.0,22.0,12.0,24.0,forward
2025_0621_127_219,2025-06-21T00:00:00+00:00,FC Bayern Muenchen Basketball,219,Ratiopharm Ulm,127,79,81,visitante,2024-25,1,8CWzOBdc,60.0,25.0,41.67,22.0,12.0,54.55,38.0,13.0,34.21,18.0,16.0,88.9,14.0,21.0,35.0,19.0,1.0,14.0,5.0,22.0,56.0,29.0,51.79,28.0,18.0,64.29,28.0,11.0,39.29,17.0,12.0,70.6,7.0,21.0,28.0,13.0,3.0,10.0,9.0,17.0,forward
2025_0624_219_127,2025-06-24T00:00:00+00:00,Ratiopharm Ulm,127,FC Bayern Muenchen Basketball,219,53,67,visitante,2024-25,1,bsFRZh9a,64.0,17.0,26.56,26.0,9.0,34.62,38.0,8.0,21.05,17.0,11.0,64.7,15.0,30.0,45.0,9.0,0.0,16.0,8.0,17.0,59.0,25.0,42.37,32.0,18.0,56.25,27.0,7.0,25.93,18.0,10.0,55.6,6.0,34.0,40.0,17.0,5.0,11.0,12.0,20.0,forward
2025_0626_127_219,2025-06-26T00:00:00+00:00,FC Bayern Muenchen Basketball,219,Ratiopharm Ulm,127,81,77,local,2024-25,1,EBboX4MH,58.0,27.0,46.55,24.0,15.0,62.5,34.0,12.0,35.29,19.0,15.0,78.9,9.0,24.0,33.0,19.0,1.0,18.0,9.0,22.0,66.0,26.0,39.39,39.0,22.0,56.41,27.0,4.0,14.81,24.0,21.0,87.5,16.0,25.0,41.0,10.0,0.0,15.0,11.0,21.0,forward
