match_id,temporada,fecha,jornada,equipo_local,equipo_visitante,club_local_id,club_visitante_id,home_pts_avg_5,home_pts_conceded_avg_5,home_win_rate_5,away_pts_avg_5,away_pts_conceded_avg_5,away_win_rate_5,pts_diff_5,win_rate_diff_5,home_pts_avg_10,home_pts_conceded_avg_10,home_win_rate_10,away_pts_avg_10,away_pts_conceded_avg_10,away_win_rate_10,pts_diff_10,win_rate_diff_10,home_t3_pct_avg_5,home_t2_pct_avg_5,home_reb_avg_5,home_ast_avg_5,home_val_avg_5,away_t3_pct_avg_5,away_t2_pct_avg_5,away_reb_avg_5,away_ast_avg_5,away_val_avg_5,val_diff_5,home_streak_5,away_streak_5,h2h_home_wins,h2h_total,h2h_home_rate,is_home,target
101266,2020-21,2020-09-19 18:45:00+00:00,1,Herbalife Gran Canaria,RETAbet Bilbao Basket,5,4,,,,,,,,,,,,,,,,,,,,,,,,,,,,,,0.0,0.0,0.5,1,1
101262,2020-21,2020-09-19 18:45:00+00:00,1,Acunsa GBC,Real Madrid,7,9,,,,,,,,,,,,,,,,,,,,,,,,,,,,,,0.0,0.0,0.5,1,0
101263,2020-21,2020-09-20 10:30:00+00:00,1,Movistar Estudiantes,BAXI Manresa,6,10,,,,,,,,,,,,,,,,,,,,,,,,,,,,,,0.0,0.0,0.5,1,0
101267,2020-21,2020-09-20 15:00:00+00:00,1,MoraBanc Andorra,UCAM Murcia CB,22,12,,,,,,,,,,,,,,,,,,,,,,,,,,,,,,0.0,0.0,0.5,1,1
101038,2020-21,2020-09-20 16:30:00+00:00,1,TD Systems Baskonia,Valencia Basket Club,3,13,,,,,,,,,,,,,,,,,,,,,,,,,,,,,,0.0,0.0,0.5,1,1
101269,2020-21,2020-09-20 18:00:00+00:00,1,Barça,Hereda San Pablo Burgos,2,549,,,,,,,,,,,,,,,,,,,,,,,,,,,,,,0.0,0.0,0.5,1,1
101264,2020-21,2020-09-20 20:00:00+00:00,1,Monbus Obradoiro,Urbas Fuenlabrada,57,17,,,,,,,,,,,,,,,,,,,,,,,,,,,,,,0.0,0.0,0.5,1,1
101265,2020-21,2020-09-21 18:30:00+00:00,1,Club Joventut Badalona,Unicaja,8,14,,,,,,,,,,,,,,,,,,,,,,,,,,,,,,0.0,0.0,0.5,1,1
101268,2020-21,2020-09-21 18:30:00+00:00,1,Iberostar Tenerife,Casademont Zaragoza,28,16,,,,,,,,,,,,,,,,,,,,,,,,,,,,,,0.0,0.0,0.5,1,1
101258,2020-21,2020-09-23 19:45:00+00:00,2,RETAbet Bilbao Basket,Iberostar Tenerife,4,28,102.0,107.0,0.0,91.0,86.0,1.0,11.0,-1.0,102.0,107.0,0.0,91.0,86.0,1.0,11.0,-1.0,0.4,0.561,31.0,14.0,97.0,0.303,0.5526,38.0,13.0,93.0,4.0,-1.0,1.0,0.0,0.0,0.5,1,0
101256,2020-21,2020-09-24 17:00:00+00:00,2,BAXI Manresa,Monbus Obradoiro,10,57,88.0,84.0,1.0,101.0,82.0,1.0,-13.0,0.0,88.0,84.0,1.0,101.0,82.0,1.0,-13.0,0.0,0.4286,0.5,36.0,19.0,91.0,0.4706,0.6207,34.0,24.0,121.0,-30.0,1.0,1.0,0.0,0.0,0.5,1,0
101254,2020-21,2020-09-24 17:00:00+00:00,2,UCAM Murcia CB,Movistar Estudiantes,12,6,66.0,84.0,0.0,84.0,88.0,0.0,-18.0,0.0,66.0,84.0,0.0,84.0,88.0,0.0,-18.0,0.0,0.2609,0.3878,35.0,10.0,55.0,0.3667,0.5143,26.0,14.0,74.0,-19.0,-1.0,-1.0,0.0,0.0,0.5,1,1
101257,2020-21,2020-09-24 19:45:00+00:00,2,Unicaja,Barça,14,2,73.0,81.0,0.0,89.0,86.0,1.0,-16.0,-1.0,73.0,81.0,0.0,89.0,86.0,1.0,-16.0,-1.0,0.3333,0.5,21.0,14.0,67.0,0.6,0.4048,40.0,23.0,104.0,-37.0,-1.0,1.0,0.0,0.0,0.5,1,0
101253,2020-21,2020-09-24 19:45:00+00:00,2,Urbas Fuenlabrada,TD Systems Baskonia,17,3,82.0,101.0,0.0,76.0,73.0,1.0,6.0,-1.0,82.0,101.0,0.0,76.0,73.0,1.0,6.0,-1.0,0.2667,0.5833,26.0,15.0,76.0,0.3333,0.4872,24.0,19.0,80.0,-4.0,-1.0,1.0,0.0,0.0,0.5,1,0
101261,2020-21,2020-09-25 15:00:00+00:00,2,Valencia Basket Club,MoraBanc Andorra,13,22,73.0,76.0,0.0,84.0,66.0,1.0,-11.0,-1.0,73.0,76.0,0.0,84.0,66.0,1.0,-11.0,-1.0,0.4286,0.56,30.0,17.0,80.0,0.3333,0.6667,39.0,21.0,99.0,-19.0,-1.0,1.0,0.0,0.0,0.5,1,1
101255,2020-21,2020-09-25 17:15:00+00:00,2,Coosur Real Betis,Club Joventut Badalona,15,8,,,,81.0,73.0,1.0,,,,,,81.0,73.0,1.0,,,,,,,,0.28,0.525,45.0,16.0,97.0,,,1.0,0.0,0.0,0.5,1,0
101260,2020-21,2020-09-25 17:45:00+00:00,2,Hereda San Pablo Burgos,Herbalife Gran Canaria,549,5,86.0,89.0,0.0,107.0,102.0,1.0,-21.0,-1.0,86.0,89.0,0.0,107.0,102.0,1.0,-21.0,-1.0,0.2759,0.7586,20.0,23.0,98.0,0.4545,0.5946,26.0,21.0,108.0,-10.0,-1.0,1.0,0.0,0.0,0.5,1,1
101259,2020-21,2020-09-25 19:45:00+00:00,2,Real Madrid,Casademont Zaragoza,9,16,86.0,70.0,1.0,86.0,91.0,0.0,0.0,1.0,86.0,70.0,1.0,86.0,91.0,0.0,0.0,1.0,0.4074,0.561,35.0,17.0,102.0,0.3226,0.5455,30.0,16.0,79.0,23.0,1.0,-1.0,0.0,0.0,0.5,1,1
101289,2020-21,2020-09-26 15:00:00+00:00,3,UCAM Murcia CB,Iberostar Tenerife,12,28,79.5,82.0,0.5,86.0,78.0,1.0,-6.5,-0.5,79.5,82.0,0.5,86.0,78.0,1.0,-6.5,-0.5,0.31565,0.4488,37.5,14.5,80.5,0.3246,0.5409999999999999,32.5,17.5,91.5,-11.0,0.0,2.0,0.0,0.0,0.5,1,0
101288,2020-21,2020-09-26 18:45:00+00:00,3,Movistar Estudiantes,TD Systems Baskonia,6,3,82.0,90.5,0.0,82.5,73.0,1.0,-0.5,-1.0,82.0,90.5,0.0,82.5,73.0,1.0,-0.5,-1.0,0.373,0.48129999999999995,29.0,12.5,71.5,0.41664999999999996,0.4579,30.5,21.0,87.5,-16.0,-2.0,2.0,0.0,0.0,0.5,1,0
101270,2020-21,2020-09-27 10:30:00+00:00,3,Barça,RETAbet Bilbao Basket,2,4,84.0,78.0,1.0,86.0,94.0,0.0,-2.0,1.0,84.0,78.0,1.0,86.0,94.0,0.0,-2.0,1.0,0.4739,0.45914999999999995,37.0,21.0,97.0,0.35215,0.52335,30.5,12.5,83.5,13.5,2.0,-2.0,0.0,0.0,0.5,1,1
101272,2020-21,2020-09-27 10:30:00+00:00,3,MoraBanc Andorra,Unicaja,22,14,80.0,78.5,0.5,71.5,80.0,0.0,8.5,0.5,80.0,78.5,0.5,71.5,80.0,0.0,8.5,0.5,0.38095,0.54065,33.5,21.0,85.5,0.32575,0.47095,25.0,14.5,65.0,20.5,0.0,-2.0,0.0,0.0,0.5,1,0
101290,2020-21,2020-09-27 15:00:00+00:00,3,Monbus Obradoiro,Coosur Real Betis,57,15,90.5,79.0,1.0,57.0,78.0,0.0,33.5,1.0,90.5,79.0,1.0,57.0,78.0,0.0,33.5,1.0,0.40195000000000003,0.60795,33.5,17.0,98.5,0.2273,0.4048,33.0,15.0,52.0,46.5,2.0,-1.0,0.0,0.0,0.5,1,1
101287,2020-21,2020-09-27 15:00:00+00:00,3,Acunsa GBC,Hereda San Pablo Burgos,7,549,70.0,86.0,0.0,89.0,74.5,0.5,-19.0,-0.5,70.0,86.0,0.0,89.0,74.5,0.5,-19.0,-0.5,0.2727,0.5,33.0,13.0,63.0,0.34765,0.64675,32.5,23.5,103.0,-40.0,-1.0,0.0,0.0,0.0,0.5,1,0
101273,2020-21,2020-09-27 16:00:00+00:00,3,Club Joventut Badalona,Real Madrid,8,9,79.5,65.0,1.0,94.0,76.5,1.0,-14.5,0.0,79.5,65.0,1.0,94.0,76.5,1.0,-14.5,0.0,0.37215,0.5039,40.5,19.0,91.5,0.4831,0.5381,37.5,22.0,112.5,-21.0,2.0,2.0,0.0,0.0,0.5,1,0
101271,2020-21,2020-09-27 18:00:00+00:00,3,Casademont Zaragoza,Herbalife Gran Canaria,16,5,84.5,96.5,0.0,83.5,97.0,0.5,1.0,-0.5,84.5,96.5,0.0,83.5,97.0,0.5,1.0,-0.5,0.32130000000000003,0.5035000000000001,32.5,17.0,77.5,0.3811,0.45520000000000005,27.5,20.5,83.5,-6.0,-2.0,0.0,0.0,0.0,0.5,1,1
101291,2020-21,2020-09-27 18:00:00+00:00,3,BAXI Manresa,Valencia Basket Club,10,13,82.0,82.0,0.5,82.0,76.0,0.5,0.0,0.0,82.0,82.0,0.5,82.0,76.0,0.5,0.0,0.0,0.30125,0.56705,31.5,20.5,88.0,0.4643,0.58645,30.0,19.0,98.5,-10.5,0.0,0.0,0.0,0.0,0.5,1,0
101292,2020-21,2020-10-03 16:00:00+00:00,4,RETAbet Bilbao Basket,Monbus Obradoiro,4,57,78.66666666666667,90.0,0.0,89.33333333333333,79.33333333333333,1.0,-10.666666666666657,-1.0,78.66666666666667,90.0,0.0,89.33333333333333,79.33333333333333,1.0,-10.666666666666657,-1.0,0.35823333333333335,0.46320000000000006,30.666666666666668,14.666666666666666,77.33333333333333,0.36473333333333335,0.6111666666666666,33.0,16.666666666666668,96.66666666666667,-19.333333333333343,-3.0,3.0,0.0,0.0,0.5,1,1
101283,2020-21,2020-10-03 18:45:00+00:00,4,MoraBanc Andorra,Club Joventut Badalona,22,8,79.33333333333333,79.33333333333333,0.3333333333333333,74.33333333333333,72.33333333333333,0.6666666666666666,5.0,-0.3333333333333333,79.33333333333333,79.33333333333333,0.3333333333333333,74.33333333333333,72.33333333333333,0.6666666666666666,5.0,-0.3333333333333333,0.36506666666666665,0.5271,35.333333333333336,20.666666666666668,85.66666666666667,0.32336666666666664,0.4732,36.666666666666664,16.666666666666668,77.66666666666667,8.0,-1.0,1.0,0.0,0.0,0.5,1,0
101281,2020-21,2020-10-03 18:45:00+00:00,4,Unicaja,BAXI Manresa,14,10,74.66666666666667,79.33333333333333,0.3333333333333333,79.33333333333333,82.0,0.3333333333333333,-4.666666666666657,0.0,74.66666666666667,79.33333333333333,0.3333333333333333,79.33333333333333,82.0,0.3333333333333333,-4.666666666666657,0.0,0.3371666666666666,0.47136666666666666,25.0,16.0,69.33333333333333,0.3083666666666667,0.5551,33.333333333333336,21.666666666666668,86.66666666666667,-17.333333333333343,-1.0,-1.0,0.0,0.0,0.5,1,0
101278,2020-21,2020-10-04 10:30:00+00:00,4,Urbas Fuenlabrada,Movistar Estudiantes,17,6,77.5,95.0,0.0,82.66666666666667,89.0,0.0,-5.166666666666671,0.0,77.5,95.0,0.0,82.66666666666667,89.0,0.0,-5.166666666666671,0.0,0.25405,0.56945,28.5,13.5,70.5,0.4370666666666667,0.5071333333333333,26.666666666666668,12.666666666666666,73.0,-2.5,-2.0,-3.0,0.0,0.0,0.5,1,0
101286,2020-21,2020-10-04 15:00:00+00:00,4,TD Systems Baskonia,UCAM Murcia CB,3,12,83.66666666666667,76.66666666666667,1.0,80.33333333333333,82.66666666666667,0.3333333333333333,3.333333333333343,0.6666666666666667,83.66666666666667,76.66666666666667,1.0,80.33333333333333,82.66666666666667,0.3333333333333333,3.333333333333343,0.6666666666666667,0.36866666666666664,0.49970000000000003,28.333333333333332,21.0,92.33333333333333,0.2904333333333333,0.49576666666666663,38.666666666666664,14.333333333333334,82.33333333333333,10.0,3.0,-1.0,0.0,0.0,0.5,1,0
101279,2020-21,2020-10-04 18:00:00+00:00,4,Coosur Real Betis,Valencia Basket Club,15,13,68.5,82.5,0.0,82.0,75.33333333333333,0.6666666666666666,-13.5,-0.6666666666666666,68.5,82.5,0.0,82.0,75.33333333333333,0.6666666666666666,-13.5,-0.6666666666666666,0.27275,0.47619999999999996,32.0,14.0,66.0,0.39286666666666664,0.5861000000000001,29.0,17.666666666666668,97.33333333333333,-31.33333333333333,-2.0,1.0,0.0,0.0,0.5,1,1
101284,2020-21,2020-10-08 18:45:00+00:00,4,Casademont Zaragoza,Hereda San Pablo Burgos,16,549,85.66666666666667,88.0,0.3333333333333333,89.33333333333333,75.33333333333333,0.6666666666666666,-3.666666666666657,-0.3333333333333333,85.66666666666667,88.0,0.3333333333333333,89.33333333333333,75.33333333333333,0.6666666666666666,-3.666666666666657,-0.3333333333333333,0.3253,0.544,32.666666666666664,18.333333333333332,86.33333333333333,0.35400000000000004,0.6311666666666667,33.0,21.333333333333332,101.33333333333333,-15.0,-1.0,1.0,0.0,0.0,0.5,1,0
101226,2020-21,2020-10-10 16:00:00+00:00,5,Acunsa GBC,Casademont Zaragoza,7,16,73.5,88.0,0.0,85.75,91.0,0.25,-12.25,-0.25,73.5,88.0,0.0,85.75,91.0,0.25,-12.25,-0.25,0.33635000000000004,0.4405,32.0,15.5,69.0,0.303975,0.5724750000000001,32.25,16.5,85.25,-16.25,-2.0,-2.0,0.0,0.0,0.5,1,1
101282,2020-21,2020-10-10 16:00:00+00:00,5,BAXI Manresa,MoraBanc Andorra,10,22,82.0,83.0,0.5,81.25,81.75,0.25,0.75,0.25,82.0,83.0,0.5,81.25,81.75,0.25,0.75,0.25,0.34335,0.5534250000000001,33.5,21.0,89.75,0.389175,0.54115,33.0,18.5,85.25,4.5,0.0,-2.0,0.0,0.0,0.5,1,0
101251,2020-21,2020-10-10 18:45:00+00:00,5,UCAM Murcia CB,Coosur Real Betis,12,15,81.0,80.75,0.5,77.33333333333333,83.33333333333333,0.3333333333333333,3.6666666666666714,0.16666666666666669,81.0,80.75,0.5,77.33333333333333,83.33333333333333,0.3333333333333333,3.6666666666666714,0.16666666666666669,0.326525,0.49682499999999996,36.75,14.75,82.5,0.30683333333333335,0.5369666666666667,31.666666666666668,14.333333333333334,80.33333333333333,2.1666666666666714,0.0,-1.0,0.0,0.0,0.5,1,1
101274,2020-21,2020-10-10 18:45:00+00:00,5,Iberostar Tenerife,Urbas Fuenlabrada,28,17,85.33333333333333,79.33333333333333,1.0,78.66666666666667,90.66666666666667,0.0,6.666666666666657,1.0,85.33333333333333,79.33333333333333,1.0,78.66666666666667,90.66666666666667,0.0,6.666666666666657,1.0,0.33180000000000004,0.5273333333333333,30.666666666666668,17.0,85.0,0.3175,0.5499999999999999,30.0,14.0,76.33333333333333,8.666666666666671,3.0,-3.0,0.0,0.0,0.5,1,1
101252,2020-21,2020-10-11 10:30:00+00:00,5,Club Joventut Badalona,RETAbet Bilbao Basket,8,4,78.0,76.0,0.75,83.75,87.75,0.25,-5.75,0.5,78.0,76.0,0.75,83.75,87.75,0.25,-5.75,0.5,0.4043,0.5035499999999999,33.0,18.5,83.75,0.38230000000000003,0.50295,32.0,16.25,88.25,-4.5,2.0,-2.0,0.0,0.0,0.5,1,1
101276,2020-21,2020-10-11 15:00:00+00:00,5,Hereda San Pablo Burgos,TD Systems Baskonia,549,3,92.0,78.0,0.75,81.5,78.25,0.75,10.5,0.0,92.0,78.0,0.75,81.5,78.25,0.75,10.5,0.0,0.3655,0.64005,30.75,22.0,103.25,0.335325,0.499775,30.0,19.5,89.25,14.0,2.0,2.0,0.0,0.0,0.5,1,1
101280,2020-21,2020-10-11 16:30:00+00:00,4,Herbalife Gran Canaria,Real Madrid,5,9,79.33333333333333,94.0,0.3333333333333333,91.66666666666667,72.33333333333333,1.0,-12.333333333333343,-0.6666666666666667,79.33333333333333,94.0,0.3333333333333333,91.66666666666667,72.33333333333333,1.0,-12.333333333333343,-0.6666666666666667,0.3136,0.4660666666666667,30.333333333333332,17.0,74.33333333333333,0.43316666666666664,0.6112666666666667,36.666666666666664,21.333333333333332,112.33333333333333,-38.0,-1.0,3.0,0.0,0.0,0.5,1,0
101277,2020-21,2020-10-11 18:00:00+00:00,5,Valencia Basket Club,Unicaja,13,14,82.75,80.25,0.5,77.5,82.0,0.25,5.25,0.25,82.75,80.25,0.5,77.5,82.0,0.25,5.25,0.25,0.35235,0.60405,29.5,18.75,96.5,0.339825,0.503525,24.5,16.25,73.5,23.0,0.0,-2.0,0.0,0.0,0.5,1,0
101239,2020-21,2020-10-15 18:30:00+00:00,5,Movistar Estudiantes,Herbalife Gran Canaria,6,5,82.5,87.0,0.25,75.75,93.0,0.25,6.75,0.0,82.5,87.0,0.25,75.75,93.0,0.25,6.75,0.0,0.40280000000000005,0.516725,26.5,13.5,74.0,0.31555,0.45765,29.0,14.5,67.25,6.75,-2.0,-2.0,0.0,0.0,0.5,1,1
101221,2020-21,2020-10-17 16:00:00+00:00,6,MoraBanc Andorra,Hereda San Pablo Burgos,22,549,78.8,78.2,0.4,91.8,80.2,0.8,-13.0,-0.4,78.8,78.2,0.4,91.8,80.2,0.8,-13.0,-0.4,0.38634,0.5329200000000001,33.4,17.6,84.6,0.36164,0.6575,29.4,21.8,102.2,-17.60000000000001,-1.0,3.0,0.0,0.0,0.5,1,1
101217,2020-21,2020-10-17 16:00:00+00:00,6,Urbas Fuenlabrada,BAXI Manresa,17,10,80.75,90.75,0.0,78.4,80.2,0.4,2.3499999999999943,-0.4,80.75,90.75,0.0,78.4,80.2,0.4,2.3499999999999943,-0.4,0.32682500000000003,0.5212,30.75,14.75,76.75,0.33468,0.52846,33.4,19.6,82.2,-5.450000000000003,-4.0,-1.0,0.0,0.0,0.5,1,0
101219,2020-21,2020-10-17 18:45:00+00:00,6,Monbus Obradoiro,Acunsa GBC,57,7,87.25,84.25,0.75,72.33333333333333,81.0,0.3333333333333333,14.916666666666671,0.4166666666666667,87.25,84.25,0.75,72.33333333333333,81.0,0.3333333333333333,14.916666666666671,0.4166666666666667,0.377,0.587675,29.5,16.25,90.0,0.3112,0.44870000000000004,33.333333333333336,14.0,68.66666666666667,21.33333333333333,2.0,-1.0,0.0,0.0,0.5,1,1
101223,2020-21,2020-10-17 18:45:00+00:00,6,Iberostar Tenerife,Club Joventut Badalona,28,8,86.75,81.25,1.0,80.0,77.0,0.8,6.75,0.19999999999999996,86.75,81.25,1.0,80.0,77.0,0.8,6.75,0.19999999999999996,0.35995,0.5367999999999999,32.75,18.5,92.25,0.40492,0.51566,32.2,18.0,85.8,6.450000000000003,4.0,3.0,0.0,0.0,0.5,1,1
101218,2020-21,2020-10-18 10:30:00+00:00,6,Coosur Real Betis,Movistar Estudiantes,15,6,76.0,81.0,0.25,84.8,83.2,0.4,-8.799999999999997,-0.15000000000000002,76.0,81.0,0.25,84.8,83.2,0.4,-8.799999999999997,-0.15000000000000002,0.317625,0.5069,31.25,12.25,75.75,0.42224000000000006,0.49573999999999996,30.0,14.4,80.0,-4.25,-2.0,-1.0,0.0,0.0,0.5,1,0
101224,2020-21,2020-10-18 15:00:00+00:00,6,Casademont Zaragoza,UCAM Murcia CB,16,12,82.0,86.8,0.2,79.6,79.0,0.6,2.4000000000000057,-0.39999999999999997,82.0,86.8,0.2,79.6,79.0,0.6,2.4000000000000057,-0.39999999999999997,0.28456000000000004,0.5369200000000001,33.4,16.0,79.2,0.31956,0.51746,36.2,15.0,82.0,-2.799999999999997,-3.0,1.0,0.0,0.0,0.5,1,1
101225,2020-21,2020-10-18 16:30:00+00:00,6,TD Systems Baskonia,Barça,3,2,83.0,80.8,0.6,83.33333333333333,73.33333333333333,1.0,-0.3333333333333286,-0.4,83.0,80.8,0.6,83.33333333333333,73.33333333333333,1.0,-0.3333333333333286,-0.4,0.32632,0.5084000000000001,29.4,18.0,87.0,0.4674333333333333,0.4977666666666667,35.666666666666664,21.0,98.66666666666667,-11.666666666666671,1.0,3.0,0.0,0.0,0.5,1,1
101220,2020-21,2020-10-18 18:00:00+00:00,6,Herbalife Gran Canaria,Unicaja,5,14,74.2,93.2,0.2,76.2,78.8,0.4,-2.0,-0.2,74.2,93.2,0.2,76.2,78.8,0.4,-2.0,-0.2,0.33994,0.46342,27.4,13.6,65.2,0.32348,0.50808,25.2,16.4,73.2,-8.0,-3.0,-1.0,0.0,0.0,0.5,1,0
101285,2020-21,2020-10-20 17:00:00+00:00,4,Barça,Acunsa GBC,2,7,80.25,75.5,0.75,73.25,82.0,0.25,7.0,0.5,80.25,75.5,0.75,73.25,82.0,0.25,7.0,0.5,0.42464999999999997,0.490975,34.5,20.0,93.25,0.3255,0.461525,30.0,14.0,68.0,25.25,2.0,-2.0,0.0,0.0,0.5,1,1
101275,2020-21,2020-10-20 19:15:00+00:00,5,Real Madrid,Monbus Obradoiro,9,57,91.25,70.5,1.0,86.8,82.6,0.8,4.450000000000003,0.19999999999999996,91.25,70.5,1.0,86.8,82.6,0.8,4.450000000000003,0.19999999999999996,0.41309999999999997,0.620225,37.5,21.0,113.0,0.36826,0.59742,31.0,17.0,92.4,20.599999999999994,4.0,3.0,0.0,0.0,0.5,1,1
101227,2020-21,2020-10-24 16:00:00+00:00,7,BAXI Manresa,Coosur Real Betis,10,15,81.2,83.4,0.4,76.8,81.0,0.2,4.400000000000006,0.2,82.33333333333333,83.5,0.5,76.8,81.0,0.2,5.533333333333331,0.3,0.3302,0.53958,31.0,21.0,84.0,0.31496,0.50552,30.8,13.2,76.8,7.200000000000003,-1.0,-3.0,0.0,0.0,0.5,1,1
101215,2020-21,2020-10-24 16:00:00+00:00,7,Valencia Basket Club,Casademont Zaragoza,13,16,79.4,78.4,0.4,84.4,85.8,0.4,-5.0,0.0,79.4,78.4,0.4,84.66666666666667,86.66666666666667,0.3333333333333333,-5.266666666666666,0.06666666666666671,0.34853999999999996,0.5779799999999999,30.8,17.2,90.2,0.30892,0.5432,35.0,17.8,87.6,2.6000000000000085,-1.0,-1.0,0.0,0.0,0.5,1,1
101210,2020-21,2020-10-24 18:45:00+00:00,7,Club Joventut Badalona,TD Systems Baskonia,8,3,80.2,79.6,0.6,84.2,80.4,0.6,-4.0,0.0,80.33333333333333,78.5,0.6666666666666666,82.83333333333333,79.16666666666667,0.6666666666666666,-2.5,0.0,0.41292,0.5363800000000001,29.0,19.2,84.4,0.33466,0.52448,30.8,18.0,89.2,-4.799999999999997,1.0,1.0,0.0,0.0,0.5,1,1
101228,2020-21,2020-10-24 18:45:00+00:00,7,Acunsa GBC,Urbas Fuenlabrada,7,17,70.6,83.0,0.2,84.6,93.0,0.0,-14.0,0.2,70.6,83.0,0.2,84.6,93.0,0.0,-14.0,0.2,0.32126,0.45214,30.4,14.0,62.6,0.3548,0.54378,30.0,14.4,82.4,-19.800000000000004,-3.0,-5.0,0.0,0.0,0.5,1,0
101212,2020-21,2020-10-25 11:30:00+00:00,7,Unicaja,Iberostar Tenerife,14,28,78.4,78.6,0.6,86.6,81.4,1.0,-8.199999999999989,-0.4,77.5,79.0,0.5,86.6,81.4,1.0,-9.099999999999994,-0.5,0.35282,0.5208999999999999,26.6,16.6,78.2,0.37684,0.5405599999999999,30.4,17.8,92.6,-14.399999999999991,1.0,5.0,0.0,0.0,0.5,1,0
101211,2020-21,2020-10-25 12:00:00+00:00,7,Herbalife Gran Canaria,Monbus Obradoiro,5,57,68.8,89.6,0.0,82.0,83.0,0.6,-13.200000000000003,-0.6,75.16666666666667,91.66666666666667,0.16666666666666666,85.16666666666667,82.83333333333333,0.6666666666666666,-10.0,-0.5,0.34904,0.4445,27.6,13.2,60.4,0.37414,0.5566199999999999,29.6,15.2,83.0,-22.6,-5.0,1.0,0.0,0.0,0.5,1,0
101213,2020-21,2020-10-25 17:30:00+00:00,7,Real Madrid,Movistar Estudiantes,9,6,89.8,71.8,1.0,84.2,81.6,0.6,5.599999999999994,0.4,89.8,71.8,1.0,84.16666666666667,82.66666666666667,0.5,5.633333333333326,0.5,0.38761999999999996,0.61174,37.2,19.2,109.6,0.44055999999999995,0.5053799999999999,30.8,14.4,80.6,29.0,5.0,1.0,0.0,0.0,0.5,1,1
101216,2020-21,2020-10-25 19:00:00+00:00,7,Barça,MoraBanc Andorra,2,22,81.6,72.4,0.8,79.4,81.4,0.4,2.1999999999999886,0.4,81.6,72.4,0.8,80.16666666666667,78.83333333333333,0.5,1.433333333333323,0.30000000000000004,0.37048000000000003,0.51042,35.0,22.0,99.4,0.38634,0.50412,33.2,15.6,82.8,16.60000000000001,3.0,-1.0,0.0,0.0,0.5,1,1
101245,2020-21,2020-10-27 17:30:00+00:00,8,Coosur Real Betis,Real Madrid,15,9,81.6,84.0,0.2,91.2,73.2,1.0,-9.600000000000009,-0.8,77.5,83.0,0.16666666666666666,90.33333333333333,72.66666666666667,1.0,-12.833333333333329,-0.8333333333333334,0.32664,0.5363200000000001,29.0,13.6,84.6,0.39947999999999995,0.5965,37.6,19.6,112.4,-27.80000000000001,-3.0,5.0,0.0,0.0,0.5,1,0
101246,2020-21,2020-10-27 20:15:00+00:00,8,Monbus Obradoiro,Valencia Basket Club,57,13,83.0,82.8,0.6,83.4,80.0,0.6,-0.4000000000000057,0.0,85.14285714285714,81.71428571428571,0.7142857142857143,81.66666666666667,79.33333333333333,0.5,3.4761904761904674,0.2142857142857143,0.37947999999999993,0.55336,30.2,16.2,87.6,0.33615999999999996,0.59326,30.4,17.4,92.4,-4.800000000000011,1.0,1.0,0.0,0.0,0.5,1,0
101244,2020-21,2020-10-27 20:15:00+00:00,8,UCAM Murcia CB,Barça,12,2,83.6,81.8,0.6,80.2,69.4,0.8,3.3999999999999915,-0.20000000000000007,80.66666666666667,82.16666666666667,0.5,81.66666666666667,72.16666666666667,0.8333333333333334,-1.0,-0.33333333333333337,0.3319,0.5521,35.0,16.0,86.0,0.36298,0.53716,32.6,22.8,98.0,-12.0,1.0,3.0,0.0,0.0,0.5,1,1
101229,2020-21,2020-10-28 17:30:00+00:00,8,TD Systems Baskonia,BAXI Manresa,3,10,82.8,82.4,0.4,84.6,83.6,0.6,-1.7999999999999972,-0.19999999999999996,82.71428571428571,79.71428571428571,0.5714285714285714,83.85714285714286,83.14285714285714,0.5714285714285714,-1.142857142857153,0.0,0.28628,0.5567,29.4,15.4,86.2,0.38026,0.5127599999999999,34.2,21.2,85.0,1.2000000000000028,-1.0,1.0,0.0,0.0,0.5,1,1
101242,2020-21,2020-10-28 20:15:00+00:00,8,Movistar Estudiantes,Acunsa GBC,6,7,83.6,81.6,0.6,71.0,85.8,0.2,12.599999999999994,0.39999999999999997,83.14285714285714,84.14285714285714,0.42857142857142855,70.83333333333333,85.83333333333333,0.16666666666666666,12.30952380952381,0.26190476190476186,0.43970000000000004,0.5292399999999999,29.8,14.2,79.0,0.33036000000000004,0.43786,28.4,13.8,60.4,18.6,1.0,-3.0,0.0,0.0,0.5,1,1
101230,2020-21,2020-10-30 17:30:00+00:00,8,Casademont Zaragoza,Unicaja,16,14,84.6,84.0,0.4,80.2,80.0,0.6,4.3999999999999915,-0.19999999999999996,84.57142857142857,87.57142857142857,0.2857142857142857,77.71428571428571,80.0,0.42857142857142855,6.857142857142861,-0.14285714285714285,0.30645999999999995,0.5909,32.6,18.0,90.0,0.36917999999999995,0.54286,25.8,17.4,82.8,7.200000000000003,-1.0,1.0,0.0,0.0,0.5,1,0
101243,2020-21,2020-10-30 20:15:00+00:00,8,Urbas Fuenlabrada,Club Joventut Badalona,17,8,88.2,87.2,0.2,81.2,84.6,0.6,7.0,-0.39999999999999997,87.16666666666667,89.5,0.16666666666666666,80.71428571428571,79.0,0.7142857142857143,6.452380952380963,-0.5476190476190477,0.40146,0.55112,32.2,16.2,91.0,0.41235999999999995,0.5372600000000001,30.0,18.8,86.8,4.200000000000003,-3.0,1.0,0.0,0.0,0.5,1,1
101233,2020-21,2020-10-31 17:00:00+00:00,9,Coosur Real Betis,Acunsa GBC,15,7,78.6,83.4,0.2,67.8,83.8,0.2,10.799999999999997,0.0,75.71428571428571,83.14285714285714,0.14285714285714285,69.42857142857143,85.0,0.14285714285714285,6.285714285714278,0.0,0.31754,0.51568,28.6,14.2,82.2,0.30036,0.46166,28.6,13.0,59.0,23.200000000000003,-3.0,-3.0,0.0,0.0,0.5,1,1
101234,2020-21,2020-10-31 19:45:00+00:00,9,BAXI Manresa,RETAbet Bilbao Basket,10,4,83.4,84.6,0.6,83.2,87.8,0.2,0.20000000000000284,0.39999999999999997,81.875,83.625,0.5,83.2,87.8,0.2,-1.3250000000000028,0.3,0.35419999999999996,0.52318,32.0,19.2,78.6,0.37784,0.51518,31.6,16.4,86.6,-8.0,1.0,-3.0,0.0,0.0,0.5,1,1
101237,2020-21,2020-11-01 11:30:00+00:00,9,Unicaja,Monbus Obradoiro,14,57,82.4,77.0,0.6,81.0,82.4,0.4,1.4000000000000057,0.19999999999999996,79.5,77.875,0.5,84.125,81.25,0.625,-4.625,-0.125,0.38518,0.56936,27.6,17.8,88.8,0.39642,0.55126,30.0,16.0,86.6,2.200000000000003,1.0,-1.0,0.0,0.0,0.5,1,1
101235,2020-21,2020-11-01 15:00:00+00:00,9,Club Joventut Badalona,Movistar Estudiantes,8,6,85.2,85.8,0.6,82.8,76.6,0.8,2.4000000000000057,-0.20000000000000007,81.125,80.75,0.625,82.75,81.25,0.5,-1.625,0.125,0.4547,0.53824,30.4,18.4,94.0,0.37282000000000004,0.53488,32.2,14.0,78.2,15.799999999999997,1.0,3.0,0.0,0.0,0.5,1,1
101240,2020-21,2020-11-01 16:00:00+00:00,9,Hereda San Pablo Burgos,Urbas Fuenlabrada,549,17,91.0,79.8,0.8,92.2,86.2,0.4,-1.2000000000000028,0.4,90.16666666666667,81.33333333333333,0.6666666666666666,88.0,88.71428571428571,0.2857142857142857,2.1666666666666714,0.38095238095238093,0.34887999999999997,0.5988,33.0,19.8,96.4,0.42376,0.54588,32.6,17.0,97.6,-1.1999999999999886,3.0,-1.0,0.0,0.0,0.5,1,0
101249,2020-21,2020-11-01 17:30:00+00:00,9,Valencia Basket Club,Real Madrid,13,9,80.8,80.2,0.6,87.6,69.6,1.0,-6.799999999999997,-0.4,81.14285714285714,79.0,0.5714285714285714,89.42857142857143,71.57142857142857,1.0,-8.285714285714292,-0.4285714285714286,0.3309,0.5491199999999999,31.2,16.2,84.0,0.362,0.59934,36.2,18.4,106.0,-22.0,1.0,5.0,0.0,0.0,0.5,1,0
101241,2020-21,2020-11-01 19:00:00+00:00,9,Barça,Iberostar Tenerife,2,28,79.0,70.8,0.6,85.6,80.0,1.0,-6.599999999999994,-0.4,80.42857142857143,72.85714285714286,0.7142857142857143,86.5,81.0,1.0,-6.071428571428569,-0.2857142857142857,0.34342,0.53702,32.6,21.2,93.4,0.41624,0.56534,28.0,19.6,93.8,-0.3999999999999915,1.0,5.0,0.0,0.0,0.5,1,1
101236,2020-21,2020-11-01 19:00:00+00:00,9,Herbalife Gran Canaria,TD Systems Baskonia,5,3,71.8,88.2,0.0,83.0,79.2,0.4,-11.200000000000003,-0.4,75.14285714285714,90.71428571428571,0.14285714285714285,83.25,78.25,0.625,-8.107142857142861,-0.48214285714285715,0.35416,0.46706000000000003,27.2,12.2,61.8,0.2984,0.5627599999999999,31.8,15.4,88.6,-26.799999999999997,-5.0,-1.0,0.0,0.0,0.5,1,0
101222,2020-21,2020-11-04 20:15:00+00:00,6,RETAbet Bilbao Basket,Real Madrid,4,9,78.4,85.2,0.2,87.4,72.4,1.0,-9.0,-0.8,82.33333333333333,88.83333333333333,0.16666666666666666,89.0,72.375,1.0,-6.666666666666671,-0.8333333333333334,0.36841999999999997,0.5002800000000001,30.8,15.6,81.4,0.39838,0.54382,34.6,18.2,101.8,-20.39999999999999,-3.0,5.0,0.0,0.0,0.5,1,0
101355,2020-21,2020-11-07 17:00:00+00:00,10,UCAM Murcia CB,Herbalife Gran Canaria,12,5,80.4,80.4,0.6,71.8,85.6,0.0,8.600000000000009,0.6,80.14285714285714,80.85714285714286,0.5714285714285714,74.625,88.75,0.125,5.517857142857139,0.4464285714285714,0.31496,0.5690600000000001,33.8,15.2,80.2,0.39116,0.47476,28.0,13.6,65.4,14.799999999999997,1.0,-5.0,0.0,0.0,0.5,1,0
101232,2020-21,2020-11-07 19:45:00+00:00,10,TD Systems Baskonia,RETAbet Bilbao Basket,3,4,83.0,76.8,0.6,81.0,86.0,0.2,2.0,0.39999999999999997,82.33333333333333,77.44444444444444,0.6666666666666666,82.42857142857143,88.28571428571429,0.14285714285714285,-0.095238095238102,0.5238095238095237,0.30734000000000006,0.54924,30.6,14.4,86.6,0.39218,0.49838000000000005,31.6,15.2,80.8,5.799999999999997,1.0,-3.0,0.0,0.0,0.5,1,1
101250,2020-21,2020-11-08 11:30:00+00:00,10,Real Madrid,Urbas Fuenlabrada,9,17,86.4,76.0,1.0,95.8,85.4,0.6,-9.399999999999991,0.4,88.55555555555556,73.55555555555556,1.0,89.375,87.375,0.375,-0.8194444444444429,0.625,0.40052000000000004,0.5053,34.2,17.6,99.0,0.4252000000000001,0.55276,32.4,17.2,101.0,-2.0,5.0,1.0,0.0,0.0,0.5,1,1
101336,2020-21,2020-11-08 12:00:00+00:00,10,Iberostar Tenerife,Coosur Real Betis,28,15,84.2,82.2,0.8,74.4,78.8,0.2,9.799999999999997,0.6000000000000001,84.71428571428571,81.0,0.8571428571428571,75.5,80.5,0.25,9.214285714285708,0.6071428571428571,0.41972000000000004,0.5478400000000001,27.8,18.4,89.8,0.31945999999999997,0.4805400000000001,29.2,14.2,77.6,12.200000000000003,3.0,-3.0,0.0,0.0,0.5,1,1
101294,2020-21,2020-11-08 16:00:00+00:00,10,Casademont Zaragoza,BAXI Manresa,16,10,79.6,88.2,0.2,84.2,83.0,0.6,-4.6000000000000085,-0.39999999999999997,81.875,88.125,0.25,83.22222222222223,83.0,0.5555555555555556,-1.3472222222222285,-0.3055555555555556,0.2798,0.5859,31.0,16.4,79.8,0.34332,0.5320199999999999,30.4,19.4,78.0,1.7999999999999972,-3.0,1.0,0.0,0.0,0.5,1,0
101354,2020-21,2020-11-08 17:30:00+00:00,10,Movistar Estudiantes,Barça,6,2,80.4,79.8,0.6,78.8,72.8,0.6,1.6000000000000085,0.0,81.33333333333333,83.0,0.4444444444444444,80.5,73.0,0.75,0.8333333333333286,-0.3055555555555556,0.38649999999999995,0.52308,30.0,13.4,74.0,0.33487999999999996,0.5450999999999999,33.0,20.8,90.8,-16.799999999999997,1.0,1.0,0.0,0.0,0.5,1,0
101231,2020-21,2020-11-08 19:00:00+00:00,10,Valencia Basket Club,Hereda San Pablo Burgos,13,549,80.0,82.6,0.4,88.2,87.6,0.6,-8.200000000000003,-0.19999999999999996,80.75,79.875,0.5,88.42857142857143,83.85714285714286,0.5714285714285714,-7.678571428571431,-0.0714285714285714,0.36552,0.52918,31.0,16.8,82.2,0.35666000000000003,0.59182,29.4,19.2,91.2,-9.0,-1.0,1.0,0.0,0.0,0.5,1,0
101214,2020-21,2020-11-12 17:30:00+00:00,7,Hereda San Pablo Burgos,UCAM Murcia CB,549,12,90.0,88.4,0.6,78.8,79.2,0.6,11.200000000000003,0.0,89.75,83.5,0.625,79.375,80.5,0.5,10.375,0.125,0.40332,0.59324,28.2,20.4,93.2,0.32030000000000003,0.5438000000000001,33.8,15.2,77.6,15.600000000000009,1.0,1.0,0.0,0.0,0.5,1,1
101345,2020-21,2020-11-12 20:15:00+00:00,11,BAXI Manresa,Iberostar Tenerife,10,28,92.0,89.6,0.8,82.8,80.4,0.8,9.200000000000003,0.0,85.2,84.9,0.6,83.75,80.0,0.875,1.4500000000000028,-0.275,0.36479999999999996,0.56852,28.8,21.2,90.4,0.42047999999999996,0.55818,27.4,17.4,91.6,-1.1999999999999886,3.0,3.0,0.0,0.0,0.5,1,0
101344,2020-21,2020-11-14 17:00:00+00:00,11,Urbas Fuenlabrada,Casademont Zaragoza,17,16,92.0,83.0,0.6,82.8,88.8,0.2,9.200000000000003,0.39999999999999997,87.0,86.44444444444444,0.3333333333333333,84.11111111111111,89.77777777777777,0.2222222222222222,2.8888888888888857,0.1111111111111111,0.42924000000000007,0.5458000000000001,33.0,15.8,97.4,0.3358,0.5715600000000001,30.4,18.2,85.8,11.600000000000009,1.0,-3.0,0.0,0.0,0.5,1,1
101351,2020-21,2020-11-14 19:45:00+00:00,11,Barça,Coosur Real Betis,2,15,83.0,72.0,0.8,74.6,79.4,0.2,8.400000000000006,0.6000000000000001,81.77777777777777,73.55555555555556,0.7777777777777778,75.22222222222223,80.11111111111111,0.2222222222222222,6.555555555555543,0.5555555555555556,0.36361999999999994,0.55686,33.4,21.8,98.0,0.32446,0.49434000000000006,29.0,15.8,78.8,19.200000000000003,3.0,-3.0,0.0,0.0,0.5,1,1
101352,2020-21,2020-11-15 11:30:00+00:00,11,TD Systems Baskonia,Monbus Obradoiro,3,57,81.6,72.2,0.8,80.0,79.0,0.4,1.5999999999999943,0.4,82.3,76.5,0.7,83.22222222222223,81.33333333333333,0.5555555555555556,-0.9222222222222314,0.14444444444444438,0.3311,0.53822,32.6,16.0,91.6,0.40931999999999996,0.54782,32.0,16.6,88.2,3.3999999999999915,3.0,-1.0,0.0,0.0,0.5,1,1
101347,2020-21,2020-11-15 11:30:00+00:00,11,Unicaja,Acunsa GBC,14,7,81.6,74.2,0.8,66.2,85.2,0.0,15.399999999999991,0.8,79.77777777777777,77.66666666666667,0.5555555555555556,68.5,83.625,0.125,11.277777777777771,0.4305555555555556,0.39896000000000004,0.55412,27.2,18.0,89.8,0.30442,0.45198,27.8,13.4,55.0,34.8,3.0,-5.0,0.0,0.0,0.5,1,1
101350,2020-21,2020-11-15 16:00:00+00:00,11,Hereda San Pablo Burgos,Movistar Estudiantes,549,6,87.8,88.0,0.6,77.2,84.6,0.4,10.599999999999994,0.19999999999999996,89.66666666666667,83.55555555555556,0.6666666666666666,81.0,83.9,0.4,8.666666666666671,0.2666666666666666,0.39256,0.57324,29.8,18.8,90.2,0.35746,0.5291,28.4,12.8,66.8,23.400000000000006,1.0,-1.0,0.0,0.0,0.5,1,1
101248,2020-21,2020-11-15 17:30:00+00:00,8,Iberostar Tenerife,Herbalife Gran Canaria,28,5,82.2,79.0,0.8,74.4,82.4,0.2,7.799999999999997,0.6000000000000001,84.22222222222223,80.0,0.8888888888888888,75.0,87.11111111111111,0.2222222222222222,9.222222222222229,0.6666666666666666,0.42684,0.57456,23.4,16.2,89.0,0.38894,0.49686,29.2,15.0,73.0,16.0,3.0,-3.0,0.0,0.0,0.5,1,1
101349,2020-21,2020-11-15 19:00:00+00:00,11,RETAbet Bilbao Basket,UCAM Murcia CB,4,12,81.8,86.0,0.2,79.0,82.0,0.4,2.799999999999997,-0.2,80.625,87.5,0.125,79.88888888888889,81.44444444444444,0.4444444444444444,0.7361111111111143,-0.3194444444444444,0.36158,0.53678,31.8,14.6,80.8,0.3116,0.53742,34.6,14.4,75.6,5.200000000000003,-3.0,-1.0,0.0,0.0,0.5,1,0
101357,2020-21,2020-11-21 17:00:00+00:00,12,UCAM Murcia CB,Urbas Fuenlabrada,12,17,78.8,80.2,0.4,88.4,78.8,0.8,-9.600000000000009,-0.4,79.2,79.6,0.5,86.5,85.9,0.4,-7.299999999999997,0.09999999999999998,0.30326,0.52652,34.6,13.6,74.4,0.39744,0.5320199999999999,33.6,15.6,92.4,-18.0,-1.0,3.0,0.0,0.0,0.5,1,1
101339,2020-21,2020-11-21 19:45:00+00:00,12,Monbus Obradoiro,Hereda San Pablo Burgos,57,549,77.8,79.8,0.2,87.8,84.4,0.6,-10.0,-0.39999999999999997,82.3,81.2,0.5,89.8,82.3,0.7,-7.5,-0.19999999999999996,0.41142,0.54054,30.0,16.0,81.2,0.43444000000000005,0.5406,30.8,19.2,92.2,-11.0,-3.0,1.0,0.0,0.0,0.5,1,0
101340,2020-21,2020-11-21 19:45:00+00:00,12,Herbalife Gran Canaria,MoraBanc Andorra,5,22,76.8,83.4,0.2,78.4,79.6,0.4,-1.6000000000000085,-0.2,75.5,88.3,0.2,78.85714285714286,79.28571428571429,0.42857142857142855,-3.357142857142861,-0.22857142857142854,0.37286,0.50814,29.2,15.8,77.2,0.35062,0.5340199999999999,32.4,14.4,81.6,-4.3999999999999915,-3.0,-1.0,0.0,0.0,0.5,1,0
101359,2020-21,2020-11-22 11:30:00+00:00,12,Acunsa GBC,Club Joventut Badalona,7,8,64.8,89.0,0.0,86.8,82.4,0.6,-22.0,-0.6,68.55555555555556,85.88888888888889,0.1111111111111111,82.88888888888889,79.55555555555556,0.6666666666666666,-14.333333333333329,-0.5555555555555556,0.2974,0.43532000000000004,29.2,13.4,52.0,0.398,0.5443200000000001,34.2,17.8,98.4,-46.400000000000006,-5.0,1.0,0.0,0.0,0.5,1,0
101358,2020-21,2020-11-22 11:30:00+00:00,12,Movistar Estudiantes,Unicaja,6,14,75.2,86.8,0.2,88.2,74.8,0.8,-13.0,-0.6000000000000001,79.7,84.2,0.4,82.2,76.8,0.6,-2.5,-0.19999999999999996,0.31964000000000004,0.5194599999999999,28.6,12.6,63.0,0.44733999999999996,0.58416,28.8,19.4,102.2,-39.2,-3.0,3.0,0.0,0.0,0.5,1,0
101356,2020-21,2020-11-22 15:00:00+00:00,12,Coosur Real Betis,RETAbet Bilbao Basket,15,4,69.2,79.6,0.2,74.6,84.4,0.0,-5.3999999999999915,0.2,73.0,80.3,0.2,78.66666666666667,85.88888888888889,0.1111111111111111,-5.666666666666671,0.0888888888888889,0.3386,0.43434000000000006,29.0,15.4,72.2,0.3434,0.49234,29.2,13.2,65.4,6.799999999999997,-3.0,-5.0,0.0,0.0,0.5,1,0
101343,2020-21,2020-11-22 16:00:00+00:00,12,Valencia Basket Club,Iberostar Tenerife,13,28,79.2,83.4,0.4,84.8,78.6,0.8,-5.599999999999994,-0.4,80.77777777777777,82.0,0.4444444444444444,85.7,80.0,0.9,-4.922222222222231,-0.4555555555555556,0.38602,0.5142599999999999,29.2,15.6,79.6,0.45969999999999994,0.5845,24.2,18.4,92.2,-12.600000000000009,-1.0,3.0,0.0,0.0,0.5,1,0
101341,2020-21,2020-11-22 17:30:00+00:00,12,Casademont Zaragoza,Barça,16,2,85.6,91.2,0.2,82.0,70.6,0.8,3.5999999999999943,-0.6000000000000001,83.8,89.0,0.2,81.8,71.5,0.8,2.0,-0.6000000000000001,0.36713999999999997,0.6023,29.2,18.0,90.0,0.41708,0.54398,33.4,19.0,91.8,-1.7999999999999972,-3.0,3.0,0.0,0.0,0.5,1,0
101342,2020-21,2020-11-22 19:00:00+00:00,12,Real Madrid,BAXI Manresa,9,10,85.4,74.2,1.0,87.6,87.2,0.6,-2.1999999999999886,0.4,87.6,73.0,1.0,84.4,85.3,0.5,3.1999999999999886,0.5,0.40624000000000005,0.4923,34.0,19.0,96.8,0.34356,0.58598,29.2,19.6,86.0,10.799999999999997,5.0,1.0,0.0,0.0,0.5,1,1
101298,2020-21,2020-12-01 20:15:00+00:00,17,Barça,Valencia Basket Club,2,13,85.0,73.4,0.8,83.8,88.2,0.4,1.2000000000000028,0.4,82.6,71.4,0.8,81.6,83.3,0.4,1.0,0.4,0.37123999999999996,0.5474,35.0,17.8,93.2,0.40602,0.51094,27.6,17.8,87.0,6.200000000000003,3.0,-1.0,0.0,0.0,0.5,1,0
101296,2020-21,2020-12-02 20:15:00+00:00,17,Real Madrid,TD Systems Baskonia,9,3,86.8,74.4,1.0,81.2,72.8,0.8,5.599999999999994,0.19999999999999996,89.0,73.8,1.0,82.7,76.6,0.7,6.299999999999997,0.30000000000000004,0.3829,0.53034,33.2,18.2,99.0,0.32566,0.5368999999999999,33.8,15.8,94.2,4.799999999999997,5.0,3.0,0.0,0.0,0.5,1,1
101247,2020-21,2020-12-03 17:30:00+00:00,8,RETAbet Bilbao Basket,MoraBanc Andorra,4,22,77.6,84.6,0.2,78.6,75.8,0.6,-1.0,-0.39999999999999997,80.4,86.2,0.2,78.875,77.125,0.5,1.5250000000000057,-0.3,0.3714,0.48862000000000005,29.4,14.4,72.6,0.37682000000000004,0.54116,31.6,13.4,80.4,-7.800000000000011,-3.0,1.0,0.0,0.0,0.5,1,0
101374,2020-21,2020-12-05 17:00:00+00:00,13,Iberostar Tenerife,Monbus Obradoiro,28,57,86.6,80.6,0.8,75.0,78.6,0.2,11.599999999999994,0.6000000000000001,86.1,80.3,0.9,78.5,80.8,0.4,7.599999999999994,0.5,0.46803999999999996,0.54664,24.6,17.6,91.8,0.36856,0.54386,31.6,15.6,79.6,12.200000000000003,3.0,-3.0,0.0,0.0,0.5,1,1
101378,2020-21,2020-12-05 19:45:00+00:00,13,Urbas Fuenlabrada,Valencia Basket Club,17,13,84.6,81.2,0.6,85.2,89.4,0.4,-0.6000000000000085,0.19999999999999996,86.4,84.2,0.4,84.3,84.7,0.5,2.1000000000000085,-0.09999999999999998,0.3445,0.5202199999999999,32.0,13.6,83.0,0.4370200000000001,0.50866,27.6,19.8,94.8,-11.799999999999997,1.0,-1.0,0.0,0.0,0.5,1,0
101370,2020-21,2020-12-05 19:45:00+00:00,13,Club Joventut Badalona,Casademont Zaragoza,8,16,89.0,79.8,0.6,83.0,93.4,0.0,6.0,0.6,84.5,78.4,0.7,83.7,89.6,0.2,0.7999999999999972,0.49999999999999994,0.45652,0.54326,35.4,19.2,106.0,0.35826,0.57882,28.6,16.4,82.6,23.400000000000006,1.0,-5.0,0.0,0.0,0.5,1,1
101372,2020-21,2020-12-06 11:00:00+00:00,13,MoraBanc Andorra,Coosur Real Betis,22,15,78.2,73.2,0.8,70.8,80.2,0.2,7.400000000000006,0.6000000000000001,79.55555555555556,77.0,0.5555555555555556,76.2,82.1,0.2,3.3555555555555543,0.35555555555555557,0.32799999999999996,0.53878,35.0,13.6,82.2,0.35418,0.4381400000000001,28.6,14.8,70.4,11.799999999999997,3.0,-3.0,0.0,0.0,0.5,1,1
101373,2020-21,2020-12-06 11:30:00+00:00,13,RETAbet Bilbao Basket,Movistar Estudiantes,4,6,77.2,82.8,0.2,77.8,86.6,0.2,-0.5999999999999943,0.0,77.8,84.0,0.2,80.7,84.1,0.4,-2.9000000000000057,-0.2,0.37224,0.48362,29.8,15.8,70.2,0.33130000000000004,0.53928,29.8,14.4,70.4,-0.20000000000000284,-3.0,-3.0,0.0,0.0,0.5,1,0
101371,2020-21,2020-12-06 16:00:00+00:00,13,Unicaja,UCAM Murcia CB,14,12,89.8,76.8,0.8,78.4,76.8,0.6,11.399999999999991,0.20000000000000007,84.1,77.7,0.7,81.0,79.3,0.6,3.0999999999999943,0.09999999999999998,0.40587999999999996,0.58384,28.0,18.8,101.0,0.29874,0.51886,34.0,14.0,74.8,26.200000000000003,3.0,1.0,0.0,0.0,0.5,1,1
101377,2020-21,2020-12-06 16:00:00+00:00,13,TD Systems Baskonia,Acunsa GBC,3,7,81.4,74.6,0.8,66.4,91.4,0.0,15.0,0.8,82.1,78.5,0.6,68.5,87.2,0.1,13.599999999999994,0.5,0.35866000000000003,0.5142,33.4,17.0,94.0,0.27654,0.4524,27.6,12.6,53.0,41.0,3.0,-5.0,0.0,0.0,0.5,1,1
101375,2020-21,2020-12-06 17:30:00+00:00,13,Hereda San Pablo Burgos,Real Madrid,549,9,87.0,79.6,0.8,88.4,78.0,1.0,-1.4000000000000057,-0.19999999999999996,89.0,79.7,0.8,88.0,73.8,1.0,1.0,-0.19999999999999996,0.46474000000000004,0.5646599999999999,30.8,18.8,94.8,0.39527999999999996,0.5783,32.8,18.0,104.6,-9.799999999999997,3.0,5.0,0.0,0.0,0.5,1,0
101376,2020-21,2020-12-06 19:00:00+00:00,13,Barça,Herbalife Gran Canaria,2,5,88.4,78.0,0.8,73.2,82.4,0.2,15.200000000000003,0.6000000000000001,83.7,74.4,0.7,71.0,86.0,0.1,12.700000000000003,0.6,0.3879,0.5604,35.6,20.0,98.8,0.32286000000000004,0.48086,31.4,14.8,73.0,25.799999999999997,3.0,-3.0,0.0,0.0,0.5,1,1
101361,2020-21,2020-12-09 17:30:00+00:00,14,UCAM Murcia CB,Acunsa GBC,12,7,79.2,82.6,0.4,66.2,88.0,0.0,13.0,0.4,79.8,81.5,0.5,68.6,86.9,0.1,11.200000000000003,0.4,0.31218,0.5114799999999999,34.0,14.0,73.4,0.27004,0.46912000000000004,28.2,13.8,56.0,17.400000000000006,-1.0,-5.0,0.0,0.0,0.5,1,1
101238,2020-21,2020-12-11 17:30:00+00:00,9,MoraBanc Andorra,Casademont Zaragoza,22,16,78.8,71.4,0.8,82.4,92.4,0.0,-3.6000000000000085,0.8,78.8,74.8,0.6,83.5,88.2,0.2,-4.700000000000003,0.39999999999999997,0.301,0.53878,36.2,14.4,82.2,0.34858,0.5651400000000001,29.8,14.0,78.4,3.799999999999997,3.0,-5.0,0.0,0.0,0.5,1,0
101364,2020-21,2020-12-12 17:00:00+00:00,14,BAXI Manresa,Club Joventut Badalona,10,8,84.6,91.0,0.4,90.2,78.8,0.8,-5.6000000000000085,-0.4,84.6,87.3,0.5,85.2,79.2,0.7,-0.6000000000000085,-0.19999999999999996,0.33144,0.58598,25.8,18.4,80.2,0.48342,0.51754,35.8,18.2,106.8,-26.599999999999994,-1.0,3.0,0.0,0.0,0.5,1,1
101362,2020-21,2020-12-12 19:45:00+00:00,14,Coosur Real Betis,TD Systems Baskonia,15,3,68.8,77.8,0.2,80.6,75.2,0.8,-11.799999999999997,-0.6000000000000001,73.7,80.6,0.2,81.8,77.2,0.6,-8.099999999999994,-0.39999999999999997,0.32186,0.44068000000000007,28.8,13.6,65.2,0.36978000000000005,0.51456,33.6,16.2,92.4,-27.200000000000003,-3.0,3.0,0.0,0.0,0.5,1,0
101366,2020-21,2020-12-12 19:45:00+00:00,14,Iberostar Tenerife,Hereda San Pablo Burgos,28,549,93.2,76.8,1.0,83.4,74.6,0.8,9.799999999999997,0.19999999999999996,88.7,79.5,0.9,85.8,81.1,0.7,2.9000000000000057,0.20000000000000007,0.5170600000000001,0.60532,26.2,19.4,106.4,0.40991999999999995,0.5646599999999999,31.6,17.8,86.2,20.200000000000003,5.0,3.0,0.0,0.0,0.5,1,1
101360,2020-21,2020-12-13 11:00:00+00:00,14,Movistar Estudiantes,Valencia Basket Club,6,13,77.4,89.8,0.2,83.2,86.2,0.4,-5.799999999999997,-0.2,80.1,83.2,0.5,82.0,83.2,0.5,-1.9000000000000057,0.0,0.3634,0.51188,29.2,14.2,70.6,0.41500000000000004,0.52522,28.0,19.8,92.6,-22.0,-3.0,-1.0,0.0,0.0,0.5,1,0
101353,2020-21,2020-12-13 16:00:00+00:00,10,Acunsa GBC,MoraBanc Andorra,7,22,68.6,90.0,0.0,78.0,74.6,0.6,-9.400000000000006,-0.6,68.2,86.9,0.1,78.7,78.0,0.5,-10.5,-0.4,0.26832,0.4464,29.6,12.8,54.4,0.33433999999999997,0.51908,34.4,16.4,79.2,-24.800000000000004,-5.0,1.0,0.0,0.0,0.5,1,1
101367,2020-21,2020-12-13 16:00:00+00:00,14,Casademont Zaragoza,RETAbet Bilbao Basket,16,4,89.4,90.6,0.2,76.0,81.4,0.2,13.400000000000006,0.0,84.5,89.4,0.2,78.5,83.7,0.2,6.0,0.0,0.37754,0.5518,33.2,15.2,91.6,0.36382,0.47486000000000006,29.8,17.2,73.0,18.599999999999994,-3.0,-3.0,0.0,0.0,0.5,1,1
101369,2020-21,2020-12-13 17:30:00+00:00,14,Real Madrid,Unicaja,9,14,86.0,74.4,1.0,94.4,75.8,1.0,-8.400000000000006,0.0,86.7,73.4,1.0,87.3,77.9,0.8,-0.5999999999999943,0.19999999999999996,0.35058,0.6023000000000001,34.2,15.8,104.4,0.41678000000000004,0.6179399999999999,27.8,18.8,110.2,-5.799999999999997,5.0,5.0,0.0,0.0,0.5,1,1
101363,2020-21,2020-12-13 19:00:00+00:00,14,Monbus Obradoiro,Barça,57,2,70.4,85.0,0.0,90.4,75.8,0.8,-20.0,-0.8,76.7,83.9,0.3,84.6,74.3,0.7,-7.8999999999999915,-0.39999999999999997,0.35174000000000005,0.53776,27.6,14.8,68.8,0.39644,0.57066,36.6,19.6,105.2,-36.400000000000006,-5.0,3.0,0.0,0.0,0.5,1,0
101365,2020-21,2020-12-13 19:00:00+00:00,14,Herbalife Gran Canaria,Urbas Fuenlabrada,5,17,70.8,83.6,0.2,78.2,78.0,0.4,-7.400000000000006,-0.2,71.3,85.9,0.1,85.2,82.1,0.4,-13.900000000000006,-0.30000000000000004,0.29996,0.48656000000000005,31.2,14.6,70.8,0.30592,0.5170399999999999,32.4,12.6,78.0,-7.200000000000003,-3.0,-1.0,0.0,0.0,0.5,1,1
101295,2020-21,2020-12-17 19:30:00+00:00,10,Monbus Obradoiro,Club Joventut Badalona,57,8,70.0,85.0,0.0,89.6,79.4,0.6,-19.599999999999994,-0.6,75.5,83.7,0.2,85.4,82.0,0.6,-9.900000000000006,-0.39999999999999997,0.33828,0.54226,26.4,15.2,66.4,0.43111999999999995,0.54692,33.0,16.6,102.6,-36.19999999999999,-5.0,1.0,0.0,0.0,0.5,1,0
101325,2020-21,2020-12-19 17:00:00+00:00,15,Hereda San Pablo Burgos,BAXI Manresa,549,10,79.4,75.4,0.6,88.0,89.6,0.6,-8.599999999999994,0.0,84.7,81.9,0.6,85.7,87.1,0.6,-1.0,0.0,0.33608,0.5643,31.8,16.2,80.4,0.34632,0.57984,27.8,20.0,90.6,-10.199999999999989,1.0,1.0,0.0,0.0,0.5,1,1
101308,2020-21,2020-12-19 19:45:00+00:00,15,Acunsa GBC,Herbalife Gran Canaria,7,5,73.4,91.6,0.2,74.0,82.8,0.4,-0.5999999999999943,-0.2,69.8,88.4,0.1,72.9,84.2,0.2,-3.1000000000000085,-0.1,0.28708,0.46831999999999996,29.6,13.4,60.4,0.29866000000000004,0.50352,29.4,13.6,74.4,-14.000000000000007,-3.0,-1.0,0.0,0.0,0.5,1,0
101310,2020-21,2020-12-20 11:00:00+00:00,15,Monbus Obradoiro,Casademont Zaragoza,57,16,71.4,86.0,0.0,90.0,85.2,0.4,-18.599999999999994,-0.4,75.7,82.5,0.2,86.4,87.0,0.3,-10.700000000000003,-0.09999999999999998,0.3394,0.52502,25.0,15.2,65.6,0.35046,0.5795600000000001,34.0,16.6,94.4,-28.80000000000001,-5.0,-1.0,0.0,0.0,0.5,1,1
101312,2020-21,2020-12-20 11:30:00+00:00,15,MoraBanc Andorra,Movistar Estudiantes,22,6,80.2,75.4,0.6,79.6,87.6,0.2,0.6000000000000085,0.39999999999999997,79.3,77.5,0.5,80.0,83.7,0.4,-0.7000000000000028,0.09999999999999998,0.35330000000000006,0.5000199999999999,35.0,14.8,80.8,0.33258,0.53458,31.6,14.6,74.4,6.3999999999999915,1.0,-3.0,0.0,0.0,0.5,1,1
101338,2020-21,2020-12-20 15:00:00+00:00,15,TD Systems Baskonia,Iberostar Tenerife,3,28,81.0,75.6,0.8,94.8,78.0,1.0,-13.799999999999997,-0.19999999999999996,82.0,76.2,0.7,88.8,79.2,0.9,-6.799999999999997,-0.20000000000000007,0.36934000000000006,0.5386,34.6,17.4,96.6,0.56706,0.58446,26.2,20.2,107.8,-11.200000000000003,3.0,5.0,0.0,0.0,0.5,1,1
101368,2020-21,2020-12-20 17:30:00+00:00,15,Barça,Club Joventut Badalona,2,8,87.6,75.2,0.8,90.2,77.4,0.8,-2.6000000000000085,0.0,85.3,73.6,0.8,87.7,81.6,0.7,-2.4000000000000057,0.10000000000000009,0.38844,0.59256,34.8,17.2,98.2,0.43927999999999995,0.60432,33.0,18.8,106.2,-8.0,3.0,3.0,0.0,0.0,0.5,1,1
101309,2020-21,2020-12-20 19:00:00+00:00,15,Urbas Fuenlabrada,RETAbet Bilbao Basket,17,4,72.6,79.8,0.2,77.6,86.0,0.2,-5.0,0.0,84.2,82.6,0.4,79.7,86.0,0.2,4.5,0.2,0.26824,0.52372,30.6,12.2,69.6,0.35844,0.46584000000000003,29.8,16.0,71.4,-1.8000000000000114,-3.0,-3.0,0.0,0.0,0.5,1,0
101337,2020-21,2020-12-20 19:00:00+00:00,15,Valencia Basket Club,UCAM Murcia CB,13,12,84.8,85.2,0.6,82.4,81.6,0.6,2.3999999999999915,0.0,82.4,83.9,0.5,80.6,80.4,0.6,1.8000000000000114,-0.09999999999999998,0.41314,0.53208,29.0,19.6,94.0,0.3458,0.53772,32.0,14.0,77.2,16.799999999999997,1.0,1.0,0.0,0.0,0.5,1,1
101314,2020-21,2020-12-22 17:30:00+00:00,17,Unicaja,Urbas Fuenlabrada,14,17,92.8,81.4,0.8,73.0,78.8,0.2,19.799999999999997,0.6000000000000001,87.6,79.2,0.7,82.5,80.9,0.4,5.099999999999994,0.29999999999999993,0.4062,0.59414,27.0,16.8,105.2,0.23193999999999998,0.54872,31.4,13.2,74.0,31.200000000000003,3.0,-3.0,0.0,0.0,0.5,1,0
101315,2020-21,2020-12-22 20:15:00+00:00,17,Herbalife Gran Canaria,Coosur Real Betis,5,15,74.2,81.0,0.4,68.6,80.8,0.0,5.6000000000000085,0.4,74.3,81.7,0.3,71.5,79.8,0.1,2.799999999999997,0.19999999999999998,0.32825999999999994,0.50404,28.4,14.6,76.6,0.30979999999999996,0.44412,28.6,13.6,59.8,16.799999999999997,-1.0,-5.0,0.0,0.0,0.5,1,1
101316,2020-21,2020-12-23 17:30:00+00:00,17,Club Joventut Badalona,UCAM Murcia CB,8,12,85.6,81.0,0.6,81.2,81.6,0.6,4.3999999999999915,0.0,86.2,81.7,0.6,80.1,81.8,0.5,6.1000000000000085,0.09999999999999998,0.42538,0.56114,31.0,16.4,93.6,0.32908,0.5339,32.0,15.0,76.8,16.799999999999997,1.0,1.0,0.0,0.0,0.5,1,1
101302,2020-21,2020-12-27 11:00:00+00:00,16,Club Joventut Badalona,Hereda San Pablo Burgos,8,549,86.6,86.0,0.6,79.8,74.6,0.6,6.799999999999997,0.0,87.8,82.9,0.6,83.8,81.3,0.6,4.0,0.0,0.40204000000000006,0.58826,28.4,16.0,90.4,0.34562,0.56708,31.8,17.0,83.0,7.400000000000006,1.0,1.0,0.0,0.0,0.5,1,0
101299,2020-21,2020-12-27 11:00:00+00:00,16,UCAM Murcia CB,Monbus Obradoiro,12,57,85.2,89.8,0.4,77.0,88.2,0.2,8.200000000000003,0.2,82.0,85.0,0.4,77.4,84.0,0.2,4.599999999999994,0.2,0.3565,0.55052,30.2,16.4,81.4,0.39864,0.4915,26.2,16.2,76.2,5.200000000000003,-1.0,-3.0,0.0,0.0,0.5,1,1
101304,2020-21,2020-12-27 13:15:00+00:00,16,Iberostar Tenerife,MoraBanc Andorra,28,22,91.6,77.8,0.8,80.6,77.6,0.6,11.0,0.20000000000000007,86.9,78.4,0.8,79.6,76.7,0.6,7.300000000000011,0.20000000000000007,0.5361,0.54552,28.8,20.0,101.0,0.31758,0.50464,35.2,15.4,85.2,15.799999999999997,3.0,1.0,0.0,0.0,0.5,1,1
101301,2020-21,2020-12-27 13:15:00+00:00,16,BAXI Manresa,Herbalife Gran Canaria,10,5,85.2,92.2,0.4,73.8,72.0,0.6,11.400000000000006,-0.19999999999999996,84.7,87.6,0.5,75.3,77.7,0.4,9.400000000000006,0.09999999999999998,0.31582,0.5546599999999999,31.6,20.6,87.6,0.32741999999999993,0.49749999999999994,31.8,14.2,77.0,10.599999999999994,-1.0,1.0,0.0,0.0,0.5,1,0
101305,2020-21,2020-12-27 15:30:00+00:00,16,Casademont Zaragoza,TD Systems Baskonia,16,3,92.0,89.2,0.4,80.4,76.4,0.8,11.599999999999994,-0.4,88.8,90.2,0.3,81.0,74.3,0.8,7.799999999999997,-0.5,0.3467,0.5827,32.8,16.6,95.0,0.33458,0.5600799999999999,34.0,18.0,96.2,-1.2000000000000028,-1.0,3.0,0.0,0.0,0.5,1,0
101300,2020-21,2020-12-27 15:30:00+00:00,16,Coosur Real Betis,Urbas Fuenlabrada,15,17,64.8,81.0,0.0,74.6,79.4,0.2,-9.799999999999997,-0.2,69.7,80.2,0.1,81.5,79.1,0.5,-11.799999999999997,-0.4,0.2548,0.43032000000000004,28.8,12.4,53.4,0.23125999999999997,0.5584,32.8,14.2,79.4,-26.000000000000007,-5.0,-3.0,0.0,0.0,0.5,1,1
101303,2020-21,2020-12-27 17:45:00+00:00,16,RETAbet Bilbao Basket,Unicaja,4,14,79.8,85.4,0.4,93.2,84.2,0.6,-13.400000000000006,-0.19999999999999996,77.2,84.9,0.2,87.4,79.2,0.7,-10.200000000000003,-0.49999999999999994,0.3409,0.48584000000000005,31.0,15.6,74.8,0.39381999999999995,0.6227199999999999,27.6,16.8,102.4,-27.60000000000001,-1.0,1.0,0.0,0.0,0.5,1,0
101307,2020-21,2020-12-27 17:45:00+00:00,16,Valencia Basket Club,Acunsa GBC,13,7,86.4,81.0,0.8,72.6,86.6,0.2,13.800000000000011,0.6000000000000001,82.8,82.2,0.6,68.7,87.8,0.1,14.099999999999994,0.5,0.4192,0.53542,31.0,21.2,98.4,0.29242,0.48211999999999994,30.8,13.2,61.0,37.400000000000006,3.0,-3.0,0.0,0.0,0.5,1,1
101306,2020-21,2020-12-27 20:30:00+00:00,16,Real Madrid,Barça,9,2,87.2,74.6,1.0,88.8,79.4,0.8,-1.5999999999999943,0.19999999999999996,86.8,75.3,1.0,85.4,75.0,0.8,1.3999999999999915,0.19999999999999996,0.34452000000000005,0.6542600000000001,32.6,15.6,104.2,0.382,0.6028,33.4,18.4,100.8,3.4000000000000057,5.0,3.0,0.0,0.0,0.5,1,0
101333,2020-21,2020-12-29 17:30:00+00:00,17,Acunsa GBC,BAXI Manresa,7,10,74.0,87.0,0.2,77.4,86.0,0.2,-3.4000000000000057,0.0,70.2,89.2,0.1,84.7,87.8,0.5,-14.5,-0.4,0.32576,0.4658399999999999,32.6,15.2,65.8,0.301,0.50892,34.4,18.8,74.2,-8.400000000000006,-3.0,-3.0,0.0,0.0,0.5,1,0
101311,2020-21,2020-12-29 17:30:00+00:00,15,Unicaja,Coosur Real Betis,14,15,90.6,85.4,0.6,71.4,80.4,0.2,19.19999999999999,0.39999999999999997,89.4,80.1,0.7,70.3,80.0,0.2,19.10000000000001,0.49999999999999994,0.37506000000000006,0.6074200000000001,26.8,15.0,96.4,0.24408,0.5031400000000001,29.4,12.4,61.4,35.00000000000001,1.0,-3.0,0.0,0.0,0.5,1,0
101334,2020-21,2020-12-29 20:15:00+00:00,17,Movistar Estudiantes,Iberostar Tenerife,6,28,78.6,85.4,0.2,90.4,78.0,0.8,-11.800000000000011,-0.6000000000000001,77.9,85.0,0.3,87.6,78.3,0.8,-9.699999999999989,-0.5,0.33904,0.5189199999999999,31.4,14.2,72.4,0.5273999999999999,0.52668,29.2,18.4,100.6,-28.19999999999999,-3.0,3.0,0.0,0.0,0.5,1,0
101297,2020-21,2020-12-29 20:15:00+00:00,17,Hereda San Pablo Burgos,RETAbet Bilbao Basket,549,4,80.6,76.0,0.6,75.6,85.8,0.2,5.0,0.39999999999999997,84.2,80.2,0.6,76.6,85.2,0.2,7.6000000000000085,0.39999999999999997,0.31192000000000003,0.5721999999999999,31.2,15.6,83.2,0.32424,0.4793,30.6,15.2,66.2,17.0,1.0,-3.0,0.0,0.0,0.5,1,1
101327,2020-21,2021-01-02 15:00:00+00:00,18,RETAbet Bilbao Basket,Acunsa GBC,4,7,77.6,88.0,0.2,74.0,86.0,0.2,3.5999999999999943,0.0,77.4,85.4,0.2,70.1,87.0,0.1,7.300000000000011,0.1,0.35282,0.48986,29.6,14.6,71.4,0.33818000000000004,0.45228,34.4,14.4,65.0,6.400000000000006,-3.0,-3.0,0.0,0.0,0.5,1,1
101328,2020-21,2021-01-02 17:00:00+00:00,18,Iberostar Tenerife,Real Madrid,28,9,89.4,73.0,0.8,87.8,78.4,0.8,1.6000000000000085,0.0,88.0,76.8,0.8,86.6,76.3,0.9,1.4000000000000057,-0.09999999999999998,0.51192,0.54352,29.8,18.2,102.0,0.35574000000000006,0.64614,31.2,14.2,103.8,-1.7999999999999972,3.0,3.0,0.0,0.0,0.5,1,0
101332,2020-21,2021-01-02 17:30:00+00:00,18,TD Systems Baskonia,MoraBanc Andorra,3,22,82.8,79.4,0.8,79.8,81.0,0.4,3.0,0.4,82.0,76.1,0.8,79.0,77.1,0.6,3.0,0.20000000000000007,0.33168,0.55092,34.4,17.6,97.8,0.36298,0.4970199999999999,32.8,16.2,82.2,15.599999999999994,3.0,-1.0,0.0,0.0,0.5,1,1
101329,2020-21,2021-01-02 19:45:00+00:00,18,Casademont Zaragoza,Coosur Real Betis,16,15,92.8,88.2,0.4,76.4,83.4,0.4,16.39999999999999,0.0,87.9,90.8,0.2,73.6,81.8,0.3,14.300000000000011,-0.09999999999999998,0.33140000000000003,0.60444,32.2,17.2,94.0,0.27136,0.51258,31.2,13.6,70.4,23.599999999999994,-1.0,-1.0,0.0,0.0,0.5,1,1
101331,2020-21,2021-01-02 19:45:00+00:00,18,Valencia Basket Club,Herbalife Gran Canaria,13,5,88.8,77.0,1.0,75.6,69.0,0.8,13.200000000000003,0.19999999999999996,86.3,82.6,0.7,74.4,75.7,0.5,11.899999999999991,0.19999999999999996,0.43654000000000004,0.58518,31.6,21.6,104.8,0.34141999999999995,0.51922,31.2,14.8,82.8,22.0,5.0,3.0,0.0,0.0,0.5,1,1
101330,2020-21,2021-01-03 11:30:00+00:00,18,Hereda San Pablo Burgos,Unicaja,549,14,84.2,80.6,0.6,94.4,90.2,0.4,-10.200000000000003,0.19999999999999996,85.6,80.1,0.7,92.1,83.5,0.6,-6.5,0.09999999999999998,0.33616,0.56688,30.0,18.4,89.0,0.41386,0.6187199999999999,28.0,16.8,101.8,-12.799999999999997,1.0,-1.0,0.0,0.0,0.5,1,1
101324,2020-21,2021-01-03 17:30:00+00:00,18,Urbas Fuenlabrada,Barça,17,2,74.2,79.8,0.2,86.8,78.8,0.8,-12.599999999999994,-0.6000000000000001,79.4,80.5,0.4,85.9,76.1,0.8,-6.5,-0.4,0.26198,0.52954,34.0,13.4,79.8,0.39034,0.59168,33.0,16.8,97.6,-17.799999999999997,-3.0,3.0,0.0,0.0,0.5,1,0
101348,2020-21,2021-01-04 17:30:00+00:00,11,MoraBanc Andorra,Real Madrid,22,9,78.8,86.8,0.2,86.2,79.8,0.8,-7.400000000000006,-0.6000000000000001,78.8,79.1,0.5,86.5,77.1,0.9,-7.700000000000003,-0.4,0.3864,0.46729999999999994,29.6,15.0,74.2,0.36432000000000003,0.64448,32.4,14.8,101.6,-27.39999999999999,-3.0,3.0,0.0,0.0,0.5,1,0
101346,2020-21,2021-01-04 20:15:00+00:00,11,Club Joventut Badalona,Valencia Basket Club,8,13,84.6,88.8,0.4,89.0,76.0,1.0,-4.400000000000006,-0.6,87.4,83.8,0.6,87.1,82.7,0.7,0.30000000000001137,-0.09999999999999998,0.39686000000000005,0.59414,28.8,16.0,87.0,0.4202,0.58192,32.0,21.4,103.4,-16.400000000000006,-1.0,5.0,0.0,0.0,0.5,1,0
101318,2020-21,2021-01-09 17:00:00+00:00,19,Coosur Real Betis,Hereda San Pablo Burgos,15,549,84.4,88.2,0.4,91.2,82.4,0.8,-6.799999999999997,-0.4,76.6,83.0,0.3,87.3,78.5,0.8,-10.700000000000003,-0.5,0.32248,0.51004,33.2,14.0,78.0,0.37932,0.5577799999999999,32.0,18.4,99.8,-21.799999999999997,-1.0,3.0,0.0,0.0,0.5,1,0
101322,2020-21,2021-01-09 17:00:00+00:00,19,RETAbet Bilbao Basket,Valencia Basket Club,4,13,78.4,88.4,0.4,93.6,79.8,1.0,-15.199999999999989,-0.6,77.2,84.9,0.3,88.4,83.0,0.7,-11.200000000000003,-0.39999999999999997,0.36234,0.5195000000000001,29.0,14.4,72.2,0.43635999999999997,0.63358,30.4,22.0,112.0,-39.8,-1.0,5.0,0.0,0.0,0.5,1,0
101319,2020-21,2021-01-09 19:45:00+00:00,19,BAXI Manresa,Barça,10,2,77.0,82.6,0.4,85.4,72.2,1.0,-8.400000000000006,-0.6,82.3,84.9,0.5,86.9,75.1,0.9,-4.6000000000000085,-0.4,0.316,0.4859,35.6,19.2,77.0,0.38082000000000005,0.5904,32.6,15.6,96.8,-19.799999999999997,-1.0,5.0,0.0,0.0,0.5,1,0
101320,2020-21,2021-01-10 12:00:00+00:00,19,Herbalife Gran Canaria,Club Joventut Badalona,5,8,80.0,71.0,0.8,84.6,90.0,0.4,-4.599999999999994,0.4,75.4,77.3,0.5,87.1,84.7,0.5,-11.699999999999989,0.0,0.38042,0.54296,31.0,15.4,89.0,0.42885999999999996,0.5831,28.2,17.4,86.2,2.799999999999997,3.0,-1.0,0.0,0.0,0.5,1,1
101208,2020-21,2021-01-10 16:00:00+00:00,19,Acunsa GBC,Iberostar Tenerife,7,28,75.4,84.2,0.2,85.0,79.0,0.6,-9.599999999999994,-0.39999999999999997,72.0,87.1,0.1,89.1,77.9,0.8,-17.099999999999994,-0.7000000000000001,0.36212,0.45242000000000004,33.4,15.6,68.2,0.49017999999999995,0.49646,27.6,17.8,90.6,-22.39999999999999,-3.0,1.0,0.0,0.0,0.5,1,1
101321,2020-21,2021-01-10 21:00:00+00:00,19,Unicaja,TD Systems Baskonia,14,3,90.6,93.0,0.2,83.0,74.4,1.0,7.599999999999994,-0.8,92.5,84.4,0.6,82.2,74.5,0.9,10.299999999999997,-0.30000000000000004,0.34796,0.59094,31.2,15.6,93.6,0.29506000000000004,0.6001199999999999,36.4,17.4,103.4,-9.800000000000011,-3.0,5.0,0.0,0.0,0.5,1,0
101092,2020-21,2021-01-16 17:00:00+00:00,20,BAXI Manresa,Unicaja,10,14,76.6,82.4,0.4,89.6,93.0,0.2,-13.0,0.2,80.6,86.7,0.4,91.2,87.2,0.5,-10.600000000000009,-0.09999999999999998,0.29546,0.4859,37.0,19.8,79.2,0.3758,0.60556,29.8,17.2,93.4,-14.200000000000003,-1.0,-3.0,1.0,1.0,1.0,1,1
101096,2020-21,2021-01-16 17:00:00+00:00,20,Casademont Zaragoza,Urbas Fuenlabrada,16,17,95.8,89.6,0.6,75.4,82.8,0.2,20.39999999999999,0.39999999999999997,89.1,91.0,0.3,76.8,80.4,0.3,12.299999999999997,0.0,0.33408000000000004,0.6176600000000001,32.2,19.2,101.2,0.25856,0.5201800000000001,31.4,14.4,76.6,24.60000000000001,1.0,-3.0,0.0,1.0,0.0,1,1
101093,2020-21,2021-01-16 19:45:00+00:00,20,Club Joventut Badalona,Acunsa GBC,8,7,84.2,92.6,0.2,76.0,85.2,0.2,8.200000000000003,0.0,87.2,85.0,0.5,74.7,88.4,0.2,12.5,0.3,0.4232,0.55236,28.4,17.0,84.2,0.40140000000000003,0.45486000000000004,31.6,15.6,69.8,14.400000000000006,-3.0,-3.0,1.0,1.0,1.0,1,0
101094,2020-21,2021-01-16 19:45:00+00:00,20,Herbalife Gran Canaria,Iberostar Tenerife,5,28,81.8,73.8,0.8,85.4,81.0,0.4,-3.6000000000000085,0.4,77.9,78.3,0.6,90.1,79.5,0.7,-12.199999999999989,-0.09999999999999998,0.413,0.5233,30.2,16.6,91.2,0.43104,0.5454399999999999,28.0,19.8,94.6,-3.3999999999999915,3.0,-1.0,0.0,1.0,0.0,1,0
101207,2020-21,2021-01-17 11:30:00+00:00,20,TD Systems Baskonia,Coosur Real Betis,3,15,84.6,76.0,1.0,85.0,89.8,0.4,-0.4000000000000057,0.6,82.6,75.6,0.9,76.8,85.3,0.2,5.799999999999997,0.7,0.30424,0.59596,34.2,18.4,104.4,0.31848,0.5148,33.2,13.2,78.2,26.200000000000003,5.0,-1.0,1.0,1.0,1.0,1,1
101095,2020-21,2021-01-17 11:30:00+00:00,20,MoraBanc Andorra,RETAbet Bilbao Basket,22,4,76.0,82.2,0.2,77.8,88.6,0.4,-1.7999999999999972,-0.2,77.0,78.4,0.4,77.7,87.3,0.3,-0.7000000000000028,0.10000000000000003,0.34446,0.47436,31.0,14.2,73.8,0.41423999999999994,0.53918,26.8,15.4,71.6,2.200000000000003,-3.0,-1.0,1.0,1.0,1.0,1,1
101097,2020-21,2021-01-17 17:00:00+00:00,20,Hereda San Pablo Burgos,Valencia Basket Club,549,13,92.4,80.6,1.0,97.6,78.2,1.0,-5.199999999999989,0.0,85.9,78.0,0.8,91.2,81.7,0.8,-5.299999999999997,0.0,0.41464,0.54784,32.8,19.6,104.4,0.45359999999999995,0.68514,28.8,23.6,122.2,-17.799999999999997,5.0,5.0,1.0,1.0,1.0,1,0
101085,2020-21,2021-01-23 17:00:00+00:00,21,UCAM Murcia CB,Hereda San Pablo Burgos,12,549,87.0,88.8,0.4,89.8,81.2,0.8,-2.799999999999997,-0.4,82.7,82.8,0.5,84.8,77.9,0.7,-2.0999999999999943,-0.19999999999999996,0.3715,0.54032,32.4,16.0,87.4,0.38920000000000005,0.5445399999999999,33.0,18.8,97.2,-9.799999999999997,-1.0,3.0,0.0,1.0,0.0,1,0
101084,2020-21,2021-01-23 17:00:00+00:00,21,Urbas Fuenlabrada,Herbalife Gran Canaria,17,5,78.2,86.4,0.2,83.4,82.4,0.6,-5.200000000000003,-0.39999999999999997,75.4,83.1,0.2,78.8,81.7,0.5,-3.3999999999999915,-0.3,0.26474,0.5107800000000001,30.8,13.4,77.6,0.43898000000000004,0.52152,29.8,15.4,88.6,-11.0,-3.0,1.0,0.0,1.0,0.0,1,1
101087,2020-21,2021-01-23 19:45:00+00:00,21,RETAbet Bilbao Basket,Casademont Zaragoza,4,16,77.0,89.0,0.2,97.2,90.0,0.6,-20.200000000000003,-0.39999999999999997,78.4,87.2,0.3,93.3,90.3,0.4,-14.899999999999991,-0.10000000000000003,0.40906000000000003,0.53648,26.8,15.8,69.8,0.35084,0.6538600000000001,29.6,19.8,100.4,-30.60000000000001,-3.0,1.0,0.0,1.0,0.0,1,0
101086,2020-21,2021-01-23 19:45:00+00:00,21,Coosur Real Betis,Unicaja,15,14,89.4,94.8,0.4,89.4,93.0,0.2,0.0,0.2,77.1,87.9,0.2,91.3,88.6,0.4,-14.200000000000003,-0.2,0.36002,0.56088,32.4,14.6,85.2,0.40114,0.5509999999999999,30.8,16.8,94.6,-9.399999999999991,-1.0,-3.0,1.0,1.0,1.0,1,1
101089,2020-21,2021-01-24 11:30:00+00:00,21,Real Madrid,MoraBanc Andorra,9,22,82.8,77.0,0.8,74.0,79.0,0.4,8.799999999999997,0.4,85.6,77.5,0.9,77.1,77.2,0.5,8.5,0.4,0.34908,0.61064,33.2,13.8,94.8,0.3555,0.46726,32.8,16.0,76.2,18.599999999999994,3.0,-1.0,1.0,1.0,1.0,1,1
101088,2020-21,2021-01-24 12:00:00+00:00,21,Iberostar Tenerife,BAXI Manresa,28,10,92.6,82.6,0.6,77.6,83.0,0.4,15.0,0.19999999999999996,92.1,80.2,0.7,82.8,86.3,0.5,9.299999999999997,0.19999999999999996,0.4711,0.6099600000000001,26.0,21.0,107.2,0.30297999999999997,0.50146,37.8,20.0,77.0,30.200000000000003,1.0,-1.0,1.0,1.0,1.0,1,1
101082,2020-21,2021-01-24 16:00:00+00:00,21,Acunsa GBC,Barça,7,2,81.8,87.4,0.4,87.0,74.8,1.0,-5.200000000000003,-0.6,77.2,87.0,0.3,88.7,75.3,0.9,-11.5,-0.6000000000000001,0.41274,0.47135999999999995,30.6,16.0,78.0,0.35658,0.58046,30.4,15.4,94.4,-16.400000000000006,-1.0,5.0,0.0,1.0,0.0,1,0
101090,2020-21,2021-01-24 17:30:00+00:00,21,Valencia Basket Club,TD Systems Baskonia,13,3,96.4,78.2,1.0,89.8,76.6,1.0,6.6000000000000085,0.0,91.4,79.6,0.9,85.4,76.1,0.9,6.0,0.0,0.46753999999999996,0.68514,27.4,22.6,119.8,0.35172000000000003,0.62092,32.2,20.2,111.2,8.599999999999994,5.0,5.0,0.0,1.0,0.0,1,1
101326,2020-21,2021-01-26 17:00:00+00:00,18,UCAM Murcia CB,BAXI Manresa,12,10,85.8,84.6,0.4,75.6,81.8,0.4,10.200000000000003,0.0,82.5,83.6,0.4,80.4,87.0,0.4,2.0999999999999943,0.0,0.35253999999999996,0.53122,33.8,15.6,86.6,0.27136,0.52812,34.2,19.2,71.2,15.399999999999991,-1.0,-1.0,0.0,0.0,0.5,1,0
101119,2020-21,2021-01-30 17:00:00+00:00,22,Club Joventut Badalona,Urbas Fuenlabrada,8,17,87.4,93.8,0.2,84.6,87.8,0.4,2.8000000000000114,-0.2,86.5,87.4,0.4,78.8,83.3,0.3,7.700000000000003,0.10000000000000003,0.44714,0.59626,27.8,18.8,91.2,0.3177,0.52886,30.0,14.2,84.6,6.6000000000000085,-3.0,-1.0,0.0,1.0,0.0,1,1
101117,2020-21,2021-01-30 17:00:00+00:00,22,Monbus Obradoiro,RETAbet Bilbao Basket,57,4,79.6,91.2,0.2,76.6,90.0,0.2,3.0,0.0,77.3,84.9,0.2,76.1,87.9,0.2,1.2000000000000028,0.0,0.38978,0.51518,24.8,14.8,75.0,0.37372,0.56024,25.2,14.0,66.6,8.400000000000006,-3.0,-3.0,0.0,1.0,0.0,1,1
101100,2020-21,2021-01-30 19:45:00+00:00,22,MoraBanc Andorra,Iberostar Tenerife,22,28,73.6,81.6,0.2,91.0,80.4,0.6,-17.400000000000006,-0.39999999999999997,77.1,79.6,0.4,90.7,79.2,0.7,-13.600000000000009,-0.29999999999999993,0.3931,0.4455,29.8,15.8,72.2,0.42472000000000004,0.6117400000000001,28.4,20.8,108.4,-36.2,-3.0,1.0,0.0,1.0,0.0,1,0
101118,2020-21,2021-01-31 11:30:00+00:00,22,BAXI Manresa,Hereda San Pablo Burgos,10,549,83.4,86.2,0.6,87.0,80.6,0.8,-3.5999999999999943,-0.20000000000000007,80.4,86.1,0.4,83.8,78.3,0.7,-3.3999999999999915,-0.29999999999999993,0.29756,0.58306,31.2,20.8,81.8,0.40808,0.5226000000000001,33.0,19.0,90.6,-8.799999999999997,1.0,3.0,0.0,1.0,0.0,1,0
101098,2020-21,2021-01-31 11:30:00+00:00,22,Barça,UCAM Murcia CB,2,12,93.4,73.4,1.0,86.4,90.6,0.2,7.0,0.8,90.5,74.3,0.9,84.4,86.1,0.4,6.099999999999994,0.5,0.40702,0.60944,31.2,18.8,107.2,0.32711999999999997,0.5342600000000001,34.2,15.8,84.6,22.60000000000001,5.0,-3.0,0.0,1.0,0.0,1,1
101081,2020-21,2021-01-31 16:00:00+00:00,22,TD Systems Baskonia,Casademont Zaragoza,3,16,86.2,78.8,0.8,95.4,89.4,0.6,-9.200000000000003,0.20000000000000007,83.3,77.6,0.8,92.7,87.3,0.5,-9.400000000000006,0.30000000000000004,0.35652,0.6049200000000001,31.2,18.8,103.0,0.39771999999999996,0.61656,29.8,17.8,96.0,7.0,3.0,1.0,1.0,1.0,1.0,1,1
101101,2020-21,2021-01-31 17:30:00+00:00,22,Unicaja,Valencia Basket Club,14,13,86.2,93.6,0.0,92.8,75.4,1.0,-6.599999999999994,-1.0,88.4,89.5,0.3,90.8,76.2,1.0,-2.3999999999999915,-0.7,0.37546,0.54616,29.2,16.6,85.8,0.42068000000000005,0.67554,28.8,21.4,113.8,-28.0,-5.0,5.0,1.0,1.0,1.0,1,0
101099,2020-21,2021-01-31 19:00:00+00:00,22,Real Madrid,Herbalife Gran Canaria,9,5,85.2,80.8,0.8,84.0,92.0,0.4,1.2000000000000028,0.4,85.6,77.6,0.9,78.9,82.0,0.5,6.699999999999989,0.4,0.37407999999999997,0.6117,32.2,14.8,93.6,0.43898000000000004,0.5227,27.4,15.8,87.6,6.0,3.0,-1.0,1.0,1.0,1.0,1,1
101323,2020-21,2021-02-02 19:30:00+00:00,19,Real Madrid,UCAM Murcia CB,9,12,83.2,80.0,0.8,83.4,91.2,0.2,-0.20000000000000284,0.6000000000000001,85.2,77.3,0.9,82.3,86.4,0.4,2.9000000000000057,0.5,0.3815,0.56884,32.4,14.6,91.2,0.33558,0.52138,32.0,14.2,78.6,12.600000000000009,3.0,-3.0,0.0,0.0,0.5,1,1
101209,2020-21,2021-02-03 19:30:00+00:00,19,Movistar Estudiantes,Casademont Zaragoza,6,16,77.2,85.2,0.2,89.4,86.8,0.6,-12.200000000000003,-0.39999999999999997,76.2,86.0,0.2,90.7,88.0,0.5,-14.5,-0.3,0.32964,0.52132,31.6,14.4,71.4,0.35875999999999997,0.60142,30.6,17.0,89.8,-18.39999999999999,-3.0,1.0,0.0,0.0,0.5,1,0
101113,2020-21,2021-02-06 17:00:00+00:00,23,Casademont Zaragoza,Monbus Obradoiro,16,57,87.4,83.0,0.8,83.2,84.2,0.4,4.200000000000003,0.4,90.1,85.6,0.6,76.8,84.6,0.2,13.299999999999997,0.39999999999999997,0.35656,0.5900000000000001,30.6,17.2,92.2,0.39666,0.52964,28.0,15.6,84.8,7.400000000000006,3.0,-1.0,0.0,1.0,0.0,1,1
101111,2020-21,2021-02-06 17:00:00+00:00,23,Herbalife Gran Canaria,BAXI Manresa,5,10,85.8,95.4,0.2,85.2,92.2,0.4,0.5999999999999943,-0.2,80.7,82.2,0.5,81.1,87.4,0.4,-0.3999999999999915,0.09999999999999998,0.4416399999999999,0.53596,26.4,16.4,84.4,0.2752,0.5900000000000001,30.8,22.0,83.6,0.8000000000000114,-3.0,-1.0,1.0,1.0,1.0,1,1
101115,2020-21,2021-02-06 19:45:00+00:00,23,Valencia Basket Club,Coosur Real Betis,13,15,90.4,75.4,1.0,87.8,94.0,0.4,2.6000000000000085,0.6,89.7,75.7,1.0,79.6,87.2,0.3,10.100000000000009,0.7,0.4184,0.66046,28.8,19.8,110.8,0.33574000000000004,0.5691200000000001,32.8,13.0,84.2,26.599999999999994,5.0,-1.0,0.0,1.0,0.0,1,1
101120,2020-21,2021-02-06 19:45:00+00:00,23,RETAbet Bilbao Basket,Barça,4,2,73.8,86.8,0.2,94.2,71.2,1.0,-20.400000000000006,-0.8,75.7,87.4,0.2,91.5,75.3,0.9,-15.799999999999997,-0.7,0.32372,0.5596,27.2,13.6,62.6,0.42447999999999997,0.5967600000000001,31.2,17.4,106.0,-43.4,-3.0,5.0,0.0,1.0,0.0,1,0
101108,2020-21,2021-02-07 11:30:00+00:00,23,Urbas Fuenlabrada,Unicaja,17,14,81.6,87.0,0.2,81.0,88.6,0.0,0.5999999999999943,0.2,78.1,83.2,0.2,87.7,89.4,0.2,-9.600000000000009,0.0,0.31609999999999994,0.49124,29.4,13.6,77.2,0.34497999999999995,0.5557,29.4,16.4,79.6,-2.3999999999999915,-3.0,-5.0,1.0,1.0,1.0,1,0
101109,2020-21,2021-02-07 16:00:00+00:00,23,UCAM Murcia CB,Club Joventut Badalona,12,8,82.2,90.0,0.2,82.6,90.2,0.2,-0.3999999999999915,0.0,83.7,89.9,0.3,84.6,88.1,0.4,-0.8999999999999915,-0.10000000000000003,0.32711999999999997,0.49566,33.4,14.0,75.6,0.42522000000000004,0.5621400000000001,30.2,18.4,85.4,-9.800000000000011,-3.0,-3.0,0.0,1.0,0.0,1,0
101107,2020-21,2021-02-07 17:30:00+00:00,23,Movistar Estudiantes,Real Madrid,6,9,73.8,82.6,0.2,86.4,80.0,1.0,-12.600000000000009,-0.8,75.8,84.6,0.2,87.1,79.2,0.9,-11.299999999999997,-0.7,0.30104,0.4827199999999999,32.2,14.0,65.2,0.39972,0.5771,33.8,14.6,97.2,-32.0,-3.0,5.0,0.0,1.0,0.0,1,0
101112,2020-21,2021-02-07 19:00:00+00:00,23,Lenovo Tenerife,TD Systems Baskonia,28,3,90.8,84.2,0.6,85.6,73.2,0.8,5.200000000000003,-0.20000000000000007,90.1,78.6,0.7,84.2,76.3,0.8,5.8999999999999915,-0.10000000000000009,0.38186,0.5997800000000001,29.2,21.0,107.0,0.36812000000000006,0.6189600000000001,30.8,20.6,103.4,3.5999999999999943,1.0,3.0,0.0,1.0,0.0,1,0
101313,2020-21,2021-02-09 19:30:00+00:00,17,MoraBanc Andorra,Monbus Obradoiro,22,57,74.0,80.8,0.2,82.2,85.2,0.4,-8.200000000000003,-0.2,76.9,80.9,0.3,76.1,85.1,0.2,0.8000000000000114,0.09999999999999998,0.37622,0.45312,30.0,16.0,74.0,0.37512,0.50616,29.4,15.2,83.0,-9.0,-3.0,-1.0,0.0,0.0,0.5,1,1
101116,2020-21,2021-02-10 19:30:00+00:00,22,Acunsa GBC,Movistar Estudiantes,7,6,80.4,89.2,0.4,71.2,83.0,0.0,9.200000000000003,0.4,77.2,88.1,0.3,74.3,86.4,0.1,2.9000000000000057,0.19999999999999998,0.39394,0.46568,29.4,13.6,73.2,0.25612,0.48838,33.4,14.0,61.2,12.0,-1.0,-5.0,0.0,1.0,0.0,1,1
101103,2020-21,2021-02-27 17:00:00+00:00,24,Unicaja,Movistar Estudiantes,14,6,81.4,83.2,0.2,70.8,82.0,0.0,10.600000000000009,0.2,86.0,88.1,0.2,75.2,84.8,0.1,10.799999999999997,0.1,0.39093999999999995,0.5515399999999999,27.8,16.6,78.8,0.2577,0.49838000000000005,33.8,13.2,61.8,17.0,-3.0,-5.0,1.0,1.0,1.0,1,1
101080,2020-21,2021-02-27 17:00:00+00:00,24,BAXI Manresa,UCAM Murcia CB,10,12,85.4,89.0,0.4,80.4,93.0,0.0,5.0,0.4,81.0,85.7,0.4,83.7,90.9,0.2,-2.700000000000003,0.2,0.29359999999999997,0.6,30.8,21.2,83.2,0.33907999999999994,0.5090199999999999,30.4,14.2,69.6,13.600000000000009,-1.0,-5.0,1.0,1.0,1.0,1,1
101105,2020-21,2021-02-27 19:45:00+00:00,24,Real Madrid,Hereda San Pablo Burgos,9,549,83.8,76.0,1.0,88.0,80.8,0.8,-4.200000000000003,0.19999999999999996,85.0,77.9,0.9,86.1,80.7,0.7,-1.0999999999999943,0.20000000000000007,0.41714,0.52376,32.0,13.4,92.2,0.40202,0.52512,33.0,17.6,89.6,2.6000000000000085,5.0,3.0,1.0,1.0,1.0,1,1
101057,2020-21,2021-02-27 19:45:00+00:00,24,Acunsa GBC,RETAbet Bilbao Basket,7,4,82.4,89.4,0.6,72.2,88.8,0.0,10.200000000000003,0.6,78.2,87.7,0.4,75.3,88.6,0.2,2.9000000000000057,0.2,0.40296000000000004,0.48268000000000005,29.0,13.8,77.6,0.28985999999999995,0.5645399999999999,25.0,13.6,58.0,19.599999999999994,1.0,-5.0,0.0,1.0,0.0,1,0
101104,2020-21,2021-02-28 11:30:00+00:00,24,MoraBanc Andorra,Valencia Basket Club,22,13,78.6,78.2,0.4,90.0,75.6,1.0,-11.400000000000006,-0.6,78.7,82.5,0.3,91.8,77.7,1.0,-13.099999999999994,-0.7,0.4048,0.48553999999999997,32.0,16.8,83.8,0.40452000000000005,0.61094,30.8,19.6,110.8,-27.0,-1.0,5.0,0.0,1.0,0.0,1,1
101079,2020-21,2021-02-28 11:30:00+00:00,24,Monbus Obradoiro,Lenovo Tenerife,57,28,79.8,85.8,0.4,89.6,82.0,0.6,-9.799999999999997,-0.19999999999999996,75.6,85.9,0.2,87.3,80.5,0.6,-11.700000000000003,-0.39999999999999997,0.35168000000000005,0.50728,30.0,14.6,81.6,0.34586,0.61154,29.4,20.2,107.0,-25.400000000000006,-1.0,1.0,0.0,1.0,0.0,1,0
101078,2020-21,2021-02-28 16:00:00+00:00,24,Coosur Real Betis,Casademont Zaragoza,15,16,81.2,89.6,0.2,84.8,78.0,0.8,-3.5999999999999943,-0.6000000000000001,78.8,86.5,0.3,90.3,83.8,0.7,-11.5,-0.39999999999999997,0.29974,0.5462400000000001,33.0,13.0,72.8,0.37473999999999996,0.55046,32.0,16.2,89.4,-16.60000000000001,-3.0,3.0,0.0,1.0,0.0,1,0
101102,2020-21,2021-02-28 17:30:00+00:00,24,Club Joventut Badalona,Barça,8,2,85.2,88.0,0.4,94.8,69.4,1.0,-9.599999999999994,-0.6,84.9,88.4,0.4,90.8,74.1,0.9,-5.8999999999999915,-0.5,0.40616,0.5751799999999999,29.8,18.6,90.6,0.46197999999999995,0.61676,30.2,19.2,109.4,-18.80000000000001,-1.0,5.0,0.0,1.0,0.0,1,0
101106,2020-21,2021-02-28 19:00:00+00:00,24,TD Systems Baskonia,Urbas Fuenlabrada,3,17,85.0,75.6,0.8,79.4,86.8,0.2,5.599999999999994,0.6000000000000001,84.0,75.0,0.9,76.8,83.3,0.2,7.200000000000003,0.7,0.42488000000000004,0.57796,28.4,20.4,99.4,0.31832,0.48696,28.2,14.4,76.0,23.400000000000006,3.0,-3.0,1.0,1.0,1.0,1,1
101335,2020-21,2021-03-03 17:00:00+00:00,18,Monbus Obradoiro,Movistar Estudiantes,57,6,73.6,87.0,0.2,71.6,84.0,0.0,2.0,0.2,75.3,87.6,0.2,75.1,84.7,0.1,0.20000000000000284,0.1,0.3055,0.5208,28.6,12.2,70.2,0.24694000000000002,0.52566,33.8,12.6,66.2,4.0,-3.0,-5.0,0.0,0.0,0.5,1,0
101050,2020-21,2021-03-06 17:00:00+00:00,25,Herbalife Gran Canaria,Movistar Estudiantes,5,6,85.4,90.6,0.4,77.0,83.4,0.2,8.400000000000006,0.2,82.7,80.8,0.6,77.1,84.3,0.2,5.6000000000000085,0.39999999999999997,0.4316,0.533,27.4,16.0,85.4,0.29216000000000003,0.5326000000000001,32.0,13.8,74.6,10.800000000000011,-1.0,-3.0,0.0,1.0,0.0,1,1
101047,2020-21,2021-03-06 19:45:00+00:00,25,Urbas Fuenlabrada,Acunsa GBC,17,7,80.8,88.2,0.2,81.2,92.6,0.6,-0.4000000000000057,-0.39999999999999997,78.1,85.5,0.2,78.3,88.4,0.4,-0.20000000000000284,-0.2,0.3564,0.47598,29.8,13.8,76.4,0.39474000000000004,0.5098,27.4,13.4,74.8,1.6000000000000085,-3.0,1.0,1.0,1.0,1.0,1,1
101052,2020-21,2021-03-06 19:45:00+00:00,25,Casademont Zaragoza,Club Joventut Badalona,16,8,80.8,77.4,0.8,81.6,85.8,0.4,-0.7999999999999972,0.4,89.0,83.7,0.7,83.1,87.9,0.4,5.900000000000006,0.29999999999999993,0.34458,0.52554,33.2,14.8,84.2,0.38416,0.5283599999999999,31.4,17.4,87.8,-3.5999999999999943,3.0,-1.0,0.0,1.0,0.0,1,0
101114,2020-21,2021-03-07 11:30:00+00:00,23,Hereda San Pablo Burgos,MoraBanc Andorra,549,22,85.2,83.4,0.6,81.6,77.6,0.6,3.6000000000000085,0.0,88.2,82.9,0.7,78.8,79.9,0.4,9.400000000000006,0.29999999999999993,0.41025999999999996,0.531,29.8,16.4,83.4,0.42241999999999996,0.51364,32.6,17.2,88.6,-5.199999999999989,1.0,1.0,0.0,1.0,0.0,1,1
101051,2020-21,2021-03-07 11:30:00+00:00,25,RETAbet Bilbao Basket,Coosur Real Betis,4,15,77.0,82.4,0.2,78.6,87.4,0.2,-1.5999999999999943,0.0,77.4,85.5,0.3,81.5,87.8,0.3,-4.099999999999994,0.0,0.32714,0.56796,26.6,13.6,71.4,0.27305999999999997,0.57088,31.2,13.0,72.6,-1.1999999999999886,-3.0,-3.0,1.0,1.0,1.0,1,1
101048,2020-21,2021-03-07 11:30:00+00:00,25,UCAM Murcia CB,Real Madrid,12,9,82.2,93.8,0.0,88.0,78.4,1.0,-5.799999999999997,-1.0,84.0,89.2,0.2,85.4,77.7,0.9,-1.4000000000000057,-0.7,0.3319,0.51074,29.2,15.4,72.0,0.41496000000000005,0.53196,32.4,14.0,100.0,-28.0,-5.0,5.0,0.0,1.0,0.0,1,0
101049,2020-21,2021-03-07 18:00:00+00:00,25,Monbus Obradoiro,TD Systems Baskonia,57,3,75.8,86.6,0.2,84.8,74.6,0.8,-9.0,-0.6000000000000001,77.7,88.9,0.2,84.7,75.3,0.9,-7.0,-0.7,0.33464,0.5363800000000001,28.8,14.2,77.6,0.43392,0.5778,29.4,20.4,98.6,-21.0,-3.0,3.0,0.0,1.0,0.0,1,0
101054,2020-21,2021-03-07 19:00:00+00:00,25,Valencia Basket Club,BAXI Manresa,13,10,83.2,77.8,0.8,84.4,89.2,0.4,-1.2000000000000028,0.4,90.4,78.0,0.9,81.0,86.1,0.4,9.400000000000006,0.5,0.37376,0.55268,31.6,18.6,97.4,0.30774,0.58202,29.2,20.4,81.4,16.0,3.0,-1.0,1.0,1.0,1.0,1,1
101042,2020-21,2021-03-13 17:00:00+00:00,26,Club Joventut Badalona,Monbus Obradoiro,8,57,84.6,85.6,0.6,75.4,89.6,0.0,9.199999999999989,0.6,84.4,89.1,0.4,79.3,86.9,0.2,5.1000000000000085,0.2,0.36082000000000003,0.54394,32.0,16.8,89.0,0.33574000000000004,0.51812,27.8,14.2,71.4,17.599999999999994,1.0,-5.0,1.0,1.0,1.0,1,1
101043,2020-21,2021-03-13 19:45:00+00:00,26,Unicaja,Herbalife Gran Canaria,14,5,83.8,80.4,0.4,85.6,92.4,0.4,-1.7999999999999972,0.0,86.7,86.7,0.3,83.7,83.1,0.6,3.0,-0.3,0.40106,0.5170600000000001,29.6,16.6,82.0,0.3756,0.5496800000000001,30.2,15.4,87.6,-5.599999999999994,-1.0,-1.0,1.0,1.0,1.0,1,1
101045,2020-21,2021-03-13 19:45:00+00:00,26,Barça,Casademont Zaragoza,2,16,94.2,68.4,1.0,80.6,82.8,0.6,13.600000000000009,0.4,89.8,70.3,1.0,88.0,86.1,0.6,1.7999999999999972,0.4,0.47984,0.6268,30.4,19.6,109.8,0.29078,0.5352399999999999,31.8,15.0,82.6,27.200000000000003,5.0,1.0,1.0,1.0,1.0,1,1
101041,2020-21,2021-03-14 11:30:00+00:00,26,BAXI Manresa,Urbas Fuenlabrada,10,17,86.8,94.6,0.4,79.4,82.0,0.4,7.3999999999999915,0.0,81.2,88.2,0.4,78.8,84.2,0.3,2.4000000000000057,0.10000000000000003,0.37289999999999995,0.5870200000000001,27.4,21.6,87.6,0.33968,0.46756000000000003,34.8,14.6,81.0,6.599999999999994,-1.0,-1.0,1.0,1.0,1.0,1,1
101039,2020-21,2021-03-14 11:30:00+00:00,26,Movistar Estudiantes,RETAbet Bilbao Basket,6,4,81.2,87.0,0.2,80.2,84.8,0.4,1.0,-0.2,77.5,84.8,0.2,78.6,86.9,0.3,-1.0999999999999943,-0.09999999999999998,0.31646,0.5223000000000001,33.2,14.4,79.2,0.35713999999999996,0.5843,26.0,14.6,78.6,0.6000000000000085,-3.0,-1.0,1.0,1.0,1.0,1,1
101056,2020-21,2021-03-14 16:00:00+00:00,26,Acunsa GBC,Valencia Basket Club,7,13,78.2,90.8,0.4,89.0,78.6,0.8,-10.799999999999997,-0.4,77.1,88.0,0.3,92.7,78.4,0.9,-15.600000000000009,-0.6000000000000001,0.3367,0.5083400000000001,29.2,13.4,69.6,0.41652000000000006,0.5776800000000001,31.8,20.2,108.0,-38.400000000000006,-1.0,3.0,0.0,1.0,0.0,1,1
101046,2020-21,2021-03-14 17:30:00+00:00,26,TD Systems Baskonia,Real Madrid,3,9,81.6,75.0,0.8,85.6,74.2,1.0,-4.0,-0.19999999999999996,85.7,75.8,0.9,85.4,77.5,0.9,0.29999999999999716,0.0,0.41838,0.5566,30.8,19.6,96.4,0.38996000000000003,0.5141199999999999,34.8,13.6,98.4,-2.0,3.0,5.0,0.0,1.0,0.0,1,0
101040,2020-21,2021-03-14 18:00:00+00:00,26,Coosur Real Betis,MoraBanc Andorra,15,22,80.2,87.6,0.2,80.8,80.0,0.4,-0.5999999999999943,-0.2,82.6,88.7,0.3,77.4,79.5,0.4,5.199999999999989,-0.10000000000000003,0.28491999999999995,0.5661200000000001,31.4,13.6,79.2,0.38380000000000003,0.52376,31.8,15.6,83.2,-4.0,-3.0,-1.0,0.0,1.0,0.0,1,1
101055,2020-21,2021-03-16 19:30:00+00:00,25,Barça,Unicaja,2,14,95.8,70.8,1.0,83.6,77.6,0.6,12.200000000000003,0.4,91.4,72.8,1.0,86.5,85.3,0.4,4.900000000000006,0.6,0.5222800000000001,0.6311800000000001,31.2,19.6,114.0,0.37844,0.55732,29.8,16.2,80.6,33.400000000000006,5.0,1.0,1.0,1.0,1.0,1,1
101083,2020-21,2021-03-17 16:30:00+00:00,21,Movistar Estudiantes,Club Joventut Badalona,6,8,87.2,89.0,0.4,84.8,83.6,0.8,2.4000000000000057,-0.4,79.2,86.0,0.2,86.1,88.7,0.5,-6.8999999999999915,-0.3,0.3989,0.5266400000000001,31.8,17.0,88.4,0.3417,0.5420200000000001,32.2,16.6,89.2,-0.7999999999999972,-1.0,3.0,0.0,1.0,0.0,1,0
101317,2020-21,2021-03-17 19:30:00+00:00,19,Urbas Fuenlabrada,MoraBanc Andorra,17,22,74.2,83.8,0.2,77.2,76.6,0.4,-3.0,-0.2,79.4,85.8,0.3,75.4,79.1,0.3,4.0,0.0,0.31944,0.43228,34.6,14.0,72.6,0.35334000000000004,0.5071,33.6,14.6,76.6,-4.0,-3.0,-1.0,0.0,0.0,0.5,1,0
101072,2020-21,2021-03-20 17:00:00+00:00,27,Monbus Obradoiro,Unicaja,57,14,78.2,91.2,0.0,79.6,77.8,0.6,-1.3999999999999915,-0.6,80.2,88.2,0.2,82.9,85.7,0.3,-2.700000000000003,-0.09999999999999998,0.37316000000000005,0.5387600000000001,26.6,15.2,76.0,0.38288,0.50532,30.4,14.2,78.6,-2.5999999999999943,-5.0,1.0,0.0,1.0,0.0,1,0
101044,2020-21,2021-03-20 17:00:00+00:00,26,Lenovo Tenerife,UCAM Murcia CB,28,12,91.6,78.4,0.8,75.2,88.0,0.0,16.39999999999999,0.8,88.5,79.7,0.6,80.8,89.3,0.1,7.700000000000003,0.5,0.40499999999999997,0.58048,29.8,18.4,107.6,0.29702,0.4567,29.4,14.2,63.6,43.99999999999999,3.0,-5.0,1.0,1.0,1.0,1,1
101076,2020-21,2021-03-20 19:45:00+00:00,27,Casademont Zaragoza,Movistar Estudiantes,16,6,86.0,86.4,0.6,88.0,90.8,0.4,-2.0,0.19999999999999996,87.7,86.6,0.6,79.4,86.4,0.2,8.299999999999997,0.39999999999999997,0.34412000000000004,0.5638799999999999,29.0,16.2,88.8,0.40274,0.52272,34.0,18.8,91.4,-2.6000000000000085,1.0,-1.0,1.0,1.0,1.0,1,0
101074,2020-21,2021-03-21 11:30:00+00:00,27,MoraBanc Andorra,BAXI Manresa,22,10,75.6,71.8,0.6,84.2,91.2,0.4,-8.600000000000009,0.19999999999999996,74.8,76.3,0.4,83.8,88.7,0.5,-9.0,-0.09999999999999998,0.36282,0.49651999999999996,34.2,13.2,74.8,0.3319,0.5676,31.6,20.0,86.2,-11.400000000000006,1.0,-1.0,1.0,1.0,1.0,1,1
101073,2020-21,2021-03-21 12:00:00+00:00,27,Herbalife Gran Canaria,Acunsa GBC,5,7,83.4,87.2,0.4,75.0,84.8,0.4,8.400000000000006,0.0,83.4,84.8,0.5,78.4,86.1,0.4,5.0,0.09999999999999998,0.32112,0.5445800000000001,32.2,16.0,88.2,0.30670000000000003,0.5280400000000001,30.8,13.4,68.6,19.60000000000001,-1.0,-1.0,1.0,1.0,1.0,1,1
101059,2020-21,2021-03-21 16:00:00+00:00,27,Real Madrid,Coosur Real Betis,9,15,86.4,73.0,1.0,78.8,79.2,0.4,7.6000000000000085,0.6,84.8,76.5,0.9,84.1,87.0,0.4,0.7000000000000028,0.5,0.39414,0.5384399999999999,35.6,14.6,102.2,0.29958,0.51548,33.4,13.6,80.8,21.400000000000006,5.0,-1.0,1.0,1.0,1.0,1,1
101058,2020-21,2021-03-21 17:30:00+00:00,27,Valencia Basket Club,Barça,13,2,84.4,82.0,0.6,89.6,68.2,1.0,-5.199999999999989,-0.4,88.6,78.7,0.8,91.5,70.8,1.0,-2.9000000000000057,-0.19999999999999996,0.42366000000000004,0.54266,29.8,19.4,96.6,0.48072,0.5791800000000001,33.0,17.2,103.4,-6.800000000000011,1.0,5.0,1.0,1.0,1.0,1,0
101075,2020-21,2021-03-21 19:00:00+00:00,27,RETAbet Bilbao Basket,TD Systems Baskonia,4,3,83.4,84.6,0.4,84.2,75.4,0.8,-0.7999999999999972,-0.4,80.0,87.3,0.3,85.2,77.1,0.8,-5.200000000000003,-0.5,0.35741999999999996,0.5675000000000001,29.2,14.2,84.2,0.43548,0.5430400000000001,29.6,19.0,97.6,-13.399999999999991,-1.0,3.0,0.0,1.0,0.0,1,0
101091,2020-21,2021-03-23 17:00:00+00:00,20,Monbus Obradoiro,Real Madrid,57,9,80.6,90.2,0.0,85.8,71.0,1.0,-5.200000000000003,-1.0,80.2,88.0,0.2,86.1,75.5,1.0,-5.8999999999999915,-0.8,0.38782,0.56792,29.2,15.0,83.6,0.41296,0.5304800000000001,36.0,16.2,103.2,-19.60000000000001,-5.0,5.0,0.0,1.0,0.0,1,0
101164,2020-21,2021-03-23 19:30:00+00:00,20,Barça,Movistar Estudiantes,2,6,87.2,68.4,1.0,95.2,93.4,0.6,-8.0,0.4,90.7,69.8,1.0,83.4,88.7,0.3,7.299999999999997,0.7,0.47436,0.6003800000000001,33.8,19.0,102.8,0.41466000000000003,0.5393800000000001,35.8,21.2,99.4,3.3999999999999915,5.0,1.0,1.0,1.0,1.0,1,1
101071,2020-21,2021-03-24 19:30:00+00:00,27,Urbas Fuenlabrada,UCAM Murcia CB,17,12,72.2,82.8,0.2,78.2,86.6,0.0,-6.0,0.2,76.9,84.9,0.2,80.8,88.9,0.1,-3.8999999999999915,0.1,0.31018,0.43542,32.8,14.4,69.8,0.29066000000000003,0.48432000000000003,30.6,15.2,69.0,0.7999999999999972,-3.0,-5.0,0.0,1.0,0.0,1,0
101067,2020-21,2021-03-27 16:30:00+00:00,28,Unicaja,Hereda San Pablo Burgos,14,549,79.6,76.6,0.8,84.6,81.8,0.6,-5.0,0.20000000000000007,80.3,82.6,0.4,88.5,81.2,0.8,-8.200000000000003,-0.4,0.39143999999999995,0.48417999999999994,28.0,12.6,76.6,0.40570000000000006,0.50768,32.4,15.2,81.6,-5.0,3.0,1.0,0.0,1.0,0.0,1,0
101062,2020-21,2021-03-27 19:45:00+00:00,28,Acunsa GBC,Monbus Obradoiro,7,57,77.6,80.8,0.4,80.6,88.2,0.0,-3.0,0.4,79.0,85.0,0.4,77.1,87.6,0.1,1.9000000000000057,0.30000000000000004,0.32172,0.58334,30.8,14.4,75.0,0.36314,0.56792,29.8,16.0,84.0,-9.0,-1.0,-5.0,0.0,1.0,0.0,1,0
101065,2020-21,2021-03-27 19:45:00+00:00,28,BAXI Manresa,Real Madrid,10,9,84.0,89.4,0.4,87.4,72.2,1.0,-3.4000000000000057,-0.6,84.6,90.8,0.4,85.6,74.1,1.0,-1.0,-0.6,0.32592,0.5741400000000001,32.2,19.0,82.8,0.39282,0.5727,36.2,16.4,104.0,-21.200000000000003,-1.0,5.0,0.0,1.0,0.0,1,0
101069,2020-21,2021-03-28 10:30:00+00:00,28,Barça,Urbas Fuenlabrada,2,17,88.8,67.4,1.0,72.6,82.2,0.2,16.200000000000003,0.8,91.8,68.4,1.0,76.0,84.5,0.2,15.799999999999997,0.8,0.45816,0.5859400000000001,37.6,18.0,107.4,0.2778,0.44474,33.4,13.8,66.6,40.80000000000001,5.0,-3.0,1.0,1.0,1.0,1,1
101066,2020-21,2021-03-28 15:00:00+00:00,28,Club Joventut Badalona,Coosur Real Betis,8,15,86.8,85.2,0.8,78.6,83.2,0.2,8.200000000000003,0.6000000000000001,84.7,87.7,0.5,83.2,88.6,0.3,1.5,0.2,0.31361999999999995,0.5420200000000001,31.0,16.8,90.6,0.34292,0.4639800000000001,34.0,15.4,78.4,12.199999999999989,3.0,-3.0,1.0,1.0,1.0,1,0
101070,2020-21,2021-03-28 15:00:00+00:00,28,TD Systems Baskonia,Herbalife Gran Canaria,3,5,83.4,77.6,0.8,85.2,83.0,0.6,-1.7999999999999972,0.20000000000000007,84.5,75.4,0.8,84.6,87.5,0.5,-0.09999999999999432,0.30000000000000004,0.44722,0.53948,27.6,17.0,94.4,0.3372,0.55046,33.2,16.0,92.6,1.8000000000000114,3.0,1.0,1.0,1.0,1.0,1,0
101068,2020-21,2021-03-28 16:30:00+00:00,28,Lenovo Tenerife,Valencia Basket Club,28,13,87.0,76.6,0.8,79.4,81.0,0.4,7.599999999999994,0.4,89.8,79.6,0.7,84.9,78.2,0.7,4.8999999999999915,0.0,0.37066,0.54064,31.2,17.0,101.4,0.41976,0.5269,28.0,19.4,86.6,14.800000000000011,3.0,-1.0,1.0,1.0,1.0,1,1
101064,2020-21,2021-03-28 18:00:00+00:00,28,UCAM Murcia CB,RETAbet Bilbao Basket,12,4,77.2,81.0,0.2,83.4,85.6,0.4,-6.200000000000003,-0.2,79.7,85.5,0.2,78.6,86.2,0.3,1.1000000000000085,-0.09999999999999998,0.30351999999999996,0.4793200000000001,30.8,15.8,70.6,0.38889999999999997,0.5501199999999999,28.4,14.8,83.8,-13.200000000000003,-3.0,-1.0,1.0,1.0,1.0,1,0
101063,2020-21,2021-03-29 18:30:00+00:00,28,Movistar Estudiantes,MoraBanc Andorra,6,22,90.6,95.6,0.4,76.0,74.8,0.6,14.599999999999994,-0.19999999999999996,83.8,89.5,0.3,77.3,76.5,0.5,6.5,-0.2,0.39166,0.49694000000000005,36.2,19.8,89.4,0.3414,0.4888199999999999,33.8,14.0,76.0,13.400000000000006,-1.0,1.0,0.0,1.0,0.0,1,1
101121,2020-21,2021-04-03 16:00:00+00:00,29,RETAbet Bilbao Basket,BAXI Manresa,4,10,86.8,84.0,0.6,83.8,88.2,0.4,3.0,0.19999999999999996,79.5,86.4,0.3,84.6,88.6,0.4,-5.099999999999994,-0.10000000000000003,0.4037,0.571,33.2,14.6,90.2,0.34106000000000003,0.5697,30.6,19.0,82.6,7.6000000000000085,1.0,-1.0,0.0,1.0,0.0,1,0
101182,2020-21,2021-04-03 16:00:00+00:00,29,Urbas Fuenlabrada,Monbus Obradoiro,17,57,73.6,80.4,0.2,79.0,83.2,0.2,-5.400000000000006,0.0,77.2,84.3,0.2,77.4,84.9,0.2,-0.20000000000000284,0.0,0.29114,0.46238,33.4,14.0,70.0,0.34172,0.5445599999999999,32.4,15.0,82.6,-12.599999999999994,-3.0,-3.0,0.0,1.0,0.0,1,1
101123,2020-21,2021-04-03 18:45:00+00:00,29,Herbalife Gran Canaria,Casademont Zaragoza,5,16,89.0,82.4,0.8,91.0,94.4,0.4,-2.0,0.4,87.4,88.9,0.5,89.2,88.7,0.6,-1.7999999999999972,-0.09999999999999998,0.35750000000000004,0.5779,32.2,15.8,97.8,0.41162,0.5484600000000001,29.2,15.8,92.4,5.3999999999999915,3.0,-1.0,0.0,1.0,0.0,1,1
101183,2020-21,2021-04-03 18:45:00+00:00,29,Coosur Real Betis,Lenovo Tenerife,15,28,80.0,81.0,0.4,88.0,79.8,0.8,-8.0,-0.4,80.6,85.3,0.3,89.5,80.1,0.7,-8.900000000000006,-0.39999999999999997,0.38802000000000003,0.48062000000000005,31.8,14.6,83.0,0.39566,0.5673999999999999,29.0,18.0,102.0,-19.0,-1.0,3.0,0.0,1.0,0.0,1,0
101181,2020-21,2021-04-04 10:30:00+00:00,29,Movistar Estudiantes,UCAM Murcia CB,6,12,91.2,93.2,0.6,76.8,80.8,0.2,14.400000000000006,0.39999999999999997,86.2,90.1,0.4,78.6,86.9,0.1,7.6000000000000085,0.30000000000000004,0.37988,0.5212,35.0,20.0,93.0,0.30228,0.44554,33.0,15.6,70.6,22.400000000000006,1.0,-3.0,0.0,1.0,0.0,1,0
101122,2020-21,2021-04-04 10:30:00+00:00,29,MoraBanc Andorra,TD Systems Baskonia,22,3,76.2,79.8,0.4,82.8,81.6,0.6,-6.599999999999994,-0.19999999999999996,78.9,78.7,0.5,83.9,78.6,0.7,-5.0,-0.19999999999999996,0.32026,0.46882,35.2,13.8,73.8,0.38092000000000004,0.55604,27.8,16.6,91.0,-17.200000000000003,-1.0,1.0,0.0,1.0,0.0,1,0
101061,2020-21,2021-04-04 15:00:00+00:00,29,Valencia Basket Club,Club Joventut Badalona,13,8,78.8,82.8,0.2,84.2,86.0,0.6,-5.400000000000006,-0.39999999999999997,84.4,79.2,0.6,84.7,87.0,0.5,-0.29999999999999716,0.09999999999999998,0.43142,0.53886,25.0,20.4,81.8,0.34296,0.52898,29.4,17.4,86.8,-5.0,-3.0,1.0,1.0,1.0,1.0,1,0
101060,2020-21,2021-04-04 16:30:00+00:00,29,Hereda San Pablo Burgos,Barça,549,2,89.2,83.8,0.8,89.0,70.8,1.0,0.20000000000000284,-0.19999999999999996,89.5,82.5,0.8,91.6,69.6,1.0,-2.0999999999999943,-0.19999999999999996,0.44236,0.55162,31.4,17.0,93.0,0.42482,0.5616200000000001,38.2,17.0,106.8,-13.799999999999997,3.0,5.0,0.0,1.0,0.0,1,0
101110,2020-21,2021-04-04 18:00:00+00:00,29,Real Madrid,Acunsa GBC,9,7,83.6,71.2,1.0,74.6,80.8,0.2,9.0,0.8,85.8,74.8,1.0,78.5,85.1,0.4,7.299999999999997,0.6,0.36706,0.55006,36.0,15.8,98.4,0.31934,0.57014,29.2,13.8,68.6,29.80000000000001,5.0,-3.0,1.0,1.0,1.0,1,1
101053,2020-21,2021-04-08 18:30:00+00:00,25,Hereda San Pablo Burgos,Lenovo Tenerife,549,28,88.4,87.4,0.6,88.8,79.6,0.8,-0.3999999999999915,-0.20000000000000007,87.7,84.0,0.7,89.8,81.9,0.7,-2.0999999999999943,0.0,0.42013999999999996,0.5421,31.0,17.4,92.0,0.42566,0.60222,29.0,19.0,104.0,-12.0,1.0,3.0,0.0,1.0,0.0,1,0
101175,2020-21,2021-04-10 16:00:00+00:00,30,Monbus Obradoiro,BAXI Manresa,57,10,79.8,82.6,0.2,88.4,90.6,0.4,-8.600000000000009,-0.2,77.6,86.1,0.1,86.4,89.9,0.4,-8.800000000000011,-0.30000000000000004,0.37856,0.51436,32.4,14.6,85.8,0.37516,0.5964799999999999,29.2,20.6,92.4,-6.6000000000000085,-3.0,-1.0,1.0,1.0,1.0,1,1
101172,2020-21,2021-04-10 16:00:00+00:00,30,Acunsa GBC,Coosur Real Betis,7,15,74.0,80.8,0.2,80.0,82.6,0.4,-6.0,-0.2,77.6,86.7,0.4,79.3,85.0,0.3,-1.7000000000000028,0.10000000000000003,0.30362,0.54742,31.4,13.6,66.8,0.42469999999999997,0.4671000000000001,30.8,15.2,84.2,-17.400000000000006,-3.0,-1.0,0.0,1.0,0.0,1,0
101174,2020-21,2021-04-11 10:30:00+00:00,30,UCAM Murcia CB,TD Systems Baskonia,12,3,77.0,78.8,0.4,81.2,80.4,0.6,-4.200000000000003,-0.19999999999999996,79.6,86.3,0.2,83.0,77.5,0.7,-3.4000000000000057,-0.49999999999999994,0.32148,0.45738,33.8,13.8,70.6,0.35158000000000006,0.56394,28.0,16.0,89.8,-19.200000000000003,-1.0,1.0,1.0,1.0,1.0,1,1
101178,2020-21,2021-04-11 11:00:00+00:00,30,Lenovo Tenerife,Movistar Estudiantes,28,6,92.6,80.6,1.0,87.2,92.4,0.4,5.3999999999999915,0.6,91.1,81.3,0.8,87.2,90.7,0.4,3.8999999999999915,0.4,0.46509999999999996,0.6284000000000001,29.2,19.4,110.0,0.3403,0.49946,35.6,18.4,88.2,21.799999999999997,5.0,-1.0,1.0,1.0,1.0,1,1
101173,2020-21,2021-04-11 15:00:00+00:00,30,Urbas Fuenlabrada,Hereda San Pablo Burgos,17,549,74.8,82.0,0.2,85.4,89.6,0.4,-10.600000000000009,-0.2,77.1,82.0,0.3,86.7,85.2,0.6,-9.600000000000009,-0.3,0.3186,0.47942,30.6,13.0,67.6,0.38308,0.58406,29.6,18.4,89.8,-22.200000000000003,-3.0,-1.0,1.0,1.0,1.0,1,1
101180,2020-21,2021-04-11 16:30:00+00:00,30,Barça,Real Madrid,2,9,86.2,68.6,1.0,88.2,73.8,1.0,-2.0,0.0,91.0,69.7,1.0,86.9,74.0,1.0,4.099999999999994,0.0,0.42572,0.54812,38.6,18.0,104.6,0.39904,0.55796,35.4,17.4,107.6,-3.0,5.0,5.0,1.0,1.0,1.0,1,0
101179,2020-21,2021-04-11 18:00:00+00:00,30,Casademont Zaragoza,Valencia Basket Club,16,13,89.6,97.2,0.2,82.2,86.4,0.2,7.3999999999999915,0.0,87.2,87.6,0.5,82.7,82.1,0.5,4.5,0.0,0.41668000000000005,0.5461400000000001,27.4,15.4,89.4,0.43804,0.5637800000000001,23.4,20.4,83.2,6.200000000000003,-3.0,-3.0,0.0,1.0,0.0,1,0
101176,2020-21,2021-04-11 19:00:00+00:00,30,Club Joventut Badalona,Herbalife Gran Canaria,8,5,92.2,87.8,0.8,89.2,82.2,0.8,3.0,0.0,86.9,86.8,0.6,87.3,86.4,0.6,-0.3999999999999915,0.0,0.42238,0.60212,28.0,19.4,100.2,0.33996,0.5707,33.8,15.6,96.8,3.4000000000000057,3.0,3.0,0.0,1.0,0.0,1,0
101168,2020-21,2021-04-13 19:15:00+00:00,31,Real Madrid,Lenovo Tenerife,9,28,88.6,76.0,1.0,93.4,81.8,1.0,-4.800000000000011,0.0,87.5,74.5,1.0,92.5,80.1,0.9,-5.0,0.09999999999999998,0.40901999999999994,0.5216399999999999,33.2,16.0,102.0,0.44075999999999993,0.65434,29.4,20.4,112.0,-10.0,5.0,5.0,1.0,1.0,1.0,1,1
101169,2020-21,2021-04-14 19:15:00+00:00,31,Hereda San Pablo Burgos,Acunsa GBC,549,7,85.8,88.2,0.4,72.8,83.4,0.2,13.0,0.2,85.5,85.8,0.5,75.5,87.1,0.3,10.0,0.2,0.34284,0.5946,30.0,20.0,91.8,0.30544000000000004,0.5470599999999999,29.8,12.2,64.4,27.39999999999999,-1.0,-3.0,1.0,1.0,1.0,1,0
101185,2020-21,2021-04-14 19:15:00+00:00,31,Herbalife Gran Canaria,Barça,5,2,90.4,80.2,0.8,87.4,75.0,0.8,3.0,0.0,88.0,86.3,0.6,88.5,71.6,0.9,-0.5,-0.30000000000000004,0.38162,0.5824999999999999,31.4,16.2,99.4,0.44272,0.56002,37.0,17.2,104.2,-4.799999999999997,3.0,3.0,0.0,1.0,0.0,1,0
101187,2020-21,2021-04-15 16:30:00+00:00,31,Coosur Real Betis,UCAM Murcia CB,15,12,81.4,79.0,0.6,83.8,81.4,0.6,-2.3999999999999915,0.0,80.8,83.3,0.4,79.5,84.7,0.3,1.2999999999999972,0.10000000000000003,0.4065200000000001,0.5055600000000001,31.4,14.4,87.8,0.35195999999999994,0.5057400000000001,34.4,15.2,80.0,7.799999999999997,1.0,1.0,0.0,1.0,0.0,1,0
101171,2020-21,2021-04-15 16:30:00+00:00,31,TD Systems Baskonia,Movistar Estudiantes,3,6,81.2,83.2,0.4,86.0,94.6,0.4,-4.799999999999997,0.0,81.4,79.1,0.6,87.0,92.7,0.4,-5.599999999999994,0.19999999999999996,0.34028,0.554,27.6,13.8,82.8,0.3442,0.47338,34.2,16.6,83.2,-0.4000000000000057,-1.0,-1.0,1.0,1.0,1.0,1,1
101186,2020-21,2021-04-15 19:15:00+00:00,31,BAXI Manresa,Casademont Zaragoza,10,16,89.4,86.2,0.4,87.8,97.8,0.0,1.6000000000000085,0.4,88.1,90.4,0.4,84.3,87.6,0.4,3.799999999999997,0.0,0.3903,0.55866,31.2,18.0,89.0,0.41297999999999996,0.5382,27.8,15.2,88.8,0.20000000000000284,-1.0,-5.0,1.0,1.0,1.0,1,1
101184,2020-21,2021-04-15 19:15:00+00:00,31,Unicaja,RETAbet Bilbao Basket,14,4,81.2,83.2,0.6,86.6,90.8,0.4,-5.3999999999999915,0.19999999999999996,81.3,83.2,0.4,81.8,86.6,0.3,-0.5,0.10000000000000003,0.4308199999999999,0.48519999999999996,25.6,14.0,78.0,0.3907,0.5642199999999999,32.4,14.8,84.6,-6.599999999999994,1.0,-1.0,1.0,1.0,1.0,1,1
101077,2020-21,2021-04-16 16:30:00+00:00,27,Hereda San Pablo Burgos,Club Joventut Badalona,549,8,85.2,92.6,0.2,89.0,89.4,0.6,-3.799999999999997,-0.39999999999999997,84.9,87.2,0.4,86.8,87.5,0.6,-1.8999999999999915,-0.19999999999999996,0.32798000000000005,0.6196200000000001,27.8,20.0,88.0,0.4079,0.5908200000000001,26.8,19.6,94.2,-6.200000000000003,-3.0,1.0,1.0,1.0,1.0,1,1
101170,2020-21,2021-04-16 19:15:00+00:00,31,Valencia Basket Club,Monbus Obradoiro,13,57,76.8,85.2,0.2,81.0,81.8,0.4,-4.200000000000003,-0.2,82.9,81.9,0.5,79.6,86.5,0.2,3.3000000000000114,0.3,0.3901,0.5293,23.6,19.2,71.6,0.35378,0.52974,33.0,12.8,90.4,-18.80000000000001,-3.0,-1.0,1.0,1.0,1.0,1,1
101204,2020-21,2021-04-17 16:00:00+00:00,32,Barça,BAXI Manresa,2,10,89.8,77.0,0.8,89.8,87.4,0.4,0.0,0.4,88.5,72.7,0.9,87.0,89.3,0.4,1.5,0.5,0.48718000000000006,0.54684,36.0,17.8,106.0,0.37178,0.57166,30.6,18.6,90.8,15.200000000000003,3.0,-1.0,1.0,1.0,1.0,1,1
101206,2020-21,2021-04-18 10:15:00+00:00,32,Movistar Estudiantes,Coosur Real Betis,6,15,81.8,93.0,0.2,78.6,83.6,0.4,3.200000000000003,-0.2,88.5,93.2,0.4,78.7,81.4,0.4,9.799999999999997,0.0,0.35385999999999995,0.45196,32.8,16.6,77.0,0.3457,0.50226,30.8,13.0,82.8,-5.799999999999997,-3.0,-1.0,1.0,1.0,1.0,1,0
101199,2020-21,2021-04-18 15:00:00+00:00,32,Monbus Obradoiro,Herbalife Gran Canaria,57,5,80.8,84.2,0.4,90.0,82.2,0.8,-9.200000000000003,-0.4,80.7,87.2,0.2,86.7,84.7,0.6,-6.0,-0.39999999999999997,0.32732,0.552,29.6,13.2,83.8,0.41445999999999994,0.55056,28.8,16.2,97.2,-13.400000000000006,-1.0,3.0,1.0,1.0,1.0,1,1
101205,2020-21,2021-04-18 15:00:00+00:00,32,TD Systems Baskonia,Hereda San Pablo Burgos,3,549,85.6,84.6,0.6,82.2,89.6,0.2,3.3999999999999915,0.39999999999999997,84.9,80.0,0.7,85.7,86.7,0.5,-0.7999999999999972,0.19999999999999996,0.36132000000000003,0.5978600000000001,29.0,15.2,93.0,0.30162,0.5735,29.0,17.8,79.2,13.799999999999997,1.0,-3.0,0.0,1.0,0.0,1,0
101203,2020-21,2021-04-18 16:30:00+00:00,32,Real Madrid,Club Joventut Badalona,9,8,86.4,75.8,1.0,86.4,89.8,0.4,0.0,0.6,86.1,73.4,1.0,85.6,86.7,0.6,0.5,0.4,0.3942,0.53524,31.8,16.0,98.0,0.39981999999999995,0.5626800000000001,27.6,20.2,91.4,6.599999999999994,5.0,-1.0,1.0,1.0,1.0,1,1
101202,2020-21,2021-04-18 18:00:00+00:00,32,Casademont Zaragoza,Acunsa GBC,16,7,85.2,96.2,0.0,75.2,87.2,0.2,10.0,-0.2,82.9,89.5,0.3,75.1,86.0,0.3,7.800000000000011,0.0,0.38814000000000004,0.52336,29.2,13.2,82.0,0.31662,0.52142,30.2,12.2,65.4,16.599999999999994,-5.0,-3.0,0.0,1.0,0.0,1,1
101201,2020-21,2021-04-18 19:00:00+00:00,32,Lenovo Tenerife,Unicaja,28,14,91.6,83.0,0.8,80.6,82.6,0.6,11.0,0.20000000000000007,89.3,79.8,0.8,82.2,81.5,0.5,7.099999999999994,0.30000000000000004,0.4279,0.6249,28.4,19.6,103.6,0.38816,0.5222,24.0,13.2,78.4,25.19999999999999,3.0,1.0,1.0,1.0,1.0,1,1
101125,2020-21,2021-04-21 16:30:00+00:00,36,Hereda San Pablo Burgos,Casademont Zaragoza,549,16,85.6,87.6,0.4,87.4,89.0,0.2,-1.8000000000000114,0.2,87.0,87.5,0.5,86.7,87.7,0.4,0.29999999999999716,0.09999999999999998,0.31920000000000004,0.6033,30.2,18.8,85.4,0.39892,0.53038,33.0,15.0,93.2,-7.799999999999997,-1.0,-3.0,1.0,1.0,1.0,1,0
101141,2020-21,2021-04-21 19:15:00+00:00,36,Lenovo Tenerife,RETAbet Bilbao Basket,28,4,89.4,78.0,0.8,84.2,91.6,0.2,5.200000000000003,0.6000000000000001,88.7,78.9,0.8,82.2,88.2,0.3,6.5,0.5,0.40548,0.6214199999999999,29.8,18.2,98.4,0.36288,0.5538000000000001,33.4,13.0,79.8,18.60000000000001,3.0,-3.0,1.0,1.0,1.0,1,1
101191,2020-21,2021-04-24 16:00:00+00:00,33,BAXI Manresa,Movistar Estudiantes,10,6,90.4,88.4,0.4,84.6,92.6,0.2,5.800000000000011,0.2,87.2,88.9,0.4,87.6,94.1,0.3,-0.3999999999999915,0.10000000000000003,0.39177999999999996,0.5669000000000001,29.0,18.6,89.4,0.34926,0.48776,34.6,17.6,84.6,4.800000000000011,-1.0,-3.0,1.0,1.0,1.0,1,1
101188,2020-21,2021-04-24 16:00:00+00:00,33,Acunsa GBC,UCAM Murcia CB,7,12,73.2,89.0,0.2,85.0,75.4,0.8,-11.799999999999997,-0.6000000000000001,75.4,84.9,0.3,81.6,81.0,0.4,-6.199999999999989,-0.10000000000000003,0.30262,0.51066,29.8,11.4,59.0,0.37107999999999997,0.5089,36.4,15.0,83.4,-24.400000000000006,-3.0,3.0,0.0,1.0,0.0,1,0
101192,2020-21,2021-04-24 18:45:00+00:00,33,Club Joventut Badalona,Lenovo Tenerife,8,28,86.8,93.4,0.2,88.0,75.0,0.8,-1.2000000000000028,-0.6000000000000001,86.8,89.3,0.5,88.4,77.3,0.8,-1.6000000000000085,-0.30000000000000004,0.42972,0.54292,28.0,19.8,90.2,0.41882,0.60332,28.8,17.2,97.4,-7.200000000000003,-3.0,3.0,0.0,1.0,0.0,1,1
101194,2020-21,2021-04-24 18:45:00+00:00,33,Unicaja,Casademont Zaragoza,14,16,76.4,83.2,0.4,86.2,85.4,0.4,-9.799999999999997,0.0,80.0,80.4,0.5,88.6,89.9,0.4,-8.599999999999994,0.09999999999999998,0.37876,0.49406,23.0,12.6,74.2,0.3871,0.54102,33.2,16.0,94.2,-20.0,-1.0,-1.0,1.0,1.0,1.0,1,0
101195,2020-21,2021-04-25 10:30:00+00:00,33,MoraBanc Andorra,Barça,22,2,76.2,79.8,0.4,89.6,81.2,0.8,-13.399999999999991,-0.4,78.5,79.9,0.4,89.2,74.3,0.9,-10.700000000000003,-0.5,0.33602,0.45922,35.6,15.8,73.6,0.45754,0.58572,31.2,18.8,104.4,-30.80000000000001,-1.0,3.0,0.0,1.0,0.0,1,0
101193,2020-21,2021-04-25 11:00:00+00:00,33,Herbalife Gran Canaria,Hereda San Pablo Burgos,5,549,89.6,83.8,0.6,87.4,87.6,0.4,2.1999999999999886,0.19999999999999996,87.4,83.4,0.6,86.4,88.6,0.4,1.0,0.19999999999999996,0.40366,0.5525800000000001,28.8,17.4,96.2,0.35202,0.5397399999999999,30.2,17.6,84.8,11.400000000000006,1.0,-1.0,0.0,1.0,0.0,1,1
101190,2020-21,2021-04-25 15:00:00+00:00,33,Coosur Real Betis,Monbus Obradoiro,15,57,82.4,81.0,0.6,84.4,84.4,0.6,-2.0,0.0,80.5,82.1,0.4,82.5,86.3,0.3,-2.0,0.10000000000000003,0.33736,0.56186,28.8,12.8,90.0,0.34386,0.54534,30.0,13.6,89.0,1.0,1.0,1.0,0.0,1.0,0.0,1,1
101189,2020-21,2021-04-25 16:30:00+00:00,33,Urbas Fuenlabrada,Real Madrid,17,9,77.4,80.6,0.4,89.2,80.0,1.0,-11.799999999999997,-0.6,75.8,82.2,0.3,88.3,76.1,1.0,-12.5,-0.7,0.30432000000000003,0.48304,32.6,13.2,71.8,0.41530000000000006,0.51646,32.4,17.2,102.6,-30.799999999999997,-1.0,5.0,0.0,1.0,0.0,1,0
101197,2020-21,2021-04-25 18:00:00+00:00,33,Valencia Basket Club,RETAbet Bilbao Basket,13,4,84.2,86.0,0.4,79.8,89.8,0.2,4.400000000000006,0.2,84.3,84.0,0.5,81.6,87.2,0.3,2.700000000000003,0.2,0.38464,0.58036,22.8,20.4,86.6,0.3646,0.5469799999999999,31.0,13.2,73.8,12.799999999999997,-1.0,-3.0,1.0,1.0,1.0,1,1
101153,2020-21,2021-04-28 16:30:00+00:00,34,Casademont Zaragoza,MoraBanc Andorra,16,22,91.2,84.2,0.6,76.6,81.8,0.4,14.600000000000009,0.19999999999999996,90.4,90.7,0.4,76.9,79.2,0.4,13.5,0.0,0.42932,0.57476,33.8,18.6,102.8,0.30332,0.51366,33.6,15.4,75.2,27.599999999999994,1.0,-1.0,1.0,1.0,1.0,1,1
101138,2020-21,2021-04-28 19:15:00+00:00,34,Club Joventut Badalona,BAXI Manresa,8,10,89.2,92.8,0.4,95.6,93.2,0.6,-6.3999999999999915,-0.19999999999999996,86.7,89.4,0.5,89.7,90.7,0.5,-3.0,0.0,0.40514,0.55926,28.6,18.4,91.8,0.37272,0.5780000000000001,32.2,20.8,96.6,-4.799999999999997,-1.0,1.0,0.0,1.0,0.0,1,1
101165,2020-21,2021-04-29 16:30:00+00:00,34,Hereda San Pablo Burgos,Coosur Real Betis,549,15,85.6,86.4,0.4,82.4,82.8,0.6,3.1999999999999886,-0.19999999999999996,85.7,87.3,0.4,81.2,81.9,0.5,4.5,-0.09999999999999998,0.35164,0.53908,31.2,16.4,82.4,0.28159999999999996,0.5591000000000002,29.8,12.0,89.2,-6.799999999999997,-1.0,1.0,1.0,1.0,1.0,1,1
101140,2020-21,2021-04-29 19:15:00+00:00,34,Lenovo Tenerife,Acunsa GBC,28,7,85.4,75.8,0.6,75.6,90.8,0.2,9.800000000000011,0.39999999999999997,89.0,78.2,0.8,75.1,85.8,0.2,13.900000000000006,0.6000000000000001,0.39872,0.58796,28.4,16.8,92.0,0.29914,0.5203,30.4,12.0,63.2,28.799999999999997,1.0,-3.0,0.0,1.0,0.0,1,1
101137,2020-21,2021-04-30 16:30:00+00:00,34,UCAM Murcia CB,Valencia Basket Club,12,13,86.2,77.0,0.8,91.2,88.0,0.6,-5.0,0.20000000000000007,81.7,79.0,0.5,85.3,84.5,0.5,-3.5999999999999943,0.0,0.37201999999999996,0.5239,37.2,14.4,86.2,0.36598,0.6394599999999999,23.4,20.6,98.4,-12.200000000000003,3.0,1.0,0.0,1.0,0.0,1,0
101136,2020-21,2021-04-30 19:15:00+00:00,34,Movistar Estudiantes,Urbas Fuenlabrada,6,17,85.4,96.0,0.0,79.6,83.6,0.4,5.800000000000011,-0.4,88.3,94.6,0.3,75.9,83.2,0.3,12.399999999999991,0.0,0.36534,0.4770200000000001,34.2,17.0,86.8,0.32097999999999993,0.49702,34.2,13.0,72.4,14.399999999999991,-5.0,-1.0,1.0,1.0,1.0,1,0
101130,2020-21,2021-05-01 16:00:00+00:00,35,Monbus Obradoiro,MoraBanc Andorra,57,22,86.0,88.8,0.4,79.4,88.6,0.2,6.599999999999994,0.2,82.5,86.0,0.3,77.5,80.2,0.4,5.0,-0.10000000000000003,0.3571,0.55706,27.8,15.0,90.0,0.29769999999999996,0.5276,31.6,16.8,78.2,11.799999999999997,-1.0,-3.0,0.0,1.0,0.0,1,1
101132,2020-21,2021-05-01 18:45:00+00:00,35,Unicaja,Club Joventut Badalona,14,8,81.0,87.6,0.4,88.0,88.6,0.4,-7.0,0.0,80.3,82.7,0.5,90.1,88.2,0.6,-9.799999999999997,-0.09999999999999998,0.36162,0.53334,22.6,14.4,78.2,0.34528,0.5398799999999999,31.8,17.2,91.0,-12.799999999999997,-1.0,-1.0,0.0,1.0,0.0,1,1
101129,2020-21,2021-05-02 10:30:00+00:00,35,Coosur Real Betis,BAXI Manresa,15,10,81.4,83.2,0.6,87.6,93.2,0.4,-6.199999999999989,0.19999999999999996,80.7,82.9,0.5,88.0,91.9,0.4,-7.299999999999997,0.09999999999999998,0.28714,0.5479800000000001,31.0,12.0,86.4,0.305,0.54312,32.8,18.8,81.2,5.200000000000003,1.0,-1.0,0.0,1.0,0.0,1,1
101135,2020-21,2021-05-02 15:30:00+00:00,35,Valencia Basket Club,Movistar Estudiantes,13,6,90.0,83.2,0.8,87.6,96.4,0.0,2.4000000000000057,0.8,84.4,83.0,0.5,87.4,94.4,0.2,-3.0,0.3,0.34597999999999995,0.6332199999999999,24.4,19.4,100.0,0.3346,0.51454,35.6,16.8,89.6,10.400000000000006,3.0,-5.0,1.0,1.0,1.0,1,1
101134,2020-21,2021-05-02 16:30:00+00:00,35,Casademont Zaragoza,Real Madrid,16,9,95.8,85.0,0.8,91.8,80.0,1.0,4.0,-0.19999999999999996,91.8,91.4,0.4,87.7,75.6,1.0,4.099999999999994,-0.6,0.49173999999999995,0.6032200000000001,31.4,19.4,107.0,0.43108,0.5237200000000001,32.2,18.8,105.2,1.7999999999999972,3.0,5.0,0.0,1.0,0.0,1,0
101128,2020-21,2021-05-02 18:00:00+00:00,35,Urbas Fuenlabrada,Lenovo Tenerife,17,28,83.0,84.4,0.6,84.8,74.2,0.6,-1.7999999999999972,0.0,77.8,83.3,0.4,89.1,78.0,0.8,-11.299999999999997,-0.4,0.34002,0.5138999999999999,33.4,13.4,77.8,0.37578,0.59504,28.8,18.4,93.0,-15.200000000000003,1.0,1.0,0.0,1.0,0.0,1,1
101131,2020-21,2021-05-02 18:00:00+00:00,35,Herbalife Gran Canaria,UCAM Murcia CB,5,12,86.4,83.0,0.6,83.0,75.0,0.8,3.4000000000000057,-0.20000000000000007,87.7,82.7,0.7,79.9,77.9,0.5,7.799999999999997,0.19999999999999996,0.39289999999999997,0.50874,30.6,17.2,92.6,0.34716,0.53498,38.0,14.6,82.6,10.0,1.0,3.0,1.0,1.0,1.0,1,1
101167,2020-21,2021-05-06 16:30:00+00:00,31,MoraBanc Andorra,Urbas Fuenlabrada,22,17,71.2,87.2,0.0,86.8,81.2,0.8,-15.599999999999994,-0.8,73.6,81.0,0.3,80.2,80.8,0.5,-6.6000000000000085,-0.2,0.25112,0.5235,30.2,13.6,64.6,0.34002,0.5639,33.0,15.2,88.0,-23.400000000000006,-5.0,3.0,1.0,1.0,1.0,1,1
101196,2020-21,2021-05-06 19:00:00+00:00,34,Barça,Monbus Obradoiro,2,57,89.2,78.0,0.8,85.4,82.2,0.6,3.799999999999997,0.20000000000000007,89.1,74.4,0.9,82.6,82.4,0.4,6.5,0.5,0.5016,0.59624,30.2,19.8,105.6,0.32073999999999997,0.61262,29.6,14.8,93.8,11.799999999999997,3.0,1.0,1.0,1.0,1.0,1,1
101162,2020-21,2021-05-08 16:00:00+00:00,36,UCAM Murcia CB,Unicaja,12,14,82.2,78.2,0.6,84.4,89.6,0.4,-2.200000000000003,0.19999999999999996,79.6,78.5,0.5,82.0,83.1,0.6,-2.4000000000000057,-0.09999999999999998,0.36924,0.52142,35.8,14.8,80.4,0.36162,0.55114,24.8,16.2,85.8,-5.3999999999999915,1.0,-1.0,0.0,1.0,0.0,1,1
101144,2020-21,2021-05-09 10:30:00+00:00,36,Coosur Real Betis,Barça,15,2,80.4,83.6,0.6,85.8,76.6,0.8,-5.3999999999999915,-0.20000000000000007,80.9,81.3,0.6,86.0,72.6,0.9,-5.099999999999994,-0.30000000000000004,0.2886,0.50952,31.6,13.2,85.2,0.45587999999999995,0.5848199999999999,30.0,18.6,99.4,-14.200000000000003,1.0,3.0,0.0,1.0,0.0,1,0
101161,2020-21,2021-05-09 10:30:00+00:00,36,Movistar Estudiantes,Monbus Obradoiro,6,57,90.0,96.2,0.0,81.4,80.0,0.4,8.599999999999994,-0.4,88.0,95.4,0.2,81.2,80.9,0.4,6.799999999999997,-0.2,0.35650000000000004,0.5335799999999999,35.4,18.8,95.0,0.3068,0.58384,29.8,15.4,84.4,10.599999999999994,-5.0,-1.0,1.0,1.0,1.0,1,0
101143,2020-21,2021-05-09 15:00:00+00:00,36,BAXI Manresa,Acunsa GBC,10,7,84.2,92.4,0.4,75.2,91.0,0.2,9.0,0.2,86.8,89.3,0.4,74.6,85.9,0.2,12.200000000000003,0.2,0.28803999999999996,0.54094,33.2,20.0,79.0,0.32358,0.52796,28.6,12.0,64.6,14.400000000000006,-1.0,-3.0,1.0,1.0,1.0,1,1
101124,2020-21,2021-05-09 16:30:00+00:00,36,Real Madrid,Valencia Basket Club,9,13,92.0,83.6,1.0,92.2,80.6,1.0,-0.20000000000000284,0.0,90.1,78.7,1.0,87.2,83.5,0.6,2.8999999999999915,0.4,0.42648,0.51564,32.6,18.8,102.8,0.37012,0.63206,26.0,20.4,107.0,-4.200000000000003,5.0,5.0,1.0,1.0,1.0,1,0
101142,2020-21,2021-05-09 18:00:00+00:00,36,MoraBanc Andorra,Herbalife Gran Canaria,22,5,71.2,82.0,0.2,87.8,84.0,0.6,-16.599999999999994,-0.39999999999999997,73.7,80.9,0.3,88.5,83.1,0.7,-14.799999999999997,-0.39999999999999997,0.27658,0.5351199999999999,29.0,12.8,66.6,0.42008,0.52278,28.6,17.4,95.8,-29.200000000000003,-3.0,1.0,1.0,1.0,1.0,1,1
101126,2020-21,2021-05-11 16:30:00+00:00,36,TD Systems Baskonia,Club Joventut Badalona,3,8,85.2,89.0,0.4,89.8,88.4,0.4,-4.599999999999994,0.0,84.3,83.3,0.6,89.4,88.9,0.5,-5.1000000000000085,0.09999999999999998,0.36132000000000003,0.60786,29.0,16.2,92.2,0.3681,0.5358,31.8,17.0,96.8,-4.599999999999994,-1.0,-1.0,0.0,1.0,0.0,1,0
101139,2020-21,2021-05-12 16:30:00+00:00,34,RETAbet Bilbao Basket,Herbalife Gran Canaria,4,5,83.4,92.6,0.2,83.4,84.4,0.4,0.0,-0.2,83.4,89.1,0.3,86.9,82.3,0.6,-3.5,-0.3,0.37968,0.57978,29.4,12.4,75.8,0.3856,0.50526,28.6,17.6,88.6,-12.799999999999997,-3.0,-1.0,0.0,1.0,0.0,1,0
101177,2020-21,2021-05-12 19:15:00+00:00,30,Unicaja,MoraBanc Andorra,14,22,79.4,85.6,0.4,74.8,81.8,0.4,4.6000000000000085,0.0,80.3,84.4,0.5,75.5,80.8,0.4,4.799999999999997,0.09999999999999998,0.34016,0.526,25.8,14.6,79.0,0.28372,0.54238,30.2,12.2,72.0,7.0,-1.0,-1.0,1.0,1.0,1.0,1,0
101127,2020-21,2021-05-13 18:30:00+00:00,35,Acunsa GBC,TD Systems Baskonia,7,3,78.2,91.0,0.2,83.8,85.0,0.4,-5.599999999999994,-0.2,75.5,87.2,0.2,83.3,83.3,0.5,-7.799999999999997,-0.3,0.32706,0.50468,31.0,12.2,70.0,0.3774,0.5934200000000001,29.6,16.4,93.8,-23.799999999999997,-3.0,-1.0,0.0,1.0,0.0,1,0
101198,2020-21,2021-05-15 16:00:00+00:00,32,UCAM Murcia CB,MoraBanc Andorra,12,22,80.0,74.4,0.6,80.6,83.0,0.6,-0.5999999999999943,0.0,81.9,77.9,0.6,78.6,82.4,0.5,3.3000000000000114,0.09999999999999998,0.38352,0.5051399999999999,36.0,14.2,80.2,0.35802,0.5679399999999999,31.8,13.8,82.0,-1.7999999999999972,1.0,1.0,0.0,1.0,0.0,1,0
101200,2020-21,2021-05-15 18:45:00+00:00,32,RETAbet Bilbao Basket,Urbas Fuenlabrada,4,17,79.6,94.6,0.0,84.2,81.8,0.6,-4.6000000000000085,-0.6,83.2,89.3,0.3,79.5,81.9,0.4,3.700000000000003,-0.10000000000000003,0.3945,0.52268,26.0,11.8,69.6,0.33046000000000003,0.534,31.8,16.2,84.8,-15.200000000000003,-5.0,1.0,1.0,1.0,1.0,1,1
101166,2020-21,2021-05-16 10:30:00+00:00,34,TD Systems Baskonia,Unicaja,3,14,83.6,84.0,0.4,78.8,89.2,0.2,4.799999999999997,0.2,82.4,82.2,0.5,79.7,85.9,0.4,2.700000000000003,0.09999999999999998,0.38346,0.57896,31.4,16.2,94.6,0.35316000000000003,0.5167200000000001,24.2,14.8,74.4,20.19999999999999,-1.0,-3.0,1.0,1.0,1.0,1,0
101133,2020-21,2021-05-18 16:30:00+00:00,35,RETAbet Bilbao Basket,Hereda San Pablo Burgos,4,549,77.8,89.4,0.2,88.8,83.8,0.6,-11.0,-0.39999999999999997,82.2,90.1,0.3,87.0,88.2,0.4,-4.799999999999997,-0.10000000000000003,0.35164,0.5111,27.8,11.8,69.2,0.39358,0.54126,30.0,17.4,89.4,-20.200000000000003,-3.0,1.0,0.0,1.0,0.0,1,1
101152,2020-21,2021-05-18 19:15:00+00:00,37,Acunsa GBC,Unicaja,7,14,72.8,91.4,0.0,82.4,87.4,0.4,-9.600000000000009,-0.4,74.0,89.3,0.1,79.4,85.3,0.4,-5.400000000000006,-0.30000000000000004,0.301,0.4816,32.2,11.0,61.4,0.3746,0.5344,25.4,15.2,79.8,-18.4,-5.0,-1.0,0.0,1.0,0.0,1,0
101158,2020-21,2021-05-19 16:30:00+00:00,37,Casademont Zaragoza,Lenovo Tenerife,16,28,97.2,86.2,0.8,82.6,77.0,0.6,14.600000000000009,0.20000000000000007,91.2,91.2,0.4,87.1,80.0,0.7,4.1000000000000085,-0.29999999999999993,0.53748,0.6006600000000001,31.4,21.4,114.0,0.3603,0.6174199999999999,28.2,19.0,90.2,23.799999999999997,3.0,1.0,0.0,1.0,0.0,1,0
101155,2020-21,2021-05-19 16:30:00+00:00,37,Monbus Obradoiro,UCAM Murcia CB,57,12,83.8,77.2,0.6,78.4,79.2,0.4,5.3999999999999915,0.19999999999999996,82.3,80.7,0.5,81.7,77.3,0.6,0.5999999999999943,-0.09999999999999998,0.34204,0.56188,31.0,15.4,88.4,0.37276,0.49743999999999994,33.2,14.6,77.0,11.400000000000006,1.0,-1.0,0.0,1.0,0.0,1,0
101163,2020-21,2021-05-19 19:15:00+00:00,37,Urbas Fuenlabrada,Coosur Real Betis,17,15,82.8,82.6,0.4,81.0,88.6,0.6,1.7999999999999972,-0.19999999999999996,80.1,81.6,0.4,79.8,86.1,0.5,0.29999999999999716,-0.09999999999999998,0.34256000000000003,0.5521,30.0,17.2,83.6,0.30522,0.55256,29.6,14.2,82.0,1.5999999999999943,-1.0,1.0,0.0,1.0,0.0,1,1
101160,2020-21,2021-05-19 19:15:00+00:00,37,Barça,TD Systems Baskonia,2,3,90.6,70.8,1.0,80.2,81.4,0.4,10.399999999999991,0.6,89.0,72.9,0.9,80.7,82.3,0.4,8.299999999999997,0.5,0.46724,0.58482,30.8,21.2,111.4,0.37726000000000004,0.57718,31.2,17.6,92.8,18.60000000000001,5.0,-1.0,0.0,1.0,0.0,1,1
101157,2020-21,2021-05-19 19:15:00+00:00,37,Herbalife Gran Canaria,Valencia Basket Club,5,13,87.0,80.2,0.6,91.0,79.2,1.0,-4.0,-0.4,88.5,81.2,0.7,83.9,82.2,0.6,4.599999999999994,0.09999999999999998,0.3896,0.5652200000000001,30.4,19.0,96.6,0.37435999999999997,0.6153,28.4,19.8,109.0,-12.400000000000006,1.0,5.0,0.0,1.0,0.0,1,1
101156,2020-21,2021-05-20 16:30:00+00:00,37,Club Joventut Badalona,MoraBanc Andorra,8,22,90.0,85.4,0.6,78.6,78.4,0.8,11.400000000000006,-0.20000000000000007,88.2,87.6,0.5,79.0,83.5,0.5,9.200000000000003,0.0,0.40854,0.53728,31.4,17.2,97.2,0.34616,0.5654600000000001,34.4,12.8,81.0,16.200000000000003,1.0,3.0,1.0,1.0,1.0,1,1
101159,2020-21,2021-05-20 19:15:00+00:00,37,Real Madrid,RETAbet Bilbao Basket,9,4,88.4,82.4,0.8,82.6,89.6,0.4,5.800000000000011,0.4,88.5,79.2,0.9,83.4,90.6,0.3,5.099999999999994,0.6000000000000001,0.40140000000000003,0.49985999999999997,34.4,18.8,99.2,0.38696,0.5292999999999999,28.0,13.0,77.8,21.400000000000006,3.0,-1.0,1.0,1.0,1.0,1,1
101154,2020-21,2021-05-21 18:30:00+00:00,37,Movistar Estudiantes,Hereda San Pablo Burgos,6,549,88.2,95.8,0.0,89.4,87.8,0.4,-1.2000000000000028,-0.4,85.0,94.4,0.1,85.8,88.7,0.3,-0.7999999999999972,-0.19999999999999998,0.31826000000000004,0.56334,34.6,16.8,94.4,0.40362,0.54366,28.0,17.6,90.0,4.400000000000006,-5.0,-1.0,0.0,1.0,0.0,1,0
101151,2020-21,2021-05-22 18:00:00+00:00,38,Valencia Basket Club,Urbas Fuenlabrada,13,17,88.8,81.2,0.8,87.8,80.0,0.6,1.0,0.20000000000000007,86.5,83.6,0.6,83.7,81.8,0.5,2.799999999999997,0.09999999999999998,0.39702000000000004,0.60562,29.0,19.6,104.4,0.36876000000000003,0.5654399999999999,30.6,18.8,95.0,9.400000000000006,3.0,1.0,1.0,1.0,1.0,1,1
101149,2020-21,2021-05-22 18:45:00+00:00,38,Lenovo Tenerife,Barça,28,2,85.0,76.8,0.6,89.6,70.8,1.0,-4.599999999999994,-0.4,87.2,77.4,0.7,89.7,73.9,0.9,-2.5,-0.20000000000000007,0.36163999999999996,0.60348,28.6,21.0,94.8,0.44104,0.5689200000000001,30.4,19.6,107.4,-12.600000000000009,1.0,5.0,0.0,1.0,0.0,1,0
101148,2020-21,2021-05-23 10:30:00+00:00,38,RETAbet Bilbao Basket,Club Joventut Badalona,4,8,81.0,86.4,0.4,91.4,83.6,0.8,-10.400000000000006,-0.4,80.4,88.1,0.3,89.1,88.5,0.5,-8.699999999999989,-0.2,0.38696,0.49756,29.4,13.0,75.6,0.4061,0.59074,31.0,17.6,102.6,-27.0,-1.0,3.0,0.0,1.0,0.0,1,1
101379,2020-21,2021-05-23 15:00:00+00:00,38,UCAM Murcia CB,Casademont Zaragoza,12,16,77.4,79.6,0.4,89.4,90.2,0.6,-12.0,-0.19999999999999996,81.8,78.3,0.6,88.4,89.6,0.4,-6.6000000000000085,0.19999999999999996,0.34556,0.48744,33.0,14.0,69.4,0.45874000000000004,0.5625600000000001,29.6,18.6,95.2,-25.799999999999997,-1.0,1.0,0.0,1.0,0.0,1,1
101293,2020-21,2021-05-23 16:30:00+00:00,38,Coosur Real Betis,Herbalife Gran Canaria,15,5,77.2,92.4,0.4,87.8,79.6,0.8,-10.599999999999994,-0.4,79.8,86.7,0.5,88.7,81.7,0.7,-8.900000000000006,-0.19999999999999996,0.28948,0.5259600000000001,30.8,13.0,74.8,0.39374,0.58744,29.6,18.8,96.6,-21.799999999999997,-1.0,3.0,0.0,1.0,0.0,1,0
101145,2020-21,2021-05-23 16:30:00+00:00,38,BAXI Manresa,TD Systems Baskonia,10,3,84.0,92.6,0.4,75.8,80.4,0.2,8.200000000000003,0.2,86.9,90.0,0.4,80.7,82.5,0.4,6.200000000000003,0.0,0.30734,0.53132,33.8,21.4,80.0,0.32536000000000004,0.55242,31.0,16.8,86.2,-6.200000000000003,-1.0,-3.0,0.0,1.0,0.0,1,1
101146,2020-21,2021-05-23 16:30:00+00:00,38,Unicaja,Real Madrid,14,9,83.0,82.2,0.6,85.6,79.0,0.8,-2.5999999999999943,-0.20000000000000007,82.0,84.9,0.5,86.0,77.4,0.9,-4.0,-0.4,0.4274,0.5294000000000001,27.8,16.2,84.6,0.35337999999999997,0.49152000000000007,36.6,17.2,94.8,-10.200000000000003,1.0,3.0,0.0,1.0,0.0,1,0
101147,2020-21,2021-05-23 16:30:00+00:00,38,MoraBanc Andorra,Acunsa GBC,22,7,86.8,82.4,0.8,73.6,87.8,0.0,13.200000000000003,0.8,79.0,84.8,0.4,73.4,88.4,0.1,5.599999999999994,0.30000000000000004,0.40702,0.5717,33.4,14.8,92.2,0.29997999999999997,0.44474,34.6,12.0,66.2,26.0,3.0,-5.0,0.0,1.0,0.0,1,1
101150,2020-21,2021-05-23 18:00:00+00:00,38,Hereda San Pablo Burgos,Monbus Obradoiro,549,57,88.2,87.6,0.4,82.0,76.2,0.4,6.200000000000003,0.0,86.9,87.6,0.4,83.2,80.3,0.5,3.700000000000003,-0.09999999999999998,0.43195999999999996,0.52738,27.2,15.2,88.6,0.30836,0.56044,33.8,15.8,91.2,-2.6000000000000085,-1.0,-1.0,1.0,1.0,1.0,1,1
102722,2021-22,2021-09-18 16:00:00+00:00,1,Joventut Badalona,Surne Bilbao Basket,8,4,88.0,85.4,0.6,81.8,81.2,0.6,6.200000000000003,0.0,88.6,89.1,0.5,82.6,86.9,0.4,6.0,0.09999999999999998,0.38014000000000003,0.56852,30.2,17.8,100.6,0.38754,0.5109600000000001,32.2,13.8,80.0,20.599999999999994,1.0,1.0,1.0,2.0,0.5,1,1
102928,2021-22,2021-09-18 16:00:00+00:00,1,Río Breogán,Lenovo Tenerife,25,28,,,,82.2,82.6,0.4,,,,,,85.1,78.8,0.6,,,,,,,,0.33496000000000004,0.5896999999999999,27.4,20.0,86.6,,,-1.0,0.0,0.0,0.5,1,1
102926,2021-22,2021-09-18 18:45:00+00:00,1,Valencia Basket,Baskonia,13,3,88.2,78.4,0.8,72.8,75.8,0.2,15.400000000000006,0.6000000000000001,89.7,83.2,0.7,79.0,82.4,0.3,10.700000000000003,0.39999999999999997,0.42910000000000004,0.5842,30.2,20.6,105.0,0.24445999999999998,0.55198,33.8,16.0,83.2,21.799999999999997,3.0,-3.0,1.0,2.0,0.5,1,0
102927,2021-22,2021-09-18 18:45:00+00:00,1,Coosur Real Betis,MoraBanc Andorra,15,22,73.4,89.8,0.2,90.2,82.4,0.8,-16.799999999999997,-0.6000000000000001,77.9,86.3,0.4,80.7,82.2,0.5,-2.799999999999997,-0.09999999999999998,0.30014,0.5044000000000002,31.6,13.2,71.4,0.4367,0.56778,34.0,17.0,99.6,-28.19999999999999,-3.0,3.0,1.0,2.0,0.5,1,1
102924,2021-22,2021-09-19 10:30:00+00:00,1,Urbas Fuenlabrada,Gran Canaria,17,5,85.6,82.0,0.4,86.0,78.6,0.8,-0.4000000000000057,-0.4,84.3,83.2,0.5,86.2,80.8,0.7,-1.9000000000000057,-0.19999999999999996,0.35058,0.5801799999999999,31.0,19.4,93.8,0.38896,0.5961399999999999,29.8,18.4,96.0,-2.200000000000003,-1.0,3.0,1.0,2.0,0.5,1,0
102925,2021-22,2021-09-19 10:30:00+00:00,1,Barça,UCAM Murcia,2,12,89.4,67.4,1.0,82.4,77.2,0.6,7.0,0.4,89.5,74.3,0.9,82.7,76.1,0.7,6.799999999999997,0.20000000000000007,0.46326,0.55618,30.6,18.2,105.4,0.35741999999999996,0.51984,35.0,14.6,80.0,25.400000000000006,5.0,1.0,1.0,2.0,0.5,1,1
102923,2021-22,2021-09-19 15:00:00+00:00,1,Casademont Zaragoza,BAXI Manresa,16,10,83.4,89.4,0.4,80.4,86.8,0.6,3.0,-0.19999999999999996,84.8,87.4,0.4,85.4,87.6,0.5,-0.6000000000000085,-0.09999999999999998,0.34056000000000003,0.5651200000000001,28.4,15.8,81.8,0.30354000000000003,0.52672,35.6,21.4,79.2,2.5999999999999943,-1.0,1.0,0.0,2.0,0.0,1,1
102922,2021-22,2021-09-19 16:30:00+00:00,1,Real Madrid,Hereda San Pablo Burgos,9,549,84.6,78.6,0.8,85.8,83.4,0.6,-1.2000000000000028,0.20000000000000007,86.9,79.3,0.9,86.6,85.5,0.5,0.30000000000001137,0.4,0.3305,0.52522,36.0,17.0,92.2,0.42918,0.51162,29.6,14.8,86.4,5.799999999999997,3.0,1.0,2.0,2.0,1.0,1,1
102921,2021-22,2021-09-19 18:00:00+00:00,1,Unicaja,Monbus Obradoiro,14,57,80.6,82.8,0.4,80.0,75.2,0.4,0.5999999999999943,0.0,82.5,86.2,0.4,83.0,82.0,0.4,-0.5,0.0,0.43598,0.4892,28.8,15.4,81.0,0.33478,0.54616,34.0,14.8,88.4,-7.400000000000006,-1.0,-1.0,2.0,2.0,1.0,1,1
102920,2021-22,2021-09-22 19:30:00+00:00,2,Gran Canaria,Barça,5,2,86.2,79.8,0.8,90.6,70.4,1.0,-4.3999999999999915,-0.19999999999999996,87.0,81.9,0.7,89.9,74.2,0.9,-2.9000000000000057,-0.20000000000000007,0.36113999999999996,0.58822,31.2,18.4,95.4,0.44754000000000005,0.55994,29.0,17.2,104.4,-9.0,3.0,5.0,0.0,2.0,0.0,1,0
102919,2021-22,2021-09-23 17:00:00+00:00,2,Surne Bilbao Basket,Casademont Zaragoza,4,16,83.4,79.8,0.6,82.8,92.0,0.4,0.6000000000000085,0.19999999999999996,81.5,87.2,0.3,87.0,88.1,0.5,-5.5,-0.2,0.38994,0.52326,32.4,15.4,83.6,0.30238000000000004,0.5458999999999999,29.0,13.0,79.2,4.3999999999999915,1.0,-1.0,0.0,2.0,0.0,1,0
102918,2021-22,2021-09-23 19:30:00+00:00,2,Hereda San Pablo Burgos,Río Breogán,549,25,83.6,80.8,0.6,92.0,73.0,1.0,-8.400000000000006,-0.4,84.6,83.6,0.5,92.0,73.0,1.0,-7.400000000000006,-0.5,0.45776000000000006,0.47472000000000003,31.4,14.8,84.6,0.4516,0.5385,37.0,15.0,97.0,-12.400000000000006,1.0,1.0,0.0,0.0,0.5,1,0
102917,2021-22,2021-09-23 19:30:00+00:00,2,Lenovo Tenerife,Unicaja,28,14,79.8,83.0,0.4,85.2,82.4,0.6,-5.400000000000006,-0.19999999999999996,82.6,79.4,0.5,82.3,84.0,0.5,0.29999999999999716,0.0,0.31316,0.57622,29.0,19.6,85.8,0.45709999999999995,0.519,29.2,16.8,90.2,-4.400000000000006,-1.0,1.0,2.0,2.0,1.0,1,1
102914,2021-22,2021-09-24 17:00:00+00:00,2,UCAM Murcia,Coosur Real Betis,12,15,81.8,76.0,0.6,78.4,90.4,0.4,3.3999999999999915,0.19999999999999996,82.0,77.1,0.6,79.9,86.8,0.5,2.0999999999999943,0.09999999999999998,0.34312,0.5336799999999999,34.6,15.8,81.0,0.28002,0.54184,33.0,14.0,79.8,1.2000000000000028,1.0,-1.0,2.0,2.0,1.0,1,1
102915,2021-22,2021-09-24 17:00:00+00:00,2,Monbus Obradoiro,Joventut Badalona,57,8,80.0,83.2,0.2,85.8,87.6,0.6,-5.799999999999997,-0.39999999999999997,82.7,82.7,0.4,86.9,88.1,0.5,-4.200000000000003,-0.09999999999999998,0.3407,0.5219,31.6,15.2,83.2,0.38836000000000004,0.57358,28.0,17.2,95.4,-12.200000000000003,-3.0,1.0,0.0,2.0,0.0,1,1
102916,2021-22,2021-09-24 17:00:00+00:00,2,BAXI Manresa,Valencia Basket,10,13,78.2,86.2,0.4,85.6,79.6,0.6,-7.3999999999999915,-0.19999999999999996,86.9,89.7,0.5,87.8,81.4,0.7,-0.8999999999999915,-0.19999999999999996,0.32172,0.51328,34.0,20.0,77.2,0.41406,0.56618,30.6,20.8,97.2,-20.0,-1.0,1.0,0.0,2.0,0.0,1,0
102929,2021-22,2021-09-24 19:30:00+00:00,2,MoraBanc Andorra,Real Madrid,22,9,92.6,86.6,0.6,80.6,76.0,0.8,12.0,-0.20000000000000007,83.7,84.2,0.5,86.2,78.0,0.9,-2.5,-0.4,0.44862,0.5717,32.2,18.0,101.8,0.3305,0.5043,36.2,14.8,86.2,15.599999999999994,1.0,3.0,0.0,2.0,0.0,1,0
102930,2021-22,2021-09-24 19:30:00+00:00,2,Baskonia,Urbas Fuenlabrada,3,17,73.0,73.4,0.4,83.4,87.4,0.2,-10.400000000000006,0.2,78.4,79.2,0.4,85.1,84.3,0.5,-6.699999999999989,-0.09999999999999998,0.25658,0.54874,34.6,16.4,84.6,0.33118,0.5151800000000001,33.4,18.8,85.0,-0.4000000000000057,-1.0,-3.0,2.0,2.0,1.0,1,1
102932,2021-22,2021-09-25 16:00:00+00:00,3,Lenovo Tenerife,Surne Bilbao Basket,28,4,77.6,85.6,0.4,81.2,83.4,0.4,-3.6000000000000085,0.0,81.2,79.9,0.5,79.5,86.4,0.3,1.7000000000000028,0.2,0.29878,0.53836,28.4,16.2,77.6,0.39852,0.5176999999999999,29.8,15.0,79.6,-2.0,-1.0,-1.0,2.0,2.0,1.0,1,1
102931,2021-22,2021-09-25 16:00:00+00:00,3,Barça,Río Breogán,2,25,91.8,69.2,1.0,89.5,67.5,1.0,2.299999999999997,0.0,88.8,72.9,0.9,89.5,67.5,1.0,-0.7000000000000028,-0.09999999999999998,0.48326,0.5713600000000001,29.4,18.4,107.6,0.448,0.59735,32.5,15.5,98.5,9.099999999999994,5.0,2.0,0.0,0.0,0.5,1,1
102948,2021-22,2021-09-25 18:45:00+00:00,3,Casademont Zaragoza,Hereda San Pablo Burgos,16,549,83.0,89.4,0.4,77.0,82.8,0.4,6.0,0.0,89.4,87.2,0.6,82.9,83.3,0.5,6.5,0.09999999999999998,0.28487999999999997,0.53176,31.6,13.2,81.6,0.38576,0.48472,31.6,14.4,74.8,6.799999999999997,-1.0,-1.0,1.0,2.0,0.5,1,0
102947,2021-22,2021-09-25 18:45:00+00:00,3,Unicaja,Gran Canaria,14,5,84.6,81.4,0.6,82.8,79.0,0.8,1.7999999999999972,-0.20000000000000007,81.7,85.3,0.4,83.1,81.7,0.6,-1.3999999999999915,-0.19999999999999996,0.4428000000000001,0.53522,32.2,16.6,91.2,0.37262,0.5547,29.8,17.2,88.4,2.799999999999997,1.0,3.0,2.0,2.0,1.0,1,0
102945,2021-22,2021-09-26 10:30:00+00:00,3,Valencia Basket,UCAM Murcia,13,12,83.4,75.6,0.6,83.2,75.6,0.6,0.20000000000000284,0.0,87.8,78.1,0.8,81.6,75.0,0.6,6.200000000000003,0.20000000000000007,0.40102000000000004,0.56178,33.2,20.2,94.4,0.34093999999999997,0.536,35.2,16.2,84.2,10.200000000000003,1.0,1.0,2.0,2.0,1.0,1,0
102946,2021-22,2021-09-26 10:30:00+00:00,3,Coosur Real Betis,BAXI Manresa,15,10,74.4,94.0,0.2,78.4,84.8,0.4,-4.0,-0.2,77.4,88.8,0.4,83.0,89.0,0.4,-5.599999999999994,0.0,0.27588,0.5300800000000001,31.8,12.8,68.4,0.327,0.51058,33.8,19.6,79.2,-10.799999999999997,-3.0,-1.0,1.0,2.0,0.5,1,0
102944,2021-22,2021-09-26 15:00:00+00:00,3,Urbas Fuenlabrada,MoraBanc Andorra,17,22,86.4,89.4,0.2,85.8,86.8,0.4,0.6000000000000085,-0.2,85.3,85.6,0.4,83.2,84.9,0.5,2.0999999999999943,-0.09999999999999998,0.3569,0.51726,35.4,20.0,91.2,0.40940000000000004,0.47718,31.6,16.6,88.8,2.4000000000000057,-3.0,-1.0,0.0,2.0,0.0,1,1
102943,2021-22,2021-09-26 16:30:00+00:00,3,Joventut Badalona,Baskonia,8,3,85.4,85.8,0.6,75.8,78.0,0.4,9.600000000000009,0.19999999999999996,87.6,87.1,0.5,79.7,81.0,0.4,7.8999999999999915,0.09999999999999998,0.41336000000000006,0.5755800000000001,27.0,16.8,94.2,0.24446000000000004,0.5626200000000001,35.2,16.8,85.2,9.0,1.0,-1.0,2.0,2.0,1.0,1,1
102942,2021-22,2021-09-26 18:00:00+00:00,3,Real Madrid,Monbus Obradoiro,9,57,78.2,69.8,0.8,84.6,86.2,0.4,-6.3999999999999915,0.4,85.1,76.7,0.9,83.0,83.1,0.4,2.0999999999999943,0.5,0.31677999999999995,0.5365599999999999,35.6,15.6,85.6,0.3929,0.5347999999999999,30.8,16.2,90.2,-4.6000000000000085,3.0,-1.0,2.0,2.0,1.0,1,1
102949,2021-22,2021-10-02 16:00:00+00:00,4,Monbus Obradoiro,Urbas Fuenlabrada,57,17,79.4,85.2,0.2,88.2,87.6,0.4,-8.799999999999997,-0.2,81.6,81.2,0.4,85.5,85.1,0.4,-3.9000000000000057,0.0,0.35236,0.52146,32.8,15.8,84.6,0.38766,0.49916,35.8,19.4,91.8,-7.200000000000003,-3.0,-1.0,1.0,2.0,0.5,1,1
102941,2021-22,2021-10-02 16:00:00+00:00,4,UCAM Murcia,Unicaja,12,14,86.2,77.0,0.8,84.6,83.4,0.4,1.6000000000000085,0.4,82.3,78.1,0.6,83.5,85.4,0.4,-1.2000000000000028,0.19999999999999996,0.36894,0.5383199999999999,34.6,16.8,89.6,0.45042,0.54482,31.2,17.4,91.0,-1.4000000000000057,3.0,-1.0,1.0,2.0,0.5,1,0
102938,2021-22,2021-10-02 18:45:00+00:00,4,Hereda San Pablo Burgos,MoraBanc Andorra,549,22,74.2,74.0,0.6,85.6,89.8,0.2,-11.399999999999991,0.39999999999999997,81.8,80.9,0.5,82.1,84.1,0.5,-0.29999999999999716,0.0,0.39542,0.47694000000000003,35.0,14.0,72.2,0.39246,0.46202,30.0,16.8,86.4,-14.200000000000003,1.0,-3.0,1.0,2.0,0.5,1,1
102939,2021-22,2021-10-02 18:45:00+00:00,4,Casademont Zaragoza,Valencia Basket,16,13,76.0,84.8,0.4,84.8,80.0,0.4,-8.799999999999997,0.0,86.6,85.5,0.6,87.9,79.6,0.7,-1.3000000000000114,-0.09999999999999998,0.24104,0.5154799999999999,29.6,12.8,73.4,0.39805999999999997,0.57146,31.2,20.6,90.8,-17.39999999999999,-1.0,-1.0,0.0,2.0,0.0,1,0
102937,2021-22,2021-10-03 10:30:00+00:00,4,Río Breogán,Coosur Real Betis,25,15,82.66666666666667,71.0,0.6666666666666666,75.6,93.4,0.2,7.066666666666677,0.4666666666666666,82.66666666666667,71.0,0.6666666666666666,78.3,91.0,0.4,4.366666666666674,0.2666666666666666,0.38563333333333333,0.5649000000000001,31.666666666666668,15.333333333333334,82.33333333333333,0.29388000000000003,0.50924,31.2,12.4,69.6,12.733333333333334,1.0,-3.0,0.0,0.0,0.5,1,1
102936,2021-22,2021-10-03 11:00:00+00:00,4,Gran Canaria,Joventut Badalona,5,8,80.4,80.6,0.8,84.0,83.8,0.6,-3.5999999999999943,0.20000000000000007,83.7,80.4,0.7,87.0,84.6,0.6,-3.299999999999997,0.09999999999999998,0.32262,0.5407400000000001,28.2,16.8,84.0,0.37736000000000003,0.5717800000000001,28.8,15.4,93.0,-9.0,3.0,1.0,2.0,2.0,1.0,1,1
102935,2021-22,2021-10-03 15:00:00+00:00,4,Surne Bilbao Basket,Barça,4,2,77.4,83.4,0.2,85.6,71.4,1.0,-8.199999999999989,-0.8,80.0,86.5,0.3,88.1,71.1,1.0,-8.099999999999994,-0.7,0.38058000000000003,0.50154,30.4,14.6,74.6,0.42966,0.5761200000000001,28.6,17.0,99.2,-24.60000000000001,-3.0,5.0,0.0,2.0,0.0,1,0
102934,2021-22,2021-10-03 16:30:00+00:00,4,Real Madrid,Lenovo Tenerife,9,28,80.0,67.6,1.0,82.4,81.8,0.6,-2.4000000000000057,0.4,84.2,75.0,0.9,82.5,79.4,0.6,1.7000000000000028,0.30000000000000004,0.30626000000000003,0.56434,35.8,14.8,89.0,0.34284,0.53994,29.6,17.6,89.4,-0.4000000000000057,5.0,1.0,2.0,2.0,1.0,1,1
102933,2021-22,2021-10-03 18:00:00+00:00,4,BAXI Manresa,Baskonia,10,3,85.6,80.4,0.6,74.0,76.6,0.4,11.599999999999994,0.19999999999999996,84.9,86.4,0.5,77.1,79.0,0.4,7.800000000000011,0.09999999999999998,0.33499999999999996,0.5445,35.2,20.8,94.4,0.22830000000000003,0.5667199999999999,34.8,15.8,82.0,12.400000000000006,1.0,-1.0,1.0,2.0,0.5,1,1
102877,2021-22,2021-10-05 18:30:00+00:00,6,Barça,Casademont Zaragoza,2,16,85.0,70.2,1.0,78.0,81.8,0.4,7.0,0.6,87.3,70.5,1.0,83.7,86.0,0.5,3.5999999999999943,0.5,0.38338,0.61168,29.4,15.4,99.4,0.26202000000000003,0.5111399999999999,31.6,13.2,78.6,20.80000000000001,5.0,-1.0,2.0,2.0,1.0,1,1
102912,2021-22,2021-10-09 16:00:00+00:00,5,Unicaja,Río Breogán,14,25,85.2,84.2,0.4,86.25,69.5,0.75,-1.0499999999999972,-0.35,84.1,83.2,0.5,86.25,69.5,0.75,-2.1500000000000057,-0.25,0.42142,0.5496,29.6,15.4,88.0,0.42464999999999997,0.5695,31.75,17.5,91.25,-3.25,-1.0,2.0,0.0,0.0,0.5,1,1
102913,2021-22,2021-10-09 16:00:00+00:00,5,Joventut Badalona,BAXI Manresa,8,10,78.4,82.2,0.4,82.2,77.2,0.6,-3.799999999999997,-0.19999999999999996,84.9,82.9,0.6,83.1,84.9,0.5,1.8000000000000114,0.09999999999999998,0.34324,0.5181600000000001,28.8,14.0,82.4,0.33398000000000005,0.54524,32.4,19.2,87.0,-4.599999999999994,-1.0,1.0,1.0,2.0,0.5,1,1
102892,2021-22,2021-10-09 18:45:00+00:00,5,Urbas Fuenlabrada,Hereda San Pablo Burgos,17,549,84.2,90.8,0.2,72.8,71.6,0.6,11.400000000000006,-0.39999999999999997,86.0,85.4,0.4,80.5,79.6,0.5,5.5,-0.09999999999999998,0.38570000000000004,0.46566,34.0,17.6,83.4,0.35541999999999996,0.48407999999999995,37.0,15.4,72.6,10.800000000000011,-3.0,1.0,2.0,2.0,1.0,1,0
102911,2021-22,2021-10-09 18:45:00+00:00,5,Lenovo Tenerife,Casademont Zaragoza,28,16,79.6,87.0,0.4,77.0,78.8,0.4,2.5999999999999943,0.0,82.3,81.9,0.5,80.2,84.1,0.4,2.0999999999999943,0.09999999999999998,0.36512,0.5199400000000001,28.0,15.6,81.2,0.31202,0.52114,31.0,13.2,81.6,-0.3999999999999915,-1.0,-1.0,2.0,2.0,1.0,1,1
102889,2021-22,2021-10-10 10:30:00+00:00,5,UCAM Murcia,Surne Bilbao Basket,12,4,85.4,77.8,0.6,79.2,86.2,0.2,6.200000000000003,0.39999999999999997,81.4,78.7,0.5,80.1,86.3,0.3,1.3000000000000114,0.2,0.38004,0.54044,34.8,16.0,90.0,0.39724,0.52532,29.6,14.6,79.0,11.0,1.0,-3.0,1.0,2.0,0.5,1,1
102890,2021-22,2021-10-10 10:30:00+00:00,5,MoraBanc Andorra,Gran Canaria,22,5,81.2,86.2,0.2,78.8,77.6,0.8,2.4000000000000057,-0.6000000000000001,84.0,84.3,0.5,83.3,78.6,0.8,0.7000000000000028,-0.30000000000000004,0.34788,0.46012,33.4,16.8,82.2,0.3241,0.5074,30.8,17.2,85.8,-3.5999999999999943,-3.0,3.0,2.0,2.0,1.0,1,1
102888,2021-22,2021-10-10 15:00:00+00:00,5,Coosur Real Betis,Barça,15,2,73.2,92.6,0.2,81.0,68.4,1.0,-7.799999999999997,-0.8,75.2,92.5,0.3,85.2,67.9,1.0,-10.0,-0.7,0.28916,0.50112,29.4,13.4,66.2,0.37276,0.58768,30.2,15.6,93.6,-27.39999999999999,-3.0,5.0,0.0,2.0,0.0,1,0
102887,2021-22,2021-10-10 16:30:00+00:00,5,Valencia Basket,Real Madrid,13,9,82.8,75.6,0.6,83.2,71.2,1.0,-0.4000000000000057,-0.4,85.8,78.4,0.7,84.4,75.1,0.9,1.3999999999999915,-0.20000000000000007,0.36419999999999997,0.5545800000000001,31.0,19.2,85.8,0.31016,0.5822799999999999,34.6,15.6,93.2,-7.400000000000006,1.0,5.0,1.0,2.0,0.5,1,0
102886,2021-22,2021-10-10 18:00:00+00:00,5,Baskonia,Monbus Obradoiro,3,57,72.6,74.0,0.4,82.0,84.8,0.4,-9.400000000000006,0.0,74.2,77.2,0.3,82.0,80.5,0.4,-7.799999999999997,-0.10000000000000003,0.28544,0.5470200000000001,34.2,15.6,78.4,0.38822,0.52956,32.0,15.8,84.4,-6.0,-1.0,-1.0,2.0,2.0,1.0,1,1
102884,2021-22,2021-10-16 16:00:00+00:00,6,Monbus Obradoiro,UCAM Murcia,57,12,80.6,86.4,0.4,85.6,81.6,0.6,-5.0,-0.19999999999999996,80.3,80.8,0.4,84.0,79.4,0.6,-3.700000000000003,-0.19999999999999996,0.32482,0.54568,30.4,15.2,79.4,0.40144,0.5260800000000001,30.6,15.4,86.0,-6.599999999999994,-1.0,1.0,0.0,2.0,0.0,1,0
102885,2021-22,2021-10-16 16:00:00+00:00,6,Joventut Badalona,MoraBanc Andorra,8,22,84.8,75.6,0.6,78.2,86.2,0.2,6.599999999999994,0.39999999999999997,86.4,80.5,0.6,84.2,84.3,0.5,2.200000000000003,0.09999999999999998,0.42000000000000004,0.53444,31.2,14.8,92.0,0.31406,0.4754999999999999,31.0,16.4,75.6,16.400000000000006,1.0,-3.0,2.0,2.0,1.0,1,0
102882,2021-22,2021-10-16 18:45:00+00:00,6,Hereda San Pablo Burgos,Valencia Basket,549,13,75.4,74.4,0.6,79.4,79.0,0.4,-4.0,0.19999999999999996,80.6,78.9,0.6,83.8,78.7,0.6,-3.200000000000003,0.0,0.34896000000000005,0.51936,37.0,15.4,77.2,0.34896000000000005,0.52356,30.6,17.8,76.8,0.4000000000000057,1.0,-1.0,1.0,2.0,0.5,1,0
102883,2021-22,2021-10-16 18:45:00+00:00,6,BAXI Manresa,Unicaja,10,14,80.2,84.6,0.4,81.6,77.8,0.6,-1.3999999999999915,-0.19999999999999996,80.3,85.7,0.5,81.1,80.3,0.5,-0.7999999999999972,0.0,0.3146,0.52128,31.0,16.2,79.8,0.40808,0.5567599999999999,29.4,14.2,85.2,-5.400000000000006,-1.0,1.0,2.0,2.0,1.0,1,1
102881,2021-22,2021-10-17 10:30:00+00:00,6,Surne Bilbao Basket,Urbas Fuenlabrada,4,17,77.8,90.0,0.0,87.2,90.8,0.2,-9.400000000000006,-0.2,79.8,85.6,0.3,86.4,86.4,0.3,-6.6000000000000085,0.0,0.38472,0.5060399999999999,28.8,14.4,77.4,0.41997999999999996,0.4481,34.4,18.6,87.4,-10.0,-5.0,-3.0,2.0,2.0,1.0,1,1
102880,2021-22,2021-10-17 11:00:00+00:00,6,Gran Canaria,Coosur Real Betis,5,15,78.2,81.2,0.6,71.6,93.4,0.2,6.6000000000000085,0.39999999999999997,82.1,79.9,0.7,72.5,91.6,0.2,9.599999999999994,0.49999999999999994,0.29268,0.4983000000000001,30.0,16.6,81.4,0.26959999999999995,0.48236000000000007,29.2,13.0,64.8,16.60000000000001,1.0,-3.0,2.0,2.0,1.0,1,1
102879,2021-22,2021-10-17 15:00:00+00:00,6,Río Breogán,Real Madrid,25,9,81.8,70.0,0.6,82.6,69.0,1.0,-0.7999999999999972,-0.4,81.8,70.0,0.6,83.6,73.8,0.9,-1.7999999999999972,-0.30000000000000004,0.40637999999999996,0.5456000000000001,31.4,17.0,85.4,0.3207,0.57334,34.2,15.8,93.4,-8.0,1.0,5.0,0.0,0.0,0.5,1,0
102878,2021-22,2021-10-17 16:30:00+00:00,6,Baskonia,Lenovo Tenerife,3,28,77.2,73.8,0.6,83.2,80.8,0.6,-6.0,0.0,75.0,74.8,0.4,82.7,81.7,0.5,-7.700000000000003,-0.09999999999999998,0.38404,0.55518,32.8,16.2,83.4,0.38122,0.56802,28.0,18.2,91.0,-7.599999999999994,1.0,1.0,2.0,2.0,1.0,1,0
102876,2021-22,2021-10-23 16:00:00+00:00,7,Casademont Zaragoza,Río Breogán,16,25,70.4,78.6,0.2,77.6,71.2,0.4,-7.199999999999989,-0.2,76.6,85.3,0.3,80.0,71.5,0.5,-3.4000000000000057,-0.2,0.27186,0.5222800000000001,30.0,12.6,70.8,0.37439999999999996,0.5429,30.6,16.8,81.0,-10.200000000000003,-3.0,-1.0,0.0,0.0,0.5,1,1
102891,2021-22,2021-10-23 16:00:00+00:00,7,Coosur Real Betis,Monbus Obradoiro,15,57,65.2,92.6,0.0,78.8,89.0,0.4,-13.599999999999994,-0.4,71.8,91.5,0.2,79.4,86.1,0.3,-7.6000000000000085,-0.09999999999999998,0.27492,0.4560400000000001,25.6,12.4,53.4,0.28384,0.5409200000000001,31.0,13.6,76.4,-23.000000000000007,-5.0,-1.0,1.0,2.0,0.5,1,0
102893,2021-22,2021-10-23 18:45:00+00:00,7,Lenovo Tenerife,Joventut Badalona,28,8,82.8,75.4,0.8,82.4,75.6,0.4,0.3999999999999915,0.4,81.3,79.2,0.6,84.1,81.6,0.5,-2.799999999999997,0.09999999999999998,0.40076,0.5284800000000001,27.8,18.6,88.6,0.39408000000000004,0.49934,32.4,14.4,86.8,1.7999999999999972,3.0,-1.0,1.0,2.0,0.5,1,0
102910,2021-22,2021-10-23 18:45:00+00:00,7,MoraBanc Andorra,Valencia Basket,22,13,74.4,80.4,0.4,79.8,77.6,0.6,-5.3999999999999915,-0.19999999999999996,83.5,83.5,0.5,82.7,78.6,0.6,0.7999999999999972,-0.09999999999999998,0.3747,0.4471399999999999,31.2,15.6,71.8,0.35734000000000005,0.52696,32.4,17.8,82.2,-10.400000000000006,-1.0,1.0,1.0,2.0,0.5,1,0
102894,2021-22,2021-10-24 10:30:00+00:00,7,Real Madrid,Gran Canaria,9,5,84.4,70.6,1.0,78.6,77.8,0.6,5.800000000000011,0.4,82.5,73.3,0.9,82.4,78.8,0.7,0.09999999999999432,0.20000000000000007,0.34715999999999997,0.60144,33.6,16.6,95.8,0.32386,0.49670000000000003,29.6,17.2,82.8,13.0,5.0,1.0,2.0,2.0,1.0,1,0
102909,2021-22,2021-10-24 10:30:00+00:00,7,Urbas Fuenlabrada,BAXI Manresa,17,10,85.8,89.4,0.2,79.0,79.8,0.6,6.799999999999997,-0.39999999999999997,84.6,88.4,0.2,78.6,83.0,0.5,6.0,-0.3,0.45028000000000007,0.46088000000000007,34.2,18.4,86.8,0.29642,0.5250400000000001,30.8,14.8,77.2,9.599999999999994,-3.0,1.0,0.0,2.0,0.0,1,1
102908,2021-22,2021-10-24 15:00:00+00:00,7,Surne Bilbao Basket,Hereda San Pablo Burgos,4,549,79.0,89.0,0.2,75.8,74.2,0.6,3.200000000000003,-0.39999999999999997,81.2,84.4,0.4,79.7,77.5,0.6,1.5,-0.19999999999999996,0.37776,0.49585999999999997,29.2,13.2,78.6,0.32038,0.5365599999999999,37.2,16.2,80.6,-2.0,-3.0,1.0,1.0,2.0,0.5,1,1
102907,2021-22,2021-10-24 16:30:00+00:00,7,Unicaja,Barça,14,2,78.2,79.0,0.4,79.6,65.0,1.0,-1.3999999999999915,-0.6,81.7,80.7,0.5,85.1,67.7,1.0,-3.3999999999999915,-0.5,0.36764,0.5490999999999999,29.0,13.4,78.8,0.38276,0.57866,31.4,15.2,90.2,-11.400000000000006,-1.0,5.0,0.0,2.0,0.0,1,0
102906,2021-22,2021-10-24 18:00:00+00:00,7,UCAM Murcia,Bitci Baskonia,12,3,90.8,78.6,0.8,75.8,74.6,0.4,15.0,0.4,86.3,77.3,0.7,74.4,74.0,0.4,11.899999999999991,0.29999999999999993,0.42658000000000007,0.5260800000000001,32.0,14.6,94.2,0.37256,0.57286,32.6,16.8,81.4,12.799999999999997,3.0,-1.0,2.0,2.0,1.0,1,1
102904,2021-22,2021-10-30 16:00:00+00:00,8,MoraBanc Andorra,Unicaja,22,14,77.8,78.4,0.4,76.4,76.6,0.4,1.3999999999999915,0.0,81.8,82.6,0.4,80.5,79.0,0.5,1.2999999999999972,-0.09999999999999998,0.36804000000000003,0.52166,32.0,15.8,78.4,0.34384000000000003,0.52566,28.0,12.8,76.4,2.0,-1.0,-1.0,1.0,2.0,0.5,1,1
102905,2021-22,2021-10-30 16:00:00+00:00,8,Monbus Obradoiro,Lenovo Tenerife,57,28,77.6,86.0,0.4,79.8,74.8,0.6,-2.200000000000003,-0.19999999999999996,81.1,86.1,0.4,78.7,80.2,0.5,2.3999999999999915,-0.09999999999999998,0.28924000000000005,0.51246,32.0,13.2,72.8,0.4067,0.5402,27.8,19.8,87.6,-14.799999999999997,-1.0,1.0,0.0,2.0,0.0,1,0
102902,2021-22,2021-10-30 18:45:00+00:00,8,Joventut Badalona,Hereda San Pablo Burgos,8,549,80.0,71.4,0.6,79.6,74.2,0.6,0.4000000000000057,0.0,82.7,78.6,0.6,78.3,78.5,0.5,4.400000000000006,0.09999999999999998,0.38498,0.48188000000000003,34.2,14.8,85.6,0.38068,0.5063,37.4,14.8,84.2,1.3999999999999915,1.0,1.0,0.0,2.0,0.0,1,1
102903,2021-22,2021-10-30 18:45:00+00:00,8,Gran Canaria,Casademont Zaragoza,5,16,80.8,75.4,0.8,66.2,78.4,0.2,14.599999999999994,0.6000000000000001,81.8,77.2,0.8,74.6,83.9,0.3,7.200000000000003,0.5,0.3322,0.51926,31.0,17.8,86.2,0.26204,0.49564,29.4,13.2,65.0,21.200000000000003,3.0,-3.0,1.0,2.0,0.5,1,1
102900,2021-22,2021-10-31 11:30:00+00:00,8,Valencia Basket,Coosur Real Betis,13,15,77.2,78.8,0.6,67.2,92.4,0.0,10.0,0.6,80.3,77.2,0.6,70.8,93.2,0.1,9.5,0.5,0.34038,0.5103,31.2,15.4,76.6,0.28622000000000003,0.4723400000000001,25.2,12.4,60.0,16.599999999999994,1.0,-5.0,1.0,2.0,0.5,1,0
102901,2021-22,2021-10-31 11:30:00+00:00,8,Barça,Urbas Fuenlabrada,2,17,78.2,66.8,1.0,86.6,86.8,0.4,-8.399999999999991,0.6,85.0,68.0,1.0,86.5,88.1,0.3,-1.5,0.7,0.32276000000000005,0.5912000000000001,30.4,14.0,83.4,0.43956,0.48179999999999995,34.6,19.8,89.2,-5.799999999999997,5.0,-1.0,2.0,2.0,1.0,1,1
102899,2021-22,2021-10-31 16:00:00+00:00,8,Río Breogán,UCAM Murcia,25,12,75.2,74.6,0.2,89.2,81.2,0.8,-14.0,-0.6000000000000001,79.28571428571429,72.57142857142857,0.42857142857142855,86.2,78.4,0.7,-6.914285714285711,-0.2714285714285714,0.3498,0.50102,32.4,16.4,76.0,0.40562,0.54084,29.4,14.4,88.2,-12.200000000000003,-3.0,3.0,0.0,0.0,0.5,1,1
102898,2021-22,2021-10-31 17:30:00+00:00,8,Bitci Baskonia,Real Madrid,3,9,72.6,73.4,0.2,81.2,74.0,0.8,-8.600000000000009,-0.6000000000000001,74.2,75.7,0.3,79.7,71.9,0.8,-5.5,-0.5,0.39196,0.55488,30.8,15.6,77.2,0.33722,0.56614,32.8,16.0,90.2,-13.0,-3.0,3.0,0.0,2.0,0.0,1,0
102897,2021-22,2021-10-31 19:00:00+00:00,8,BAXI Manresa,Surne Bilbao Basket,10,4,81.6,80.0,0.6,81.2,85.2,0.4,0.3999999999999915,0.19999999999999996,80.0,82.4,0.5,81.2,84.3,0.4,-1.2000000000000028,0.09999999999999998,0.3043,0.53826,33.4,14.8,81.4,0.39405999999999997,0.5053799999999999,30.6,13.6,83.6,-2.1999999999999886,1.0,-1.0,2.0,2.0,1.0,1,1
102895,2021-22,2021-11-06 17:00:00+00:00,9,UCAM Murcia,Urbas Fuenlabrada,12,17,88.8,82.8,0.6,82.2,87.0,0.2,6.599999999999994,0.39999999999999997,87.5,79.9,0.7,85.2,87.3,0.3,2.299999999999997,0.39999999999999997,0.36768,0.55852,30.2,14.8,86.4,0.39882,0.48340000000000005,33.0,19.4,84.0,2.4000000000000057,1.0,-3.0,2.0,2.0,1.0,1,1
102896,2021-22,2021-11-06 17:00:00+00:00,9,Río Breogán,Gran Canaria,25,5,80.2,76.8,0.4,80.6,74.8,0.8,-0.3999999999999915,-0.4,81.125,74.625,0.5,80.5,77.7,0.8,0.625,-0.30000000000000004,0.36428,0.51938,33.2,16.6,84.2,0.3702,0.50642,30.8,16.6,83.2,1.0,-1.0,3.0,0.0,0.0,0.5,1,1
102951,2021-22,2021-11-06 19:45:00+00:00,9,Valencia Basket,Joventut Badalona,13,8,76.2,77.4,0.6,82.0,72.2,0.6,-5.799999999999997,0.0,80.5,78.7,0.5,83.0,78.0,0.6,-2.5,-0.09999999999999998,0.27762000000000003,0.53686,31.2,14.8,80.0,0.41498,0.4842000000000001,32.8,14.4,88.8,-8.799999999999997,1.0,1.0,1.0,2.0,0.5,1,1
102940,2021-22,2021-11-06 19:45:00+00:00,9,Hereda San Pablo Burgos,BAXI Manresa,549,10,77.6,79.8,0.4,77.8,83.0,0.6,-0.20000000000000284,-0.19999999999999996,75.9,76.9,0.5,81.7,81.7,0.6,-5.799999999999997,-0.09999999999999998,0.36162,0.47472000000000003,36.4,14.0,79.2,0.29198,0.49076000000000003,32.8,14.0,72.8,6.400000000000006,-1.0,1.0,2.0,2.0,1.0,1,0
103017,2021-22,2021-11-07 11:30:00+00:00,9,Monbus Obradoiro,Barça,57,2,80.2,87.2,0.4,78.4,66.8,1.0,1.7999999999999972,-0.6,79.8,86.2,0.3,82.0,69.1,1.0,-2.200000000000003,-0.7,0.32866,0.5072,29.6,13.6,75.4,0.33738,0.5910000000000001,31.2,13.4,80.4,-5.0,-1.0,5.0,0.0,2.0,0.0,1,0
102952,2021-22,2021-11-07 12:00:00+00:00,9,Lenovo Tenerife,MoraBanc Andorra,28,22,78.8,75.2,0.6,78.8,75.0,0.6,0.0,0.0,80.6,78.5,0.6,82.2,82.4,0.4,-1.6000000000000085,0.19999999999999996,0.38764000000000004,0.5460800000000001,28.2,18.6,86.0,0.40098,0.5334199999999999,33.6,15.8,82.6,3.4000000000000057,1.0,1.0,2.0,2.0,1.0,1,1
103005,2021-22,2021-11-07 16:00:00+00:00,9,Casademont Zaragoza,Coosur Real Betis,16,15,70.6,79.2,0.2,71.2,87.4,0.2,-0.6000000000000085,0.0,73.3,82.0,0.3,73.4,90.4,0.2,-0.10000000000000853,0.09999999999999998,0.28998,0.52102,30.2,12.6,67.4,0.32955999999999996,0.4675200000000001,26.8,13.2,68.0,-0.5999999999999943,-3.0,-3.0,2.0,2.0,1.0,1,1
103004,2021-22,2021-11-07 17:30:00+00:00,9,Bitci Baskonia,Unicaja,3,14,73.4,75.6,0.2,75.4,77.2,0.4,-2.0,-0.2,73.7,76.1,0.3,80.0,80.3,0.4,-6.299999999999997,-0.10000000000000003,0.42812,0.52156,30.0,15.2,77.6,0.32875999999999994,0.50492,27.8,12.2,74.4,3.1999999999999886,-3.0,-1.0,1.0,2.0,0.5,1,1
103003,2021-22,2021-11-07 19:00:00+00:00,9,Real Madrid,Surne Bilbao Basket,9,4,82.2,73.4,0.8,81.2,84.8,0.4,1.0,0.4,81.1,70.5,0.9,79.3,84.1,0.3,1.7999999999999972,0.6000000000000001,0.35124,0.5804199999999999,34.2,18.2,92.8,0.39116,0.51364,32.2,13.4,83.8,9.0,3.0,-1.0,2.0,2.0,1.0,1,1
103001,2021-22,2021-11-13 17:00:00+00:00,10,MoraBanc Andorra,UCAM Murcia,22,12,78.8,74.6,0.6,92.8,81.2,0.8,-14.0,-0.20000000000000007,80.0,80.4,0.4,89.1,79.5,0.7,-9.099999999999994,-0.29999999999999993,0.40724,0.5381799999999999,31.8,14.8,83.4,0.35936,0.5798,30.8,17.8,98.4,-15.0,1.0,3.0,2.0,2.0,1.0,1,1
103002,2021-22,2021-11-13 17:00:00+00:00,10,Joventut Badalona,Casademont Zaragoza,8,16,81.8,69.6,0.6,73.0,78.4,0.4,8.799999999999997,0.19999999999999996,80.1,75.9,0.5,75.5,80.1,0.4,4.599999999999994,0.09999999999999998,0.42164,0.49269999999999997,32.8,14.6,89.4,0.35362,0.5378200000000001,29.2,12.6,70.6,18.80000000000001,1.0,-1.0,2.0,2.0,1.0,1,1
103000,2021-22,2021-11-13 19:45:00+00:00,10,Gran Canaria,Bitci Baskonia,5,3,77.0,75.8,0.6,78.4,78.6,0.4,-1.4000000000000057,0.19999999999999996,77.9,76.7,0.7,75.5,76.3,0.4,2.4000000000000057,0.29999999999999993,0.34058,0.4875,29.4,15.4,74.6,0.42176,0.52234,30.6,15.8,84.4,-9.800000000000011,1.0,-1.0,1.0,2.0,0.5,1,1
102999,2021-22,2021-11-13 19:45:00+00:00,10,Unicaja,Hereda San Pablo Burgos,14,549,76.4,79.8,0.2,77.8,83.8,0.2,-1.3999999999999915,0.0,80.8,82.0,0.3,75.3,77.7,0.4,5.5,-0.10000000000000003,0.36579999999999996,0.50936,28.0,14.6,76.4,0.35384000000000004,0.4542400000000001,36.0,14.4,75.4,1.0,-3.0,-3.0,0.0,2.0,0.0,1,1
102997,2021-22,2021-11-14 11:30:00+00:00,10,Urbas Fuenlabrada,Real Madrid,17,9,81.2,88.2,0.2,84.0,70.2,0.8,-2.799999999999997,-0.6000000000000001,82.7,89.5,0.2,83.6,70.7,0.9,-0.8999999999999915,-0.7,0.36998000000000003,0.5069000000000001,33.6,18.6,81.6,0.39584,0.5624800000000001,33.8,19.2,95.6,-14.0,-3.0,3.0,0.0,2.0,0.0,1,0
102998,2021-22,2021-11-14 11:30:00+00:00,10,Surne Bilbao Basket,Monbus Obradoiro,4,57,79.8,87.0,0.4,74.4,86.8,0.2,5.3999999999999915,0.2,79.5,86.6,0.3,78.2,85.8,0.3,1.2999999999999972,0.0,0.3545,0.51456,34.0,13.4,81.4,0.29446,0.50434,28.0,12.4,65.2,16.200000000000003,-1.0,-3.0,1.0,2.0,0.5,1,1
102994,2021-22,2021-11-14 16:00:00+00:00,10,Coosur Real Betis,Lenovo Tenerife,15,28,72.6,84.4,0.2,79.2,72.0,0.8,-6.6000000000000085,-0.6000000000000001,72.9,88.5,0.2,79.4,79.5,0.6,-6.5,-0.39999999999999997,0.33126,0.4945000000000001,27.6,13.6,72.4,0.35728,0.5694,29.2,19.0,87.0,-14.599999999999994,-3.0,3.0,0.0,2.0,0.0,1,0
102995,2021-22,2021-11-14 17:30:00+00:00,10,Barça,Valencia Basket,2,13,77.4,66.0,1.0,75.2,77.4,0.6,2.200000000000003,0.4,81.2,68.1,1.0,79.0,76.5,0.6,2.200000000000003,0.4,0.35652,0.5586800000000001,33.2,14.2,82.2,0.29154,0.5102399999999999,33.6,14.8,79.6,2.6000000000000085,5.0,1.0,1.0,2.0,0.5,1,0
102996,2021-22,2021-11-14 19:00:00+00:00,10,BAXI Manresa,Río Breogán,10,25,81.0,86.0,0.6,76.0,77.0,0.4,5.0,0.19999999999999996,81.6,81.6,0.6,80.55555555555556,73.66666666666667,0.5555555555555556,1.0444444444444372,0.0444444444444444,0.32218,0.49463999999999997,32.8,14.2,78.2,0.35118,0.48478000000000004,33.6,15.4,77.8,0.4000000000000057,1.0,-1.0,0.0,0.0,0.5,1,1
102992,2021-22,2021-11-20 17:00:00+00:00,11,Unicaja,Urbas Fuenlabrada,14,17,79.8,82.6,0.2,80.0,86.6,0.2,-0.20000000000000284,0.0,80.7,80.2,0.4,83.6,88.7,0.2,-2.8999999999999915,0.2,0.39913999999999994,0.5124000000000001,27.4,16.4,80.8,0.36869999999999997,0.52112,33.0,18.6,80.0,0.7999999999999972,-3.0,-3.0,1.0,2.0,0.5,1,1
102993,2021-22,2021-11-20 17:00:00+00:00,11,Monbus Obradoiro,Casademont Zaragoza,57,16,75.6,84.6,0.2,76.0,80.0,0.4,-0.4000000000000057,-0.2,78.1,85.5,0.3,76.5,79.4,0.4,1.5999999999999943,-0.10000000000000003,0.29697999999999997,0.504,30.8,12.8,69.4,0.36678,0.5441,29.6,13.2,70.8,-1.3999999999999915,-3.0,-1.0,1.0,2.0,0.5,1,1
103006,2021-22,2021-11-20 19:45:00+00:00,11,Valencia Basket,Surne Bilbao Basket,13,4,76.8,74.6,0.8,78.4,83.8,0.6,-1.6000000000000085,0.20000000000000007,78.1,76.8,0.6,78.1,86.9,0.3,0.0,0.3,0.29336,0.56082,33.0,15.2,83.8,0.35224,0.48516000000000004,34.2,11.8,77.6,6.200000000000003,3.0,1.0,2.0,2.0,1.0,1,1
102991,2021-22,2021-11-20 19:45:00+00:00,11,Lenovo Tenerife,Gran Canaria,28,5,77.4,73.4,0.8,79.4,73.8,0.8,-2.0,0.0,80.3,77.1,0.7,78.8,77.5,0.7,1.5,0.0,0.36024,0.53606,29.4,17.2,82.6,0.40058,0.48801999999999995,29.6,15.6,79.8,2.799999999999997,3.0,3.0,2.0,2.0,1.0,1,1
103007,2021-22,2021-11-21 11:30:00+00:00,11,Real Madrid,Coosur Real Betis,9,15,83.0,71.4,0.8,74.8,85.0,0.2,8.200000000000003,0.6000000000000001,82.8,70.2,0.9,73.2,89.2,0.2,9.599999999999994,0.7,0.39,0.54856,34.2,19.6,95.2,0.34682,0.5313200000000001,28.4,13.0,72.0,23.200000000000003,3.0,-3.0,2.0,2.0,1.0,1,1
103009,2021-22,2021-11-21 16:00:00+00:00,11,Bitci Baskonia,MoraBanc Andorra,3,22,75.6,81.2,0.2,79.4,78.2,0.6,-3.8000000000000114,-0.39999999999999997,76.4,77.5,0.4,78.8,82.2,0.4,-2.3999999999999915,0.0,0.38678,0.48142000000000007,29.6,15.0,78.0,0.39538,0.53782,31.8,13.2,81.6,-3.5999999999999943,-3.0,1.0,2.0,2.0,1.0,1,1
103024,2021-22,2021-11-21 17:30:00+00:00,11,UCAM Murcia,BAXI Manresa,12,10,92.2,81.8,0.6,86.0,80.0,0.8,6.200000000000003,-0.20000000000000007,88.9,81.7,0.6,83.1,82.3,0.6,5.800000000000011,0.0,0.34402,0.60176,31.8,18.4,98.2,0.3387,0.5278400000000001,33.8,18.2,92.2,6.0,1.0,3.0,0.0,2.0,0.0,1,1
103025,2021-22,2021-11-21 19:00:00+00:00,11,Hereda San Pablo Burgos,Barça,549,2,74.2,83.4,0.0,78.0,70.8,0.8,-3.799999999999997,-0.8,74.8,78.9,0.3,79.5,69.6,0.9,-4.700000000000003,-0.6000000000000001,0.35468,0.4309200000000001,33.8,14.6,69.2,0.35234,0.56526,31.2,14.4,82.0,-12.799999999999997,-5.0,3.0,0.0,2.0,0.0,1,0
103022,2021-22,2021-12-04 17:00:00+00:00,12,Urbas Fuenlabrada,Valencia Basket,17,13,81.2,87.6,0.2,83.0,78.4,0.8,-1.7999999999999972,-0.6000000000000001,83.5,88.5,0.2,81.4,78.0,0.7,2.0999999999999943,-0.49999999999999994,0.3701,0.52578,31.4,19.4,82.4,0.31908,0.58068,32.2,16.2,92.2,-9.799999999999997,-3.0,3.0,0.0,2.0,0.0,1,1
103023,2021-22,2021-12-04 17:00:00+00:00,12,MoraBanc Andorra,Monbus Obradoiro,22,57,79.0,80.2,0.4,79.0,80.2,0.4,0.0,0.0,76.7,80.3,0.4,78.9,84.6,0.4,-2.200000000000003,0.0,0.3638,0.57958,30.6,13.2,80.8,0.34340000000000004,0.51036,30.6,14.6,75.8,5.0,-1.0,-1.0,1.0,2.0,0.5,1,1
103020,2021-22,2021-12-04 19:45:00+00:00,12,Casademont Zaragoza,Real Madrid,16,9,79.4,79.4,0.4,81.4,66.8,0.8,-2.0,-0.4,74.9,79.0,0.3,82.9,68.7,0.9,-8.0,-0.6000000000000001,0.41084000000000004,0.53808,29.8,15.0,77.4,0.35094,0.52356,38.0,19.6,95.2,-17.799999999999997,-1.0,3.0,0.0,2.0,0.0,1,0
103021,2021-22,2021-12-04 19:45:00+00:00,12,BAXI Manresa,Lenovo Tenerife,10,28,82.4,79.4,0.6,82.8,78.2,0.8,-0.3999999999999915,-0.20000000000000007,80.7,79.6,0.6,82.8,76.8,0.8,-2.0999999999999943,-0.20000000000000007,0.31204,0.5059600000000001,35.8,18.8,88.0,0.37572,0.5664999999999999,29.4,17.0,90.6,-2.5999999999999943,1.0,3.0,0.0,2.0,0.0,1,1
103019,2021-22,2021-12-05 11:30:00+00:00,12,Coosur Real Betis,Unicaja,15,14,70.4,80.4,0.2,83.0,82.8,0.4,-12.599999999999994,-0.2,67.8,86.5,0.1,80.6,80.9,0.4,-12.799999999999997,-0.30000000000000004,0.30910000000000004,0.5013200000000001,31.4,11.6,66.0,0.40366,0.52188,29.6,16.6,85.0,-19.0,-3.0,-1.0,2.0,2.0,1.0,1,0
103026,2021-22,2021-12-05 12:00:00+00:00,12,Gran Canaria,Hereda San Pablo Burgos,5,549,78.4,79.4,0.6,75.0,86.2,0.0,3.4000000000000057,0.6,78.5,78.6,0.6,75.4,80.2,0.3,3.0999999999999943,0.3,0.41486,0.49277999999999994,28.0,15.4,76.4,0.37371999999999994,0.44396,31.6,13.0,66.6,9.800000000000011,1.0,-5.0,1.0,2.0,0.5,1,0
103018,2021-22,2021-12-05 16:00:00+00:00,12,Joventut Badalona,UCAM Murcia,8,12,77.6,73.0,0.6,85.6,81.2,0.6,-8.0,0.0,81.2,74.3,0.6,88.2,79.9,0.7,-7.0,-0.09999999999999998,0.32442000000000004,0.5064200000000001,31.4,12.8,83.4,0.28556,0.5877,32.2,18.8,90.6,-7.199999999999989,1.0,1.0,2.0,2.0,1.0,1,1
103016,2021-22,2021-12-05 17:30:00+00:00,12,Barça,Bitci Baskonia,2,3,79.0,72.4,0.8,79.2,82.4,0.4,-0.20000000000000284,0.4,79.3,68.7,0.9,77.5,78.5,0.4,1.7999999999999972,0.5,0.32452000000000003,0.59334,30.8,15.4,86.2,0.41396,0.46142000000000005,29.2,14.4,82.2,4.0,3.0,-1.0,1.0,2.0,0.5,1,0
103013,2021-22,2021-12-11 17:00:00+00:00,13,Joventut Badalona,Coosur Real Betis,8,15,79.6,72.6,0.8,69.8,78.8,0.2,9.799999999999997,0.6000000000000001,81.0,74.1,0.6,68.5,85.6,0.1,12.5,0.5,0.34756,0.49774,31.8,13.6,88.2,0.32371999999999995,0.4915200000000001,30.8,11.2,61.2,27.0,3.0,-3.0,1.0,2.0,0.5,1,1
103014,2021-22,2021-12-11 17:00:00+00:00,13,Gran Canaria,BAXI Manresa,5,10,79.8,83.2,0.4,85.0,80.0,0.8,-5.200000000000003,-0.4,80.3,79.3,0.6,83.3,80.0,0.7,-3.0,-0.09999999999999998,0.41678,0.49254,29.0,15.0,78.4,0.3375,0.51924,34.8,19.8,91.8,-13.399999999999991,-1.0,3.0,2.0,2.0,1.0,1,0
103011,2021-22,2021-12-11 19:45:00+00:00,13,Bitci Baskonia,Surne Bilbao Basket,3,4,81.6,82.0,0.6,78.2,87.8,0.4,3.3999999999999915,0.19999999999999996,77.1,77.7,0.4,78.6,88.4,0.3,-1.5,0.10000000000000003,0.42485999999999996,0.45969999999999994,29.0,15.6,86.0,0.36761999999999995,0.52548,33.0,12.4,74.4,11.599999999999994,1.0,-1.0,2.0,2.0,1.0,1,1
103012,2021-22,2021-12-11 19:45:00+00:00,13,Hereda San Pablo Burgos,UCAM Murcia,549,12,76.6,85.2,0.2,85.0,82.0,0.4,-8.400000000000006,-0.2,78.1,79.7,0.4,87.1,81.6,0.6,-9.0,-0.19999999999999996,0.36141999999999996,0.44922000000000006,32.8,15.0,71.4,0.32062,0.57618,32.6,18.8,90.4,-19.0,-3.0,-1.0,2.0,2.0,1.0,1,0
102990,2021-22,2021-12-12 11:30:00+00:00,13,Río Breogán,MoraBanc Andorra,25,22,78.2,79.8,0.4,81.2,79.6,0.6,-3.0,-0.19999999999999996,80.0,74.9,0.5,79.5,79.0,0.5,0.5,0.0,0.34904,0.50728,33.6,16.0,79.6,0.3738,0.5738999999999999,32.0,14.8,84.2,-4.6000000000000085,-1.0,1.0,0.0,0.0,0.5,1,1
103010,2021-22,2021-12-12 11:30:00+00:00,13,Casademont Zaragoza,Urbas Fuenlabrada,16,17,76.6,81.6,0.2,80.8,88.6,0.2,-4.200000000000003,0.0,71.4,80.0,0.2,83.7,87.7,0.3,-12.299999999999997,-0.09999999999999998,0.38473999999999997,0.5204000000000001,29.6,13.2,71.4,0.36176,0.56504,28.4,18.0,79.6,-8.199999999999989,-3.0,-3.0,1.0,2.0,0.5,1,0
102969,2021-22,2021-12-12 16:00:00+00:00,13,Real Madrid,Unicaja,9,14,84.6,64.8,1.0,84.2,82.4,0.6,0.3999999999999915,0.4,82.9,69.4,0.9,80.3,79.5,0.5,2.6000000000000085,0.4,0.38888,0.5169,38.8,19.6,99.4,0.4360399999999999,0.51076,30.2,17.4,90.4,9.0,5.0,1.0,2.0,2.0,1.0,1,1
102988,2021-22,2021-12-12 17:30:00+00:00,13,Lenovo Tenerife,Barça,28,2,87.0,81.4,0.8,79.6,76.0,0.6,7.400000000000006,0.20000000000000007,83.4,78.1,0.7,78.9,71.4,0.8,4.5,-0.10000000000000009,0.36361999999999994,0.57722,29.2,18.0,94.8,0.33280000000000004,0.5962400000000001,29.6,15.8,87.2,7.599999999999994,3.0,1.0,0.0,2.0,0.0,1,0
103015,2021-22,2021-12-16 19:00:00+00:00,12,Surne Bilbao Basket,Río Breogán,4,25,78.0,91.8,0.2,80.6,78.8,0.6,-2.5999999999999943,-0.39999999999999997,79.6,88.5,0.3,79.1,75.0,0.5,0.5,-0.2,0.34331999999999996,0.5271600000000001,34.0,12.0,70.0,0.3657,0.49958,34.8,16.0,82.8,-12.799999999999997,-3.0,1.0,0.0,0.0,0.5,1,1
102964,2021-22,2021-12-18 17:00:00+00:00,14,Urbas Fuenlabrada,Lenovo Tenerife,17,28,84.0,87.6,0.4,82.2,80.2,0.6,1.7999999999999972,-0.19999999999999996,83.1,87.3,0.3,80.5,77.7,0.6,2.5999999999999943,-0.3,0.39584,0.54758,29.6,19.6,84.0,0.32896000000000003,0.5688000000000001,26.4,17.2,86.4,-2.4000000000000057,-1.0,1.0,1.0,2.0,0.5,1,1
102965,2021-22,2021-12-18 19:45:00+00:00,14,MoraBanc Andorra,Casademont Zaragoza,22,16,79.4,81.4,0.4,76.2,82.8,0.2,3.200000000000003,0.2,79.1,78.2,0.5,73.4,81.0,0.2,5.699999999999989,0.3,0.35744,0.57792,30.4,15.4,79.6,0.37402,0.51964,30.0,13.8,73.8,5.799999999999997,-1.0,-3.0,0.0,2.0,0.0,1,0
102967,2021-22,2021-12-18 19:45:00+00:00,14,Monbus Obradoiro,Hereda San Pablo Burgos,57,549,76.2,82.2,0.2,80.4,89.2,0.2,-4.200000000000003,0.0,76.9,84.1,0.3,79.0,84.5,0.3,-2.0999999999999943,0.0,0.30863999999999997,0.51894,30.0,13.2,73.2,0.38714,0.4649,33.0,16.0,78.0,-4.799999999999997,-3.0,-3.0,0.0,2.0,0.0,1,1
102966,2021-22,2021-12-18 19:45:00+00:00,14,Unicaja,Joventut Badalona,14,8,84.2,81.6,0.6,80.6,74.6,0.8,3.6000000000000085,-0.20000000000000007,79.8,79.4,0.5,80.3,73.0,0.7,-0.5,-0.19999999999999996,0.40578000000000003,0.5406,31.6,17.0,92.2,0.34632,0.50644,32.4,14.8,89.0,3.200000000000003,1.0,3.0,1.0,2.0,0.5,1,0
102962,2021-22,2021-12-19 11:30:00+00:00,14,Surne Bilbao Basket,Gran Canaria,4,5,78.8,89.4,0.4,80.0,84.4,0.2,-1.2000000000000028,0.2,80.0,87.1,0.4,80.3,79.6,0.5,-0.29999999999999716,-0.09999999999999998,0.33222,0.53458,31.8,13.4,73.6,0.37322,0.49142,31.2,14.0,75.6,-2.0,-1.0,-3.0,0.0,2.0,0.0,1,1
102960,2021-22,2021-12-19 17:30:00+00:00,14,UCAM Murcia,Real Madrid,12,9,87.6,80.0,0.6,83.8,66.6,1.0,3.799999999999997,-0.4,88.2,81.4,0.6,83.0,70.0,0.9,5.200000000000003,-0.30000000000000004,0.34744,0.56184,34.8,18.6,94.6,0.41452,0.49210000000000004,37.2,18.6,97.8,-3.200000000000003,1.0,5.0,0.0,2.0,0.0,1,0
102959,2021-22,2021-12-19 19:00:00+00:00,14,Valencia Basket,Río Breogán,13,25,85.2,81.0,0.6,80.6,79.6,0.6,4.6000000000000085,0.0,81.2,79.9,0.6,77.9,77.1,0.4,3.299999999999997,0.19999999999999996,0.31574,0.59776,31.2,17.6,94.2,0.32999999999999996,0.53654,33.8,16.0,81.4,12.799999999999997,1.0,1.0,0.0,0.0,0.5,1,0
102961,2021-22,2021-12-19 19:00:00+00:00,14,Coosur Real Betis,Bitci Baskonia,15,3,69.4,79.4,0.0,88.8,82.6,0.8,-19.39999999999999,-0.8,70.3,83.4,0.1,81.1,79.1,0.5,-10.799999999999997,-0.4,0.30310000000000004,0.4875400000000001,30.8,11.6,60.4,0.42058,0.50858,31.8,17.4,100.8,-40.4,-5.0,3.0,0.0,2.0,0.0,1,0
102989,2021-22,2021-12-23 19:30:00+00:00,13,Valencia Basket,Monbus Obradoiro,13,57,88.4,83.8,0.6,80.2,84.2,0.4,8.200000000000003,0.19999999999999996,82.3,80.6,0.6,80.2,85.7,0.4,2.0999999999999943,0.19999999999999996,0.39017999999999997,0.56454,30.8,17.6,93.8,0.27749999999999997,0.5222399999999999,32.6,13.4,79.2,14.599999999999994,1.0,-1.0,2.0,2.0,1.0,1,1
102958,2021-22,2021-12-27 18:00:00+00:00,15,Río Breogán,Urbas Fuenlabrada,25,17,81.4,81.2,0.6,89.6,87.0,0.6,-8.199999999999989,0.0,80.8,79.0,0.5,85.4,87.6,0.4,-4.6000000000000085,0.09999999999999998,0.34192,0.53924,33.8,16.2,85.0,0.43377999999999994,0.5515399999999999,30.8,22.0,96.4,-11.400000000000006,1.0,1.0,0.0,0.0,0.5,1,1
102957,2021-22,2021-12-27 20:30:00+00:00,15,Gran Canaria,UCAM Murcia,5,12,82.8,88.2,0.2,82.0,80.8,0.4,0.7999999999999972,-0.2,79.9,82.0,0.4,87.4,81.0,0.6,-7.5,-0.19999999999999996,0.38289999999999996,0.5003400000000001,29.8,13.2,76.4,0.36735999999999996,0.514,32.8,15.8,79.6,-3.1999999999999886,-3.0,-1.0,2.0,2.0,1.0,1,0
102953,2021-22,2021-12-28 20:30:00+00:00,15,Hereda San Pablo Burgos,Coosur Real Betis,549,15,82.8,91.4,0.2,71.6,80.4,0.0,11.200000000000003,0.2,80.3,87.6,0.2,72.1,82.4,0.1,8.200000000000003,0.1,0.36756,0.5043200000000001,32.0,15.0,80.8,0.31828,0.4883400000000001,30.6,12.0,62.8,18.0,-3.0,-5.0,2.0,2.0,1.0,1,0
102955,2021-22,2021-12-28 21:00:00+00:00,15,Casademont Zaragoza,Bitci Baskonia,16,3,78.2,85.0,0.2,87.8,81.4,0.8,-9.599999999999994,-0.6000000000000001,75.6,81.7,0.3,83.1,80.0,0.6,-7.5,-0.3,0.32164000000000004,0.54682,29.0,15.6,78.2,0.41742,0.5115999999999999,32.4,17.4,99.2,-21.0,-3.0,3.0,0.0,2.0,0.0,1,1
102983,2021-22,2022-01-04 19:30:00+00:00,16,Unicaja,Casademont Zaragoza,14,16,80.8,78.4,0.6,82.0,84.0,0.4,-1.2000000000000028,0.19999999999999996,78.6,79.1,0.4,79.0,82.0,0.4,-0.4000000000000057,0.0,0.35592,0.55006,31.0,15.2,88.2,0.33706,0.5638799999999999,29.6,17.4,86.8,1.4000000000000057,1.0,-1.0,1.0,2.0,0.5,1,1
102976,2021-22,2022-01-04 20:00:00+00:00,17,BAXI Manresa,Real Madrid,10,9,84.0,80.2,0.8,80.8,68.6,1.0,3.200000000000003,-0.19999999999999996,80.9,81.6,0.7,82.4,69.4,0.9,-1.5,-0.20000000000000007,0.31182,0.53478,36.4,18.6,91.0,0.35107999999999995,0.5095,37.2,17.0,94.2,-3.200000000000003,3.0,5.0,0.0,2.0,0.0,1,0
102974,2021-22,2022-01-08 18:15:00+00:00,17,Surne Bilbao Basket,MoraBanc Andorra,4,22,85.6,86.4,0.6,82.0,84.0,0.4,3.5999999999999943,0.19999999999999996,82.7,86.7,0.5,80.4,79.3,0.5,2.299999999999997,0.0,0.37318,0.5565599999999999,32.2,14.6,82.0,0.37938,0.59042,30.2,17.8,82.6,-0.5999999999999943,1.0,-1.0,0.0,2.0,0.0,1,1
102874,2021-22,2022-01-09 11:30:00+00:00,17,Unicaja,Valencia Basket,14,13,85.4,77.2,0.6,92.4,84.0,0.6,-7.0,0.0,82.6,79.9,0.4,83.8,80.7,0.6,-1.2000000000000028,-0.19999999999999996,0.34053999999999995,0.59216,31.8,17.4,97.2,0.39864,0.5945400000000001,29.6,18.2,100.6,-3.3999999999999915,1.0,1.0,1.0,2.0,0.5,1,0
102963,2021-22,2022-01-09 16:00:00+00:00,14,Barça,BAXI Manresa,2,10,78.8,74.2,0.6,83.4,82.2,0.6,-4.6000000000000085,0.0,78.6,70.5,0.8,82.2,84.1,0.6,-3.6000000000000085,0.20000000000000007,0.31854,0.5861400000000001,31.8,16.0,86.8,0.29896,0.5283,35.4,19.4,89.4,-2.6000000000000085,1.0,1.0,2.0,2.0,1.0,1,0
102956,2021-22,2022-01-09 18:15:00+00:00,15,Joventut Badalona,Real Madrid,8,9,79.4,76.0,0.8,81.6,69.0,1.0,-2.1999999999999886,-0.19999999999999996,80.7,74.1,0.7,82.3,70.2,0.9,-1.5999999999999943,-0.20000000000000007,0.34722,0.50454,31.8,15.4,85.6,0.35354,0.49235999999999996,38.4,16.0,93.6,-8.0,3.0,5.0,0.0,2.0,0.0,1,0
102863,2021-22,2022-01-15 17:00:00+00:00,18,Monbus Obradoiro,Surne Bilbao Basket,57,4,81.6,86.6,0.4,84.4,85.4,0.6,-2.8000000000000114,-0.19999999999999996,78.0,86.7,0.3,81.4,84.6,0.6,-3.4000000000000057,-0.3,0.32046,0.5131,30.6,14.4,81.6,0.36038,0.59144,31.6,16.6,85.0,-3.4000000000000057,-1.0,1.0,1.0,3.0,0.3333333333333333,1,0
103008,2021-22,2022-01-16 11:30:00+00:00,11,Río Breogán,Joventut Badalona,25,8,85.6,85.8,0.6,79.6,79.8,0.8,6.0,-0.20000000000000007,80.8,81.4,0.5,80.7,74.7,0.7,0.09999999999999432,-0.19999999999999996,0.30754000000000004,0.58446,34.2,16.4,89.8,0.33242000000000005,0.51424,32.0,15.2,87.8,2.0,1.0,3.0,0.0,0.0,0.5,1,0
102773,2021-22,2022-01-16 16:00:00+00:00,18,BAXI Manresa,Gran Canaria,10,5,85.4,86.2,0.6,82.8,92.8,0.0,2.6000000000000085,0.6,85.7,83.1,0.7,81.1,83.3,0.4,4.6000000000000085,0.29999999999999993,0.31038,0.49826000000000004,37.0,16.8,84.4,0.3029,0.53574,29.2,13.0,76.8,7.6000000000000085,1.0,-5.0,1.0,3.0,0.3333333333333333,1,1
102771,2021-22,2022-01-16 16:00:00+00:00,18,Real Madrid,Casademont Zaragoza,9,16,85.4,73.6,1.0,80.0,89.0,0.4,5.400000000000006,0.6,83.4,70.2,0.9,79.7,84.2,0.4,3.700000000000003,0.5,0.40099999999999997,0.5307000000000001,33.8,16.6,94.8,0.2898,0.54028,29.4,18.2,81.2,13.599999999999994,5.0,-1.0,3.0,3.0,1.0,1,1
102769,2021-22,2022-01-16 16:30:00+00:00,18,MoraBanc Andorra,Bitci Baskonia,22,3,78.2,81.0,0.2,88.2,84.2,0.8,-10.0,-0.6000000000000001,78.8,79.6,0.4,81.9,82.7,0.5,-3.1000000000000085,-0.09999999999999998,0.37692,0.56538,31.0,16.4,76.4,0.41365999999999997,0.52128,33.0,17.2,97.4,-21.0,-3.0,3.0,0.0,3.0,0.0,1,0
102973,2021-22,2022-01-19 18:00:00+00:00,17,Río Breogán,Bitci Baskonia,25,3,88.0,86.6,0.6,87.4,84.4,0.8,0.5999999999999943,-0.20000000000000007,83.1,83.2,0.5,83.3,83.4,0.6,-0.20000000000000284,-0.09999999999999998,0.34736,0.57722,34.0,16.4,94.6,0.41406,0.5126999999999999,33.2,17.6,95.2,-0.6000000000000085,1.0,3.0,0.0,0.0,0.5,1,1
102968,2021-22,2022-01-19 20:30:00+00:00,15,BAXI Manresa,Monbus Obradoiro,10,57,90.2,86.4,0.8,84.6,89.8,0.4,5.6000000000000085,0.4,86.3,82.9,0.7,80.1,87.2,0.3,6.200000000000003,0.39999999999999997,0.32662,0.5413600000000001,35.6,18.8,94.0,0.37534,0.51014,29.8,15.8,84.8,9.200000000000003,3.0,-1.0,0.0,2.0,0.0,1,1
102971,2021-22,2022-01-22 17:00:00+00:00,16,MoraBanc Andorra,BAXI Manresa,22,10,78.4,80.2,0.2,92.0,84.6,0.8,-13.599999999999994,-0.6000000000000001,78.7,80.2,0.3,88.5,82.3,0.8,-9.799999999999997,-0.5,0.35166,0.5513,32.8,16.2,77.0,0.30544,0.52446,36.4,17.6,96.0,-19.0,-3.0,3.0,2.0,2.0,1.0,1,0
102986,2021-22,2022-01-23 11:30:00+00:00,16,UCAM Murcia,Lenovo Tenerife,12,28,84.2,79.4,0.6,85.6,87.0,0.4,-1.3999999999999915,0.19999999999999996,88.2,80.6,0.6,82.4,79.5,0.6,5.799999999999997,0.0,0.3997,0.50664,32.2,14.8,81.2,0.34562,0.54738,25.6,19.0,90.2,-9.0,1.0,-1.0,0.0,2.0,0.0,1,1
102982,2021-22,2022-01-23 11:30:00+00:00,16,Coosur Real Betis,Surne Bilbao Basket,15,4,74.0,79.4,0.2,86.8,83.6,0.8,-12.799999999999997,-0.6000000000000001,74.4,82.2,0.2,82.5,85.7,0.6,-8.099999999999994,-0.39999999999999997,0.33099999999999996,0.47372000000000003,32.8,14.0,69.2,0.345,0.58416,32.8,16.0,92.0,-22.799999999999997,-3.0,3.0,0.0,2.0,0.0,1,0
102985,2021-22,2022-01-23 16:00:00+00:00,16,Bitci Baskonia,Hereda San Pablo Burgos,3,549,85.8,86.6,0.6,82.4,90.4,0.2,3.3999999999999915,0.39999999999999997,83.7,84.3,0.6,78.3,86.9,0.1,5.400000000000006,0.5,0.39292,0.5263199999999999,33.0,16.4,90.6,0.34072,0.52168,33.8,15.0,81.4,9.199999999999989,1.0,-3.0,0.0,2.0,0.0,1,1
102984,2021-22,2022-01-23 17:30:00+00:00,16,Real Madrid,Barça,9,2,87.0,74.4,1.0,82.0,80.6,0.4,5.0,0.6,85.8,69.6,1.0,79.7,73.3,0.7,6.099999999999994,0.30000000000000004,0.37842000000000003,0.54912,32.2,16.6,98.2,0.32316,0.56672,31.2,15.8,84.8,13.400000000000006,5.0,-1.0,1.0,2.0,0.5,1,0
102980,2021-22,2022-01-23 19:00:00+00:00,16,Monbus Obradoiro,Río Breogán,57,25,84.0,94.2,0.2,89.2,88.4,0.6,-5.200000000000003,-0.39999999999999997,81.5,87.2,0.3,84.9,83.6,0.6,-3.4000000000000057,-0.3,0.35488,0.51124,31.2,16.4,82.0,0.34132000000000007,0.60344,32.4,17.2,96.4,-14.400000000000006,-3.0,1.0,0.0,0.0,0.5,1,1
102972,2021-22,2022-01-26 19:30:00+00:00,17,Casademont Zaragoza,UCAM Murcia,16,12,80.8,90.6,0.4,87.6,83.2,0.6,-6.799999999999997,-0.19999999999999996,78.7,86.1,0.3,86.6,82.2,0.6,-7.8999999999999915,-0.3,0.26228,0.56504,28.0,17.6,78.2,0.43986000000000003,0.50254,33.0,14.8,84.2,-6.0,-1.0,1.0,1.0,2.0,0.5,1,1
102977,2021-22,2022-01-28 17:00:00+00:00,17,Hereda San Pablo Burgos,Lenovo Tenerife,549,28,82.4,89.8,0.2,86.6,90.2,0.2,-4.199999999999989,0.0,78.7,88.0,0.1,82.0,81.8,0.5,-3.299999999999997,-0.4,0.35264,0.50168,33.8,16.4,84.6,0.3699,0.5204,27.6,17.2,90.0,-5.400000000000006,-3.0,-3.0,0.0,2.0,0.0,1,0
102981,2021-22,2022-01-28 19:30:00+00:00,16,Urbas Fuenlabrada,Joventut Badalona,17,8,90.4,88.8,0.6,80.8,81.6,0.8,9.600000000000009,-0.20000000000000007,85.2,87.7,0.4,79.2,77.3,0.7,6.0,-0.29999999999999993,0.41384,0.56254,30.0,22.4,98.0,0.378,0.49476,33.4,16.0,86.6,11.400000000000006,1.0,3.0,1.0,2.0,0.5,1,0
102979,2021-22,2022-01-28 20:00:00+00:00,16,Valencia Basket,Gran Canaria,13,5,92.4,84.6,0.6,79.4,91.4,0.0,13.0,0.6,84.6,79.6,0.7,78.9,85.4,0.3,5.699999999999989,0.39999999999999997,0.39049999999999996,0.5606800000000001,31.2,17.6,100.2,0.24906,0.52956,30.4,13.4,73.0,27.200000000000003,1.0,-5.0,1.0,2.0,0.5,1,1
102970,2021-22,2022-01-30 11:30:00+00:00,15,Surne Bilbao Basket,Unicaja,4,14,87.2,77.6,1.0,83.8,77.4,0.4,3.4000000000000057,0.6,82.6,84.7,0.6,83.4,80.1,0.4,-0.8000000000000114,0.19999999999999996,0.35872000000000004,0.59376,34.0,17.2,97.6,0.31162,0.6037399999999999,28.6,16.2,91.8,5.799999999999997,5.0,-1.0,0.0,2.0,0.0,1,1
102791,2021-22,2022-01-30 16:00:00+00:00,20,BAXI Manresa,Hereda San Pablo Burgos,10,549,92.0,84.4,0.8,79.2,89.6,0.0,12.799999999999997,0.8,88.0,82.3,0.8,77.9,87.4,0.1,10.099999999999994,0.7000000000000001,0.32439999999999997,0.5275,35.8,18.4,96.0,0.3393,0.51388,32.2,16.4,79.2,16.799999999999997,3.0,-5.0,1.0,3.0,0.3333333333333333,1,1
102875,2021-22,2022-01-30 17:30:00+00:00,17,Barça,Joventut Badalona,2,8,83.2,78.2,0.6,85.0,82.6,0.8,-1.7999999999999972,-0.20000000000000007,80.6,74.5,0.7,82.3,77.6,0.8,-1.7000000000000028,-0.10000000000000009,0.3602,0.53688,33.2,16.0,86.6,0.39956,0.53298,33.0,17.8,93.6,-7.0,1.0,3.0,2.0,2.0,1.0,1,1
102987,2021-22,2022-01-30 19:00:00+00:00,15,Lenovo Tenerife,Valencia Basket,28,13,83.2,87.0,0.2,90.6,80.2,0.6,-7.3999999999999915,-0.39999999999999997,83.0,82.6,0.5,86.8,79.3,0.7,-3.799999999999997,-0.19999999999999996,0.3252,0.5790200000000001,26.6,18.2,88.2,0.38045999999999996,0.57134,30.6,18.2,97.0,-8.799999999999997,-3.0,1.0,2.0,2.0,1.0,1,0
102789,2021-22,2022-01-30 19:00:00+00:00,20,Real Madrid,MoraBanc Andorra,9,22,86.2,76.6,0.8,77.0,82.0,0.0,9.200000000000003,0.8,85.0,71.6,0.9,79.1,80.8,0.3,5.900000000000006,0.6000000000000001,0.35278,0.56822,32.0,16.2,96.6,0.37054,0.5302999999999999,31.6,16.6,77.6,19.0,3.0,-5.0,3.0,3.0,1.0,1,0
102978,2021-22,2022-01-30 21:15:00+00:00,17,Gran Canaria,Monbus Obradoiro,5,57,75.4,91.8,0.0,89.4,93.6,0.4,-14.0,-0.4,77.6,87.5,0.2,82.8,87.9,0.3,-5.200000000000003,-0.09999999999999998,0.23879999999999998,0.50724,30.0,12.2,66.2,0.36476,0.5341199999999999,32.6,19.0,91.4,-25.200000000000003,-5.0,-1.0,0.0,2.0,0.0,1,1
102779,2021-22,2022-01-31 19:30:00+00:00,20,Urbas Fuenlabrada,Casademont Zaragoza,17,16,89.6,91.6,0.6,84.2,89.2,0.6,5.3999999999999915,0.0,85.4,89.6,0.4,80.2,86.0,0.4,5.200000000000003,0.0,0.40953999999999996,0.56634,28.4,20.6,93.8,0.26164,0.56504,27.6,17.8,81.2,12.599999999999994,1.0,1.0,2.0,3.0,0.6666666666666666,1,1
102787,2021-22,2022-02-05 17:00:00+00:00,21,Coosur Real Betis,Río Breogán,15,25,78.6,82.8,0.2,90.8,91.8,0.6,-12.200000000000003,-0.39999999999999997,74.5,81.6,0.2,85.7,85.7,0.6,-11.200000000000003,-0.39999999999999997,0.3465,0.4819800000000001,33.2,15.8,78.4,0.3877400000000001,0.56492,32.2,16.6,97.8,-19.39999999999999,-3.0,1.0,0.0,1.0,0.0,1,1
102788,2021-22,2022-02-05 17:00:00+00:00,21,Casademont Zaragoza,Unicaja,16,14,76.8,88.0,0.4,83.4,79.4,0.2,-6.6000000000000085,0.2,77.5,86.5,0.3,83.8,80.9,0.4,-6.299999999999997,-0.10000000000000003,0.2371,0.52206,28.2,15.4,69.2,0.29478,0.62374,28.4,15.2,86.0,-16.799999999999997,-1.0,-3.0,1.0,3.0,0.3333333333333333,1,1
102785,2021-22,2022-02-05 19:45:00+00:00,21,MoraBanc Andorra,Joventut Badalona,22,8,79.8,82.0,0.2,85.0,86.0,0.6,-5.200000000000003,-0.39999999999999997,79.6,81.7,0.3,82.8,80.3,0.7,-3.200000000000003,-0.39999999999999997,0.40102000000000004,0.5462199999999999,31.4,16.2,83.0,0.37239999999999995,0.54554,30.8,16.6,91.4,-8.400000000000006,-3.0,1.0,1.0,3.0,0.3333333333333333,1,1
102784,2021-22,2022-02-06 11:30:00+00:00,21,Barça,Monbus Obradoiro,2,57,86.4,81.2,0.6,83.0,89.0,0.2,3.4000000000000057,0.39999999999999997,82.7,76.8,0.7,81.6,86.6,0.3,1.1000000000000085,0.39999999999999997,0.41913999999999996,0.53688,31.8,16.4,90.6,0.34824,0.5478400000000001,33.6,18.4,83.6,7.0,1.0,-3.0,3.0,3.0,1.0,1,1
102783,2021-22,2022-02-06 12:00:00+00:00,21,Lenovo Tenerife,UCAM Murcia,28,12,80.2,84.0,0.2,87.8,84.8,0.6,-7.599999999999994,-0.39999999999999997,83.6,82.7,0.5,86.4,83.4,0.5,-2.8000000000000114,0.0,0.36532,0.5570600000000001,25.6,16.6,84.2,0.41106,0.51698,35.8,15.0,84.6,-0.3999999999999915,-3.0,1.0,2.0,3.0,0.6666666666666666,1,1
102782,2021-22,2022-02-06 16:00:00+00:00,21,Urbas Fuenlabrada,Bitci Baskonia,17,3,87.4,85.2,0.6,81.6,83.2,0.6,5.800000000000011,0.0,84.1,86.9,0.4,85.2,82.9,0.7,-1.1000000000000085,-0.29999999999999993,0.40442,0.5318,31.8,20.4,92.0,0.36526000000000003,0.5441,32.2,16.6,83.8,8.200000000000003,1.0,1.0,0.0,3.0,0.0,1,1
102781,2021-22,2022-02-06 17:30:00+00:00,21,Real Madrid,Valencia Basket,9,13,86.8,80.0,0.6,89.2,78.2,0.8,-2.4000000000000057,-0.20000000000000007,83.8,74.3,0.8,87.2,79.6,0.7,-3.4000000000000057,0.10000000000000009,0.3882,0.5650999999999999,31.2,15.6,93.0,0.3618,0.5911000000000001,31.4,18.4,98.6,-5.599999999999994,1.0,3.0,2.0,3.0,0.6666666666666666,1,0
102780,2021-22,2022-02-06 19:00:00+00:00,21,Surne Bilbao Basket,BAXI Manresa,4,10,87.2,78.0,1.0,93.2,79.6,1.0,-6.0,0.0,83.0,83.7,0.7,88.3,80.9,0.8,-5.299999999999997,-0.10000000000000009,0.39546000000000003,0.57894,36.8,16.0,95.8,0.30544,0.53842,38.2,18.0,101.0,-5.200000000000003,5.0,5.0,0.0,3.0,0.0,1,1
102975,2021-22,2022-02-09 19:00:00+00:00,17,Coosur Real Betis,Urbas Fuenlabrada,15,17,80.8,83.2,0.4,87.2,84.4,0.6,-6.400000000000006,-0.19999999999999996,75.3,81.0,0.3,85.6,86.0,0.5,-10.299999999999997,-0.2,0.36157999999999996,0.50152,32.6,18.2,86.0,0.35869999999999996,0.5746,31.8,19.2,93.6,-7.599999999999994,-1.0,1.0,1.0,2.0,0.5,1,1
102760,2021-22,2022-02-12 17:00:00+00:00,22,BAXI Manresa,Casademont Zaragoza,10,16,90.4,78.4,0.8,76.0,88.6,0.4,14.400000000000006,0.4,87.9,82.3,0.7,79.0,86.3,0.4,8.900000000000006,0.29999999999999993,0.28018,0.5561999999999999,35.8,18.8,101.6,0.23678,0.5087200000000001,28.2,14.0,68.8,32.8,3.0,-1.0,2.0,3.0,0.6666666666666666,1,1
102759,2021-22,2022-02-12 19:45:00+00:00,22,Monbus Obradoiro,MoraBanc Andorra,57,22,82.2,87.4,0.2,81.4,78.0,0.4,0.7999999999999972,-0.2,81.9,87.0,0.3,81.7,81.0,0.4,0.20000000000000284,-0.10000000000000003,0.3071,0.5786,33.8,17.8,82.0,0.40788,0.58078,32.6,16.0,88.0,-6.0,-3.0,-1.0,1.0,3.0,0.3333333333333333,1,1
102777,2021-22,2022-02-12 19:45:00+00:00,22,Joventut Badalona,Lenovo Tenerife,8,28,84.2,89.8,0.4,85.6,83.2,0.4,-1.3999999999999915,0.0,81.8,82.9,0.6,83.9,81.7,0.5,-2.1000000000000085,0.09999999999999998,0.34032,0.55892,29.4,16.8,89.6,0.42932,0.53228,29.6,18.0,92.8,-3.200000000000003,-1.0,-1.0,2.0,3.0,0.6666666666666666,1,0
102739,2021-22,2022-02-13 11:30:00+00:00,22,Bitci Baskonia,Coosur Real Betis,3,15,78.2,83.4,0.4,84.2,83.0,0.6,-6.0,-0.19999999999999996,83.0,82.4,0.6,76.8,81.2,0.3,6.200000000000003,0.3,0.33140000000000003,0.54642,32.6,16.0,79.6,0.36385999999999996,0.55708,33.6,19.2,95.2,-15.600000000000009,-1.0,1.0,3.0,3.0,1.0,1,1
102737,2021-22,2022-02-13 12:00:00+00:00,22,Gran Canaria,Urbas Fuenlabrada,5,17,73.6,89.2,0.2,83.0,85.0,0.4,-9.400000000000006,-0.2,76.8,86.8,0.2,86.3,86.0,0.5,-9.5,-0.3,0.2515,0.49752,29.0,12.4,65.4,0.32298,0.56924,31.0,17.8,82.6,-17.19999999999999,-3.0,-1.0,2.0,3.0,0.6666666666666666,1,1
102736,2021-22,2022-02-13 16:00:00+00:00,22,Río Breogán,Valencia Basket,25,13,87.4,89.2,0.4,88.6,77.2,1.0,-1.1999999999999886,-0.6,84.4,85.2,0.5,88.5,80.5,0.8,-4.099999999999994,-0.30000000000000004,0.38324,0.5497399999999999,31.8,17.0,92.8,0.34356,0.6211399999999999,31.8,18.0,99.4,-6.6000000000000085,-1.0,5.0,1.0,1.0,1.0,1,1
102735,2021-22,2022-02-13 17:30:00+00:00,22,Unicaja,Real Madrid,14,9,85.0,82.2,0.2,87.0,81.4,0.4,-2.0,-0.2,84.6,81.9,0.4,84.3,75.2,0.7,0.29999999999999716,-0.29999999999999993,0.34243999999999997,0.5912,27.4,15.6,85.8,0.39727999999999997,0.56796,29.2,15.6,91.4,-5.6000000000000085,-3.0,-1.0,0.0,3.0,0.0,1,0
102774,2021-22,2022-02-16 18:00:00+00:00,18,Urbas Fuenlabrada,Unicaja,17,14,77.2,81.4,0.4,88.8,85.4,0.2,-11.599999999999994,0.2,83.8,85.1,0.5,84.8,81.9,0.4,-1.0,0.09999999999999998,0.3066,0.5226599999999999,32.6,15.4,72.8,0.3849,0.57008,27.4,16.8,89.0,-16.200000000000003,-1.0,-3.0,1.0,3.0,0.3333333333333333,1,0
102795,2021-22,2022-02-16 19:30:00+00:00,20,Monbus Obradoiro,Coosur Real Betis,57,15,80.2,82.8,0.4,82.0,84.2,0.6,-1.7999999999999972,-0.19999999999999996,82.4,86.3,0.4,76.8,82.3,0.3,5.6000000000000085,0.10000000000000003,0.2629,0.58578,33.6,17.6,84.0,0.32577999999999996,0.57296,33.6,18.6,92.4,-8.400000000000006,-1.0,1.0,2.0,3.0,0.6666666666666666,1,0
102733,2021-22,2022-02-16 20:30:00+00:00,22,Hereda San Pablo Burgos,Surne Bilbao Basket,549,4,76.0,87.8,0.0,86.0,78.4,1.0,-10.0,-1.0,78.2,88.5,0.1,85.8,82.4,0.8,-7.599999999999994,-0.7000000000000001,0.30314,0.5222,31.2,17.0,73.6,0.38766,0.5913,35.2,15.2,95.0,-21.400000000000006,-5.0,5.0,1.0,3.0,0.3333333333333333,1,1
102954,2021-22,2022-03-01 20:00:00+00:00,15,Barça,MoraBanc Andorra,2,22,87.4,76.4,0.8,81.8,79.4,0.4,5.6000000000000085,0.4,83.5,76.2,0.7,80.0,80.2,0.3,3.5,0.39999999999999997,0.4542,0.49433999999999995,34.4,16.6,96.4,0.40018000000000004,0.58836,30.6,16.8,87.2,9.200000000000003,3.0,-1.0,2.0,2.0,1.0,1,1
102873,2021-22,2022-03-04 19:00:00+00:00,18,Joventut Badalona,Río Breogán,8,25,81.6,86.6,0.4,87.8,87.8,0.4,-6.200000000000003,0.0,80.6,83.2,0.6,86.7,86.8,0.5,-6.1000000000000085,0.09999999999999998,0.31574,0.5583199999999999,29.4,17.6,83.2,0.40809999999999996,0.56952,31.2,16.8,96.0,-12.799999999999997,-1.0,-1.0,1.0,1.0,1.0,1,1
102770,2021-22,2022-03-05 17:00:00+00:00,18,Valencia Basket,Barça,13,2,86.8,82.8,0.8,93.8,82.0,0.8,-7.0,0.0,89.6,83.4,0.7,86.3,78.1,0.7,3.299999999999997,0.0,0.33842,0.60258,29.6,18.4,91.6,0.47168,0.51004,32.4,17.8,104.8,-13.200000000000003,3.0,3.0,2.0,3.0,0.6666666666666666,1,1
102730,2021-22,2022-03-05 17:00:00+00:00,23,Unicaja,UCAM Murcia,14,12,81.0,81.6,0.2,81.6,85.4,0.4,-0.5999999999999943,-0.2,83.2,79.4,0.4,84.6,82.7,0.5,-1.3999999999999915,-0.09999999999999998,0.36694,0.5332399999999999,27.2,14.2,76.4,0.37932,0.50132,36.4,14.0,76.6,-0.19999999999998863,-3.0,-1.0,2.0,3.0,0.6666666666666666,1,0
102723,2021-22,2022-03-05 19:45:00+00:00,24,BAXI Manresa,Urbas Fuenlabrada,10,17,91.0,78.6,0.8,71.4,75.2,0.4,19.599999999999994,0.4,90.6,82.5,0.8,80.5,83.4,0.5,10.099999999999994,0.30000000000000004,0.30517999999999995,0.5184799999999999,35.2,17.6,97.4,0.2506,0.47795999999999994,37.4,14.6,68.2,29.200000000000003,3.0,-1.0,2.0,3.0,0.6666666666666666,1,1
102726,2021-22,2022-03-06 11:30:00+00:00,23,Coosur Real Betis,Hereda San Pablo Burgos,15,549,83.8,86.2,0.6,78.0,87.0,0.2,5.799999999999997,0.39999999999999997,78.9,82.8,0.4,80.4,89.2,0.2,-1.5,0.2,0.3343,0.5681,32.2,17.8,92.8,0.32192,0.48130000000000006,34.2,16.6,76.0,16.799999999999997,1.0,-3.0,1.0,3.0,0.3333333333333333,1,0
102727,2021-22,2022-03-06 12:00:00+00:00,23,Lenovo Tenerife,Monbus Obradoiro,28,57,81.2,74.0,0.6,80.6,80.6,0.4,0.6000000000000085,0.19999999999999996,83.4,80.5,0.5,82.3,87.4,0.3,1.1000000000000085,0.2,0.40616,0.55316,31.2,15.6,90.6,0.26782000000000006,0.5961000000000001,34.6,16.8,86.0,4.599999999999994,1.0,-1.0,3.0,3.0,1.0,1,1
102732,2021-22,2022-03-06 16:00:00+00:00,23,MoraBanc Andorra,Río Breogán,22,25,83.8,85.0,0.4,87.8,89.0,0.4,-4.0,0.0,81.1,82.6,0.3,87.9,87.8,0.5,-6.800000000000011,-0.2,0.39518,0.5983799999999999,29.4,15.6,86.6,0.34513999999999995,0.61426,33.0,16.0,96.2,-9.600000000000009,-1.0,-1.0,0.0,1.0,0.0,1,0
102728,2021-22,2022-03-06 16:00:00+00:00,23,Surne Bilbao Basket,Joventut Badalona,4,8,90.6,85.0,0.8,82.8,86.6,0.4,7.799999999999997,0.4,87.5,85.2,0.7,81.8,84.1,0.6,5.700000000000003,0.09999999999999998,0.38952,0.58606,37.6,15.2,95.8,0.33164,0.5428,29.2,19.0,85.2,10.599999999999994,3.0,-1.0,1.0,3.0,0.3333333333333333,1,0
102725,2021-22,2022-03-06 17:30:00+00:00,23,Real Madrid,Bitci Baskonia,9,3,87.4,85.4,0.4,81.0,78.4,0.6,6.400000000000006,-0.19999999999999996,86.4,79.5,0.7,84.6,81.3,0.7,1.8000000000000114,0.0,0.39316000000000006,0.54814,30.0,14.0,93.0,0.3452,0.56994,30.6,18.0,89.6,3.4000000000000057,-1.0,1.0,3.0,3.0,1.0,1,0
102724,2021-22,2022-03-06 19:00:00+00:00,23,Casademont Zaragoza,Gran Canaria,16,5,76.2,85.0,0.4,73.4,82.2,0.4,2.799999999999997,0.0,78.1,87.0,0.4,78.1,85.2,0.3,0.0,0.10000000000000003,0.25286,0.54758,28.4,12.2,71.2,0.24830000000000002,0.5429999999999999,31.2,13.2,73.2,-2.0,-1.0,-1.0,1.0,3.0,0.3333333333333333,1,0
102729,2021-22,2022-03-08 19:30:00+00:00,23,Urbas Fuenlabrada,Barça,17,2,73.8,84.0,0.2,90.0,80.0,0.8,-16.200000000000003,-0.6000000000000001,80.6,84.6,0.4,86.0,80.3,0.6,-5.400000000000006,-0.19999999999999996,0.26106,0.47626,35.8,15.2,70.0,0.45602,0.5344800000000001,28.4,18.4,98.8,-28.799999999999997,-3.0,3.0,0.0,3.0,0.0,1,0
102775,2021-22,2022-03-09 19:30:00+00:00,18,UCAM Murcia,Hereda San Pablo Burgos,12,549,85.0,86.8,0.6,77.6,84.4,0.4,7.400000000000006,0.19999999999999996,83.5,83.8,0.5,80.0,87.4,0.3,3.5,0.2,0.37306,0.53486,39.0,14.2,83.6,0.35384000000000004,0.48416,33.6,16.2,77.2,6.3999999999999915,1.0,-1.0,1.0,3.0,0.3333333333333333,1,0
102740,2021-22,2022-03-12 17:00:00+00:00,24,Joventut Badalona,Valencia Basket,8,13,77.4,84.4,0.4,86.6,81.6,0.8,-9.199999999999989,-0.4,81.2,83.5,0.6,89.5,83.1,0.7,-8.299999999999997,-0.09999999999999998,0.30876000000000003,0.5334,28.8,17.4,77.2,0.30918,0.59894,30.6,18.6,91.2,-14.0,-1.0,3.0,1.0,3.0,0.3333333333333333,1,1
102741,2021-22,2022-03-12 17:00:00+00:00,24,Casademont Zaragoza,Lenovo Tenerife,16,28,77.6,83.4,0.4,81.2,73.0,0.8,-3.6000000000000085,-0.4,79.2,87.0,0.4,83.9,81.6,0.5,-4.700000000000003,-0.09999999999999998,0.30374,0.55192,27.4,12.8,77.8,0.38616,0.5729599999999999,30.4,16.4,92.0,-14.200000000000003,-1.0,3.0,0.0,3.0,0.0,1,0
102738,2021-22,2022-03-12 19:45:00+00:00,24,Gran Canaria,Unicaja,5,14,74.0,77.4,0.6,82.0,81.8,0.2,-8.0,0.39999999999999997,78.4,85.1,0.3,82.9,79.6,0.3,-4.5,0.0,0.31292,0.5141399999999999,32.4,14.2,73.6,0.38264,0.5036200000000001,28.6,14.8,78.6,-5.0,1.0,-3.0,1.0,3.0,0.3333333333333333,1,1
102757,2021-22,2022-03-12 19:45:00+00:00,24,Río Breogán,Surne Bilbao Basket,25,4,87.2,88.2,0.4,85.6,82.2,0.6,1.6000000000000085,-0.19999999999999996,88.2,88.3,0.5,86.2,82.9,0.7,2.0,-0.19999999999999996,0.33704,0.59772,33.8,16.0,96.0,0.36974,0.55696,36.6,14.6,87.2,8.799999999999997,-1.0,1.0,0.0,1.0,0.0,1,0
102756,2021-22,2022-03-13 11:30:00+00:00,24,UCAM Murcia,MoraBanc Andorra,12,22,81.6,88.0,0.4,83.8,85.8,0.4,-2.200000000000003,0.0,82.9,83.7,0.5,80.4,83.9,0.2,2.5,0.3,0.31194,0.52774,39.6,14.4,78.6,0.35629999999999995,0.62506,31.0,14.0,83.4,-4.800000000000011,-1.0,-1.0,0.0,3.0,0.0,1,1
102755,2021-22,2022-03-13 16:00:00+00:00,24,Barça,Coosur Real Betis,2,15,90.2,78.8,0.8,83.8,83.4,0.6,6.400000000000006,0.20000000000000007,86.7,78.5,0.7,81.2,83.1,0.4,5.5,0.29999999999999993,0.43186,0.56896,29.4,19.4,101.0,0.3453,0.58074,31.8,18.2,95.0,6.0,3.0,1.0,3.0,3.0,1.0,1,1
102754,2021-22,2022-03-13 17:30:00+00:00,24,Hereda San Pablo Burgos,Real Madrid,549,9,81.6,85.0,0.6,83.0,87.6,0.2,-1.4000000000000057,0.39999999999999997,82.0,87.4,0.4,85.0,81.0,0.6,-3.0,-0.19999999999999996,0.35146,0.52638,34.8,16.6,83.0,0.34907999999999995,0.5454800000000001,29.6,13.2,84.6,-1.5999999999999943,1.0,-3.0,0.0,3.0,0.0,1,0
102753,2021-22,2022-03-13 19:00:00+00:00,24,Monbus Obradoiro,Bitci Baskonia,57,3,77.2,81.2,0.2,81.2,77.2,0.6,-4.0,-0.39999999999999997,83.3,87.4,0.3,84.3,80.8,0.7,-1.0,-0.39999999999999997,0.26068,0.5917399999999999,33.4,16.4,80.2,0.3407,0.5761999999999999,30.8,17.6,89.6,-9.399999999999991,-3.0,1.0,0.0,3.0,0.0,1,1
102731,2021-22,2022-03-14 19:30:00+00:00,23,Valencia Basket,BAXI Manresa,13,10,82.0,84.4,0.6,90.0,79.6,0.8,-8.0,-0.20000000000000007,86.3,82.3,0.6,91.0,82.1,0.8,-4.700000000000003,-0.20000000000000007,0.27159999999999995,0.57108,31.2,16.2,84.2,0.35636,0.53538,33.0,18.0,96.2,-12.0,1.0,3.0,3.0,3.0,1.0,1,1
102790,2021-22,2022-03-16 20:00:00+00:00,20,Bitci Baskonia,Barça,3,2,79.8,75.6,0.6,87.0,74.6,0.8,-7.200000000000003,-0.20000000000000007,82.8,81.1,0.6,86.7,77.9,0.7,-3.9000000000000057,-0.09999999999999998,0.34365999999999997,0.5401999999999999,32.4,17.6,88.4,0.39816,0.53562,31.8,19.0,95.8,-7.3999999999999915,1.0,3.0,2.0,3.0,0.6666666666666666,1,0
102778,2021-22,2022-03-17 19:30:00+00:00,20,Joventut Badalona,Gran Canaria,8,5,75.8,78.2,0.6,74.8,71.0,0.8,1.0,-0.20000000000000007,80.4,82.1,0.6,77.1,81.2,0.4,3.3000000000000114,0.19999999999999996,0.30876000000000003,0.5174,31.8,17.0,75.8,0.34676,0.5236799999999999,32.0,13.8,77.0,-1.2000000000000028,1.0,3.0,0.0,3.0,0.0,1,1
102752,2021-22,2022-03-19 17:00:00+00:00,25,MoraBanc Andorra,Surne Bilbao Basket,22,4,79.6,88.4,0.2,86.8,85.2,0.6,-7.200000000000003,-0.39999999999999997,79.7,85.2,0.2,87.0,81.4,0.8,-7.299999999999997,-0.6000000000000001,0.31736,0.5965799999999999,30.6,13.2,72.2,0.40068000000000004,0.5415800000000001,35.6,14.0,87.4,-15.200000000000003,-3.0,1.0,2.0,3.0,0.6666666666666666,1,1
102751,2021-22,2022-03-19 17:00:00+00:00,25,Urbas Fuenlabrada,UCAM Murcia,17,12,70.8,87.2,0.0,83.2,84.2,0.4,-12.400000000000006,-0.4,79.0,85.8,0.3,85.4,83.7,0.5,-6.400000000000006,-0.2,0.26344,0.46012,32.8,15.0,64.0,0.28774,0.54962,39.2,16.0,83.4,-19.400000000000006,-5.0,-1.0,0.0,3.0,0.0,1,1
102750,2021-22,2022-03-19 19:45:00+00:00,25,Monbus Obradoiro,Unicaja,57,14,79.6,82.2,0.4,78.4,80.4,0.2,1.1999999999999886,0.2,81.3,85.6,0.3,80.9,79.9,0.2,0.3999999999999915,0.09999999999999998,0.28164,0.5880799999999999,30.2,17.4,83.8,0.3711,0.49030000000000007,28.6,15.0,74.4,9.399999999999991,-1.0,-3.0,0.0,3.0,0.0,1,0
102748,2021-22,2022-03-20 11:30:00+00:00,25,Real Madrid,BAXI Manresa,9,10,85.0,84.6,0.4,90.6,81.8,0.6,-5.599999999999994,-0.19999999999999996,85.6,80.6,0.6,91.3,83.1,0.7,-5.700000000000003,-0.09999999999999998,0.36366,0.54034,31.0,15.2,91.6,0.33356,0.56094,31.2,17.0,92.6,-1.0,-1.0,1.0,3.0,3.0,1.0,1,0
102746,2021-22,2022-03-20 11:30:00+00:00,25,Coosur Real Betis,Joventut Badalona,15,8,79.6,83.8,0.4,77.8,75.0,0.8,1.7999999999999972,-0.4,80.2,83.5,0.4,81.0,82.4,0.6,-0.7999999999999972,-0.19999999999999996,0.3191,0.57378,31.4,16.0,87.8,0.3189,0.51552,34.4,16.6,77.6,10.200000000000003,-1.0,3.0,1.0,3.0,0.3333333333333333,1,0
102747,2021-22,2022-03-20 12:00:00+00:00,25,Lenovo Tenerife,Hereda San Pablo Burgos,28,549,80.4,70.8,0.8,81.0,85.8,0.6,-0.5999999999999943,0.20000000000000007,81.8,78.9,0.5,80.1,87.7,0.3,1.7000000000000028,0.2,0.3843,0.53866,32.2,14.2,89.2,0.35752,0.49678000000000005,35.2,16.6,82.4,6.799999999999997,3.0,1.0,3.0,3.0,1.0,1,1
102749,2021-22,2022-03-20 16:00:00+00:00,25,Valencia Basket,Casademont Zaragoza,13,16,84.0,85.8,0.6,71.8,83.2,0.2,12.200000000000003,0.39999999999999997,86.6,82.0,0.7,78.0,86.2,0.4,8.599999999999994,0.29999999999999993,0.29694,0.55682,31.2,16.2,85.0,0.2701,0.54858,27.0,11.8,69.4,15.599999999999994,1.0,-3.0,3.0,3.0,1.0,1,1
102745,2021-22,2022-03-20 17:30:00+00:00,25,Barça,Gran Canaria,2,5,89.6,76.6,0.8,77.4,69.2,0.8,12.199999999999989,0.0,88.5,76.5,0.8,76.4,80.5,0.4,12.099999999999994,0.4,0.40514,0.57476,30.0,20.2,96.2,0.34676,0.5355800000000001,31.8,14.6,81.6,14.600000000000009,3.0,3.0,3.0,3.0,1.0,1,1
102744,2021-22,2022-03-20 19:00:00+00:00,25,Bitci Baskonia,Río Breogán,3,25,79.2,81.0,0.4,87.8,87.0,0.4,-8.599999999999994,0.0,80.4,82.1,0.5,89.3,89.4,0.5,-8.899999999999991,0.0,0.33106,0.50972,32.4,16.8,86.6,0.3176,0.6118,33.2,16.2,96.4,-9.800000000000011,-1.0,-1.0,0.0,1.0,0.0,1,1
102793,2021-22,2022-03-23 19:30:00+00:00,20,UCAM Murcia,Río Breogán,12,25,86.6,87.0,0.4,88.4,88.0,0.4,-1.8000000000000114,0.0,87.2,85.9,0.5,87.9,88.6,0.4,-0.7000000000000028,0.09999999999999998,0.28944000000000003,0.5418200000000001,36.6,16.8,87.2,0.34352,0.62386,32.6,16.6,97.8,-10.599999999999994,-1.0,-1.0,0.0,1.0,0.0,1,1
102742,2021-22,2022-03-26 17:00:00+00:00,26,Río Breogán,Monbus Obradoiro,25,57,83.0,89.8,0.2,80.4,82.6,0.4,2.5999999999999943,-0.2,85.4,88.8,0.3,81.3,85.0,0.3,4.1000000000000085,0.0,0.31494,0.57394,32.2,15.2,83.4,0.31998000000000004,0.56628,31.6,16.6,86.4,-3.0,-3.0,-1.0,0.0,1.0,0.0,1,1
102743,2021-22,2022-03-26 17:00:00+00:00,26,Hereda San Pablo Burgos,Casademont Zaragoza,549,16,83.0,85.4,0.6,76.6,84.0,0.2,6.400000000000006,0.39999999999999997,79.5,86.6,0.3,76.7,86.0,0.3,2.799999999999997,0.0,0.37736000000000003,0.51262,34.6,16.8,87.4,0.3113,0.57668,26.8,12.8,73.4,14.0,1.0,-3.0,2.0,3.0,0.6666666666666666,1,1
102758,2021-22,2022-03-26 19:45:00+00:00,26,BAXI Manresa,MoraBanc Andorra,10,22,89.2,83.2,0.6,77.8,88.4,0.2,11.400000000000006,0.39999999999999997,91.2,81.4,0.8,79.6,83.2,0.3,11.600000000000009,0.5,0.34442000000000006,0.52422,31.4,15.8,85.8,0.30067999999999995,0.5758399999999999,30.0,11.8,67.8,18.0,1.0,-3.0,1.0,3.0,0.3333333333333333,1,1
102796,2021-22,2022-03-26 19:45:00+00:00,26,Gran Canaria,Lenovo Tenerife,5,28,79.2,75.0,0.6,83.0,70.4,1.0,-3.799999999999997,-0.4,76.4,82.1,0.4,81.6,77.2,0.6,-5.199999999999989,-0.19999999999999996,0.33578,0.54642,33.2,14.6,85.4,0.38674,0.53962,31.8,15.2,92.4,-7.0,1.0,5.0,0.0,3.0,0.0,1,1
102797,2021-22,2022-03-27 10:30:00+00:00,26,Real Madrid,Urbas Fuenlabrada,9,17,83.4,84.2,0.4,75.2,86.4,0.2,8.200000000000003,0.2,85.1,82.1,0.5,79.1,85.7,0.3,6.0,0.2,0.33490000000000003,0.5132399999999999,33.6,15.6,91.0,0.27536,0.475,33.2,16.0,73.2,17.799999999999997,-1.0,-3.0,3.0,3.0,1.0,1,1
102849,2021-22,2022-03-27 10:30:00+00:00,26,Unicaja,Coosur Real Betis,14,15,79.0,76.0,0.4,73.0,82.6,0.2,6.0,0.2,82.0,79.1,0.3,78.6,82.8,0.4,3.4000000000000057,-0.10000000000000003,0.35044,0.50056,29.4,15.6,77.2,0.28853999999999996,0.5349,29.0,14.4,72.8,4.400000000000006,-1.0,-3.0,1.0,3.0,0.3333333333333333,1,1
102798,2021-22,2022-03-27 10:30:00+00:00,26,UCAM Murcia,Valencia Basket,12,13,90.6,84.0,0.6,81.4,83.0,0.6,9.199999999999989,0.0,86.1,84.7,0.5,85.0,80.1,0.8,1.0999999999999943,-0.30000000000000004,0.3073,0.56246,35.8,17.4,94.0,0.27674,0.52302,33.2,17.2,84.6,9.400000000000006,1.0,1.0,1.0,3.0,0.3333333333333333,1,0
102851,2021-22,2022-03-27 15:00:00+00:00,26,Surne Bilbao Basket,Bitci Baskonia,4,3,84.6,86.2,0.4,83.0,81.0,0.6,1.5999999999999943,-0.19999999999999996,85.9,82.1,0.7,80.6,82.2,0.5,5.300000000000011,0.19999999999999996,0.35838000000000003,0.56274,31.6,13.8,82.4,0.35119999999999996,0.529,31.0,18.2,93.4,-11.0,-1.0,1.0,0.0,3.0,0.0,1,0
102850,2021-22,2022-03-27 16:30:00+00:00,26,Joventut Badalona,Barça,8,2,81.6,73.4,1.0,87.8,75.0,0.8,-6.200000000000003,0.19999999999999996,81.6,80.0,0.7,90.8,78.5,0.8,-9.200000000000003,-0.10000000000000009,0.38251999999999997,0.51038,37.0,17.2,88.6,0.42366000000000004,0.595,28.4,20.4,93.4,-4.800000000000011,5.0,3.0,0.0,3.0,0.0,1,1
102734,2021-22,2022-03-29 18:30:00+00:00,22,UCAM Murcia,Barça,12,2,87.2,81.0,0.4,87.0,74.4,0.8,0.20000000000000284,-0.4,86.1,83.9,0.5,88.5,77.2,0.8,-2.4000000000000057,-0.30000000000000004,0.27878,0.55558,35.8,17.8,92.4,0.40469999999999995,0.5923,31.6,19.0,96.0,-3.5999999999999943,-1.0,3.0,1.0,3.0,0.3333333333333333,1,0
102772,2021-22,2022-03-29 19:00:00+00:00,18,Lenovo Tenerife,Coosur Real Betis,28,15,81.0,74.0,0.8,74.6,83.2,0.2,6.400000000000006,0.6000000000000001,83.3,78.6,0.6,78.3,83.7,0.4,5.0,0.19999999999999996,0.38548,0.5572600000000001,28.8,15.0,88.2,0.32888,0.5015600000000001,29.8,14.6,74.8,13.400000000000006,3.0,-3.0,3.0,3.0,1.0,1,1
102792,2021-22,2022-03-30 18:30:00+00:00,20,Unicaja,Surne Bilbao Basket,14,4,80.0,73.6,0.6,79.2,87.8,0.2,0.7999999999999972,0.39999999999999997,84.4,79.5,0.4,82.6,83.1,0.6,1.8000000000000114,-0.19999999999999996,0.33106,0.52678,30.0,16.8,82.4,0.36188000000000003,0.5216200000000001,31.2,13.6,73.8,8.600000000000009,1.0,-3.0,2.0,3.0,0.6666666666666666,1,1
102786,2021-22,2022-03-31 18:30:00+00:00,21,Hereda San Pablo Burgos,Gran Canaria,549,5,77.8,77.2,0.6,81.2,78.4,0.6,-3.4000000000000057,0.0,77.9,82.1,0.4,77.3,80.3,0.5,0.6000000000000085,-0.09999999999999998,0.39289999999999997,0.5047200000000001,33.8,17.0,83.4,0.31273999999999996,0.53094,32.4,15.2,84.8,-1.3999999999999915,1.0,1.0,2.0,3.0,0.6666666666666666,1,0
102794,2021-22,2022-04-01 19:00:00+00:00,20,Valencia Basket,Lenovo Tenerife,13,28,79.4,77.4,0.8,86.0,81.8,0.8,-6.599999999999994,0.0,83.1,80.1,0.8,83.6,77.9,0.7,-0.5,0.10000000000000009,0.26706,0.50286,36.0,17.6,84.6,0.39198000000000005,0.5805400000000001,29.0,15.4,93.4,-8.800000000000011,3.0,3.0,1.0,3.0,0.3333333333333333,1,1
102847,2021-22,2022-04-02 16:00:00+00:00,27,Monbus Obradoiro,BAXI Manresa,57,10,79.8,84.0,0.2,91.6,77.4,0.8,-11.799999999999997,-0.6000000000000001,80.0,83.4,0.3,91.0,77.9,0.8,-11.0,-0.5,0.3388,0.56056,31.4,15.6,81.6,0.37194,0.52312,33.6,16.8,90.0,-8.400000000000006,-3.0,3.0,2.0,3.0,0.6666666666666666,1,1
102848,2021-22,2022-04-02 16:00:00+00:00,27,Coosur Real Betis,UCAM Murcia,15,12,75.4,85.8,0.0,88.0,81.0,0.4,-12.599999999999994,-0.4,79.6,86.0,0.3,84.8,84.5,0.4,-5.200000000000003,-0.10000000000000003,0.32098,0.5196600000000001,27.8,16.8,77.0,0.27226,0.5557000000000001,35.6,16.6,92.0,-15.0,-5.0,-1.0,0.0,3.0,0.0,1,0
102846,2021-22,2022-04-02 18:45:00+00:00,27,Casademont Zaragoza,Joventut Badalona,16,8,69.2,83.2,0.0,79.0,70.4,1.0,-9.799999999999997,-1.0,72.6,85.9,0.2,80.9,78.5,0.7,-8.300000000000011,-0.49999999999999994,0.27849999999999997,0.54152,28.2,11.6,62.6,0.35486,0.5260199999999999,38.0,17.0,86.8,-24.199999999999996,-5.0,5.0,0.0,3.0,0.0,1,0
102843,2021-22,2022-04-03 10:30:00+00:00,27,Urbas Fuenlabrada,Surne Bilbao Basket,17,4,78.6,89.0,0.2,74.8,85.2,0.2,3.799999999999997,0.0,77.9,85.2,0.3,82.7,85.1,0.5,-4.799999999999997,-0.2,0.30019999999999997,0.48191999999999996,33.0,16.8,77.6,0.3476,0.51174,29.6,12.8,69.8,7.799999999999997,-3.0,-3.0,0.0,3.0,0.0,1,1
102844,2021-22,2022-04-03 10:30:00+00:00,27,Río Breogán,Hereda San Pablo Burgos,25,549,81.6,86.2,0.4,78.4,80.2,0.4,3.1999999999999886,0.0,84.7,87.6,0.4,78.0,82.3,0.4,6.700000000000003,0.0,0.33672,0.51806,31.8,14.6,80.4,0.38648000000000005,0.48751999999999995,34.0,18.0,80.8,-0.3999999999999915,-1.0,-1.0,1.0,1.0,1.0,1,1
102842,2021-22,2022-04-03 15:00:00+00:00,27,MoraBanc Andorra,Barça,22,2,75.2,91.0,0.2,87.6,78.0,0.8,-12.399999999999991,-0.6000000000000001,78.5,85.2,0.3,88.9,78.4,0.8,-10.400000000000006,-0.5,0.292,0.55058,32.8,11.4,65.6,0.38439999999999996,0.5845,32.2,16.6,94.2,-28.60000000000001,-3.0,3.0,0.0,3.0,0.0,1,0
102845,2021-22,2022-04-03 15:00:00+00:00,27,Valencia Basket,Unicaja,13,14,80.6,79.8,0.8,83.6,78.0,0.6,-3.0,0.20000000000000007,83.6,80.7,0.8,82.3,79.8,0.4,1.2999999999999972,0.4,0.32662,0.5255599999999999,32.6,17.0,85.4,0.35606,0.5378000000000001,29.8,16.2,87.0,-1.5999999999999943,3.0,1.0,2.0,3.0,0.6666666666666666,1,1
102841,2021-22,2022-04-03 16:30:00+00:00,27,Lenovo Tenerife,Real Madrid,28,9,86.4,83.6,0.6,83.2,80.8,0.6,3.200000000000003,0.0,83.8,78.3,0.7,85.1,81.1,0.5,-1.2999999999999972,0.19999999999999996,0.37766,0.61554,28.0,16.6,93.8,0.29842,0.53498,36.2,16.8,96.8,-3.0,1.0,1.0,0.0,3.0,0.0,1,1
102840,2021-22,2022-04-03 18:00:00+00:00,27,Bitci Baskonia,Gran Canaria,3,5,82.4,79.0,0.6,81.2,78.6,0.6,1.2000000000000028,0.0,81.7,78.7,0.6,77.6,78.0,0.6,4.1000000000000085,0.0,0.3554,0.50352,34.8,16.4,91.6,0.32412,0.54632,29.6,16.4,87.2,4.3999999999999915,1.0,1.0,1.0,3.0,0.3333333333333333,1,0
102838,2021-22,2022-04-09 16:00:00+00:00,28,Urbas Fuenlabrada,Monbus Obradoiro,17,57,85.4,90.8,0.4,82.2,83.6,0.4,3.200000000000003,0.0,78.4,83.0,0.4,81.4,82.1,0.4,-3.0,0.0,0.3444,0.5467,29.0,18.0,87.4,0.36966,0.5205599999999999,32.0,16.2,85.6,1.8000000000000114,-1.0,-1.0,1.0,3.0,0.3333333333333333,1,1
102839,2021-22,2022-04-09 16:00:00+00:00,28,Coosur Real Betis,Casademont Zaragoza,15,16,78.0,89.6,0.0,67.2,79.8,0.0,10.799999999999997,0.0,80.9,86.5,0.3,71.7,82.4,0.2,9.200000000000003,0.09999999999999998,0.32062,0.5447600000000001,26.4,17.2,77.8,0.30968,0.49788000000000004,27.4,12.4,61.6,16.199999999999996,-5.0,-5.0,0.0,3.0,0.0,1,1
102837,2021-22,2022-04-09 18:45:00+00:00,28,BAXI Manresa,Joventut Badalona,10,8,91.0,82.4,0.6,79.0,68.8,1.0,12.0,-0.4,91.0,80.5,0.7,78.2,76.6,0.7,12.799999999999997,0.0,0.35736,0.53468,35.2,16.6,91.6,0.37117999999999995,0.5132,39.6,17.0,87.8,3.799999999999997,1.0,5.0,1.0,3.0,0.3333333333333333,1,1
102854,2021-22,2022-04-09 18:45:00+00:00,28,Lenovo Tenerife,Río Breogán,28,25,85.4,83.0,0.6,85.4,89.6,0.4,0.0,0.19999999999999996,82.9,76.9,0.7,86.3,88.9,0.4,-3.3999999999999915,0.29999999999999993,0.40352,0.58212,28.0,17.6,90.0,0.36816000000000004,0.5320199999999999,31.4,14.8,84.4,5.599999999999994,1.0,-1.0,0.0,1.0,0.0,1,1
102852,2021-22,2022-04-09 18:45:00+00:00,28,Surne Bilbao Basket,Valencia Basket,4,13,77.0,87.2,0.2,85.0,79.6,1.0,-8.0,-0.8,81.3,84.7,0.4,83.5,82.0,0.8,-2.200000000000003,-0.4,0.37322,0.51608,31.2,13.8,72.0,0.4043,0.53196,31.2,17.4,92.8,-20.799999999999997,-3.0,5.0,0.0,3.0,0.0,1,1
102853,2021-22,2022-04-10 10:30:00+00:00,28,UCAM Murcia,Gran Canaria,12,5,87.4,84.4,0.4,83.2,80.8,0.6,4.200000000000003,-0.19999999999999996,85.3,84.3,0.4,79.0,75.9,0.7,6.299999999999997,-0.29999999999999993,0.29406000000000004,0.5332600000000001,35.4,16.0,90.4,0.33412000000000003,0.52664,30.2,16.4,89.8,0.6000000000000085,-1.0,1.0,1.0,3.0,0.3333333333333333,1,1
102855,2021-22,2022-04-10 15:00:00+00:00,28,Unicaja,MoraBanc Andorra,14,22,81.2,78.4,0.6,72.4,86.8,0.2,8.799999999999997,0.39999999999999997,81.6,80.1,0.4,78.1,85.9,0.3,3.5,0.10000000000000003,0.35972,0.5644199999999999,30.0,16.6,84.6,0.257,0.5501999999999999,33.4,11.8,63.8,20.799999999999997,1.0,-3.0,1.0,3.0,0.3333333333333333,1,1
102871,2021-22,2022-04-10 16:30:00+00:00,28,Barça,Real Madrid,2,9,88.2,80.2,0.8,76.6,77.0,0.4,11.600000000000009,0.4,87.6,77.4,0.8,82.0,81.2,0.4,5.599999999999994,0.4,0.39586,0.55818,33.8,16.8,95.0,0.25842,0.51522,36.0,16.6,86.6,8.400000000000006,3.0,-1.0,2.0,3.0,0.6666666666666666,1,1
102870,2021-22,2022-04-10 18:00:00+00:00,28,Hereda San Pablo Burgos,Bitci Baskonia,549,3,79.8,84.6,0.2,80.4,81.8,0.4,-0.6000000000000085,-0.2,80.7,84.8,0.4,80.8,79.5,0.5,-0.09999999999999432,-0.09999999999999998,0.41028000000000003,0.49654,31.0,18.2,81.0,0.3438,0.50984,34.4,16.6,88.6,-7.599999999999994,-3.0,-1.0,2.0,3.0,0.6666666666666666,1,0
102767,2021-22,2022-04-12 17:00:00+00:00,19,Coosur Real Betis,Valencia Basket,15,13,81.2,86.8,0.2,82.6,79.4,0.8,-1.3999999999999915,-0.6000000000000001,80.4,85.3,0.3,83.3,82.6,0.7,-2.8999999999999915,-0.39999999999999997,0.31020000000000003,0.5631600000000001,29.0,18.8,83.6,0.41984000000000005,0.49061999999999995,31.2,16.8,89.0,-5.400000000000006,-3.0,3.0,2.0,3.0,0.6666666666666666,1,1
102762,2021-22,2022-04-13 17:00:00+00:00,19,Bitci Baskonia,UCAM Murcia,3,12,80.8,78.0,0.6,85.6,78.4,0.6,-4.799999999999997,0.0,80.3,76.8,0.6,86.1,82.7,0.5,-5.799999999999997,0.09999999999999998,0.34204,0.5292800000000001,32.4,18.2,94.2,0.31282,0.52606,35.2,16.6,91.4,2.799999999999997,1.0,1.0,0.0,3.0,0.0,1,1
102764,2021-22,2022-04-13 17:00:00+00:00,19,Surne Bilbao Basket,Real Madrid,4,9,75.0,85.6,0.2,81.6,82.6,0.4,-6.599999999999994,-0.2,80.9,85.4,0.4,82.3,85.1,0.3,-1.3999999999999915,0.10000000000000003,0.31809999999999994,0.5317000000000001,31.4,14.4,70.0,0.29508,0.5061199999999999,36.4,16.2,92.6,-22.599999999999994,-3.0,-1.0,0.0,3.0,0.0,1,1
102768,2021-22,2022-04-13 19:30:00+00:00,19,Casademont Zaragoza,Monbus Obradoiro,16,57,65.8,78.4,0.0,84.0,85.0,0.4,-18.200000000000003,-0.4,71.7,80.9,0.2,80.6,83.1,0.3,-8.899999999999991,-0.09999999999999998,0.31433999999999995,0.47212000000000004,27.8,13.2,58.8,0.3957,0.50648,32.0,14.6,86.2,-27.400000000000006,-5.0,-1.0,1.0,3.0,0.3333333333333333,1,1
102776,2021-22,2022-04-13 19:30:00+00:00,19,Gran Canaria,MoraBanc Andorra,5,22,83.2,81.6,0.6,71.4,85.2,0.2,11.799999999999997,0.39999999999999997,80.3,75.4,0.7,77.6,85.5,0.3,2.700000000000003,0.39999999999999997,0.34928,0.53474,30.4,16.2,89.2,0.25144,0.5121,33.2,11.2,60.6,28.6,1.0,-3.0,0.0,3.0,0.0,1,1
102763,2021-22,2022-04-14 16:00:00+00:00,19,Río Breogán,BAXI Manresa,25,10,83.8,90.0,0.4,90.2,82.8,0.6,-6.400000000000006,-0.19999999999999996,85.8,88.5,0.4,90.1,81.2,0.7,-4.299999999999997,-0.29999999999999993,0.38216,0.52514,32.6,15.2,83.2,0.33536,0.49588,35.4,16.8,89.0,-5.799999999999997,-1.0,1.0,0.0,1.0,0.0,1,1
102761,2021-22,2022-04-14 16:00:00+00:00,19,Barça,Unicaja,2,14,90.6,84.2,0.8,85.0,78.0,0.8,5.599999999999994,0.0,90.1,80.4,0.8,81.7,79.2,0.5,8.399999999999991,0.30000000000000004,0.40953999999999996,0.56006,34.0,15.2,94.2,0.37476,0.56838,31.2,16.8,92.4,1.7999999999999972,3.0,3.0,3.0,3.0,1.0,1,0
102766,2021-22,2022-04-14 18:30:00+00:00,19,Hereda San Pablo Burgos,Joventut Badalona,549,8,78.2,83.2,0.2,82.0,74.2,0.8,-3.799999999999997,-0.6000000000000001,79.6,84.5,0.4,78.9,76.2,0.7,0.6999999999999886,-0.29999999999999993,0.38756,0.48666,33.4,15.8,76.2,0.36468,0.54344,37.0,17.4,91.4,-15.200000000000003,-3.0,3.0,2.0,3.0,0.6666666666666666,1,1
102765,2021-22,2022-04-14 19:30:00+00:00,19,Lenovo Tenerife,Urbas Fuenlabrada,28,17,86.4,83.0,0.6,86.2,89.4,0.6,0.20000000000000284,0.0,84.7,76.7,0.8,80.0,86.7,0.4,4.700000000000003,0.4,0.38656,0.6160599999999999,30.0,17.2,94.4,0.35422000000000003,0.5395800000000001,29.8,17.8,89.0,5.400000000000006,1.0,1.0,1.0,3.0,0.3333333333333333,1,1
102869,2021-22,2022-04-16 16:00:00+00:00,29,Hereda San Pablo Burgos,Monbus Obradoiro,549,57,81.0,80.2,0.4,82.4,85.8,0.2,-1.4000000000000057,0.2,82.0,82.8,0.5,81.0,84.0,0.3,1.0,0.2,0.42101999999999995,0.47058,33.4,16.2,79.8,0.38924000000000003,0.5168999999999999,33.6,13.6,84.6,-4.799999999999997,-1.0,-3.0,2.0,3.0,0.6666666666666666,1,0
102868,2021-22,2022-04-16 16:00:00+00:00,29,MoraBanc Andorra,Coosur Real Betis,22,15,73.6,82.8,0.2,83.0,85.0,0.4,-9.400000000000006,-0.2,76.6,85.6,0.2,78.0,83.8,0.3,-1.4000000000000057,-0.09999999999999998,0.27318,0.49605999999999995,35.0,12.0,65.6,0.35376,0.5326000000000001,31.0,18.4,88.6,-23.0,-3.0,-1.0,1.0,3.0,0.3333333333333333,1,0
102867,2021-22,2022-04-16 18:45:00+00:00,29,Casademont Zaragoza,Barça,16,2,69.4,77.6,0.2,83.6,82.8,0.6,-14.199999999999989,-0.39999999999999997,70.6,80.4,0.2,85.7,78.9,0.7,-15.100000000000009,-0.49999999999999994,0.351,0.46124,29.8,13.2,63.0,0.33812,0.5030000000000001,35.6,13.2,84.4,-21.400000000000006,-3.0,1.0,0.0,3.0,0.0,1,1
102866,2021-22,2022-04-16 18:45:00+00:00,29,Joventut Badalona,Urbas Fuenlabrada,8,17,80.8,77.6,0.6,87.2,89.6,0.6,-6.400000000000006,0.0,79.3,76.3,0.7,79.0,88.4,0.3,0.29999999999999716,0.39999999999999997,0.37192,0.5524600000000001,35.2,17.6,93.2,0.39117999999999997,0.54058,31.4,17.2,91.0,2.200000000000003,1.0,1.0,2.0,3.0,0.6666666666666666,1,1
102865,2021-22,2022-04-17 10:30:00+00:00,29,Real Madrid,Río Breogán,9,25,78.0,84.4,0.2,86.6,91.0,0.6,-8.599999999999994,-0.39999999999999997,81.5,84.5,0.3,87.5,89.5,0.5,-6.0,-0.2,0.2612,0.49924,36.8,13.2,82.2,0.36966,0.5344800000000001,34.4,15.6,90.0,-7.799999999999997,-3.0,1.0,1.0,1.0,1.0,1,1
102864,2021-22,2022-04-17 10:30:00+00:00,29,Unicaja,Lenovo Tenerife,14,28,82.6,76.4,0.8,88.4,80.0,0.8,-5.800000000000011,0.0,80.8,76.2,0.6,84.7,77.0,0.8,-3.9000000000000057,-0.20000000000000007,0.37248000000000003,0.56582,32.4,15.8,89.8,0.34476,0.6554599999999999,32.2,17.8,100.4,-10.600000000000009,3.0,3.0,0.0,3.0,0.0,1,0
102872,2021-22,2022-04-17 11:00:00+00:00,29,Gran Canaria,Surne Bilbao Basket,5,4,84.0,77.6,0.8,76.4,82.6,0.4,7.599999999999994,0.4,81.6,76.3,0.7,80.5,84.4,0.4,1.0999999999999943,0.29999999999999993,0.39312,0.5313,29.2,17.0,92.6,0.33952,0.49490000000000006,34.6,13.8,73.8,18.799999999999997,3.0,-1.0,2.0,3.0,0.6666666666666666,1,1
102862,2021-22,2022-04-17 16:30:00+00:00,29,Bitci Baskonia,Valencia Basket,3,13,84.0,75.4,0.8,80.0,78.6,0.6,4.0,0.20000000000000007,81.6,78.2,0.6,80.7,80.8,0.6,0.8999999999999915,0.0,0.37484,0.56642,32.0,19.0,98.8,0.41,0.50286,30.2,16.2,83.8,15.0,3.0,1.0,2.0,3.0,0.6666666666666666,1,0
102861,2021-22,2022-04-17 18:00:00+00:00,29,BAXI Manresa,UCAM Murcia,10,12,92.0,84.4,0.6,84.0,82.6,0.4,8.0,0.19999999999999996,91.3,83.1,0.6,87.3,83.3,0.5,4.0,0.09999999999999998,0.36312,0.48402,34.8,18.6,94.2,0.3064,0.49834000000000006,33.4,16.8,85.8,8.400000000000006,1.0,-1.0,2.0,3.0,0.6666666666666666,1,1
102860,2021-22,2022-04-23 16:00:00+00:00,30,Surne Bilbao Basket,UCAM Murcia,4,12,81.2,82.2,0.4,88.4,88.8,0.4,-7.200000000000003,0.0,80.2,85.0,0.3,87.8,84.9,0.4,-7.599999999999994,-0.10000000000000003,0.37285999999999997,0.5126799999999999,35.0,15.2,79.8,0.31292,0.50278,31.2,17.2,85.8,-6.0,-1.0,-1.0,1.0,3.0,0.3333333333333333,1,1
102859,2021-22,2022-04-23 16:00:00+00:00,30,Valencia Basket,Urbas Fuenlabrada,13,17,81.2,78.6,0.6,81.2,89.0,0.4,0.0,0.19999999999999996,80.3,78.0,0.7,78.2,87.7,0.3,2.0999999999999943,0.39999999999999997,0.41688000000000003,0.5338,29.8,16.0,88.8,0.3996,0.50726,29.4,17.2,81.8,7.0,1.0,-1.0,2.0,3.0,0.6666666666666666,1,1
102857,2021-22,2022-04-23 18:45:00+00:00,30,Río Breogán,Casademont Zaragoza,25,16,85.2,90.8,0.6,68.8,75.6,0.4,16.400000000000006,0.19999999999999996,84.1,90.3,0.4,72.7,79.8,0.3,11.399999999999991,0.10000000000000003,0.35097999999999996,0.52234,35.6,16.0,89.2,0.35813999999999996,0.43457999999999997,29.6,13.2,63.4,25.800000000000004,1.0,-1.0,0.0,1.0,0.0,1,0
102858,2021-22,2022-04-23 18:45:00+00:00,30,Joventut Badalona,Unicaja,8,14,83.8,79.4,0.6,76.2,79.8,0.6,7.599999999999994,0.0,82.7,76.4,0.8,78.1,76.7,0.6,4.6000000000000085,0.20000000000000007,0.37436,0.5728,33.2,18.6,95.8,0.31864,0.56656,33.0,12.6,77.2,18.599999999999994,1.0,1.0,2.0,3.0,0.6666666666666666,1,1
102836,2021-22,2022-04-24 10:30:00+00:00,30,MoraBanc Andorra,Hereda San Pablo Burgos,22,549,72.4,87.0,0.0,80.8,85.4,0.2,-8.399999999999991,-0.2,75.1,87.7,0.1,79.3,81.3,0.4,-4.200000000000003,-0.30000000000000004,0.26938000000000006,0.45621999999999996,36.4,12.2,63.4,0.40072,0.48804,32.8,15.8,77.6,-14.199999999999996,-5.0,-3.0,1.0,3.0,0.3333333333333333,1,1
102856,2021-22,2022-04-24 10:30:00+00:00,30,Coosur Real Betis,Real Madrid,15,9,85.6,81.0,0.6,81.0,80.2,0.4,4.599999999999994,0.19999999999999996,80.1,82.1,0.4,82.2,82.2,0.4,-2.1000000000000085,0.0,0.4015000000000001,0.5312800000000001,31.4,19.2,93.6,0.29706,0.5308200000000001,35.4,15.6,91.2,2.3999999999999915,1.0,-1.0,0.0,3.0,0.0,1,0
102835,2021-22,2022-04-24 15:00:00+00:00,30,Bitci Baskonia,BAXI Manresa,3,10,80.4,74.2,0.6,95.4,88.0,0.6,-15.0,0.0,81.7,77.6,0.6,92.3,85.6,0.6,-10.599999999999994,0.0,0.35578000000000004,0.55928,33.6,17.8,91.8,0.3594,0.51058,35.8,19.8,100.8,-9.0,1.0,1.0,1.0,3.0,0.3333333333333333,1,1
102834,2021-22,2022-04-24 16:30:00+00:00,30,Barça,Lenovo Tenerife,2,28,83.4,81.4,0.6,88.0,73.4,0.8,-4.599999999999994,-0.20000000000000007,85.2,77.9,0.7,87.0,77.6,0.8,-1.7999999999999972,-0.10000000000000009,0.3650399999999999,0.4918800000000001,34.8,14.8,85.4,0.39337999999999995,0.65606,28.8,18.8,104.0,-18.599999999999994,1.0,3.0,3.0,3.0,1.0,1,1
102815,2021-22,2022-04-24 18:00:00+00:00,30,Monbus Obradoiro,Gran Canaria,57,5,84.6,84.2,0.4,83.8,79.4,0.8,0.7999999999999972,-0.4,82.5,83.4,0.4,82.5,78.9,0.7,0.0,-0.29999999999999993,0.3815,0.52618,33.2,15.0,89.0,0.41,0.5287,29.2,16.0,94.0,-5.0,-1.0,3.0,2.0,3.0,0.6666666666666666,1,1
102802,2021-22,2022-04-27 18:00:00+00:00,32,Surne Bilbao Basket,Lenovo Tenerife,4,28,81.8,79.4,0.6,83.4,68.8,0.8,-1.6000000000000085,-0.20000000000000007,78.3,82.3,0.4,84.9,76.2,0.7,-6.6000000000000085,-0.29999999999999993,0.38571999999999995,0.5276400000000001,34.8,16.2,84.6,0.3558,0.62946,28.8,18.0,100.2,-15.600000000000009,1.0,3.0,0.0,3.0,0.0,1,1
102800,2021-22,2022-04-27 18:30:00+00:00,32,BAXI Manresa,Coosur Real Betis,10,15,93.6,97.4,0.4,80.0,75.4,0.6,13.599999999999994,-0.19999999999999996,92.6,87.4,0.6,77.7,80.6,0.3,14.899999999999991,0.3,0.37268,0.49012,35.4,18.2,95.6,0.41092000000000006,0.5058800000000001,31.6,17.2,84.2,11.399999999999991,-1.0,1.0,2.0,3.0,0.6666666666666666,1,0
102807,2021-22,2022-04-30 16:00:00+00:00,31,Valencia Basket,MoraBanc Andorra,13,22,82.2,76.8,0.6,75.0,82.4,0.2,7.200000000000003,0.39999999999999997,81.4,78.3,0.7,75.1,86.7,0.2,6.300000000000011,0.49999999999999994,0.4032,0.52546,31.8,17.4,93.2,0.28046000000000004,0.46402,36.0,12.8,68.0,25.200000000000003,1.0,-3.0,2.0,3.0,0.6666666666666666,1,1
102808,2021-22,2022-04-30 16:00:00+00:00,31,Lenovo Tenerife,BAXI Manresa,28,10,84.8,74.4,0.6,94.6,98.2,0.4,-9.799999999999997,0.19999999999999996,85.1,78.7,0.6,92.8,90.3,0.5,-7.700000000000003,0.09999999999999998,0.34243999999999997,0.64968,26.0,18.6,99.6,0.38344000000000006,0.50308,33.8,18.2,95.4,4.199999999999989,1.0,-1.0,2.0,3.0,0.6666666666666666,1,1
102806,2021-22,2022-04-30 18:45:00+00:00,31,Unicaja,Bitci Baskonia,14,3,72.0,80.0,0.4,83.8,78.8,0.6,-11.799999999999997,-0.19999999999999996,77.8,79.0,0.5,83.1,78.9,0.6,-5.299999999999997,-0.09999999999999998,0.27698,0.5555399999999999,34.6,11.8,69.8,0.35118,0.5980800000000001,31.0,19.2,95.8,-26.0,-1.0,1.0,1.0,3.0,0.3333333333333333,1,0
102805,2021-22,2022-04-30 18:45:00+00:00,31,Urbas Fuenlabrada,Coosur Real Betis,17,15,81.6,90.0,0.4,83.6,76.0,0.8,-2.0,-0.4,80.1,89.5,0.3,80.8,82.8,0.4,-0.7000000000000028,-0.10000000000000003,0.40786,0.52658,27.8,16.6,83.0,0.44442000000000004,0.4989800000000001,32.0,16.0,88.0,-5.0,-1.0,3.0,1.0,3.0,0.3333333333333333,1,0
102813,2021-22,2022-05-01 10:30:00+00:00,31,Barça,Hereda San Pablo Burgos,2,549,79.4,77.0,0.6,79.6,82.8,0.2,-0.19999999999998863,0.39999999999999997,83.5,77.5,0.7,79.0,81.5,0.3,4.5,0.39999999999999997,0.35356,0.50334,33.4,15.4,79.2,0.39046,0.51152,33.0,15.0,78.8,0.4000000000000057,1.0,-3.0,3.0,3.0,1.0,1,1
102812,2021-22,2022-05-01 11:00:00+00:00,31,Gran Canaria,Río Breogán,5,25,86.0,85.2,0.6,85.6,92.2,0.4,0.4000000000000057,0.19999999999999996,83.6,81.9,0.6,83.6,89.2,0.4,0.0,0.19999999999999996,0.39787999999999996,0.52818,32.4,14.4,93.8,0.35447999999999996,0.53822,35.0,16.8,89.6,4.200000000000003,1.0,-1.0,0.0,1.0,0.0,1,0
102811,2021-22,2022-05-01 15:00:00+00:00,31,UCAM Murcia,Monbus Obradoiro,12,57,86.4,86.6,0.4,90.2,87.6,0.6,-3.799999999999997,-0.19999999999999996,87.2,83.8,0.4,85.0,85.8,0.4,2.200000000000003,0.0,0.32238,0.47586000000000006,33.0,18.4,84.2,0.40388,0.5513,32.6,16.6,97.0,-12.799999999999997,-1.0,1.0,3.0,3.0,1.0,1,1
102810,2021-22,2022-05-01 16:30:00+00:00,31,Real Madrid,Joventut Badalona,9,8,76.8,78.6,0.4,82.4,79.0,0.6,-5.6000000000000085,-0.19999999999999996,80.0,79.7,0.5,80.7,74.7,0.8,-0.7000000000000028,-0.30000000000000004,0.3075,0.5005,35.8,14.0,83.8,0.39380000000000004,0.57568,31.2,18.4,94.4,-10.600000000000009,-1.0,1.0,3.0,3.0,1.0,1,1
102809,2021-22,2022-05-01 18:00:00+00:00,31,Casademont Zaragoza,Surne Bilbao Basket,16,4,74.6,76.4,0.6,82.8,77.8,0.8,-8.200000000000003,-0.20000000000000007,71.9,79.8,0.3,79.9,82.5,0.5,-8.0,-0.2,0.39934000000000003,0.45942,26.4,14.6,70.8,0.3601,0.5460400000000001,34.2,16.8,89.6,-18.799999999999997,1.0,3.0,3.0,3.0,1.0,1,0
102803,2021-22,2022-05-07 16:00:00+00:00,32,Bitci Baskonia,Casademont Zaragoza,3,16,84.4,76.0,0.8,78.0,77.4,0.6,6.400000000000006,0.20000000000000007,82.4,78.9,0.6,72.6,78.6,0.3,9.800000000000011,0.3,0.33786,0.6021799999999999,32.8,18.2,98.2,0.36547999999999997,0.48918,29.4,15.6,76.0,22.200000000000003,3.0,1.0,2.0,3.0,0.6666666666666666,1,1
102804,2021-22,2022-05-07 16:00:00+00:00,32,MoraBanc Andorra,Urbas Fuenlabrada,22,17,75.4,81.4,0.2,79.6,90.0,0.2,-4.199999999999989,0.0,73.9,84.1,0.2,82.5,90.4,0.3,-8.599999999999994,-0.09999999999999998,0.29232,0.47169999999999995,35.4,13.8,69.0,0.39831999999999995,0.51078,29.4,16.2,80.0,-11.0,-3.0,-3.0,2.0,3.0,0.6666666666666666,1,1
102801,2021-22,2022-05-07 18:45:00+00:00,32,Río Breogán,Barça,25,2,81.8,89.8,0.4,79.0,76.0,0.6,2.799999999999997,-0.19999999999999996,83.6,89.7,0.4,83.6,78.1,0.7,0.0,-0.29999999999999993,0.33174,0.5214399999999999,35.6,17.4,86.2,0.34615999999999997,0.5160200000000001,32.0,15.8,77.4,8.799999999999997,-1.0,1.0,0.0,1.0,0.0,1,0
102833,2021-22,2022-05-08 10:30:00+00:00,32,UCAM Murcia,Joventut Badalona,12,8,87.4,85.8,0.4,84.8,86.2,0.4,2.6000000000000085,0.0,87.4,85.1,0.4,81.9,77.5,0.7,5.5,-0.29999999999999993,0.33039999999999997,0.49734,33.2,17.8,82.4,0.3738,0.60456,27.0,18.6,92.6,-10.199999999999989,-1.0,-1.0,0.0,3.0,0.0,1,0
102799,2021-22,2022-05-08 11:00:00+00:00,32,Gran Canaria,Valencia Basket,5,13,85.6,88.4,0.4,80.4,77.0,0.6,5.199999999999989,-0.19999999999999996,84.4,84.6,0.5,82.7,78.3,0.8,1.7000000000000028,-0.30000000000000004,0.37788,0.5511600000000001,33.0,13.2,90.6,0.33928,0.5340400000000001,33.6,17.6,90.2,0.3999999999999915,-1.0,1.0,1.0,3.0,0.3333333333333333,1,1
102814,2021-22,2022-05-08 15:00:00+00:00,32,Hereda San Pablo Burgos,Unicaja,549,14,74.2,78.6,0.2,71.4,76.6,0.4,2.799999999999997,-0.2,77.0,81.6,0.2,76.3,77.5,0.5,0.7000000000000028,-0.3,0.34046,0.46471999999999997,36.6,13.8,74.0,0.27399999999999997,0.5062,38.2,10.6,69.0,5.0,-3.0,-1.0,2.0,3.0,0.6666666666666666,1,1
102816,2021-22,2022-05-08 16:00:00+00:00,32,Monbus Obradoiro,Real Madrid,57,9,86.6,89.0,0.4,84.8,82.0,0.6,1.7999999999999972,-0.19999999999999996,84.4,86.3,0.4,80.7,79.5,0.5,3.700000000000003,-0.09999999999999998,0.37720000000000004,0.5684400000000001,30.6,16.0,91.4,0.33898,0.55826,34.4,15.4,96.4,-5.0,-1.0,1.0,0.0,3.0,0.0,1,0
102817,2021-22,2022-05-10 17:00:00+00:00,33,Urbas Fuenlabrada,Río Breogán,17,25,77.8,90.0,0.0,80.6,85.4,0.4,-2.799999999999997,-0.4,82.0,89.7,0.3,82.2,87.7,0.4,-0.20000000000000284,-0.10000000000000003,0.38574,0.5311,26.8,16.6,77.4,0.32052,0.5139400000000001,36.6,16.6,83.0,-5.599999999999994,-5.0,-1.0,0.0,1.0,0.0,1,1
102832,2021-22,2022-05-10 17:00:00+00:00,33,Barça,Surne Bilbao Basket,2,4,72.2,71.0,0.6,82.4,78.2,0.8,-10.200000000000003,-0.20000000000000007,81.4,77.6,0.7,78.7,81.9,0.5,2.700000000000003,0.19999999999999996,0.30882,0.47924000000000005,33.8,15.0,74.0,0.36256,0.54068,33.6,16.8,89.4,-15.400000000000006,1.0,3.0,3.0,3.0,1.0,1,1
102831,2021-22,2022-05-10 18:30:00+00:00,33,Casademont Zaragoza,MoraBanc Andorra,16,22,76.0,79.8,0.6,79.0,82.6,0.4,-3.0,0.19999999999999996,70.9,79.1,0.3,75.2,83.9,0.3,-4.299999999999997,0.0,0.3166,0.48732,29.8,14.6,71.8,0.33064,0.4907399999999999,34.8,16.0,77.8,-6.0,1.0,-1.0,3.0,3.0,1.0,1,0
102828,2021-22,2022-05-10 19:00:00+00:00,33,Valencia Basket,Hereda San Pablo Burgos,13,549,81.4,78.0,0.6,79.6,77.8,0.4,1.8000000000000114,0.19999999999999996,82.0,78.7,0.7,78.9,80.5,0.3,3.0999999999999943,0.39999999999999997,0.3604,0.5619,32.4,17.2,91.8,0.37507999999999997,0.502,35.0,15.2,83.2,8.599999999999994,1.0,-1.0,2.0,3.0,0.6666666666666666,1,1
102830,2021-22,2022-05-10 19:30:00+00:00,33,Coosur Real Betis,Gran Canaria,15,5,84.2,77.6,0.8,88.4,87.8,0.6,-4.200000000000003,0.20000000000000007,82.7,82.2,0.5,85.8,84.7,0.6,-3.0999999999999943,-0.09999999999999998,0.48418,0.45748000000000005,31.4,14.8,87.0,0.36502,0.58274,31.2,14.4,94.6,-7.599999999999994,3.0,1.0,0.0,3.0,0.0,1,1
102829,2021-22,2022-05-11 16:00:00+00:00,33,Joventut Badalona,Monbus Obradoiro,8,57,83.2,81.4,0.6,85.8,88.2,0.4,-2.5999999999999943,0.19999999999999996,82.6,77.8,0.7,84.9,86.6,0.4,-2.3000000000000114,0.29999999999999993,0.40476,0.5638,27.6,19.2,92.2,0.38688,0.56416,30.0,17.4,91.2,1.0,1.0,-1.0,2.0,3.0,0.6666666666666666,1,0
102827,2021-22,2022-05-11 18:30:00+00:00,33,Unicaja,BAXI Manresa,14,10,70.6,79.6,0.2,92.2,98.8,0.2,-21.60000000000001,0.0,77.8,78.8,0.5,91.2,90.8,0.4,-13.400000000000006,0.09999999999999998,0.27134,0.49334,38.4,11.2,66.6,0.36685999999999996,0.53058,35.0,18.6,93.0,-26.400000000000006,-3.0,-3.0,0.0,3.0,0.0,1,0
102825,2021-22,2022-05-11 19:00:00+00:00,33,Real Madrid,UCAM Murcia,9,12,83.2,78.0,0.8,84.4,87.4,0.2,-1.2000000000000028,0.6000000000000001,82.4,80.3,0.6,85.0,82.9,0.4,-2.5999999999999943,0.19999999999999996,0.35594000000000003,0.57326,34.8,15.0,94.8,0.32436,0.4861,33.6,16.4,74.0,20.799999999999997,3.0,-3.0,3.0,3.0,1.0,1,1
102826,2021-22,2022-05-11 19:30:00+00:00,33,Lenovo Tenerife,Bitci Baskonia,28,3,84.4,75.4,0.6,87.0,75.4,0.8,-2.5999999999999943,-0.20000000000000007,85.4,79.2,0.6,83.9,76.7,0.7,1.5,-0.09999999999999998,0.37434,0.61544,24.8,19.6,98.4,0.34431999999999996,0.6281599999999999,34.2,18.6,99.8,-1.3999999999999915,1.0,3.0,1.0,3.0,0.3333333333333333,1,0
102818,2021-22,2022-05-14 16:00:00+00:00,34,Río Breogán,Unicaja,25,14,74.0,84.2,0.2,75.0,87.0,0.0,-1.0,0.2,80.3,87.6,0.4,78.8,81.7,0.4,1.5,0.0,0.30574,0.48666,34.6,15.0,71.6,0.2801,0.4909,36.0,13.0,66.8,4.799999999999997,-3.0,-5.0,0.0,1.0,0.0,1,1
102820,2021-22,2022-05-14 18:45:00+00:00,34,Monbus Obradoiro,Valencia Basket,57,13,88.0,87.8,0.6,84.6,77.0,0.8,3.4000000000000057,-0.20000000000000007,85.2,86.8,0.4,82.3,77.8,0.7,2.9000000000000057,-0.29999999999999993,0.39394,0.58452,29.6,18.4,95.2,0.40990000000000004,0.55934,32.4,17.2,97.2,-2.0,1.0,3.0,0.0,3.0,0.0,1,0
103027,2021-22,2022-05-14 18:45:00+00:00,34,UCAM Murcia,Casademont Zaragoza,12,16,81.6,86.8,0.2,76.0,81.8,0.4,5.599999999999994,-0.2,82.8,84.7,0.3,72.7,79.7,0.3,10.099999999999994,0.0,0.3146,0.48122,34.0,15.0,69.2,0.2954,0.48732,31.4,15.0,72.4,-3.200000000000003,-3.0,-1.0,1.0,3.0,0.3333333333333333,1,0
102821,2021-22,2022-05-14 18:45:00+00:00,34,Hereda San Pablo Burgos,Urbas Fuenlabrada,549,17,75.2,79.4,0.2,80.6,85.6,0.2,-5.3999999999999915,0.0,78.1,79.8,0.3,83.9,87.6,0.4,-5.800000000000011,-0.10000000000000003,0.34294,0.49456,34.8,14.0,76.6,0.37526000000000004,0.5501,28.2,18.0,83.4,-6.800000000000011,-3.0,-3.0,1.0,3.0,0.3333333333333333,1,0
102822,2021-22,2022-05-14 18:45:00+00:00,34,Gran Canaria,Real Madrid,5,9,88.8,90.8,0.4,87.8,76.0,1.0,1.0,-0.6,86.4,84.2,0.6,82.9,80.2,0.6,3.5,0.0,0.35738,0.5797000000000001,30.6,14.6,92.4,0.39094,0.59226,35.0,16.2,104.6,-12.199999999999989,-1.0,5.0,1.0,3.0,0.3333333333333333,1,0
102823,2021-22,2022-05-14 18:45:00+00:00,34,Surne Bilbao Basket,Coosur Real Betis,4,15,79.0,81.6,0.6,87.8,81.2,0.8,-8.799999999999997,-0.20000000000000007,77.7,82.1,0.5,85.4,83.1,0.6,-7.700000000000003,-0.09999999999999998,0.3382,0.5365599999999999,31.2,17.4,84.0,0.5005200000000001,0.49248000000000014,31.4,17.2,93.0,-9.0,1.0,3.0,3.0,3.0,1.0,1,0
102819,2021-22,2022-05-14 18:45:00+00:00,34,MoraBanc Andorra,Lenovo Tenerife,22,28,80.0,81.8,0.6,82.6,78.8,0.4,-2.5999999999999943,0.19999999999999996,76.8,82.3,0.4,85.5,79.4,0.6,-8.700000000000003,-0.19999999999999996,0.30500000000000005,0.4815999999999999,37.2,16.2,78.6,0.38805999999999996,0.5831799999999999,24.6,18.8,92.4,-13.800000000000011,1.0,-1.0,0.0,3.0,0.0,1,0
102950,2021-22,2022-05-14 18:45:00+00:00,34,Bitci Baskonia,Joventut Badalona,3,8,86.6,74.4,0.8,83.6,79.8,0.6,3.0,0.20000000000000007,85.3,74.9,0.8,82.2,78.7,0.6,3.0999999999999943,0.20000000000000007,0.36605999999999994,0.57292,35.6,19.0,99.0,0.38074,0.54152,29.6,19.0,90.4,8.599999999999994,3.0,1.0,0.0,3.0,0.0,1,0
102824,2021-22,2022-05-14 18:45:00+00:00,34,BAXI Manresa,Barça,10,2,93.4,98.2,0.4,76.4,68.8,0.8,17.0,-0.4,92.7,91.3,0.5,80.0,75.8,0.7,12.700000000000003,-0.19999999999999996,0.39294,0.5566000000000001,36.0,18.0,97.6,0.36411999999999994,0.47642000000000007,35.2,16.4,79.2,18.39999999999999,-1.0,3.0,1.0,3.0,0.3333333333333333,1,0
103350,2022-23,2022-09-28 19:00:00+00:00,1,Bàsquet Girona,Real Madrid,591,9,,,,88.0,79.6,1.0,,,,,,84.5,79.9,0.7,,,,,,,,0.37758,0.57906,35.0,14.4,101.4,,,5.0,0.0,0.0,0.5,1,0
103352,2022-23,2022-09-29 17:00:00+00:00,1,Monbus Obradoiro,Casademont Zaragoza,57,16,88.6,90.2,0.4,76.2,82.0,0.4,12.399999999999991,0.0,86.6,87.2,0.4,72.5,78.8,0.4,14.099999999999994,0.0,0.39486,0.59256,28.2,18.4,94.6,0.28762,0.49954,33.6,15.0,75.8,18.799999999999997,-1.0,-1.0,2.0,4.0,0.5,1,1
103351,2022-23,2022-09-29 17:00:00+00:00,1,Carplus Fuenlabrada,Coviran Granada,17,592,82.2,80.4,0.4,,,,,,81.7,84.7,0.4,,,,,,0.37814000000000003,0.56134,30.2,18.6,88.6,,,,,,,-1.0,,0.0,0.0,0.5,1,0
103353,2022-23,2022-09-29 19:30:00+00:00,1,BAXI Manresa,Lenovo Tenerife,10,28,88.8,98.4,0.2,78.6,81.0,0.4,10.200000000000003,-0.2,92.1,93.2,0.4,83.3,77.2,0.6,8.799999999999997,-0.19999999999999996,0.35398,0.54402,35.0,17.4,91.6,0.35572,0.54688,25.8,18.6,84.2,7.3999999999999915,-3.0,-1.0,1.0,4.0,0.25,1,0
103354,2022-23,2022-09-29 19:30:00+00:00,1,UCAM Murcia,Río Breogán,12,25,77.4,81.6,0.2,79.6,83.0,0.4,-2.1999999999999886,-0.2,82.9,85.2,0.3,82.4,86.9,0.5,0.5,-0.2,0.30835999999999997,0.48044000000000003,33.8,14.6,67.2,0.33394,0.5431199999999999,32.6,16.2,85.2,-18.0,-3.0,-1.0,1.0,2.0,0.5,1,0
103355,2022-23,2022-09-30 17:00:00+00:00,1,Cazoo Baskonia,Unicaja,3,14,88.6,76.6,0.8,79.0,86.2,0.0,9.599999999999994,0.8,84.5,75.4,0.7,77.6,83.0,0.3,6.900000000000006,0.39999999999999997,0.37764,0.5602199999999999,35.2,18.0,100.8,0.33036000000000004,0.47164,35.2,14.4,72.4,28.39999999999999,3.0,-5.0,3.0,4.0,0.75,1,1
103356,2022-23,2022-09-30 17:00:00+00:00,1,Real Betis Baloncesto,Valencia Basket,15,13,89.0,85.6,0.8,86.8,79.8,0.8,2.200000000000003,0.0,87.3,83.3,0.7,84.0,79.2,0.7,3.299999999999997,0.0,0.44786000000000004,0.4990400000000001,32.4,16.6,91.8,0.42610000000000003,0.5626800000000001,32.4,18.6,100.8,-9.0,3.0,3.0,3.0,4.0,0.75,1,0
103358,2022-23,2022-09-30 19:30:00+00:00,1,Gran Canaria,Barça,5,2,87.8,91.8,0.2,81.0,69.6,1.0,6.799999999999997,-0.8,85.8,85.6,0.5,82.2,75.5,0.8,3.5999999999999943,-0.30000000000000004,0.34156,0.57808,30.0,14.2,86.6,0.3672,0.4875400000000001,38.2,16.8,85.6,1.0,-3.0,5.0,0.0,4.0,0.0,1,1
103366,2022-23,2022-09-30 19:30:00+00:00,1,Joventut Badalona,Surne Bilbao Basket,8,4,83.0,81.0,0.6,81.4,83.8,0.6,1.5999999999999943,0.0,83.4,80.2,0.6,81.3,83.0,0.5,2.1000000000000085,0.09999999999999998,0.37829999999999997,0.54292,29.6,18.4,87.4,0.29534000000000005,0.5448000000000001,32.8,16.6,87.0,0.4000000000000057,1.0,1.0,3.0,4.0,0.75,1,0
103359,2022-23,2022-10-01 16:00:00+00:00,2,Casademont Zaragoza,UCAM Murcia,16,12,73.8,80.8,0.2,76.0,82.8,0.2,-2.200000000000003,0.0,74.2,78.6,0.4,81.2,84.7,0.3,-7.0,0.10000000000000003,0.238,0.48764,36.2,14.6,72.0,0.33042,0.4862,31.2,13.4,65.0,7.0,-3.0,-3.0,3.0,4.0,0.75,1,0
103360,2022-23,2022-10-01 18:45:00+00:00,2,Coviran Granada,BAXI Manresa,592,10,83.0,81.0,1.0,85.8,94.8,0.2,-2.799999999999997,0.8,83.0,81.0,1.0,89.7,96.1,0.3,-6.700000000000003,0.7,0.45,0.5789,30.0,16.0,95.0,0.32536,0.57392,32.8,18.4,88.2,6.799999999999997,1.0,-3.0,0.0,0.0,0.5,1,0
103361,2022-23,2022-10-01 18:45:00+00:00,2,Lenovo Tenerife,Bàsquet Girona,28,591,83.4,81.2,0.6,88.0,94.0,0.0,-4.599999999999994,0.6,83.4,75.0,0.7,88.0,94.0,0.0,-4.599999999999994,0.7,0.40224000000000004,0.54566,26.4,20.2,90.0,0.375,0.4524,32.0,21.0,102.0,-12.0,1.0,-1.0,0.0,0.0,0.5,1,1
103362,2022-23,2022-10-02 10:30:00+00:00,2,Río Breogán,Carplus Fuenlabrada,25,17,80.0,80.0,0.6,82.6,77.6,0.4,-2.5999999999999943,0.19999999999999996,82.8,86.1,0.5,82.1,83.8,0.4,0.7000000000000028,0.09999999999999998,0.33127999999999996,0.54664,34.0,15.6,88.0,0.36141999999999996,0.57306,30.4,19.2,90.2,-2.200000000000003,1.0,-1.0,1.0,2.0,0.5,1,1
103363,2022-23,2022-10-02 10:30:00+00:00,2,Real Madrid,Monbus Obradoiro,9,57,92.6,83.4,1.0,82.6,85.4,0.4,10.0,0.6,84.7,81.0,0.7,86.4,86.5,0.5,-1.7000000000000028,0.19999999999999996,0.4258,0.5973200000000001,32.6,15.6,103.0,0.37486,0.5476,30.4,16.6,85.8,17.200000000000003,5.0,-1.0,4.0,4.0,1.0,1,1
103364,2022-23,2022-10-02 15:00:00+00:00,2,Unicaja,Gran Canaria,14,5,82.8,91.6,0.0,86.0,87.6,0.4,-3.200000000000003,-0.4,77.4,85.8,0.2,86.0,86.4,0.5,-8.599999999999994,-0.3,0.38036000000000003,0.48138000000000003,31.6,16.0,76.6,0.32433999999999996,0.5708200000000001,29.0,14.8,87.2,-10.600000000000009,-5.0,-1.0,2.0,4.0,0.5,1,1
103365,2022-23,2022-10-02 15:00:00+00:00,2,Surne Bilbao Basket,Real Betis Baloncesto,4,15,82.0,83.6,0.6,90.8,88.0,0.8,-8.799999999999997,-0.20000000000000007,81.9,81.5,0.6,85.4,81.7,0.7,-3.5,-0.09999999999999998,0.2809,0.5372399999999999,32.2,16.4,86.8,0.44096,0.51046,32.0,17.2,94.6,-7.799999999999997,1.0,3.0,3.0,4.0,0.75,1,1
103349,2022-23,2022-10-02 16:30:00+00:00,2,Valencia Basket,Joventut Badalona,13,8,84.0,79.6,0.8,83.0,83.2,0.4,1.0,0.4,83.1,78.2,0.7,82.7,81.1,0.5,0.3999999999999915,0.19999999999999996,0.41578,0.54268,34.2,17.0,96.0,0.37504,0.5244,30.2,17.8,84.6,11.400000000000006,3.0,-1.0,2.0,4.0,0.5,1,1
103348,2022-23,2022-10-02 18:00:00+00:00,2,Barça,Cazoo Baskonia,2,3,84.2,74.2,0.8,87.8,77.4,0.8,-3.5999999999999943,0.0,81.8,75.6,0.7,85.8,78.1,0.7,-4.0,0.0,0.40432000000000007,0.4549600000000001,39.6,18.2,91.8,0.40562,0.56532,34.4,17.6,100.8,-9.0,3.0,3.0,2.0,4.0,0.5,1,1
103346,2022-23,2022-10-08 16:00:00+00:00,3,Real Betis Baloncesto,BAXI Manresa,15,10,84.4,85.8,0.6,84.0,91.2,0.4,0.4000000000000057,0.19999999999999996,84.0,80.9,0.7,89.3,94.7,0.4,-5.299999999999997,0.29999999999999993,0.39296000000000003,0.4986600000000001,33.4,15.8,85.8,0.32294,0.5562199999999999,32.2,17.2,85.8,0.0,1.0,-1.0,2.0,4.0,0.5,1,1
103347,2022-23,2022-10-08 16:00:00+00:00,3,Monbus Obradoiro,Bàsquet Girona,57,591,82.4,84.4,0.4,77.5,85.0,0.0,4.900000000000006,0.4,84.5,86.7,0.4,77.5,85.0,0.0,7.0,0.4,0.39304,0.54046,29.4,15.8,85.0,0.3625,0.48260000000000003,32.5,17.0,82.5,2.5,-1.0,-2.0,0.0,0.0,0.5,1,1
103332,2022-23,2022-10-08 18:45:00+00:00,3,Gran Canaria,Casademont Zaragoza,5,16,81.8,84.4,0.4,70.6,80.6,0.2,11.200000000000003,0.2,83.7,86.4,0.4,74.3,79.0,0.4,9.400000000000006,0.0,0.29878,0.54988,27.6,14.8,81.2,0.2528,0.45212,34.4,13.4,66.2,15.0,-1.0,-3.0,3.0,4.0,0.75,1,1
103331,2022-23,2022-10-08 18:45:00+00:00,3,Joventut Badalona,Río Breogán,8,25,84.6,83.6,0.4,78.4,77.2,0.6,6.199999999999989,-0.19999999999999996,84.7,84.9,0.4,80.1,83.5,0.5,4.6000000000000085,-0.09999999999999998,0.42678000000000005,0.5041,31.4,18.4,89.2,0.32838,0.5470200000000001,34.8,14.0,84.6,4.6000000000000085,-1.0,1.0,2.0,2.0,1.0,1,1
103333,2022-23,2022-10-09 10:30:00+00:00,3,UCAM Murcia,Coviran Granada,12,592,72.6,79.6,0.2,83.5,84.0,0.5,-10.900000000000006,-0.3,80.0,82.7,0.3,83.5,84.0,0.5,-3.5,-0.2,0.31320000000000003,0.45465999999999995,32.2,12.4,61.0,0.42145,0.60195,31.5,17.5,87.0,-26.0,-3.0,0.0,0.0,0.0,0.5,1,0
103334,2022-23,2022-10-09 10:30:00+00:00,3,Unicaja,Real Madrid,14,9,82.4,89.6,0.2,91.4,81.4,1.0,-9.0,-0.8,76.9,83.1,0.3,88.1,81.7,0.8,-11.199999999999989,-0.5,0.37882,0.50928,29.4,17.6,77.2,0.42614,0.5549,34.8,16.6,102.2,-25.0,-3.0,5.0,0.0,4.0,0.0,1,0
103335,2022-23,2022-10-09 15:00:00+00:00,3,Surne Bilbao Basket,Valencia Basket,4,13,81.6,81.8,0.6,88.0,83.8,0.8,-6.400000000000006,-0.20000000000000007,82.2,79.8,0.7,84.2,80.4,0.7,-2.0,0.0,0.30376000000000003,0.50468,32.8,15.8,85.2,0.43759999999999993,0.5368,34.0,17.2,98.8,-13.599999999999994,1.0,3.0,1.0,4.0,0.25,1,1
103336,2022-23,2022-10-09 16:30:00+00:00,3,Cazoo Baskonia,Lenovo Tenerife,3,28,88.0,80.8,0.6,82.8,77.2,0.8,5.200000000000003,-0.20000000000000007,86.2,78.4,0.7,83.8,75.8,0.7,2.4000000000000057,0.0,0.40228,0.5772200000000001,31.6,18.0,97.6,0.41666,0.5557599999999999,27.2,19.6,94.6,3.0,1.0,3.0,3.0,4.0,0.75,1,0
103337,2022-23,2022-10-09 17:15:00+00:00,3,Carplus Fuenlabrada,Barça,17,2,81.2,76.8,0.4,85.2,75.2,0.8,-4.0,-0.4,80.4,83.4,0.3,82.1,75.6,0.7,-1.6999999999999886,-0.39999999999999997,0.35562,0.55984,28.6,19.4,86.4,0.39283999999999997,0.4661600000000001,39.6,18.2,95.4,-9.0,-1.0,3.0,0.0,4.0,0.0,1,0
103345,2022-23,2022-10-15 16:00:00+00:00,4,Coviran Granada,Surne Bilbao Basket,592,4,85.33333333333333,83.33333333333333,0.6666666666666666,79.4,78.8,0.6,5.933333333333323,0.06666666666666665,85.33333333333333,83.33333333333333,0.6666666666666666,80.9,78.5,0.7,4.433333333333323,-0.033333333333333326,0.37186666666666673,0.5679666666666666,35.666666666666664,17.0,93.0,0.309,0.47064000000000006,33.8,14.0,82.6,10.400000000000006,1.0,1.0,0.0,0.0,0.5,1,1
103139,2022-23,2022-10-15 16:00:00+00:00,4,Carplus Fuenlabrada,Real Betis Baloncesto,17,15,75.6,75.2,0.4,85.4,87.0,0.6,-9.800000000000011,-0.19999999999999996,76.7,82.6,0.2,84.8,82.3,0.7,-8.099999999999994,-0.49999999999999994,0.34194,0.51844,30.0,16.2,74.0,0.36362,0.5121200000000001,33.6,16.6,87.2,-13.200000000000003,-1.0,1.0,1.0,4.0,0.25,1,1
103344,2022-23,2022-10-15 18:45:00+00:00,4,Lenovo Tenerife,Monbus Obradoiro,28,57,81.0,76.4,0.8,82.6,79.2,0.6,-1.5999999999999943,0.20000000000000007,82.7,75.9,0.7,84.2,83.7,0.5,-1.5,0.19999999999999996,0.3916,0.53872,28.4,18.6,92.2,0.3868,0.54618,32.4,16.8,89.2,3.0,3.0,1.0,4.0,4.0,1.0,1,1
103343,2022-23,2022-10-15 18:45:00+00:00,4,BAXI Manresa,Barça,10,2,84.0,89.8,0.4,87.2,72.0,0.8,-3.200000000000003,-0.4,88.1,94.3,0.3,79.7,71.5,0.7,8.399999999999991,-0.39999999999999997,0.32738000000000006,0.5492799999999999,33.4,16.6,87.6,0.38136000000000003,0.49052000000000007,40.2,19.2,100.0,-12.400000000000006,-1.0,3.0,1.0,4.0,0.25,1,0
103342,2022-23,2022-10-16 10:30:00+00:00,4,Bàsquet Girona,Unicaja,591,14,72.66666666666667,86.33333333333333,0.0,81.8,87.0,0.2,-9.133333333333326,-0.2,72.66666666666667,86.33333333333333,0.0,76.2,83.3,0.2,-3.5333333333333314,-0.2,0.325,0.45940000000000003,29.333333333333332,17.0,74.0,0.34682,0.53596,28.6,18.0,75.8,-1.7999999999999972,-3.0,-3.0,0.0,0.0,0.5,1,0
103341,2022-23,2022-10-16 10:30:00+00:00,4,Río Breogán,Gran Canaria,25,5,77.2,79.4,0.6,81.6,82.2,0.4,-4.3999999999999915,0.19999999999999996,78.9,82.4,0.5,85.0,85.0,0.5,-6.099999999999994,0.0,0.32004,0.5504200000000001,33.8,15.0,85.0,0.31782,0.5408799999999999,28.4,14.0,80.6,4.400000000000006,1.0,-1.0,2.0,2.0,1.0,1,0
103340,2022-23,2022-10-16 16:30:00+00:00,4,Valencia Basket,UCAM Murcia,13,12,84.4,80.2,0.8,74.8,80.8,0.2,9.600000000000009,0.6000000000000001,82.9,79.1,0.7,79.6,84.1,0.2,3.3000000000000114,0.49999999999999994,0.38474,0.5152,35.4,17.2,91.6,0.31266,0.43407999999999997,33.6,12.0,64.6,27.0,3.0,-3.0,3.0,4.0,0.75,1,0
103339,2022-23,2022-10-16 17:30:00+00:00,4,Real Madrid,Joventut Badalona,9,8,88.8,78.0,1.0,85.0,82.6,0.4,3.799999999999997,0.6,86.0,78.0,0.9,84.1,82.0,0.5,1.9000000000000057,0.4,0.37917999999999996,0.5426,36.4,17.0,100.2,0.40648,0.50442,34.6,17.2,92.4,7.799999999999997,5.0,-1.0,4.0,4.0,1.0,1,1
103338,2022-23,2022-10-16 18:00:00+00:00,4,Casademont Zaragoza,Cazoo Baskonia,16,3,73.2,80.0,0.2,85.6,86.0,0.4,-12.399999999999991,-0.2,74.6,79.9,0.4,86.3,80.7,0.6,-11.700000000000003,-0.19999999999999996,0.28280000000000005,0.48314,34.0,13.2,68.6,0.41152,0.5478,29.6,17.2,91.6,-23.0,-3.0,-1.0,1.0,4.0,0.25,1,0
103329,2022-23,2022-10-22 16:00:00+00:00,5,Río Breogán,Surne Bilbao Basket,25,4,74.8,76.0,0.6,83.8,81.8,0.6,-9.0,0.0,74.4,80.1,0.4,81.4,81.7,0.6,-7.0,-0.19999999999999996,0.268,0.54232,35.2,13.6,78.2,0.3086,0.47994000000000003,33.8,15.4,85.8,-7.599999999999994,1.0,1.0,0.0,2.0,0.0,1,1
103330,2022-23,2022-10-22 16:00:00+00:00,5,UCAM Murcia,BAXI Manresa,12,10,76.0,77.6,0.4,79.6,91.0,0.2,-3.5999999999999943,0.2,78.8,82.2,0.3,86.5,94.6,0.3,-7.700000000000003,0.0,0.31784,0.45359999999999995,35.4,12.8,70.4,0.28256000000000003,0.5147999999999999,33.6,16.2,78.6,-8.199999999999989,-1.0,-3.0,1.0,4.0,0.25,1,1
103309,2022-23,2022-10-22 18:45:00+00:00,5,Gran Canaria,Coviran Granada,5,592,78.6,74.2,0.6,88.75,83.5,0.75,-10.150000000000006,-0.15000000000000002,83.7,82.5,0.5,88.75,83.5,0.75,-5.049999999999997,-0.25,0.31046,0.5376799999999999,30.6,14.6,81.0,0.387,0.563075,37.25,18.25,97.5,-16.5,1.0,2.0,0.0,0.0,0.5,1,1
103328,2022-23,2022-10-22 18:45:00+00:00,5,Casademont Zaragoza,Carplus Fuenlabrada,16,17,73.8,82.8,0.2,74.6,77.6,0.4,-0.7999999999999972,-0.2,74.9,82.3,0.3,77.6,81.6,0.3,-2.6999999999999886,0.0,0.29984,0.49105999999999994,29.8,13.2,69.4,0.3291,0.51728,27.6,15.4,71.2,-1.7999999999999972,-3.0,-1.0,1.0,4.0,0.25,1,0
103307,2022-23,2022-10-23 10:30:00+00:00,5,Real Betis Baloncesto,Bàsquet Girona,15,591,82.2,86.4,0.4,69.25,83.0,0.0,12.950000000000003,0.4,85.0,83.8,0.6,69.25,83.0,0.0,15.75,0.6,0.32082,0.4930200000000001,34.2,14.8,77.2,0.315175,0.437575,28.25,15.25,69.0,8.200000000000003,-1.0,-4.0,0.0,0.0,0.5,1,0
103306,2022-23,2022-10-23 10:30:00+00:00,5,Barça,Lenovo Tenerife,2,28,90.6,75.2,0.8,82.6,71.6,1.0,8.0,-0.19999999999999996,83.5,72.0,0.8,82.6,75.2,0.7,0.9000000000000057,0.10000000000000009,0.40747999999999995,0.5253,37.4,20.4,105.6,0.40186,0.56952,28.2,18.4,96.0,9.599999999999994,3.0,5.0,4.0,4.0,1.0,1,1
103305,2022-23,2022-10-23 15:00:00+00:00,5,Monbus Obradoiro,Valencia Basket,57,13,79.2,80.8,0.4,82.4,81.2,0.6,-3.200000000000003,-0.19999999999999996,83.6,84.3,0.5,83.5,79.1,0.7,0.09999999999999432,-0.19999999999999996,0.3691,0.52064,31.0,17.0,82.6,0.35336,0.52362,34.8,16.8,88.2,-5.6000000000000085,-1.0,1.0,0.0,4.0,0.0,1,0
103304,2022-23,2022-10-23 16:30:00+00:00,5,Joventut Badalona,Unicaja,8,14,85.2,85.0,0.4,77.4,78.8,0.4,7.799999999999997,0.0,84.4,82.4,0.5,76.2,82.9,0.2,8.200000000000003,0.3,0.39976,0.52606,33.6,17.8,92.8,0.3343,0.53882,32.8,17.2,76.2,16.599999999999994,-1.0,-1.0,3.0,4.0,0.75,1,1
103303,2022-23,2022-10-23 17:15:00+00:00,5,Cazoo Baskonia,Real Madrid,3,9,86.8,87.0,0.4,90.0,80.0,1.0,-3.200000000000003,-0.6,86.7,80.7,0.6,88.9,78.0,1.0,-2.200000000000003,-0.4,0.41818,0.55942,28.4,17.6,90.6,0.36348,0.54608,34.2,18.0,101.4,-10.800000000000011,-1.0,5.0,1.0,4.0,0.25,1,1
103302,2022-23,2022-10-29 16:00:00+00:00,6,Coviran Granada,Monbus Obradoiro,592,57,86.2,85.6,0.6,81.8,83.6,0.4,4.400000000000006,0.19999999999999996,86.2,85.6,0.6,85.2,86.9,0.4,1.0,0.19999999999999996,0.36794000000000004,0.55046,36.4,17.4,91.2,0.36744,0.54386,33.0,16.8,85.0,6.200000000000003,1.0,-1.0,0.0,0.0,0.5,1,1
103301,2022-23,2022-10-29 16:00:00+00:00,6,BAXI Manresa,Río Breogán,10,25,80.2,91.4,0.2,73.4,73.2,0.6,6.799999999999997,-0.39999999999999997,84.5,94.9,0.2,76.5,78.1,0.5,8.0,-0.3,0.34859999999999997,0.51596,31.4,15.2,76.0,0.2606,0.5228200000000001,37.6,13.6,74.8,1.2000000000000028,-3.0,1.0,1.0,2.0,0.5,1,0
103299,2022-23,2022-10-29 18:45:00+00:00,6,Gran Canaria,Lenovo Tenerife,5,28,80.8,71.2,0.8,80.2,70.0,0.8,0.5999999999999943,0.0,84.3,81.5,0.5,79.4,75.5,0.6,4.8999999999999915,-0.09999999999999998,0.35304,0.54782,30.0,17.2,85.4,0.37762,0.55958,28.6,16.6,89.8,-4.3999999999999915,3.0,3.0,1.0,4.0,0.25,1,0
103300,2022-23,2022-10-29 18:45:00+00:00,6,Joventut Badalona,Casademont Zaragoza,8,16,82.2,81.8,0.4,74.2,84.8,0.0,8.0,0.4,82.6,81.4,0.5,75.2,83.4,0.2,7.3999999999999915,0.3,0.34886,0.5470200000000001,34.4,17.4,91.2,0.29334,0.49026,28.8,13.4,69.0,22.200000000000003,-1.0,-5.0,4.0,4.0,1.0,1,1
103298,2022-23,2022-10-30 11:30:00+00:00,6,Real Madrid,Carplus Fuenlabrada,9,17,88.2,81.0,0.8,74.4,80.2,0.4,13.799999999999997,0.4,88.1,80.3,0.9,78.3,80.3,0.4,9.799999999999997,0.5,0.36184000000000005,0.5468999999999999,34.8,18.4,99.2,0.30826,0.54032,26.6,13.8,68.8,30.400000000000006,3.0,-1.0,4.0,4.0,1.0,1,1
103297,2022-23,2022-10-30 11:30:00+00:00,6,Unicaja,Real Betis Baloncesto,14,15,73.6,75.0,0.4,76.6,82.6,0.2,-3.0,0.2,76.3,80.6,0.2,82.8,84.1,0.5,-6.5,-0.3,0.30801999999999996,0.5275399999999999,31.6,17.8,72.4,0.31718,0.46450000000000014,32.6,13.6,65.0,7.400000000000006,-1.0,-3.0,2.0,4.0,0.5,1,1
103295,2022-23,2022-10-30 17:30:00+00:00,6,Valencia Basket,Barça,13,2,85.2,83.8,0.6,85.2,72.2,0.8,0.0,-0.20000000000000007,86.0,81.8,0.7,83.1,70.9,0.9,2.9000000000000057,-0.20000000000000007,0.35368,0.5102800000000001,34.8,15.8,88.8,0.39414,0.5167200000000001,37.2,19.2,99.0,-10.200000000000003,1.0,3.0,3.0,4.0,0.75,1,0
103296,2022-23,2022-10-30 18:15:00+00:00,6,Bàsquet Girona,UCAM Murcia,591,12,71.2,80.6,0.2,80.8,78.8,0.6,-9.599999999999994,-0.39999999999999997,71.2,80.6,0.2,79.1,80.2,0.4,-7.8999999999999915,-0.2,0.313,0.48339999999999994,30.4,16.2,76.4,0.34284000000000003,0.45884,35.6,12.4,76.6,-0.19999999999998863,-3.0,1.0,0.0,0.0,0.5,1,1
103294,2022-23,2022-10-30 20:00:00+00:00,6,Surne Bilbao Basket,Cazoo Baskonia,4,3,78.2,79.2,0.6,88.2,85.6,0.6,-10.0,0.0,79.8,81.5,0.6,88.4,81.1,0.7,-8.600000000000009,-0.09999999999999998,0.29691999999999996,0.44686000000000003,32.8,16.4,81.4,0.43014,0.5891200000000001,27.2,19.0,94.0,-12.599999999999994,1.0,1.0,0.0,4.0,0.0,1,0
103293,2022-23,2022-11-05 17:00:00+00:00,7,Carplus Fuenlabrada,BAXI Manresa,17,10,72.0,81.8,0.4,80.2,94.8,0.2,-8.200000000000003,0.2,77.3,79.7,0.4,83.0,94.8,0.2,-5.700000000000003,0.2,0.30126,0.51218,26.8,14.0,64.4,0.34212,0.5186,30.8,15.6,74.2,-9.799999999999997,-1.0,-3.0,1.0,4.0,0.25,1,1
103308,2022-23,2022-11-05 19:45:00+00:00,7,Monbus Obradoiro,Gran Canaria,57,5,84.4,87.6,0.2,77.2,71.4,0.6,7.200000000000003,-0.39999999999999997,83.5,86.5,0.3,81.6,79.5,0.5,1.9000000000000057,-0.2,0.3911,0.58046,30.2,18.2,88.4,0.35002000000000005,0.5367,27.2,15.4,76.4,12.0,-3.0,1.0,3.0,4.0,0.75,1,0
103310,2022-23,2022-11-05 19:45:00+00:00,7,UCAM Murcia,Joventut Badalona,12,8,84.6,82.0,0.6,84.8,82.4,0.6,-0.20000000000000284,0.0,80.3,82.4,0.4,83.9,82.8,0.5,-3.6000000000000085,-0.09999999999999998,0.33642,0.4756,36.2,13.4,80.8,0.32572,0.5520200000000001,35.4,18.0,96.8,-16.0,1.0,1.0,0.0,4.0,0.0,1,1
103327,2022-23,2022-11-06 11:30:00+00:00,7,Unicaja,Coviran Granada,14,592,77.0,66.4,0.6,88.2,87.2,0.6,-11.200000000000003,0.0,79.9,79.0,0.3,87.33333333333333,86.16666666666667,0.6666666666666666,-7.433333333333323,-0.36666666666666664,0.28073999999999993,0.5639,35.0,19.0,84.2,0.38704,0.5452,35.6,17.2,91.8,-7.599999999999994,1.0,1.0,0.0,0.0,0.5,1,1
103311,2022-23,2022-11-06 12:00:00+00:00,7,Lenovo Tenerife,Surne Bilbao Basket,28,4,79.6,70.0,0.8,76.0,80.2,0.4,3.5999999999999943,0.4,81.5,75.6,0.7,79.0,81.9,0.5,2.5,0.19999999999999996,0.35966,0.5664,29.0,15.6,87.4,0.31636000000000003,0.42824,32.8,16.0,76.8,10.600000000000009,3.0,-1.0,3.0,4.0,0.75,1,1
103323,2022-23,2022-11-06 16:00:00+00:00,7,Cazoo Baskonia,Real Betis Baloncesto,3,15,83.8,81.8,0.6,73.0,87.2,0.2,10.799999999999997,0.39999999999999997,85.8,79.6,0.7,81.9,87.6,0.5,3.8999999999999915,0.19999999999999996,0.39838000000000007,0.54432,28.6,19.4,86.6,0.2827,0.46450000000000014,31.6,11.8,55.2,31.39999999999999,1.0,-3.0,4.0,4.0,1.0,1,1
103326,2022-23,2022-11-06 16:00:00+00:00,7,Barça,Bàsquet Girona,2,591,86.6,70.6,1.0,73.6,79.6,0.4,13.0,0.6,85.4,72.4,0.9,76.0,82.0,0.3333333333333333,9.400000000000006,0.5666666666666667,0.41018,0.5200600000000001,36.0,18.8,99.8,0.34912,0.4694,31.8,15.6,78.4,21.39999999999999,5.0,-1.0,0.0,0.0,0.5,1,1
103324,2022-23,2022-11-06 17:30:00+00:00,7,Casademont Zaragoza,Real Madrid,16,9,76.4,87.4,0.0,87.6,77.2,0.8,-11.199999999999989,-0.8,75.1,84.1,0.1,90.1,80.3,0.9,-15.0,-0.8,0.32771999999999996,0.48794000000000004,29.6,14.0,70.4,0.33822,0.5346599999999999,37.6,19.4,104.4,-34.0,-5.0,3.0,0.0,4.0,0.0,1,1
103325,2022-23,2022-11-06 19:00:00+00:00,7,Río Breogán,Valencia Basket,25,13,77.8,73.2,0.6,84.6,86.6,0.4,-6.799999999999997,0.19999999999999996,78.9,76.6,0.6,84.3,83.1,0.6,-5.3999999999999915,0.0,0.27993999999999997,0.5443,36.8,16.6,84.2,0.33574000000000004,0.51496,32.4,16.0,86.2,-2.0,1.0,-1.0,2.0,2.0,1.0,1,0
103322,2022-23,2022-11-19 17:00:00+00:00,8,Real Betis Baloncesto,Casademont Zaragoza,15,16,79.6,91.6,0.2,82.4,89.0,0.2,-2.8000000000000114,0.0,82.0,88.7,0.4,76.5,84.8,0.2,5.5,0.2,0.32117999999999997,0.47276000000000007,30.2,14.2,63.2,0.33062,0.52386,30.2,15.8,80.4,-17.200000000000003,-3.0,-3.0,1.0,4.0,0.25,1,0
103321,2022-23,2022-11-19 17:00:00+00:00,8,Monbus Obradoiro,Unicaja,57,14,80.2,86.0,0.2,81.8,67.4,0.6,-1.5999999999999943,-0.39999999999999997,81.3,85.2,0.3,82.1,78.5,0.4,-0.7999999999999972,-0.10000000000000003,0.35544,0.56104,30.4,19.0,84.2,0.28544,0.5810799999999999,34.6,19.0,91.2,-7.0,-3.0,1.0,0.0,4.0,0.0,1,0
103319,2022-23,2022-11-19 19:45:00+00:00,8,Bàsquet Girona,Gran Canaria,591,5,74.0,78.8,0.4,81.6,69.0,0.8,-7.599999999999994,-0.4,75.0,80.57142857142857,0.2857142857142857,81.7,76.7,0.6,-6.700000000000003,-0.3142857142857143,0.3528,0.46184000000000003,31.8,16.0,80.4,0.38705999999999996,0.54528,30.0,18.2,86.6,-6.199999999999989,-1.0,3.0,0.0,0.0,0.5,1,0
103320,2022-23,2022-11-19 19:45:00+00:00,8,Lenovo Tenerife,Valencia Basket,28,13,79.0,68.0,0.8,82.0,83.8,0.4,-3.0,0.4,80.9,72.6,0.8,85.0,83.8,0.6,-4.099999999999994,0.20000000000000007,0.33658,0.55018,30.2,14.8,84.2,0.33854,0.53618,31.6,16.2,83.0,1.2000000000000028,3.0,-1.0,2.0,4.0,0.5,1,1
103318,2022-23,2022-11-20 11:30:00+00:00,8,Real Madrid,UCAM Murcia,9,12,86.8,80.2,0.6,86.0,84.4,0.6,0.7999999999999972,0.0,89.1,80.8,0.8,79.3,82.0,0.4,9.799999999999997,0.4,0.31522,0.52234,38.0,16.6,99.0,0.35672,0.49336,35.0,14.6,86.4,12.599999999999994,1.0,1.0,4.0,4.0,1.0,1,1
103317,2022-23,2022-11-20 11:30:00+00:00,8,Surne Bilbao Basket,Carplus Fuenlabrada,4,17,70.4,80.8,0.2,78.2,85.6,0.6,-7.799999999999997,-0.39999999999999997,76.0,81.3,0.4,79.7,81.2,0.5,-3.700000000000003,-0.09999999999999998,0.27846,0.41254,33.8,15.2,67.6,0.3154,0.53828,27.8,15.4,76.4,-8.800000000000011,-3.0,1.0,3.0,4.0,0.75,1,1
103316,2022-23,2022-11-20 16:00:00+00:00,8,BAXI Manresa,Cazoo Baskonia,10,3,82.2,98.2,0.0,90.4,84.6,0.8,-8.200000000000003,-0.8,83.1,94.7,0.2,89.2,82.7,0.7,-6.1000000000000085,-0.49999999999999994,0.34046000000000004,0.5450999999999999,30.2,17.0,76.2,0.44838000000000006,0.5324199999999999,30.6,21.8,99.0,-22.799999999999997,-5.0,3.0,2.0,4.0,0.5,1,1
103315,2022-23,2022-11-20 17:30:00+00:00,8,Joventut Badalona,Barça,8,2,80.6,79.8,0.6,83.2,69.6,1.0,-2.6000000000000085,-0.4,82.6,81.7,0.5,84.2,72.4,0.9,-1.6000000000000085,-0.4,0.24034,0.5476,36.4,16.8,88.0,0.40171999999999997,0.52776,36.0,18.8,93.8,-5.799999999999997,1.0,5.0,1.0,4.0,0.25,1,1
103314,2022-23,2022-11-20 19:00:00+00:00,8,Coviran Granada,Río Breogán,592,25,85.0,88.6,0.6,78.8,76.8,0.4,6.200000000000003,0.19999999999999996,84.57142857142857,87.28571428571429,0.5714285714285714,78.6,77.0,0.5,5.971428571428575,0.0714285714285714,0.36032000000000003,0.5283,35.8,16.0,88.0,0.31762,0.5574,33.4,17.4,84.4,3.5999999999999943,1.0,-1.0,0.0,0.0,0.5,1,1
103368,2022-23,2022-11-26 17:00:00+00:00,9,Gran Canaria,BAXI Manresa,5,10,79.6,68.4,0.8,84.2,96.8,0.2,-4.6000000000000085,0.6000000000000001,80.6,75.3,0.6,84.1,93.3,0.3,-3.5,0.3,0.36782,0.5136000000000001,32.6,18.4,86.4,0.33731999999999995,0.5595399999999999,27.2,17.0,75.6,10.800000000000011,3.0,-3.0,2.0,4.0,0.5,1,1
103313,2022-23,2022-11-26 17:00:00+00:00,9,Carplus Fuenlabrada,Joventut Badalona,17,8,83.4,90.6,0.6,80.0,82.4,0.6,3.4000000000000057,0.0,79.5,82.9,0.5,82.5,82.5,0.5,-3.0,0.0,0.32984,0.55324,27.0,17.8,85.2,0.21004,0.58938,32.4,18.0,85.4,-0.20000000000000284,1.0,1.0,1.0,4.0,0.25,1,0
103312,2022-23,2022-11-26 18:30:00+00:00,9,Río Breogán,Lenovo Tenerife,25,28,79.6,75.8,0.4,80.8,67.8,0.8,-1.2000000000000028,-0.4,78.4,77.6,0.5,80.9,72.1,0.8,-2.5,-0.30000000000000004,0.31762,0.5588,33.8,17.2,85.8,0.3353,0.58704,30.2,14.8,84.8,1.0,-1.0,3.0,1.0,2.0,0.5,1,0
103357,2022-23,2022-11-26 19:45:00+00:00,9,Casademont Zaragoza,Surne Bilbao Basket,16,4,84.6,84.8,0.4,78.0,84.2,0.2,6.599999999999994,0.2,78.9,82.4,0.3,78.7,81.5,0.4,0.20000000000000284,-0.10000000000000003,0.35718,0.52248,32.4,17.4,90.4,0.30152,0.47494,32.8,17.0,78.6,11.800000000000011,-1.0,-3.0,3.0,4.0,0.75,1,0
103369,2022-23,2022-11-27 11:30:00+00:00,9,Real Betis Baloncesto,Real Madrid,15,9,75.6,91.6,0.0,90.2,77.4,0.6,-14.600000000000009,-0.6,80.5,89.3,0.3,89.5,77.7,0.8,-9.0,-0.5,0.32452,0.45508000000000015,29.4,14.0,57.4,0.36856,0.5196400000000001,37.4,17.8,104.4,-47.00000000000001,-5.0,1.0,0.0,4.0,0.0,1,0
103434,2022-23,2022-11-27 11:30:00+00:00,9,UCAM Murcia,Monbus Obradoiro,12,57,81.0,85.2,0.6,79.6,90.8,0.0,1.4000000000000057,0.6,77.9,83.0,0.4,81.1,85.0,0.3,-3.1999999999999886,0.10000000000000003,0.31988000000000005,0.50278,33.8,13.6,80.0,0.352,0.5458000000000001,27.4,18.0,76.8,3.200000000000003,1.0,-5.0,4.0,4.0,1.0,1,0
103421,2022-23,2022-11-27 16:00:00+00:00,9,Cazoo Baskonia,Bàsquet Girona,3,591,90.6,86.2,0.8,75.2,76.6,0.4,15.399999999999991,0.4,88.1,86.1,0.6,74.25,80.25,0.25,13.849999999999994,0.35,0.41556000000000004,0.51742,32.8,21.0,98.6,0.34280000000000005,0.4686,35.6,15.4,81.0,17.599999999999994,3.0,-1.0,0.0,0.0,0.5,1,1
103420,2022-23,2022-11-27 16:00:00+00:00,9,Valencia Basket,Unicaja,13,14,84.6,88.4,0.4,85.0,69.4,0.8,-0.4000000000000057,-0.4,84.5,84.3,0.6,83.4,78.2,0.5,1.0999999999999943,0.09999999999999998,0.37706,0.53104,29.6,16.4,88.4,0.28071999999999997,0.6015400000000001,33.6,17.4,95.8,-7.3999999999999915,-1.0,3.0,3.0,4.0,0.75,1,0
103422,2022-23,2022-11-27 16:00:00+00:00,9,Barça,Coviran Granada,2,592,82.2,74.8,0.8,83.2,86.2,0.6,-1.0,0.20000000000000007,84.7,73.4,0.8,84.0,85.125,0.625,0.7000000000000028,0.17500000000000004,0.40654,0.54532,32.6,18.6,87.0,0.36978,0.53284,33.6,17.0,84.2,2.799999999999997,3.0,1.0,0.0,0.0,0.5,1,1
103419,2022-23,2022-12-03 17:00:00+00:00,10,BAXI Manresa,Joventut Badalona,10,8,86.2,96.4,0.2,81.2,79.4,0.8,5.0,-0.6000000000000001,82.9,93.7,0.2,83.2,82.2,0.6,-0.29999999999999716,-0.39999999999999997,0.38214000000000004,0.5584199999999999,25.6,17.0,76.8,0.26892,0.5810000000000001,31.2,19.0,88.6,-11.799999999999997,-3.0,3.0,2.0,4.0,0.5,1,0
103418,2022-23,2022-12-03 17:00:00+00:00,10,Surne Bilbao Basket,Gran Canaria,4,5,76.0,77.8,0.4,85.2,75.4,0.8,-9.200000000000003,-0.4,79.9,79.8,0.5,81.9,74.8,0.7,-2.0,-0.19999999999999996,0.29652,0.47512,34.8,16.2,78.8,0.38616,0.53984,32.4,18.0,93.2,-14.400000000000006,-1.0,3.0,1.0,4.0,0.25,1,1
103417,2022-23,2022-12-03 19:45:00+00:00,10,Unicaja,Casademont Zaragoza,14,16,87.0,71.0,0.8,81.4,80.2,0.4,5.599999999999994,0.4,82.2,74.9,0.6,77.6,81.5,0.3,4.6000000000000085,0.3,0.28071999999999997,0.6060000000000001,31.2,17.2,96.8,0.33815999999999996,0.49155999999999994,36.2,17.0,87.6,9.200000000000003,3.0,-1.0,2.0,4.0,0.5,1,1
103416,2022-23,2022-12-03 19:45:00+00:00,10,Monbus Obradoiro,Barça,57,2,83.0,89.6,0.2,82.0,75.6,0.8,1.0,-0.6000000000000001,81.1,85.2,0.3,86.3,75.4,0.8,-5.200000000000003,-0.5,0.36219999999999997,0.51894,30.2,16.6,81.4,0.4013,0.54944,32.2,18.2,86.6,-5.199999999999989,-3.0,3.0,0.0,4.0,0.0,1,1
103415,2022-23,2022-12-04 11:30:00+00:00,10,Bàsquet Girona,Río Breogán,591,25,77.0,81.0,0.4,81.2,78.8,0.4,-4.200000000000003,0.0,73.55555555555556,81.88888888888889,0.2222222222222222,78.0,77.4,0.5,-4.444444444444443,-0.2777777777777778,0.32732,0.5015000000000001,37.0,17.4,85.4,0.33859999999999996,0.5592,32.4,17.4,88.0,-2.5999999999999943,-1.0,-1.0,0.0,0.0,0.5,1,0
103414,2022-23,2022-12-04 12:00:00+00:00,10,Lenovo Tenerife,Carplus Fuenlabrada,28,17,80.8,66.6,0.8,83.0,92.2,0.4,-2.200000000000003,0.4,81.7,69.1,0.9,78.8,84.9,0.4,2.9000000000000057,0.5,0.34804,0.5690999999999999,31.2,15.0,86.4,0.33019999999999994,0.5750400000000001,26.8,19.0,84.6,1.8000000000000114,3.0,-1.0,2.0,4.0,0.5,1,1
103413,2022-23,2022-12-04 16:00:00+00:00,10,Cazoo Baskonia,UCAM Murcia,3,12,90.2,83.2,0.8,82.0,87.2,0.4,8.200000000000003,0.4,88.5,85.1,0.6,79.0,82.4,0.4,9.5,0.19999999999999996,0.41446000000000005,0.52152,33.0,21.0,100.8,0.30882,0.5023599999999999,33.4,12.2,76.0,24.799999999999997,3.0,-1.0,1.0,4.0,0.25,1,1
103412,2022-23,2022-12-04 17:00:00+00:00,10,Real Madrid,Valencia Basket,9,13,85.6,72.6,0.6,83.2,90.0,0.4,2.3999999999999915,0.19999999999999996,87.8,76.3,0.8,82.8,85.6,0.5,5.0,0.30000000000000004,0.36116000000000004,0.51112,37.8,17.8,98.4,0.3604,0.5064,30.0,15.4,83.8,14.600000000000009,1.0,-1.0,2.0,4.0,0.5,1,1
103411,2022-23,2022-12-04 19:00:00+00:00,10,Coviran Granada,Real Betis Baloncesto,592,15,79.8,89.4,0.4,71.2,89.6,0.0,8.599999999999994,0.4,83.77777777777777,86.77777777777777,0.5555555555555556,76.7,88.0,0.2,7.077777777777769,0.35555555555555557,0.3458,0.5565,29.8,15.4,78.4,0.32964,0.4516800000000001,28.2,12.8,56.2,22.200000000000003,-1.0,-5.0,0.0,0.0,0.5,1,0
103410,2022-23,2022-12-10 17:00:00+00:00,11,Carplus Fuenlabrada,Unicaja,17,14,81.0,95.8,0.2,94.8,71.8,1.0,-13.799999999999997,-0.8,77.7,88.0,0.3,84.2,73.4,0.7,-6.5,-0.39999999999999997,0.3302,0.5600400000000001,26.6,19.6,82.4,0.33365999999999996,0.6263400000000001,31.8,18.2,107.2,-24.799999999999997,-3.0,5.0,1.0,4.0,0.25,1,0
103409,2022-23,2022-12-10 17:00:00+00:00,11,UCAM Murcia,Real Betis Baloncesto,12,15,77.4,91.0,0.2,72.2,87.0,0.2,5.200000000000003,0.0,79.1,84.9,0.4,74.4,84.8,0.2,4.699999999999989,0.2,0.29006,0.4960000000000001,32.2,12.0,68.2,0.31858,0.4458800000000001,30.8,13.8,61.6,6.600000000000001,-3.0,-3.0,4.0,4.0,1.0,1,1
103423,2022-23,2022-12-10 19:45:00+00:00,11,Casademont Zaragoza,Coviran Granada,16,592,81.2,84.6,0.4,77.8,85.8,0.4,3.4000000000000057,0.0,77.7,84.7,0.2,82.0,85.7,0.5,-4.299999999999997,-0.3,0.34256000000000003,0.49345999999999995,36.4,16.8,88.2,0.32173999999999997,0.5459799999999999,32.2,15.0,76.2,12.0,-1.0,-1.0,0.0,0.0,0.5,1,1
103408,2022-23,2022-12-10 19:45:00+00:00,11,Joventut Badalona,Lenovo Tenerife,8,28,84.4,80.0,0.8,87.2,67.6,1.0,-2.799999999999997,-0.19999999999999996,83.3,80.9,0.6,83.7,68.8,0.9,-0.4000000000000057,-0.30000000000000004,0.30892,0.55382,32.2,17.2,90.8,0.39349999999999996,0.5984200000000001,31.0,17.4,98.8,-8.0,3.0,5.0,2.0,4.0,0.5,1,1
103425,2022-23,2022-12-11 11:30:00+00:00,11,Valencia Basket,Bàsquet Girona,13,591,75.0,86.2,0.2,74.4,81.4,0.2,0.5999999999999943,0.0,80.1,85.0,0.4,72.8,81.0,0.2,7.299999999999997,0.2,0.32052,0.4807,29.6,13.4,68.4,0.30282,0.47547999999999996,35.2,16.6,76.8,-8.399999999999991,-3.0,-3.0,0.0,0.0,0.5,1,1
103424,2022-23,2022-12-11 11:30:00+00:00,11,Real Madrid,BAXI Manresa,9,10,85.0,67.4,0.8,83.2,95.2,0.2,1.7999999999999972,0.6000000000000001,86.6,74.2,0.8,81.7,93.3,0.2,4.8999999999999915,0.6000000000000001,0.36696,0.49885999999999997,37.4,17.8,100.8,0.35506000000000004,0.5482400000000001,25.2,18.0,74.0,26.799999999999997,3.0,-3.0,3.0,4.0,0.75,1,1
103426,2022-23,2022-12-11 16:00:00+00:00,11,Río Breogán,Barça,25,2,78.6,78.0,0.4,83.4,77.8,0.6,-4.800000000000011,-0.19999999999999996,76.0,75.6,0.5,84.3,75.0,0.7,-8.299999999999997,-0.19999999999999996,0.34334000000000003,0.56032,30.6,16.6,83.6,0.37036,0.5858000000000001,29.8,17.6,87.2,-3.6000000000000085,-1.0,1.0,0.0,2.0,0.0,1,0
103442,2022-23,2022-12-11 17:30:00+00:00,11,Gran Canaria,Cazoo Baskonia,5,3,80.8,75.4,0.6,93.0,81.4,0.8,-12.200000000000003,-0.20000000000000007,80.8,73.3,0.7,90.6,83.5,0.7,-9.799999999999997,0.0,0.35884,0.52444,34.8,15.0,87.2,0.43427999999999994,0.53792,34.6,23.0,109.4,-22.200000000000003,1.0,3.0,3.0,4.0,0.75,1,0
103441,2022-23,2022-12-11 19:00:00+00:00,11,Surne Bilbao Basket,Monbus Obradoiro,4,57,77.2,75.0,0.6,78.6,83.8,0.4,-1.3999999999999915,0.19999999999999996,77.7,77.1,0.6,80.2,83.7,0.4,-2.5,0.19999999999999996,0.33772,0.47792,33.6,14.8,80.8,0.33686,0.5003599999999999,28.2,15.8,75.2,5.599999999999994,1.0,-1.0,3.0,4.0,0.75,1,0
103440,2022-23,2022-12-17 17:00:00+00:00,12,Real Betis Baloncesto,Río Breogán,15,25,74.6,81.0,0.2,72.2,79.6,0.2,2.3999999999999915,0.0,73.8,84.1,0.2,75.0,76.4,0.4,-1.2000000000000028,-0.2,0.3272,0.46540000000000015,32.4,14.8,70.4,0.31714000000000003,0.5323,29.0,13.6,67.6,2.8000000000000114,-3.0,-3.0,1.0,2.0,0.5,1,0
103439,2022-23,2022-12-17 17:00:00+00:00,12,Monbus Obradoiro,Joventut Badalona,57,8,76.8,80.6,0.6,82.2,77.0,0.8,-5.400000000000006,-0.20000000000000007,80.6,84.1,0.4,83.5,79.7,0.7,-2.9000000000000057,-0.29999999999999993,0.33042,0.45167999999999997,30.4,14.8,71.6,0.32602000000000003,0.58048,31.6,16.4,87.8,-16.200000000000003,1.0,3.0,2.0,4.0,0.5,1,0
103437,2022-23,2022-12-17 19:45:00+00:00,12,BAXI Manresa,Surne Bilbao Basket,10,4,87.0,94.6,0.2,78.6,74.8,0.6,8.400000000000006,-0.39999999999999997,83.6,94.7,0.2,77.3,77.5,0.5,6.299999999999997,-0.3,0.3832,0.5306,27.4,17.8,79.2,0.33544,0.4925800000000001,32.8,15.4,85.2,-6.0,-3.0,1.0,3.0,4.0,0.75,1,0
103438,2022-23,2022-12-17 19:45:00+00:00,12,UCAM Murcia,Gran Canaria,12,5,74.8,85.4,0.4,80.4,77.4,0.6,-5.6000000000000085,-0.19999999999999996,79.7,83.7,0.5,78.8,74.4,0.6,0.9000000000000057,-0.09999999999999998,0.27531999999999995,0.49232000000000004,34.0,12.4,69.4,0.33964,0.53,36.6,15.2,88.0,-18.599999999999994,-1.0,1.0,2.0,4.0,0.5,1,1
103432,2022-23,2022-12-18 11:30:00+00:00,12,Bàsquet Girona,Casademont Zaragoza,591,16,68.2,84.4,0.0,79.0,78.2,0.6,-10.799999999999997,-0.6,70.9,82.0,0.2,77.7,82.8,0.3,-6.799999999999997,-0.09999999999999998,0.22806,0.49201999999999996,33.6,15.6,65.4,0.32114000000000004,0.49800000000000005,37.6,16.0,89.6,-24.19999999999999,-5.0,1.0,0.0,0.0,0.5,1,1
103443,2022-23,2022-12-18 12:00:00+00:00,12,Lenovo Tenerife,Real Madrid,28,9,83.8,69.2,0.8,87.4,71.4,0.8,-3.6000000000000085,0.0,81.7,69.6,0.8,87.5,74.3,0.8,-5.799999999999997,0.0,0.37683999999999995,0.56446,32.2,17.2,94.0,0.35808,0.51642,35.2,16.6,101.4,-7.400000000000006,3.0,3.0,1.0,4.0,0.25,1,0
103436,2022-23,2022-12-18 17:30:00+00:00,12,Coviran Granada,Valencia Basket,592,13,70.6,82.6,0.2,79.8,81.6,0.4,-9.200000000000003,-0.2,79.4,84.9,0.4,82.2,84.1,0.4,-2.799999999999997,0.0,0.2543,0.51838,33.4,14.8,65.6,0.36372,0.49901999999999996,30.8,16.4,79.8,-14.200000000000003,-3.0,-1.0,0.0,0.0,0.5,1,0
103435,2022-23,2022-12-18 19:00:00+00:00,12,Cazoo Baskonia,Carplus Fuenlabrada,3,17,96.0,81.0,0.8,84.2,101.0,0.2,11.799999999999997,0.6000000000000001,89.9,81.4,0.7,78.1,91.4,0.3,11.800000000000011,0.39999999999999997,0.46904,0.5584199999999999,35.6,23.8,113.8,0.31776,0.57934,26.4,20.0,86.6,27.200000000000003,3.0,-3.0,3.0,4.0,0.75,1,1
103433,2022-23,2022-12-18 19:00:00+00:00,12,Barça,Unicaja,2,14,80.6,76.6,0.6,97.0,76.8,1.0,-16.400000000000006,-0.4,83.6,73.6,0.8,87.0,71.6,0.8,-3.4000000000000057,0.0,0.33158,0.6166,29.2,18.0,86.6,0.38402000000000003,0.6068,29.0,19.8,108.0,-21.400000000000006,1.0,5.0,3.0,4.0,0.75,1,1
103431,2022-23,2022-12-27 18:00:00+00:00,13,Río Breogán,Cazoo Baskonia,25,3,73.4,78.8,0.4,95.0,78.0,0.8,-21.599999999999994,-0.4,76.1,77.8,0.4,92.7,81.3,0.8,-16.60000000000001,-0.4,0.29741999999999996,0.53132,29.6,13.2,68.6,0.46904,0.5652200000000001,33.0,24.2,111.8,-43.2,-1.0,3.0,1.0,2.0,0.5,1,0
103430,2022-23,2022-12-27 20:00:00+00:00,13,Surne Bilbao Basket,Real Madrid,4,9,84.4,75.4,0.8,85.6,66.0,1.0,-1.1999999999999886,-0.19999999999999996,77.4,78.1,0.5,86.2,73.1,0.8,-8.799999999999997,-0.30000000000000004,0.3478800000000001,0.54538,32.2,16.4,94.6,0.38201999999999997,0.51408,35.0,18.0,101.6,-7.0,3.0,5.0,1.0,4.0,0.25,1,0
103429,2022-23,2022-12-27 20:30:00+00:00,13,Gran Canaria,Valencia Basket,5,13,80.4,85.6,0.4,84.2,81.2,0.4,-3.799999999999997,0.0,81.0,77.3,0.6,83.1,82.5,0.4,-2.0999999999999943,0.19999999999999996,0.3415,0.52412,34.0,13.0,83.4,0.38380000000000003,0.51294,30.4,19.0,87.6,-4.199999999999989,-1.0,-1.0,2.0,4.0,0.5,1,1
103428,2022-23,2022-12-28 18:00:00+00:00,13,Barça,Casademont Zaragoza,2,16,81.2,74.8,0.6,74.0,76.0,0.4,7.200000000000003,0.19999999999999996,82.2,72.2,0.8,78.2,82.5,0.3,4.0,0.5,0.31448,0.60902,30.2,16.6,89.4,0.32565999999999995,0.47856,37.6,15.0,80.8,8.600000000000009,1.0,-1.0,3.0,4.0,0.75,1,1
103427,2022-23,2022-12-28 20:30:00+00:00,13,Unicaja,UCAM Murcia,14,12,90.2,78.2,0.8,77.0,87.2,0.4,13.200000000000003,0.4,86.0,72.8,0.7,81.5,85.8,0.5,4.5,0.19999999999999996,0.37266,0.57962,27.8,18.4,97.4,0.27502,0.48150000000000004,34.0,12.2,69.6,27.80000000000001,3.0,-1.0,2.0,4.0,0.5,1,1
103407,2022-23,2022-12-29 19:30:00+00:00,13,Joventut Badalona,Real Betis Baloncesto,8,15,85.2,74.2,1.0,70.8,77.4,0.2,14.400000000000006,0.8,82.9,77.0,0.8,75.2,84.5,0.2,7.700000000000003,0.6000000000000001,0.36966,0.60452,31.4,18.0,96.0,0.33448,0.4752200000000001,31.6,14.4,66.2,29.799999999999997,5.0,-3.0,3.0,4.0,0.75,1,1
103406,2022-23,2022-12-29 20:30:00+00:00,13,Lenovo Tenerife,Coviran Granada,28,592,82.6,73.8,0.6,73.2,85.8,0.2,9.399999999999991,0.39999999999999997,80.8,70.9,0.7,79.1,87.2,0.4,1.7000000000000028,0.29999999999999993,0.38966,0.5499400000000001,31.6,17.2,90.2,0.28426,0.5047200000000001,31.6,15.6,69.2,21.0,1.0,-3.0,0.0,0.0,0.5,1,1
103405,2022-23,2022-12-30 17:30:00+00:00,13,Carplus Fuenlabrada,Monbus Obradoiro,17,57,81.6,102.0,0.0,80.0,81.8,0.6,1.5999999999999943,-0.6,79.9,93.8,0.3,80.1,83.9,0.4,-0.19999999999998863,-0.10000000000000003,0.34276,0.58928,25.6,19.6,80.4,0.33644,0.46758000000000005,30.8,15.2,74.6,5.800000000000011,-5.0,1.0,2.0,4.0,0.5,1,0
103386,2022-23,2022-12-30 20:00:00+00:00,13,BAXI Manresa,Bàsquet Girona,10,591,82.8,91.6,0.2,70.0,83.8,0.2,12.799999999999997,0.0,82.5,94.9,0.1,72.0,81.3,0.3,10.5,-0.19999999999999998,0.38082000000000005,0.5067999999999999,27.4,17.2,75.6,0.22362,0.48891999999999997,32.6,16.2,67.8,7.799999999999997,-3.0,-3.0,0.0,0.0,0.5,1,1
103384,2022-23,2023-01-02 20:00:00+00:00,14,Real Madrid,Barça,9,2,84.0,70.6,1.0,79.0,71.0,0.8,5.0,0.19999999999999996,87.1,74.0,0.8,80.6,72.9,0.8,6.5,0.0,0.36202,0.5217799999999999,35.4,17.0,96.6,0.30782,0.5651600000000001,32.2,17.6,87.2,9.399999999999991,5.0,3.0,1.0,4.0,0.25,1,0
103383,2022-23,2023-01-03 18:00:00+00:00,14,Valencia Basket,Carplus Fuenlabrada,13,17,86.4,81.4,0.4,81.0,96.6,0.0,5.400000000000006,0.4,85.5,84.9,0.4,82.2,93.6,0.3,3.299999999999997,0.10000000000000003,0.39527999999999996,0.54596,30.4,19.8,91.0,0.32276,0.60806,26.4,19.2,84.0,7.0,-1.0,-5.0,3.0,4.0,0.75,1,1
103381,2022-23,2023-01-03 18:45:00+00:00,14,Real Betis Baloncesto,Gran Canaria,15,5,73.6,79.4,0.2,83.8,89.6,0.4,-10.200000000000003,-0.2,74.6,85.5,0.1,81.7,79.0,0.6,-7.1000000000000085,-0.5,0.32698,0.5029200000000001,31.0,14.6,70.0,0.36608,0.5605,30.6,14.8,88.6,-18.599999999999994,-3.0,-1.0,1.0,4.0,0.25,1,1
103380,2022-23,2023-01-03 19:30:00+00:00,14,Bàsquet Girona,Joventut Badalona,591,8,72.0,84.6,0.2,87.4,74.6,1.0,-15.400000000000006,-0.8,73.6,80.6,0.3,83.7,78.5,0.8,-10.100000000000009,-0.5,0.25028,0.50512,31.2,15.6,71.8,0.4053,0.5845600000000001,34.6,19.0,99.8,-28.0,-3.0,5.0,0.0,0.0,0.5,1,1
103382,2022-23,2023-01-03 20:30:00+00:00,14,Coviran Granada,Cazoo Baskonia,592,3,70.4,91.4,0.0,96.2,74.8,1.0,-25.799999999999997,-1.0,76.8,88.8,0.3,93.4,80.5,0.9,-16.60000000000001,-0.6000000000000001,0.26542000000000004,0.50018,31.0,13.2,60.8,0.49261999999999995,0.59746,32.2,24.4,114.8,-54.0,-5.0,5.0,0.0,0.0,0.5,1,0
103376,2022-23,2023-01-04 18:00:00+00:00,14,Casademont Zaragoza,Río Breogán,16,25,70.0,76.2,0.2,74.8,80.0,0.4,-4.799999999999997,-0.2,77.3,80.5,0.3,77.2,77.9,0.4,0.09999999999999432,-0.10000000000000003,0.26244,0.4631,38.0,13.6,73.0,0.31408,0.53902,27.8,13.4,70.8,2.200000000000003,-3.0,-1.0,2.0,2.0,1.0,1,0
103378,2022-23,2023-01-04 19:30:00+00:00,14,Monbus Obradoiro,BAXI Manresa,57,10,79.2,80.2,0.8,80.6,91.4,0.2,-1.3999999999999915,0.6000000000000001,79.4,85.5,0.4,82.4,94.1,0.2,-3.0,0.2,0.33184,0.47138,31.0,14.6,75.0,0.37706,0.46236,30.6,18.6,73.4,1.5999999999999943,3.0,-3.0,3.0,4.0,0.75,1,1
103377,2022-23,2023-01-04 20:30:00+00:00,14,Unicaja,Surne Bilbao Basket,14,4,89.2,74.2,0.8,78.6,76.0,0.6,10.600000000000009,0.20000000000000007,87.1,71.8,0.8,78.3,80.1,0.4,8.799999999999997,0.4,0.39299999999999996,0.5688799999999999,31.8,19.8,97.4,0.33558000000000004,0.50652,31.4,14.4,82.2,15.200000000000003,3.0,1.0,3.0,4.0,0.75,1,1
103379,2022-23,2023-01-06 11:30:00+00:00,14,UCAM Murcia,Lenovo Tenerife,12,28,78.8,85.0,0.4,83.4,71.4,0.6,-4.6000000000000085,-0.19999999999999996,79.9,85.1,0.5,82.1,69.6,0.7,-2.1999999999999886,-0.19999999999999996,0.28586,0.49334000000000006,33.6,14.2,73.8,0.39862000000000003,0.55214,31.4,18.0,94.4,-20.60000000000001,-1.0,1.0,1.0,4.0,0.25,1,1
103375,2022-23,2023-01-07 17:00:00+00:00,15,Carplus Fuenlabrada,Bàsquet Girona,17,591,82.0,98.0,0.0,74.2,78.8,0.4,7.799999999999997,-0.4,82.5,95.1,0.2,75.6,79.9,0.4,6.900000000000006,-0.2,0.35506000000000004,0.5509200000000001,28.2,17.4,81.4,0.26862,0.52922,31.8,15.8,76.0,5.400000000000006,-5.0,-1.0,0.0,0.0,0.5,1,0
103370,2022-23,2023-01-07 17:00:00+00:00,15,Río Breogán,Monbus Obradoiro,25,57,80.6,80.4,0.6,83.2,84.0,0.8,-2.6000000000000085,-0.20000000000000007,80.9,79.6,0.5,83.1,86.8,0.5,-2.1999999999999886,0.0,0.33188,0.55126,30.2,15.2,79.2,0.33643999999999996,0.4849,30.8,14.8,79.8,-0.5999999999999943,1.0,3.0,1.0,2.0,0.5,1,1
103373,2022-23,2023-01-07 19:45:00+00:00,15,Barça,Real Betis Baloncesto,2,15,76.4,70.2,0.8,80.2,81.2,0.4,-3.799999999999997,0.4,79.2,72.9,0.8,75.7,85.4,0.2,3.5,0.6000000000000001,0.26972,0.5507,33.8,16.8,79.8,0.36032,0.5063200000000001,32.0,16.4,78.2,1.5999999999999943,3.0,-1.0,4.0,4.0,1.0,1,1
103374,2022-23,2023-01-07 19:45:00+00:00,15,Joventut Badalona,Coviran Granada,8,592,83.6,74.2,0.8,70.8,90.4,0.0,12.799999999999997,0.8,82.4,76.8,0.8,75.3,89.9,0.2,7.1000000000000085,0.6000000000000001,0.34944000000000003,0.5716000000000001,35.0,17.6,90.6,0.26958000000000004,0.47184,33.0,13.4,61.8,28.799999999999997,3.0,-5.0,0.0,0.0,0.5,1,1
103372,2022-23,2023-01-08 11:30:00+00:00,15,Real Madrid,Gran Canaria,9,5,85.0,77.0,0.8,80.4,89.6,0.2,4.599999999999994,0.6000000000000001,85.3,74.8,0.7,82.8,82.5,0.5,2.5,0.19999999999999996,0.37418,0.51126,34.4,16.4,97.2,0.38108000000000003,0.5314,28.6,14.4,82.0,15.200000000000003,3.0,-3.0,3.0,4.0,0.75,1,1
103371,2022-23,2023-01-08 16:00:00+00:00,15,BAXI Manresa,Casademont Zaragoza,10,16,82.8,92.4,0.2,74.2,79.4,0.2,8.599999999999994,0.0,84.5,94.4,0.2,77.8,79.8,0.3,6.700000000000003,-0.09999999999999998,0.3463,0.4749,31.8,20.4,78.8,0.26696,0.5139400000000001,37.2,14.8,79.0,-0.20000000000000284,-3.0,-3.0,3.0,4.0,0.75,1,0
103385,2022-23,2023-01-08 17:30:00+00:00,15,Cazoo Baskonia,Valencia Basket,3,13,96.2,78.0,1.0,91.4,82.0,0.6,4.799999999999997,0.4,93.2,80.6,0.9,87.3,86.0,0.5,5.900000000000006,0.4,0.45802,0.62032,33.2,23.6,112.8,0.41432,0.59282,29.8,22.0,100.2,12.599999999999994,5.0,1.0,2.0,4.0,0.5,1,1
103387,2022-23,2023-01-08 19:00:00+00:00,15,Lenovo Tenerife,Unicaja,28,14,79.0,76.2,0.4,91.0,76.6,0.8,-12.0,-0.4,79.9,71.4,0.6,89.0,73.8,0.8,-9.099999999999994,-0.20000000000000007,0.34053999999999995,0.52688,31.6,17.4,85.8,0.3907,0.59704,30.0,20.8,101.0,-15.200000000000003,-1.0,3.0,4.0,4.0,1.0,1,1
103404,2022-23,2023-01-08 19:00:00+00:00,15,Surne Bilbao Basket,UCAM Murcia,4,12,79.6,81.0,0.4,79.8,81.0,0.6,-0.20000000000000284,-0.19999999999999996,77.8,79.4,0.4,80.9,84.1,0.5,-3.1000000000000085,-0.09999999999999998,0.36348,0.5342,29.4,14.2,83.2,0.27640000000000003,0.483,35.6,15.6,80.4,2.799999999999997,-1.0,1.0,2.0,4.0,0.5,1,1
103388,2022-23,2023-01-14 17:00:00+00:00,16,Unicaja,Río Breogán,14,25,87.0,79.2,0.6,78.8,79.0,0.6,8.200000000000003,0.0,90.9,75.5,0.8,78.7,78.5,0.5,12.200000000000003,0.30000000000000004,0.36656,0.58814,30.2,20.0,96.2,0.32344,0.5208600000000001,31.4,15.0,76.4,19.799999999999997,1.0,1.0,1.0,2.0,0.5,1,1
103403,2022-23,2023-01-14 18:00:00+00:00,16,Bàsquet Girona,Surne Bilbao Basket,591,4,77.6,79.2,0.6,84.2,82.8,0.4,-6.6000000000000085,0.19999999999999996,76.0,80.3,0.4,80.7,78.9,0.5,-4.700000000000003,-0.09999999999999998,0.30918,0.5398400000000001,32.8,17.4,83.8,0.36432000000000003,0.56624,31.6,15.6,89.6,-5.799999999999997,1.0,-1.0,0.0,0.0,0.5,1,1
103401,2022-23,2023-01-14 19:45:00+00:00,16,Gran Canaria,Carplus Fuenlabrada,5,17,83.0,95.4,0.2,82.6,95.2,0.0,0.4000000000000057,0.2,81.9,85.4,0.4,81.8,95.5,0.1,0.10000000000000853,0.30000000000000004,0.39374,0.5304,27.0,16.4,85.0,0.33455999999999997,0.5436,29.6,16.6,81.2,3.799999999999997,-3.0,-5.0,3.0,4.0,0.75,1,1
103402,2022-23,2023-01-14 19:45:00+00:00,16,Casademont Zaragoza,Lenovo Tenerife,16,28,73.0,71.6,0.4,77.8,78.6,0.4,-4.799999999999997,0.0,77.1,78.1,0.4,82.5,73.1,0.7,-5.400000000000006,-0.29999999999999993,0.26255999999999996,0.5167999999999999,38.4,14.8,78.8,0.33466000000000007,0.5088,32.2,16.2,83.6,-4.799999999999997,-1.0,-1.0,0.0,4.0,0.0,1,0
103400,2022-23,2023-01-15 11:30:00+00:00,16,Real Betis Baloncesto,Monbus Obradoiro,15,57,79.0,88.8,0.2,79.8,82.0,0.6,-0.7999999999999972,-0.39999999999999997,75.6,87.9,0.2,79.2,82.9,0.5,-3.6000000000000085,-0.3,0.36626,0.5436800000000002,28.4,16.0,77.4,0.32292,0.46884,33.0,13.4,75.6,1.8000000000000114,-3.0,1.0,2.0,4.0,0.5,1,0
103399,2022-23,2023-01-15 11:30:00+00:00,16,Coviran Granada,Real Madrid,592,9,72.0,93.2,0.0,90.2,81.6,0.8,-18.200000000000003,-0.8,74.9,89.5,0.2,87.6,74.5,0.8,-12.699999999999989,-0.6000000000000001,0.2753,0.49046,30.2,13.4,64.8,0.3964,0.54346,33.8,19.0,103.6,-38.8,-5.0,3.0,0.0,0.0,0.5,1,0
103397,2022-23,2023-01-15 16:00:00+00:00,16,UCAM Murcia,Barça,12,2,81.4,80.4,0.6,82.4,69.0,1.0,-1.0,-0.4,79.4,85.7,0.4,82.9,73.4,0.8,-3.5,-0.4,0.28158000000000005,0.483,35.8,16.4,82.4,0.31399999999999995,0.5953400000000001,33.2,19.4,89.4,-7.0,1.0,5.0,1.0,4.0,0.25,1,0
103396,2022-23,2023-01-15 16:00:00+00:00,16,Cazoo Baskonia,Joventut Badalona,3,8,92.8,79.2,1.0,83.6,75.0,0.8,9.200000000000003,0.19999999999999996,92.9,80.3,0.9,84.0,77.5,0.8,8.900000000000006,0.09999999999999998,0.44172,0.57422,32.8,21.8,102.8,0.35831999999999997,0.5565599999999999,34.2,19.8,90.6,12.200000000000003,5.0,3.0,0.0,4.0,0.0,1,1
103398,2022-23,2023-01-15 16:00:00+00:00,16,Valencia Basket,BAXI Manresa,13,10,94.8,83.2,0.6,82.2,88.8,0.2,12.599999999999994,0.39999999999999997,84.9,84.7,0.4,82.7,92.0,0.2,2.200000000000003,0.2,0.43488,0.6118600000000001,31.0,23.4,108.6,0.34750000000000003,0.47696000000000005,31.4,20.2,77.4,31.19999999999999,1.0,-3.0,4.0,4.0,1.0,1,1
103395,2022-23,2023-01-21 17:00:00+00:00,17,Carplus Fuenlabrada,UCAM Murcia,17,12,78.6,93.8,0.0,80.6,83.2,0.4,-2.0,-0.4,81.4,97.4,0.1,77.7,84.3,0.4,3.700000000000003,-0.30000000000000004,0.33792,0.55216,30.2,14.6,75.2,0.29138000000000003,0.46044,33.6,16.2,78.6,-3.3999999999999915,-5.0,-1.0,1.0,4.0,0.25,1,0
103393,2022-23,2023-01-21 19:45:00+00:00,17,BAXI Manresa,Unicaja,10,14,82.8,88.8,0.2,83.6,75.4,0.6,-0.7999999999999972,-0.39999999999999997,84.9,91.7,0.2,90.3,76.1,0.8,-5.3999999999999915,-0.6000000000000001,0.33416,0.5118400000000001,28.8,21.0,80.8,0.33236000000000004,0.58774,33.0,17.6,90.4,-9.600000000000009,-3.0,1.0,4.0,4.0,1.0,1,0
103392,2022-23,2023-01-21 19:45:00+00:00,17,Lenovo Tenerife,Real Betis Baloncesto,28,15,81.4,79.6,0.6,78.8,88.2,0.2,2.6000000000000085,0.39999999999999997,82.6,74.4,0.7,76.7,84.6,0.2,5.8999999999999915,0.49999999999999994,0.36466000000000004,0.5129,32.0,17.2,88.8,0.35912,0.5470200000000001,30.2,15.4,78.0,10.799999999999997,1.0,-3.0,4.0,4.0,1.0,1,1
103391,2022-23,2023-01-22 11:30:00+00:00,17,Monbus Obradoiro,Cazoo Baskonia,57,3,78.4,80.8,0.6,90.4,82.2,1.0,-12.0,-0.4,77.6,80.7,0.6,93.2,81.6,0.9,-15.600000000000009,-0.30000000000000004,0.32476000000000005,0.47535999999999995,31.6,14.0,74.4,0.4058,0.55944,31.8,21.0,100.8,-26.39999999999999,1.0,5.0,1.0,4.0,0.25,1,1
103390,2022-23,2023-01-22 11:30:00+00:00,17,Barça,Surne Bilbao Basket,2,4,84.0,68.6,1.0,80.6,83.6,0.4,3.4000000000000057,0.6,82.3,72.6,0.8,79.6,79.2,0.5,2.700000000000003,0.30000000000000004,0.3268,0.56908,35.8,18.2,90.8,0.34454,0.55698,32.0,14.2,81.0,9.799999999999997,5.0,-1.0,4.0,4.0,1.0,1,1
103394,2022-23,2023-01-22 11:30:00+00:00,17,Coviran Granada,Bàsquet Girona,592,591,73.0,95.0,0.0,80.6,70.2,0.8,-7.599999999999994,-0.8,71.8,88.8,0.1,74.4,77.3,0.4,-2.6000000000000085,-0.30000000000000004,0.26521999999999996,0.5032,30.4,12.2,64.4,0.33164,0.5740999999999999,33.4,18.8,94.6,-30.19999999999999,-5.0,3.0,0.0,0.0,0.5,1,0
103389,2022-23,2023-01-22 16:00:00+00:00,17,Valencia Basket,Casademont Zaragoza,13,16,94.6,87.8,0.6,75.0,77.6,0.2,19.599999999999994,0.39999999999999997,87.2,84.7,0.5,77.0,77.9,0.4,10.200000000000003,0.09999999999999998,0.39022,0.62532,31.8,21.8,104.8,0.2652,0.5262399999999999,35.4,15.8,78.2,26.599999999999994,1.0,-3.0,4.0,4.0,1.0,1,1
103291,2022-23,2023-01-22 16:30:00+00:00,17,Real Madrid,Río Breogán,9,25,86.0,76.2,0.8,77.2,83.4,0.6,8.799999999999997,0.20000000000000007,86.7,73.8,0.8,74.7,81.5,0.4,12.0,0.4,0.3551,0.5421,37.0,18.8,100.0,0.32946,0.5069000000000001,31.2,15.4,74.6,25.400000000000006,3.0,1.0,2.0,2.0,1.0,1,1
103292,2022-23,2023-01-22 17:30:00+00:00,17,Joventut Badalona,Gran Canaria,8,5,84.6,78.0,0.6,91.4,89.2,0.4,-6.800000000000011,0.19999999999999996,83.4,77.5,0.7,85.9,83.3,0.5,-2.5,0.19999999999999996,0.35936,0.54618,35.2,20.4,92.2,0.45252,0.5581799999999999,26.0,18.8,98.8,-6.599999999999994,1.0,-1.0,1.0,4.0,0.25,1,0
103280,2022-23,2023-01-28 16:30:00+00:00,18,Carplus Fuenlabrada,Lenovo Tenerife,17,28,75.4,91.0,0.0,85.6,76.4,0.8,-10.199999999999989,-0.8,78.5,96.5,0.0,84.1,75.1,0.7,-5.599999999999994,-0.7,0.3157,0.49968,33.0,13.2,69.2,0.39211999999999997,0.56948,31.6,19.4,99.2,-30.0,-5.0,3.0,2.0,5.0,0.4,1,0
103290,2022-23,2023-01-28 17:00:00+00:00,18,Río Breogán,Coviran Granada,25,592,74.0,84.8,0.4,72.4,91.4,0.0,1.5999999999999943,0.4,73.7,81.8,0.4,72.8,88.6,0.1,0.9000000000000057,0.30000000000000004,0.30198,0.49024,32.8,15.6,69.4,0.25612,0.50876,31.0,11.0,62.2,7.200000000000003,-1.0,-5.0,0.0,1.0,0.0,1,1
103191,2022-23,2023-01-28 19:45:00+00:00,18,Bàsquet Girona,Barça,591,2,83.4,72.0,0.8,86.6,72.2,1.0,-3.1999999999999886,-0.19999999999999996,76.7,77.9,0.5,83.9,73.5,0.8,-7.200000000000003,-0.30000000000000004,0.32326,0.6022000000000001,34.2,20.2,99.4,0.37036,0.58252,33.6,20.4,96.6,2.8000000000000114,3.0,5.0,0.0,1.0,0.0,1,0
103192,2022-23,2023-01-28 19:45:00+00:00,18,Surne Bilbao Basket,Joventut Badalona,4,8,79.0,86.0,0.2,81.4,81.4,0.4,-2.4000000000000057,-0.2,81.7,80.7,0.5,83.3,77.8,0.7,-1.5999999999999943,-0.19999999999999996,0.39434,0.5276799999999999,31.8,14.4,77.8,0.31686000000000003,0.52708,35.0,17.6,85.2,-7.400000000000006,-3.0,-1.0,2.0,5.0,0.4,1,0
103190,2022-23,2023-01-29 11:30:00+00:00,18,BAXI Manresa,Real Madrid,10,9,86.4,91.2,0.2,88.2,77.4,0.8,-1.7999999999999972,-0.6000000000000001,84.6,91.4,0.2,86.9,71.7,0.9,-2.3000000000000114,-0.7,0.3432,0.52488,32.0,22.0,87.6,0.368,0.55818,36.0,19.2,104.8,-17.200000000000003,-3.0,3.0,1.0,5.0,0.2,1,0
103187,2022-23,2023-01-29 12:00:00+00:00,18,Unicaja,Valencia Basket,14,13,91.2,79.2,0.8,90.2,86.8,0.6,1.0,0.20000000000000007,90.7,78.7,0.8,87.2,84.0,0.5,3.5,0.30000000000000004,0.3493,0.5906,34.4,18.6,99.8,0.37866,0.6201800000000001,30.8,19.4,98.6,1.2000000000000028,3.0,1.0,2.0,5.0,0.4,1,1
103188,2022-23,2023-01-29 16:00:00+00:00,18,UCAM Murcia,Cazoo Baskonia,12,3,78.4,80.6,0.4,87.2,82.8,0.8,-8.799999999999997,-0.4,77.7,83.9,0.4,91.1,80.4,0.8,-13.399999999999991,-0.4,0.26924000000000003,0.466,33.2,16.4,76.2,0.38079999999999997,0.5588200000000001,34.0,19.4,95.2,-19.0,-1.0,3.0,3.0,5.0,0.6,1,0
103189,2022-23,2023-01-29 17:30:00+00:00,18,Gran Canaria,Monbus Obradoiro,5,57,92.6,84.4,0.6,81.8,79.8,0.8,10.799999999999997,-0.20000000000000007,86.5,85.0,0.5,80.9,80.8,0.7,5.599999999999994,-0.19999999999999996,0.42474,0.57256,28.8,19.2,100.8,0.35258,0.49476,32.0,13.2,79.0,21.799999999999997,1.0,3.0,2.0,5.0,0.4,1,1
103186,2022-23,2023-01-29 19:00:00+00:00,18,Casademont Zaragoza,Real Betis Baloncesto,16,15,76.4,79.6,0.2,74.8,88.0,0.2,1.6000000000000085,0.0,75.2,77.8,0.3,72.8,82.7,0.2,2.4000000000000057,0.09999999999999998,0.28446,0.56158,33.6,16.4,80.8,0.30346,0.5243200000000001,30.2,13.2,72.2,8.599999999999994,-3.0,-3.0,4.0,5.0,0.8,1,1
103182,2022-23,2023-02-04 17:00:00+00:00,19,Real Betis Baloncesto,UCAM Murcia,15,12,75.0,87.2,0.2,81.2,81.6,0.4,-6.200000000000003,-0.2,74.3,83.3,0.2,80.0,83.3,0.4,-5.700000000000003,-0.2,0.31192000000000003,0.5041200000000001,31.4,14.0,72.0,0.29152,0.47744,34.0,15.8,79.4,-7.400000000000006,-3.0,-1.0,0.0,5.0,0.0,1,1
103184,2022-23,2023-02-04 17:00:00+00:00,19,Joventut Badalona,BAXI Manresa,8,10,76.8,75.4,0.4,83.8,94.2,0.0,-7.0,0.4,82.1,75.0,0.7,82.2,92.8,0.1,-0.10000000000000853,0.6,0.27643999999999996,0.52456,34.4,15.6,77.2,0.32642000000000004,0.5356799999999999,29.2,20.0,81.8,-4.599999999999994,-1.0,-5.0,3.0,5.0,0.6,1,1
103183,2022-23,2023-02-04 19:45:00+00:00,19,Gran Canaria,Unicaja,5,14,88.6,80.2,0.6,95.2,83.2,0.8,-6.6000000000000085,-0.20000000000000007,86.2,84.9,0.5,92.2,78.7,0.8,-6.0,-0.30000000000000004,0.40759999999999996,0.5786199999999999,29.4,18.4,97.2,0.38276,0.62148,33.2,18.4,105.2,-8.0,1.0,3.0,2.0,5.0,0.4,1,1
103185,2022-23,2023-02-04 19:45:00+00:00,19,Monbus Obradoiro,Surne Bilbao Basket,57,4,79.0,79.0,0.6,73.2,83.0,0.2,5.799999999999997,0.39999999999999997,79.1,79.6,0.7,75.9,79.5,0.4,3.1999999999999886,0.29999999999999993,0.30852,0.51762,31.8,13.0,76.8,0.34042000000000006,0.5031399999999999,32.2,14.2,71.6,5.200000000000003,1.0,-3.0,2.0,5.0,0.4,1,1
103180,2022-23,2023-02-05 11:30:00+00:00,19,Barça,Valencia Basket,2,13,89.8,74.2,1.0,89.6,88.2,0.6,0.20000000000000284,0.4,84.4,72.6,0.9,88.0,84.8,0.5,-3.5999999999999943,0.4,0.38578,0.59928,33.8,19.4,102.8,0.34652000000000005,0.62146,29.6,19.4,97.2,5.599999999999994,5.0,1.0,2.0,5.0,0.4,1,1
103181,2022-23,2023-02-05 11:30:00+00:00,19,Río Breogán,Bàsquet Girona,25,591,78.4,81.0,0.6,82.2,72.4,0.8,-3.799999999999997,-0.20000000000000007,76.6,80.5,0.5,77.1,78.5,0.5,-0.5,0.0,0.29686,0.52902,33.4,18.0,78.6,0.3166,0.5966400000000001,33.0,20.6,96.8,-18.200000000000003,1.0,3.0,1.0,1.0,1.0,1,1
103179,2022-23,2023-02-05 16:00:00+00:00,19,Cazoo Baskonia,Casademont Zaragoza,3,16,87.4,83.4,0.8,81.6,82.4,0.4,5.800000000000011,0.4,91.8,79.1,0.9,75.8,79.3,0.3,16.0,0.6000000000000001,0.37004000000000004,0.54158,34.8,18.8,94.2,0.29322,0.58864,33.8,17.8,88.8,5.400000000000006,3.0,-1.0,4.0,5.0,0.8,1,1
103178,2022-23,2023-02-05 17:30:00+00:00,19,Real Madrid,Lenovo Tenerife,9,28,90.0,75.2,0.8,85.0,76.6,0.8,5.0,0.0,87.0,72.9,0.9,84.2,74.0,0.7,2.799999999999997,0.20000000000000007,0.36132,0.59784,35.6,20.2,111.0,0.3741,0.5790599999999999,31.8,19.2,97.0,14.0,3.0,3.0,4.0,5.0,0.8,1,1
103193,2022-23,2023-02-05 19:00:00+00:00,19,Coviran Granada,Carplus Fuenlabrada,592,17,72.6,91.6,0.0,73.0,93.6,0.0,-0.4000000000000057,0.0,71.5,91.5,0.0,77.0,95.1,0.0,-5.5,0.0,0.26978,0.51734,30.2,12.0,65.8,0.3357,0.46508000000000005,32.6,13.2,63.0,2.799999999999997,-5.0,-5.0,1.0,1.0,1.0,1,1
103195,2022-23,2023-02-11 17:00:00+00:00,20,Carplus Fuenlabrada,Casademont Zaragoza,17,16,70.0,91.8,0.0,79.8,82.6,0.4,-9.799999999999997,-0.4,76.0,94.9,0.0,77.0,81.0,0.3,-1.0,-0.3,0.29394,0.47481999999999996,32.6,13.2,58.8,0.31188,0.5623400000000001,34.0,17.4,87.0,-28.200000000000003,-5.0,-1.0,4.0,5.0,0.8,1,0
103212,2022-23,2023-02-11 17:00:00+00:00,20,Surne Bilbao Basket,Coviran Granada,4,592,70.2,80.0,0.2,72.4,86.8,0.2,-2.200000000000003,0.0,74.9,80.5,0.3,71.6,88.6,0.1,3.3000000000000114,0.19999999999999998,0.31296,0.48206000000000004,32.6,14.4,68.2,0.28312,0.5152,31.6,12.4,66.8,1.4000000000000057,-3.0,-3.0,0.0,1.0,0.0,1,1
103196,2022-23,2023-02-11 19:45:00+00:00,20,Real Betis Baloncesto,Joventut Badalona,15,8,74.2,85.0,0.2,78.2,72.6,0.6,-4.0,-0.39999999999999997,77.2,83.1,0.3,80.9,73.4,0.7,-3.700000000000003,-0.39999999999999997,0.27398,0.5046400000000001,33.6,13.4,72.8,0.29046,0.54036,36.2,15.8,84.0,-11.200000000000003,-3.0,1.0,1.0,5.0,0.2,1,0
103211,2022-23,2023-02-11 19:45:00+00:00,20,Bàsquet Girona,Monbus Obradoiro,591,57,80.4,77.6,0.6,73.6,72.0,0.6,6.800000000000011,0.0,77.3,78.2,0.5,78.4,78.0,0.7,-1.1000000000000085,-0.19999999999999996,0.31373999999999996,0.5680799999999999,32.8,19.8,90.4,0.31386,0.49998,30.6,14.0,72.2,18.200000000000003,1.0,1.0,0.0,1.0,0.0,1,1
103210,2022-23,2023-02-12 11:30:00+00:00,20,Barça,Río Breogán,2,25,88.6,73.6,1.0,78.8,77.4,0.6,9.799999999999997,0.4,82.5,71.9,0.9,79.7,78.9,0.6,2.799999999999997,0.30000000000000004,0.38276,0.5876600000000001,34.4,19.2,104.0,0.31864,0.52734,32.8,18.6,82.8,21.200000000000003,5.0,1.0,3.0,3.0,1.0,1,1
103209,2022-23,2023-02-12 16:00:00+00:00,20,Valencia Basket,Gran Canaria,13,5,86.2,87.2,0.4,89.8,76.6,0.8,-3.5999999999999943,-0.4,88.8,84.6,0.5,85.1,83.1,0.5,3.700000000000003,0.0,0.34941999999999995,0.58188,29.4,18.6,94.2,0.37926,0.60106,31.8,18.4,102.2,-8.0,-1.0,3.0,2.0,5.0,0.4,1,1
103208,2022-23,2023-02-12 17:30:00+00:00,20,UCAM Murcia,Real Madrid,12,9,78.4,85.6,0.2,92.0,73.2,1.0,-13.599999999999994,-0.8,79.1,83.3,0.4,88.5,75.1,0.9,-9.400000000000006,-0.5,0.30322,0.4716,32.2,15.8,73.8,0.3808,0.61362,36.0,20.0,114.6,-40.8,-3.0,5.0,0.0,5.0,0.0,1,0
103207,2022-23,2023-02-12 19:00:00+00:00,20,Unicaja,Cazoo Baskonia,14,3,90.8,85.0,0.6,86.6,82.4,0.8,4.200000000000003,-0.20000000000000007,90.9,80.8,0.7,91.4,80.2,0.9,-0.5,-0.20000000000000007,0.3661,0.58856,33.4,17.2,95.4,0.38392,0.5057,34.4,17.2,92.8,2.6000000000000085,1.0,3.0,1.0,5.0,0.2,1,0
103205,2022-23,2023-03-04 17:00:00+00:00,21,Unicaja,Bàsquet Girona,14,591,90.2,84.6,0.6,82.4,77.8,0.6,7.799999999999997,0.0,88.6,81.9,0.6,80.0,78.5,0.6,8.599999999999994,0.0,0.3523,0.57206,35.2,17.4,93.0,0.32144,0.5568,32.8,18.8,90.6,2.4000000000000057,1.0,1.0,1.0,1.0,1.0,1,1
103204,2022-23,2023-03-04 17:00:00+00:00,21,BAXI Manresa,Carplus Fuenlabrada,10,17,77.0,88.0,0.0,69.2,92.2,0.0,7.799999999999997,0.0,79.9,90.2,0.1,75.9,93.7,0.0,4.0,0.1,0.28944000000000003,0.51992,29.2,17.6,72.6,0.29964,0.44986,33.0,12.4,56.4,16.199999999999996,-5.0,-5.0,3.0,5.0,0.6,1,1
103203,2022-23,2023-03-04 19:45:00+00:00,21,Casademont Zaragoza,Barça,16,2,82.4,83.8,0.4,84.2,70.4,1.0,-1.7999999999999972,-0.6,77.7,77.7,0.4,83.3,69.7,1.0,-5.599999999999994,-0.6,0.34703999999999996,0.56634,32.2,18.2,89.4,0.3761,0.52334,38.2,18.2,102.2,-12.799999999999997,-1.0,5.0,1.0,5.0,0.2,1,1
103202,2022-23,2023-03-04 19:45:00+00:00,21,Río Breogán,Real Betis Baloncesto,25,15,76.8,82.0,0.4,73.6,78.4,0.2,3.200000000000003,0.2,77.8,80.5,0.5,76.3,83.6,0.2,1.5,0.3,0.31307999999999997,0.51022,30.6,17.8,76.4,0.25101999999999997,0.49614000000000014,35.6,13.6,72.0,4.400000000000006,-1.0,-3.0,2.0,3.0,0.6666666666666666,1,0
103201,2022-23,2023-03-05 11:30:00+00:00,21,Joventut Badalona,UCAM Murcia,8,12,74.4,71.6,0.6,78.2,83.4,0.2,-3.799999999999997,0.39999999999999997,79.0,73.3,0.7,79.8,81.9,0.4,-0.7999999999999972,0.29999999999999993,0.25492,0.5267999999999999,36.8,14.2,79.8,0.3061,0.46046,33.0,15.4,71.8,8.0,1.0,-3.0,4.0,5.0,0.8,1,1
103200,2022-23,2023-03-05 12:00:00+00:00,21,Gran Canaria,Surne Bilbao Basket,5,4,88.0,72.0,0.8,68.4,78.4,0.2,19.599999999999994,0.6000000000000001,85.5,83.7,0.5,76.3,80.6,0.3,9.200000000000003,0.2,0.38926,0.6223,31.6,18.4,102.2,0.30934,0.4681,32.2,13.8,65.2,37.0,3.0,-3.0,3.0,5.0,0.6,1,1
103199,2022-23,2023-03-05 16:00:00+00:00,21,Monbus Obradoiro,Real Madrid,57,9,77.0,77.8,0.6,88.6,72.2,1.0,-11.599999999999994,-0.4,78.4,79.9,0.6,89.4,76.9,0.9,-11.0,-0.30000000000000004,0.34814,0.48196000000000006,30.4,15.4,76.2,0.34192,0.5872999999999999,38.6,16.0,107.2,-31.0,1.0,5.0,0.0,5.0,0.0,1,0
103198,2022-23,2023-03-05 17:30:00+00:00,21,Valencia Basket,Lenovo Tenerife,13,28,86.8,85.4,0.6,87.6,77.2,0.8,-0.7999999999999972,-0.20000000000000007,90.8,84.3,0.6,83.3,76.7,0.6,7.5,0.0,0.39015999999999995,0.6008,26.2,18.0,94.8,0.41109999999999997,0.58088,30.6,20.2,98.8,-4.0,1.0,3.0,2.0,5.0,0.4,1,1
103197,2022-23,2023-03-05 19:00:00+00:00,21,Cazoo Baskonia,Coviran Granada,3,592,87.4,82.8,0.8,72.6,86.8,0.2,14.800000000000011,0.6000000000000001,90.1,81.0,0.9,72.3,90.0,0.1,17.799999999999997,0.8,0.36792,0.5017400000000001,36.8,15.8,94.0,0.32311999999999996,0.4928199999999999,31.4,11.8,66.6,27.400000000000006,3.0,-3.0,1.0,1.0,1.0,1,1
103194,2022-23,2023-03-11 17:00:00+00:00,22,Coviran Granada,Gran Canaria,592,5,76.4,91.4,0.2,84.8,73.2,0.8,-8.399999999999991,-0.6000000000000001,74.7,93.2,0.1,88.1,81.2,0.6,-13.399999999999991,-0.5,0.36354,0.51938,27.8,14.0,72.6,0.38128,0.6334,33.2,18.2,99.6,-27.0,-3.0,3.0,0.0,1.0,0.0,1,1
103176,2022-23,2023-03-11 19:45:00+00:00,22,Casademont Zaragoza,Monbus Obradoiro,16,57,82.8,83.0,0.6,78.0,80.4,0.4,4.799999999999997,0.19999999999999996,78.9,80.3,0.4,78.2,80.6,0.5,0.7000000000000028,-0.09999999999999998,0.34996,0.5819000000000001,32.6,18.0,94.8,0.31428,0.5052800000000001,31.2,16.0,79.6,15.200000000000003,1.0,-1.0,2.0,5.0,0.4,1,0
103156,2022-23,2023-03-11 19:45:00+00:00,22,Lenovo Tenerife,Joventut Badalona,28,8,83.8,75.8,0.6,76.6,68.4,0.8,7.200000000000003,-0.20000000000000007,80.8,77.2,0.5,80.6,73.2,0.7,0.20000000000000284,-0.19999999999999996,0.37082,0.63422,29.0,20.2,91.0,0.28015999999999996,0.54898,35.6,15.0,84.0,7.0,1.0,3.0,2.0,5.0,0.4,1,1
103153,2022-23,2023-03-12 11:30:00+00:00,22,Real Madrid,Surne Bilbao Basket,9,4,89.0,75.4,1.0,70.8,80.4,0.2,18.200000000000003,0.8,87.5,75.8,0.9,75.7,82.0,0.3,11.799999999999997,0.6000000000000001,0.40321999999999997,0.57622,35.4,16.0,107.0,0.30857999999999997,0.46482,32.0,14.4,68.2,38.8,5.0,-3.0,4.0,5.0,0.8,1,1
103154,2022-23,2023-03-12 11:30:00+00:00,22,Bàsquet Girona,Valencia Basket,591,13,79.6,84.8,0.4,81.6,81.4,0.6,-2.0,-0.19999999999999996,80.1,77.5,0.6,88.1,84.6,0.6,-8.0,0.0,0.31262,0.5395199999999999,31.6,17.6,82.6,0.40228,0.57934,22.4,17.6,87.8,-5.200000000000003,-1.0,1.0,0.0,1.0,0.0,1,0
103177,2022-23,2023-03-12 11:30:00+00:00,22,UCAM Murcia,Unicaja,12,14,77.4,85.0,0.2,89.0,85.4,0.6,-11.599999999999994,-0.39999999999999997,79.0,84.1,0.3,86.3,80.4,0.6,-7.299999999999997,-0.3,0.3061,0.47380000000000005,33.2,14.0,69.8,0.32342,0.5662200000000001,34.0,16.8,89.2,-19.400000000000006,-3.0,1.0,2.0,5.0,0.4,1,1
103152,2022-23,2023-03-12 16:00:00+00:00,22,Real Betis Baloncesto,Cazoo Baskonia,15,3,82.4,86.6,0.4,91.6,82.4,0.8,-9.199999999999989,-0.4,80.6,87.4,0.3,91.0,82.3,0.9,-10.400000000000006,-0.6000000000000001,0.28964,0.5020600000000001,34.8,16.2,81.4,0.37716000000000005,0.53888,38.4,17.4,101.4,-20.0,-1.0,3.0,0.0,5.0,0.0,1,0
103151,2022-23,2023-03-12 17:30:00+00:00,22,Barça,BAXI Manresa,2,10,83.6,73.0,0.8,82.4,89.2,0.2,1.1999999999999886,0.6000000000000001,83.8,70.8,0.9,82.3,89.0,0.2,1.5,0.7,0.3604,0.51832,36.4,19.2,96.6,0.28823999999999994,0.54304,31.4,18.4,83.8,12.799999999999997,3.0,-3.0,4.0,5.0,0.8,1,1
103150,2022-23,2023-03-12 19:00:00+00:00,22,Carplus Fuenlabrada,Río Breogán,17,25,71.8,88.6,0.0,86.4,85.0,0.4,-14.600000000000009,-0.4,75.2,91.2,0.0,81.8,84.2,0.5,-6.599999999999994,-0.5,0.313,0.4311,33.8,14.0,59.6,0.34992,0.5416399999999999,31.2,20.2,91.4,-31.800000000000004,-5.0,-1.0,1.0,3.0,0.3333333333333333,1,0
103149,2022-23,2023-03-18 17:00:00+00:00,23,Monbus Obradoiro,Lenovo Tenerife,57,28,75.6,78.8,0.4,83.4,72.8,0.6,-7.800000000000011,-0.19999999999999996,78.7,79.3,0.6,82.4,76.2,0.6,-3.700000000000003,0.0,0.30836,0.49596,32.8,16.2,77.4,0.36178,0.65868,28.6,20.2,91.8,-14.399999999999991,-1.0,1.0,0.0,5.0,0.0,1,0
103148,2022-23,2023-03-18 17:00:00+00:00,23,BAXI Manresa,Real Betis Baloncesto,10,15,78.4,87.2,0.2,83.8,85.6,0.4,-5.3999999999999915,-0.2,80.6,88.0,0.2,79.3,86.8,0.3,1.2999999999999972,-0.09999999999999998,0.27158,0.50816,32.2,17.0,77.6,0.3205,0.50938,34.2,17.2,83.2,-5.6000000000000085,-3.0,-1.0,2.0,5.0,0.4,1,1
103147,2022-23,2023-03-18 19:45:00+00:00,23,Joventut Badalona,Carplus Fuenlabrada,8,17,75.2,67.2,0.8,72.0,89.4,0.0,3.200000000000003,0.8,78.3,74.3,0.6,73.7,90.2,0.0,4.599999999999994,0.6,0.29979999999999996,0.53684,35.6,15.6,82.8,0.2835,0.46243999999999996,31.8,15.4,62.2,20.599999999999994,3.0,-5.0,4.0,5.0,0.8,1,1
103146,2022-23,2023-03-18 20:30:00+00:00,23,Gran Canaria,UCAM Murcia,5,12,79.8,74.2,0.6,76.8,86.6,0.2,3.0,0.39999999999999997,86.2,79.3,0.6,77.6,83.6,0.3,8.600000000000009,0.3,0.36673999999999995,0.6002,32.8,18.0,94.2,0.32824,0.4652200000000001,33.4,14.6,69.4,24.799999999999997,1.0,-3.0,2.0,5.0,0.4,1,1
103145,2022-23,2023-03-19 11:30:00+00:00,23,Río Breogán,Casademont Zaragoza,25,16,90.2,81.4,0.6,83.2,81.2,0.6,7.0,0.0,82.1,83.1,0.5,79.8,80.4,0.4,2.299999999999997,0.09999999999999998,0.39804000000000006,0.53952,32.6,21.2,100.8,0.32662,0.5432600000000001,33.2,16.4,93.2,7.599999999999994,1.0,1.0,1.0,3.0,0.3333333333333333,1,0
103144,2022-23,2023-03-19 11:30:00+00:00,23,Surne Bilbao Basket,Bàsquet Girona,4,591,68.2,80.0,0.2,76.2,85.0,0.2,-8.0,0.0,73.6,83.0,0.2,79.8,78.5,0.5,-6.200000000000003,-0.3,0.25878,0.4759399999999999,30.2,14.0,65.4,0.3101,0.53064,32.4,15.4,75.4,-10.0,-3.0,-3.0,0.0,1.0,0.0,1,1
103143,2022-23,2023-03-19 16:00:00+00:00,23,Unicaja,Barça,14,2,85.4,83.6,0.4,84.6,71.8,0.8,0.8000000000000114,-0.4,88.3,81.4,0.6,85.6,72.0,0.9,2.700000000000003,-0.30000000000000004,0.31028,0.59288,32.4,16.2,85.6,0.39004,0.5294200000000001,36.4,18.2,96.4,-10.800000000000011,-1.0,3.0,1.0,5.0,0.2,1,0
103141,2022-23,2023-03-19 17:00:00+00:00,23,Valencia Basket,Coviran Granada,13,592,79.8,81.2,0.6,76.8,86.2,0.4,3.0,0.19999999999999996,85.0,84.0,0.6,74.6,88.8,0.2,10.400000000000006,0.39999999999999997,0.38824,0.5407599999999999,24.8,17.4,87.0,0.38082000000000005,0.51938,29.2,17.0,76.8,10.200000000000003,1.0,-1.0,1.0,1.0,1.0,1,1
103142,2022-23,2023-03-19 17:30:00+00:00,23,Real Madrid,Cazoo Baskonia,9,3,88.0,73.8,1.0,91.0,78.4,1.0,-3.0,0.0,88.1,75.6,0.9,89.1,80.6,0.9,-1.0,0.0,0.37422,0.5856999999999999,36.6,15.8,105.6,0.39894,0.53764,38.0,17.6,103.6,2.0,5.0,5.0,3.0,5.0,0.6,1,0
103155,2022-23,2023-03-25 17:00:00+00:00,24,Bàsquet Girona,BAXI Manresa,591,10,77.0,85.0,0.2,77.8,84.4,0.4,-0.7999999999999972,-0.2,79.6,78.7,0.5,82.1,87.8,0.3,-2.5,0.2,0.2854,0.51744,34.8,15.2,77.4,0.26216,0.50322,31.4,16.2,75.4,2.0,-3.0,-1.0,0.0,1.0,0.0,1,0
103140,2022-23,2023-03-25 17:00:00+00:00,24,Monbus Obradoiro,Río Breogán,57,25,73.6,79.4,0.4,84.6,85.4,0.4,-11.0,0.0,76.3,79.2,0.5,81.5,83.2,0.5,-5.200000000000003,0.0,0.32188,0.46168,33.8,15.6,76.0,0.38449999999999995,0.5129400000000001,33.0,18.0,87.8,-11.799999999999997,-1.0,-1.0,1.0,3.0,0.3333333333333333,1,0
103174,2022-23,2023-03-25 19:45:00+00:00,24,Barça,Joventut Badalona,2,8,85.0,73.4,0.8,81.8,74.2,0.8,3.200000000000003,0.0,87.4,73.8,0.9,79.3,74.8,0.6,8.100000000000009,0.30000000000000004,0.40824,0.5489,35.4,19.0,97.4,0.34822000000000003,0.53928,36.0,17.6,92.2,5.200000000000003,3.0,3.0,3.0,5.0,0.6,1,1
103157,2022-23,2023-03-25 19:45:00+00:00,24,Coviran Granada,UCAM Murcia,592,12,77.8,82.4,0.4,78.6,90.6,0.2,-0.7999999999999972,0.2,75.2,87.0,0.2,79.9,86.1,0.3,-4.700000000000003,-0.09999999999999998,0.35276,0.5402199999999999,30.8,17.4,79.2,0.34462000000000004,0.4417,32.6,14.8,69.0,10.200000000000003,-1.0,-3.0,1.0,1.0,1.0,1,1
103158,2022-23,2023-03-26 10:30:00+00:00,24,Real Betis Baloncesto,Unicaja,15,14,84.2,86.0,0.4,81.2,83.6,0.2,3.0,0.2,79.6,86.6,0.3,88.2,83.4,0.5,-8.600000000000009,-0.2,0.29954000000000003,0.5349200000000001,34.8,16.6,85.0,0.3215,0.53616,29.2,16.6,77.8,7.200000000000003,-1.0,-3.0,2.0,5.0,0.4,1,0
103173,2022-23,2023-03-26 11:00:00+00:00,24,Lenovo Tenerife,Gran Canaria,28,5,81.4,71.6,0.6,86.2,78.4,0.6,-4.799999999999997,0.0,83.5,74.0,0.7,87.4,79.3,0.6,-3.9000000000000057,0.09999999999999998,0.3369,0.65976,29.6,20.0,89.4,0.38654,0.58314,34.4,17.8,99.8,-10.399999999999991,1.0,1.0,4.0,5.0,0.8,1,1
103172,2022-23,2023-03-26 15:00:00+00:00,24,Cazoo Baskonia,Surne Bilbao Basket,3,4,92.6,80.0,1.0,74.8,81.4,0.4,17.799999999999997,0.6,90.0,81.7,0.9,74.0,82.2,0.3,16.0,0.6000000000000001,0.38612,0.55192,37.4,18.0,105.2,0.30856,0.49816000000000005,31.8,15.6,75.2,30.0,5.0,-1.0,5.0,5.0,1.0,1,1
103171,2022-23,2023-03-26 16:30:00+00:00,24,Carplus Fuenlabrada,Real Madrid,17,9,75.8,91.0,0.0,86.8,79.0,0.8,-11.0,-0.8,74.4,92.3,0.0,88.4,77.1,0.8,-14.0,-0.8,0.29921999999999993,0.48281999999999997,30.8,16.4,69.2,0.36682000000000003,0.54334,37.8,15.0,100.8,-31.599999999999994,-5.0,3.0,0.0,5.0,0.0,1,0
103170,2022-23,2023-03-26 18:00:00+00:00,24,Casademont Zaragoza,Valencia Basket,16,13,82.8,79.0,0.6,78.6,75.2,0.8,4.200000000000003,-0.20000000000000007,82.2,80.7,0.5,84.1,81.7,0.7,-1.8999999999999915,-0.19999999999999996,0.34852,0.5734800000000001,31.6,16.0,94.2,0.34524,0.5574399999999999,26.2,17.4,86.2,8.0,1.0,3.0,0.0,5.0,0.0,1,1
103206,2022-23,2023-03-29 19:00:00+00:00,20,Lenovo Tenerife,BAXI Manresa,28,10,78.6,73.6,0.6,81.2,81.4,0.6,-2.6000000000000085,0.0,81.8,75.1,0.7,82.5,87.8,0.3,-0.7000000000000028,0.39999999999999997,0.33218,0.6216,28.8,18.2,82.2,0.26711999999999997,0.54506,33.6,16.6,81.4,0.7999999999999972,1.0,1.0,4.0,5.0,0.8,1,1
103168,2022-23,2023-04-01 16:00:00+00:00,25,Unicaja,Carplus Fuenlabrada,14,17,83.0,79.2,0.4,77.2,94.8,0.0,5.799999999999997,0.4,86.9,82.1,0.5,73.6,93.3,0.0,13.300000000000011,0.5,0.31766,0.5741400000000001,31.8,18.2,84.8,0.28815999999999997,0.49348000000000003,31.2,16.8,70.2,14.599999999999994,-1.0,-5.0,4.0,5.0,0.8,1,1
103167,2022-23,2023-04-01 16:00:00+00:00,25,Río Breogán,Joventut Badalona,25,8,81.0,84.8,0.4,81.4,78.6,0.6,-0.4000000000000057,-0.19999999999999996,79.9,81.1,0.5,79.8,75.6,0.6,0.10000000000000853,-0.09999999999999998,0.37912,0.5042,32.0,17.2,82.6,0.32322,0.50976,35.8,16.8,89.2,-6.6000000000000085,-1.0,1.0,0.0,3.0,0.0,1,0
103169,2022-23,2023-04-01 18:45:00+00:00,25,Surne Bilbao Basket,Casademont Zaragoza,4,16,77.6,86.0,0.4,84.2,75.8,0.8,-6.6000000000000085,-0.4,73.9,83.0,0.3,82.0,79.2,0.6,-8.099999999999994,-0.3,0.328,0.51464,30.4,15.2,76.6,0.36757999999999996,0.6009,30.8,17.0,97.2,-20.60000000000001,-1.0,3.0,2.0,5.0,0.4,1,1
103166,2022-23,2023-04-01 18:45:00+00:00,25,Gran Canaria,Real Betis Baloncesto,5,15,84.0,80.6,0.4,80.6,87.6,0.2,3.4000000000000057,0.2,86.9,78.6,0.6,77.4,86.3,0.2,9.5,0.39999999999999997,0.3658,0.5815600000000001,33.4,18.2,92.0,0.29582,0.5171800000000001,31.6,14.6,74.8,17.200000000000003,-1.0,-3.0,3.0,5.0,0.6,1,1
103163,2022-23,2023-04-02 10:15:00+00:00,25,Real Madrid,Coviran Granada,9,592,89.6,79.2,0.8,78.8,81.6,0.4,10.799999999999997,0.4,90.8,76.2,0.9,75.6,84.2,0.3,15.200000000000003,0.6000000000000001,0.35019999999999996,0.5609,39.4,17.0,106.6,0.35102,0.53532,30.8,17.6,80.8,25.799999999999997,3.0,-1.0,1.0,1.0,1.0,1,1
103165,2022-23,2023-04-02 10:30:00+00:00,25,UCAM Murcia,Bàsquet Girona,12,591,77.8,91.4,0.2,78.8,83.8,0.2,-1.0,0.0,78.1,88.5,0.2,79.6,80.7,0.4,-1.5,-0.2,0.34462000000000004,0.46418,30.4,14.2,67.2,0.27112,0.51004,36.0,15.6,82.2,-15.0,-3.0,-3.0,0.0,1.0,0.0,1,1
103164,2022-23,2023-04-02 11:00:00+00:00,25,Lenovo Tenerife,Barça,28,2,83.2,73.4,0.8,86.2,72.6,0.8,-3.0,0.0,85.4,75.3,0.8,87.4,73.1,0.9,-2.0,-0.09999999999999998,0.33026,0.64762,29.8,19.0,92.4,0.41556,0.60274,34.4,19.2,99.4,-7.0,3.0,3.0,0.0,5.0,0.0,1,0
103161,2022-23,2023-04-02 15:00:00+00:00,25,BAXI Manresa,Monbus Obradoiro,10,57,85.6,86.8,0.6,71.6,81.4,0.2,14.0,0.39999999999999997,81.3,87.4,0.3,72.6,76.7,0.4,8.700000000000003,-0.10000000000000003,0.32058,0.54352,34.4,17.4,86.4,0.32988,0.46353999999999995,33.2,14.6,71.6,14.800000000000011,1.0,-3.0,1.0,5.0,0.2,1,1
103162,2022-23,2023-04-02 18:00:00+00:00,25,Valencia Basket,Cazoo Baskonia,13,3,78.6,76.2,0.8,94.4,79.8,1.0,-15.800000000000011,-0.19999999999999996,82.4,81.7,0.6,90.5,81.1,0.9,-8.099999999999994,-0.30000000000000004,0.33282,0.5669000000000001,26.6,17.2,82.8,0.40528000000000003,0.5720799999999999,37.4,18.8,111.2,-28.400000000000006,3.0,5.0,2.0,5.0,0.4,1,0
103255,2022-23,2023-04-04 19:00:00+00:00,28,Gran Canaria,Joventut Badalona,5,8,86.2,78.4,0.6,84.2,78.2,0.6,2.0,0.0,87.1,75.2,0.7,79.3,74.9,0.6,7.799999999999997,0.09999999999999998,0.35358,0.59626,33.6,19.2,96.8,0.37898,0.55458,34.4,18.2,93.6,3.200000000000003,1.0,1.0,4.0,5.0,0.8,1,1
103159,2022-23,2023-04-08 16:00:00+00:00,26,Monbus Obradoiro,UCAM Murcia,57,12,69.4,78.8,0.2,82.2,89.6,0.4,-12.799999999999997,-0.2,73.2,78.3,0.4,80.2,86.5,0.3,-7.0,0.10000000000000003,0.30112,0.4756600000000001,33.6,14.4,67.4,0.37044,0.47754,33.0,16.6,77.8,-10.399999999999991,-3.0,-1.0,1.0,5.0,0.2,1,1
103160,2022-23,2023-04-08 16:00:00+00:00,26,Coviran Granada,Unicaja,592,14,79.2,85.2,0.4,86.8,76.4,0.6,-7.599999999999994,-0.19999999999999996,75.9,86.0,0.3,88.5,80.5,0.6,-12.599999999999994,-0.3,0.33554,0.5496000000000001,30.2,19.2,81.8,0.33708,0.60778,31.0,19.0,93.8,-12.0,-1.0,1.0,0.0,1.0,0.0,1,0
103213,2022-23,2023-04-08 17:00:00+00:00,26,Río Breogán,Real Madrid,25,9,83.2,85.4,0.4,93.6,78.2,0.8,-10.399999999999991,-0.4,80.0,83.7,0.4,91.1,75.2,0.9,-11.099999999999994,-0.5,0.36757999999999996,0.518,32.8,16.6,87.4,0.39676,0.5926,38.2,20.0,113.6,-26.19999999999999,-1.0,3.0,0.0,3.0,0.0,1,1
103175,2022-23,2023-04-08 18:45:00+00:00,26,Casademont Zaragoza,Gran Canaria,16,5,80.8,77.8,0.6,87.4,81.8,0.6,-6.6000000000000085,0.0,81.6,80.8,0.5,86.1,77.5,0.7,-4.5,-0.19999999999999996,0.32527999999999996,0.59008,31.0,16.8,93.0,0.37034,0.5504,34.8,18.4,95.8,-2.799999999999997,1.0,1.0,1.0,5.0,0.2,1,1
103215,2022-23,2023-04-09 10:30:00+00:00,26,Real Betis Baloncesto,Lenovo Tenerife,15,28,81.4,90.8,0.2,84.0,73.8,0.8,-2.5999999999999943,-0.6000000000000001,77.5,84.6,0.2,83.9,74.8,0.7,-6.400000000000006,-0.49999999999999994,0.30044000000000004,0.5269200000000002,31.0,14.6,75.6,0.32642000000000004,0.5988,31.0,18.8,95.0,-19.400000000000006,-3.0,3.0,0.0,5.0,0.0,1,1
103214,2022-23,2023-04-09 10:30:00+00:00,26,Bàsquet Girona,Carplus Fuenlabrada,591,17,76.0,89.0,0.0,78.0,97.8,0.0,-2.0,0.0,79.2,83.4,0.3,73.6,95.0,0.0,5.6000000000000085,0.3,0.23266,0.50838,35.0,14.6,76.8,0.29186,0.5155000000000001,31.4,17.4,72.6,4.200000000000003,-5.0,-5.0,1.0,1.0,1.0,1,1
103268,2022-23,2023-04-09 15:00:00+00:00,26,Surne Bilbao Basket,Barça,4,2,75.8,85.0,0.4,85.6,77.0,0.8,-9.799999999999997,-0.4,72.1,81.7,0.3,84.9,73.7,0.9,-12.800000000000011,-0.6000000000000001,0.333,0.49912,29.4,14.2,72.0,0.41722000000000004,0.6113000000000001,31.4,18.6,94.0,-22.0,-1.0,3.0,0.0,5.0,0.0,1,1
103267,2022-23,2023-04-09 16:30:00+00:00,26,Joventut Badalona,Valencia Basket,8,13,83.0,84.6,0.4,78.4,78.0,0.6,4.599999999999994,-0.19999999999999996,79.8,76.5,0.6,82.6,81.7,0.6,-2.799999999999997,0.0,0.3707,0.5115799999999999,35.0,16.8,87.6,0.28736,0.5761799999999999,27.4,18.6,85.0,2.5999999999999943,-1.0,1.0,2.0,5.0,0.4,1,1
103266,2022-23,2023-04-09 18:00:00+00:00,26,Cazoo Baskonia,BAXI Manresa,3,10,93.6,79.8,1.0,83.2,84.2,0.6,10.399999999999991,0.4,90.5,81.3,0.9,82.8,86.7,0.4,7.700000000000003,0.5,0.41906,0.58994,34.6,20.0,108.0,0.31106,0.53566,33.8,17.8,83.6,24.400000000000006,5.0,1.0,2.0,5.0,0.4,1,1
103264,2022-23,2023-04-15 16:00:00+00:00,27,Carplus Fuenlabrada,Surne Bilbao Basket,17,4,74.4,96.4,0.0,78.0,82.2,0.6,-3.5999999999999943,-0.6,73.1,92.5,0.0,74.4,81.3,0.4,-1.3000000000000114,-0.4,0.27876,0.49428,31.0,16.2,66.6,0.36264,0.5089599999999999,29.6,14.0,76.8,-10.200000000000003,-5.0,1.0,1.0,5.0,0.2,1,1
103265,2022-23,2023-04-15 16:00:00+00:00,27,Unicaja,Monbus Obradoiro,14,57,88.2,76.2,0.6,70.0,77.8,0.4,18.200000000000003,0.19999999999999996,88.6,80.8,0.6,74.0,79.1,0.4,14.599999999999994,0.19999999999999996,0.38052,0.5972,32.2,21.0,96.2,0.3076,0.50096,32.8,14.4,69.6,26.60000000000001,1.0,-1.0,5.0,5.0,1.0,1,1
103262,2022-23,2023-04-15 18:45:00+00:00,27,Gran Canaria,Río Breogán,5,25,88.8,81.0,0.6,79.6,76.8,0.6,9.200000000000003,0.0,84.3,77.6,0.6,83.0,80.9,0.5,1.2999999999999972,0.09999999999999998,0.40932,0.53924,33.0,18.8,96.6,0.36757999999999996,0.51174,32.0,14.4,81.6,15.0,1.0,1.0,1.0,3.0,0.3333333333333333,1,1
103263,2022-23,2023-04-15 18:45:00+00:00,27,Joventut Badalona,Bàsquet Girona,8,591,86.4,81.6,0.6,79.0,82.2,0.2,7.400000000000006,0.39999999999999997,80.8,74.4,0.7,79.3,83.5,0.3,1.5,0.39999999999999997,0.38022,0.5262399999999999,36.6,17.4,95.0,0.25852,0.50394,38.6,15.0,84.4,10.599999999999994,1.0,-3.0,0.0,1.0,0.0,1,1
103261,2022-23,2023-04-16 10:30:00+00:00,27,UCAM Murcia,Casademont Zaragoza,12,16,84.4,87.0,0.4,79.0,75.8,0.6,5.400000000000006,-0.19999999999999996,80.9,86.0,0.3,80.9,79.4,0.6,0.0,-0.3,0.34965999999999997,0.48642,34.0,18.0,81.8,0.32426,0.5720600000000001,32.6,16.0,90.2,-8.400000000000006,-1.0,1.0,2.0,5.0,0.4,1,1
103260,2022-23,2023-04-16 11:00:00+00:00,27,Lenovo Tenerife,Cazoo Baskonia,28,3,82.2,76.2,0.6,94.0,82.0,1.0,-11.799999999999997,-0.4,82.8,74.5,0.6,92.8,82.2,0.9,-10.0,-0.30000000000000004,0.32954,0.56014,30.8,17.6,90.0,0.41336000000000006,0.60194,32.4,18.8,105.8,-15.799999999999997,1.0,5.0,2.0,5.0,0.4,1,1
103259,2022-23,2023-04-16 15:00:00+00:00,27,BAXI Manresa,Coviran Granada,10,592,87.2,87.0,0.6,76.8,84.4,0.4,10.400000000000006,0.19999999999999996,82.8,87.1,0.4,76.6,87.9,0.3,6.200000000000003,0.10000000000000003,0.32355999999999996,0.56482,34.6,17.2,87.2,0.29832000000000003,0.52212,34.6,17.4,80.4,6.799999999999997,1.0,-1.0,1.0,1.0,1.0,1,1
103258,2022-23,2023-04-16 16:30:00+00:00,27,Barça,Real Madrid,2,9,85.0,76.4,0.8,91.2,81.8,0.6,-6.200000000000003,0.20000000000000007,84.3,74.7,0.8,90.1,78.6,0.8,-5.799999999999997,0.0,0.44342000000000004,0.6023200000000001,30.8,18.6,94.6,0.36948,0.61418,36.6,19.4,105.6,-11.0,3.0,1.0,4.0,5.0,0.8,1,1
103257,2022-23,2023-04-16 18:00:00+00:00,27,Valencia Basket,Real Betis Baloncesto,13,15,77.0,80.6,0.4,74.4,83.2,0.2,2.5999999999999943,0.2,79.3,81.0,0.5,78.4,84.9,0.3,0.8999999999999915,0.2,0.27464000000000005,0.5499400000000001,30.0,16.6,81.2,0.27982000000000007,0.4962400000000001,31.0,13.0,67.6,13.600000000000009,-1.0,-3.0,2.0,5.0,0.4,1,1
103254,2022-23,2023-04-19 17:00:00+00:00,28,Cazoo Baskonia,Monbus Obradoiro,3,57,93.6,84.4,0.8,72.0,82.0,0.2,21.599999999999994,0.6000000000000001,92.3,81.4,0.9,73.8,80.4,0.3,18.5,0.6000000000000001,0.36506,0.61148,32.8,18.6,105.2,0.33352,0.5168999999999999,28.8,14.8,71.6,33.60000000000001,3.0,-3.0,3.0,5.0,0.6,1,1
103256,2022-23,2023-04-19 18:00:00+00:00,28,Real Madrid,Bàsquet Girona,9,591,90.4,88.2,0.4,76.8,84.8,0.2,13.600000000000009,0.2,89.2,81.0,0.7,76.5,84.9,0.2,12.700000000000003,0.49999999999999994,0.34988,0.61512,33.8,18.0,98.6,0.23352,0.50948,36.8,14.8,78.6,20.0,-1.0,-3.0,1.0,1.0,1.0,1,1
103271,2022-23,2023-04-19 18:30:00+00:00,28,UCAM Murcia,Valencia Basket,12,13,83.2,85.8,0.4,78.6,81.8,0.4,4.6000000000000085,0.0,80.0,86.2,0.3,79.2,81.5,0.5,0.7999999999999972,-0.2,0.33948,0.47922000000000003,33.2,17.4,78.2,0.28852,0.535,29.4,16.0,81.4,-3.200000000000003,-1.0,-1.0,2.0,5.0,0.4,1,1
103270,2022-23,2023-04-19 19:30:00+00:00,28,Coviran Granada,Barça,592,2,76.2,88.4,0.2,85.8,78.4,0.8,-9.599999999999994,-0.6000000000000001,76.5,87.3,0.3,85.2,75.1,0.8,-8.700000000000003,-0.5,0.25117999999999996,0.52212,35.4,15.0,75.8,0.39502000000000004,0.61168,32.6,19.2,96.2,-20.400000000000006,-3.0,3.0,0.0,1.0,0.0,1,0
103272,2022-23,2023-04-20 18:00:00+00:00,28,Real Betis Baloncesto,Carplus Fuenlabrada,15,17,76.4,84.0,0.2,75.2,92.2,0.2,1.2000000000000028,0.0,80.1,84.8,0.3,73.6,90.8,0.1,6.5,0.19999999999999998,0.26891999999999994,0.5274800000000001,33.0,13.6,71.4,0.28432,0.48764,31.6,15.4,68.0,3.4000000000000057,-3.0,-3.0,3.0,5.0,0.6,1,1
103288,2022-23,2023-04-20 18:30:00+00:00,28,Río Breogán,Unicaja,25,14,74.4,77.6,0.4,92.0,77.0,0.8,-17.599999999999994,-0.4,82.3,79.5,0.5,88.7,80.3,0.6,-6.400000000000006,-0.09999999999999998,0.33503999999999995,0.49808,28.0,13.0,71.4,0.41968000000000005,0.58406,33.2,22.4,102.6,-31.19999999999999,-1.0,3.0,1.0,3.0,0.3333333333333333,1,0
103286,2022-23,2023-04-22 16:00:00+00:00,29,Bàsquet Girona,Coviran Granada,591,592,75.4,85.8,0.2,72.8,86.4,0.2,2.6000000000000085,0.0,76.2,85.4,0.2,75.3,84.4,0.3,0.9000000000000057,-0.09999999999999998,0.24367999999999998,0.52268,33.8,16.4,77.8,0.26588,0.4645,34.4,13.0,70.0,7.799999999999997,-3.0,-3.0,1.0,1.0,1.0,1,1
103285,2022-23,2023-04-22 18:45:00+00:00,29,Valencia Basket,Surne Bilbao Basket,13,4,79.0,85.4,0.2,79.2,80.4,0.6,-0.20000000000000284,-0.39999999999999997,78.8,80.3,0.5,73.7,80.2,0.4,5.099999999999994,0.09999999999999998,0.31442,0.49307999999999996,32.2,15.2,80.2,0.36616,0.52072,32.2,14.6,78.4,1.7999999999999972,-3.0,1.0,3.0,5.0,0.6,1,1
103284,2022-23,2023-04-22 18:45:00+00:00,29,Barça,Gran Canaria,2,5,82.6,73.2,0.8,82.8,76.4,0.6,-0.20000000000000284,0.20000000000000007,83.8,73.3,0.8,84.5,77.4,0.6,-0.7000000000000028,0.20000000000000007,0.35472000000000004,0.61324,35.2,19.0,91.2,0.38918,0.5471,32.6,18.6,87.8,3.4000000000000057,3.0,1.0,4.0,5.0,0.8,1,1
103283,2022-23,2023-04-23 10:30:00+00:00,29,BAXI Manresa,UCAM Murcia,10,12,86.2,85.6,0.6,83.4,80.8,0.6,2.799999999999997,0.0,82.0,85.0,0.5,81.0,85.7,0.4,1.0,0.09999999999999998,0.31964,0.56172,33.8,17.8,86.2,0.33618,0.5235200000000001,33.8,18.2,84.0,2.200000000000003,1.0,1.0,3.0,5.0,0.6,1,1
103282,2022-23,2023-04-23 11:00:00+00:00,29,Lenovo Tenerife,Río Breogán,28,25,83.2,80.8,0.6,75.0,78.2,0.4,8.200000000000003,0.19999999999999996,82.3,76.2,0.6,79.8,81.8,0.4,2.5,0.19999999999999996,0.32345999999999997,0.51788,32.6,16.2,86.6,0.33922,0.5048,27.4,13.0,73.4,13.199999999999989,1.0,-1.0,2.0,3.0,0.6666666666666666,1,1
103289,2022-23,2023-04-23 15:00:00+00:00,29,Casademont Zaragoza,Unicaja,16,14,78.2,75.8,0.6,93.8,74.6,1.0,-15.599999999999994,-0.4,80.7,78.5,0.6,87.5,79.1,0.6,-6.799999999999997,0.0,0.3069,0.5832599999999999,34.2,16.0,92.2,0.41828000000000004,0.5997,34.8,22.4,108.2,-16.0,1.0,5.0,2.0,5.0,0.4,1,0
103281,2022-23,2023-04-23 15:00:00+00:00,29,Monbus Obradoiro,Real Betis Baloncesto,57,15,79.2,88.4,0.2,77.0,81.2,0.4,2.200000000000003,-0.2,76.4,83.9,0.3,80.6,83.6,0.4,-4.199999999999989,-0.10000000000000003,0.36924,0.5497,29.0,15.4,80.0,0.28558,0.5163200000000001,33.6,13.4,72.4,7.599999999999994,-3.0,-1.0,3.0,5.0,0.6,1,0
103279,2022-23,2023-04-23 16:00:00+00:00,29,Joventut Badalona,Real Madrid,8,9,84.2,77.2,0.6,90.6,83.2,0.6,-6.3999999999999915,0.0,83.0,75.7,0.7,88.7,81.1,0.7,-5.700000000000003,0.0,0.37429999999999997,0.5531600000000001,37.2,16.6,97.6,0.38473999999999997,0.6255,32.8,19.6,101.8,-4.200000000000003,1.0,1.0,0.0,5.0,0.0,1,0
103278,2022-23,2023-04-23 18:00:00+00:00,29,Carplus Fuenlabrada,Cazoo Baskonia,17,3,73.4,89.0,0.2,96.6,85.6,0.8,-23.19999999999999,-0.6000000000000001,74.6,90.0,0.1,94.6,82.8,0.9,-20.0,-0.8,0.25694000000000006,0.51298,33.0,14.4,65.2,0.41122,0.62844,30.8,20.4,110.4,-45.2,-3.0,3.0,1.0,5.0,0.2,1,0
103269,2022-23,2023-04-26 17:00:00+00:00,28,Surne Bilbao Basket,Lenovo Tenerife,4,28,80.0,84.0,0.4,84.0,78.8,0.6,-4.0,-0.19999999999999996,77.4,82.7,0.4,81.3,76.2,0.6,-3.8999999999999915,-0.19999999999999996,0.39464,0.52072,29.4,15.0,78.6,0.32314,0.5666800000000001,34.0,18.2,91.2,-12.600000000000009,-1.0,1.0,1.0,5.0,0.2,1,0
103287,2022-23,2023-04-26 19:30:00+00:00,28,Casademont Zaragoza,BAXI Manresa,16,10,74.8,76.4,0.4,87.6,86.4,0.6,-12.799999999999997,-0.19999999999999996,78.8,77.7,0.5,84.4,83.9,0.6,-5.6000000000000085,-0.09999999999999998,0.31348,0.53032,34.4,16.4,86.2,0.32056,0.5478000000000001,33.4,19.2,90.6,-4.3999999999999915,-1.0,1.0,2.0,5.0,0.4,1,1
103276,2022-23,2023-04-29 16:00:00+00:00,30,Coviran Granada,Lenovo Tenerife,592,28,69.8,90.6,0.0,80.6,73.4,0.6,-10.799999999999997,-0.6,74.3,86.1,0.2,81.9,73.4,0.7,-7.6000000000000085,-0.49999999999999994,0.24386000000000002,0.44778,32.2,13.0,62.0,0.29458,0.59004,35.0,17.8,88.8,-26.799999999999997,-5.0,1.0,0.0,1.0,0.0,1,0
103277,2022-23,2023-04-29 16:00:00+00:00,30,UCAM Murcia,Carplus Fuenlabrada,12,17,86.6,81.8,0.6,76.4,91.0,0.2,10.199999999999989,0.39999999999999997,82.2,86.6,0.4,76.8,92.9,0.1,5.400000000000006,0.30000000000000004,0.33655999999999997,0.5306000000000001,35.8,19.4,90.2,0.30758,0.5295799999999999,31.8,14.4,73.0,17.200000000000003,1.0,-3.0,4.0,5.0,0.8,1,1
103274,2022-23,2023-04-29 18:45:00+00:00,30,Surne Bilbao Basket,BAXI Manresa,4,10,76.4,80.6,0.4,87.8,86.2,0.6,-11.399999999999991,-0.19999999999999996,77.0,83.3,0.4,86.7,86.5,0.6,-9.700000000000003,-0.19999999999999996,0.39144000000000007,0.48846,28.0,14.6,73.2,0.3015,0.57006,33.4,18.8,89.8,-16.599999999999994,-1.0,1.0,2.0,5.0,0.4,1,1
103275,2022-23,2023-04-29 18:45:00+00:00,30,Valencia Basket,Monbus Obradoiro,13,57,83.0,85.8,0.4,79.2,90.0,0.2,3.799999999999997,0.2,80.8,81.0,0.6,75.4,85.7,0.2,5.3999999999999915,0.39999999999999997,0.34394,0.50414,33.2,15.4,88.6,0.34218000000000004,0.56226,30.8,15.0,77.2,11.399999999999991,-1.0,-3.0,5.0,5.0,1.0,1,1
103273,2022-23,2023-04-30 10:30:00+00:00,30,Real Madrid,Casademont Zaragoza,9,16,87.4,82.8,0.6,77.4,79.0,0.4,10.0,0.19999999999999996,88.5,81.0,0.7,80.8,77.4,0.6,7.700000000000003,0.09999999999999998,0.37446,0.6071599999999999,31.6,17.4,93.4,0.31664,0.53064,34.2,16.8,89.0,4.400000000000006,1.0,-1.0,4.0,5.0,0.8,1,1
103253,2022-23,2023-04-30 11:00:00+00:00,30,Gran Canaria,Bàsquet Girona,5,591,83.2,77.6,0.6,77.2,83.2,0.4,6.0,0.19999999999999996,83.6,79.1,0.5,78.0,83.5,0.3,5.599999999999994,0.2,0.43426,0.5262399999999999,31.2,18.2,89.4,0.27354,0.56662,33.4,16.4,81.0,8.400000000000006,1.0,-1.0,1.0,1.0,1.0,1,1
103252,2022-23,2023-04-30 15:00:00+00:00,30,Real Betis Baloncesto,Barça,15,2,80.2,78.8,0.6,82.6,74.8,0.8,-2.3999999999999915,-0.20000000000000007,80.4,83.2,0.4,84.4,73.7,0.8,-4.0,-0.4,0.30416,0.5274800000000001,35.2,15.6,84.4,0.35784,0.5745600000000001,36.2,19.2,93.0,-8.599999999999994,1.0,3.0,0.0,5.0,0.0,1,0
103251,2022-23,2023-04-30 16:30:00+00:00,30,Unicaja,Joventut Badalona,14,8,92.8,75.4,1.0,85.2,77.0,0.6,7.599999999999994,0.4,87.9,77.3,0.7,83.3,77.8,0.6,4.6000000000000085,0.09999999999999998,0.41878000000000004,0.5726799999999999,34.0,20.2,103.8,0.4191599999999999,0.5583000000000001,36.6,17.4,99.2,4.599999999999994,5.0,1.0,1.0,5.0,0.2,1,1
103232,2022-23,2023-04-30 18:00:00+00:00,30,Cazoo Baskonia,Río Breogán,3,25,99.0,88.6,0.8,73.6,81.8,0.2,25.400000000000006,0.6000000000000001,96.7,84.2,0.9,77.3,83.3,0.3,19.400000000000006,0.6000000000000001,0.41579999999999995,0.62844,30.4,22.4,110.4,0.35566,0.48086,27.2,12.6,70.0,40.400000000000006,3.0,-3.0,2.0,3.0,0.6666666666666666,1,1
103218,2022-23,2023-05-03 17:30:00+00:00,32,Unicaja,BAXI Manresa,14,10,88.4,74.2,1.0,87.0,89.2,0.4,1.4000000000000057,0.6,87.6,75.3,0.8,85.1,86.7,0.5,2.5,0.30000000000000004,0.39816,0.5463,33.6,19.4,96.8,0.27888,0.56194,32.8,17.8,86.4,10.399999999999991,5.0,-1.0,1.0,5.0,0.2,1,1
103217,2022-23,2023-05-03 19:30:00+00:00,32,Lenovo Tenerife,UCAM Murcia,28,12,81.8,72.2,0.8,82.8,78.8,0.6,-1.0,0.20000000000000007,82.9,73.0,0.8,82.5,84.2,0.5,0.4000000000000057,0.30000000000000004,0.31554000000000004,0.5908599999999999,34.8,18.6,91.4,0.3041,0.5306,36.8,16.4,81.4,10.0,3.0,1.0,3.0,5.0,0.6,1,0
103230,2022-23,2023-05-06 15:00:00+00:00,31,Monbus Obradoiro,Coviran Granada,57,592,81.8,91.4,0.2,69.4,85.4,0.0,12.399999999999991,0.2,75.6,85.1,0.2,74.3,85.3,0.2,1.2999999999999972,0.0,0.37094,0.5852999999999999,29.0,16.0,82.0,0.21744,0.46518,33.6,12.4,61.2,20.799999999999997,-3.0,-5.0,0.0,1.0,0.0,1,1
103227,2022-23,2023-05-06 16:00:00+00:00,31,Real Betis Baloncesto,Surne Bilbao Basket,15,4,81.4,78.4,0.6,76.2,82.2,0.4,5.200000000000003,0.19999999999999996,81.4,84.6,0.4,76.0,83.6,0.4,5.400000000000006,0.0,0.31805999999999995,0.5132000000000001,36.6,15.4,89.6,0.37132,0.50794,29.6,14.0,74.6,15.0,1.0,-1.0,1.0,5.0,0.2,1,1
103229,2022-23,2023-05-06 16:00:00+00:00,31,Casademont Zaragoza,Joventut Badalona,16,8,81.0,81.4,0.4,82.0,79.6,0.4,-1.0,0.0,80.9,79.6,0.5,83.1,78.9,0.5,-2.1999999999999886,0.0,0.35126,0.54686,34.0,16.8,91.2,0.33864,0.5338,37.2,15.2,92.8,-1.5999999999999943,-1.0,-1.0,0.0,5.0,0.0,1,1
103228,2022-23,2023-05-06 17:30:00+00:00,31,Bàsquet Girona,Lenovo Tenerife,591,28,76.0,78.4,0.4,88.4,78.4,0.8,-12.400000000000006,-0.4,76.0,83.7,0.2,85.3,77.3,0.7,-9.299999999999997,-0.49999999999999994,0.29938,0.5668799999999999,34.4,16.6,80.2,0.33775999999999995,0.6172,33.6,19.6,97.2,-17.0,-1.0,3.0,0.0,1.0,0.0,1,0
103226,2022-23,2023-05-07 10:30:00+00:00,31,Real Madrid,Unicaja,9,14,84.4,85.0,0.6,87.6,78.0,1.0,-3.1999999999999886,-0.4,89.0,81.6,0.7,87.9,77.1,0.8,1.0999999999999943,-0.10000000000000009,0.35648,0.57314,30.2,15.4,87.2,0.38806,0.54758,32.0,18.8,96.8,-9.599999999999994,1.0,5.0,5.0,5.0,1.0,1,1
103225,2022-23,2023-05-07 10:30:00+00:00,31,Río Breogán,UCAM Murcia,25,12,75.8,84.2,0.2,89.2,84.4,0.8,-13.400000000000006,-0.6000000000000001,79.5,84.8,0.3,86.8,85.7,0.6,-7.299999999999997,-0.3,0.36164,0.49332000000000004,29.2,13.8,72.8,0.35156,0.5541,36.8,14.8,90.0,-17.200000000000003,-3.0,3.0,2.0,3.0,0.6666666666666666,1,0
103224,2022-23,2023-05-07 15:00:00+00:00,31,Barça,Carplus Fuenlabrada,2,17,83.8,75.0,0.8,74.2,87.6,0.2,9.599999999999994,0.6000000000000001,84.7,76.0,0.8,76.1,92.7,0.1,8.600000000000009,0.7000000000000001,0.36768,0.5579000000000001,35.8,20.2,93.2,0.30202,0.51288,30.8,14.8,71.8,21.400000000000006,3.0,-3.0,5.0,5.0,1.0,1,1
103223,2022-23,2023-05-07 16:30:00+00:00,31,Cazoo Baskonia,Gran Canaria,3,5,101.4,87.6,0.8,81.4,78.0,0.6,20.0,0.20000000000000007,97.5,83.7,0.9,83.8,78.2,0.6,13.700000000000003,0.30000000000000004,0.42223999999999995,0.65804,29.6,22.8,117.2,0.44096,0.47220000000000006,32.6,16.4,85.8,31.400000000000006,3.0,1.0,2.0,5.0,0.4,1,1
103222,2022-23,2023-05-07 18:00:00+00:00,31,BAXI Manresa,Valencia Basket,10,13,86.2,87.2,0.4,84.2,84.4,0.6,2.0,-0.19999999999999996,86.7,87.1,0.5,81.3,81.2,0.6,5.400000000000006,-0.09999999999999998,0.2982,0.52298,33.2,17.6,85.2,0.34866,0.50536,33.8,14.0,90.4,-5.200000000000003,-1.0,1.0,0.0,5.0,0.0,1,1
103221,2022-23,2023-05-09 17:00:00+00:00,32,Bàsquet Girona,Real Betis Baloncesto,591,15,73.4,84.0,0.2,82.6,78.8,0.6,-9.199999999999989,-0.39999999999999997,76.2,83.1,0.2,78.5,81.0,0.4,-2.299999999999997,-0.2,0.26898,0.56548,32.0,16.4,73.0,0.33578,0.49892000000000003,37.6,14.6,90.4,-17.400000000000006,-3.0,1.0,1.0,1.0,1.0,1,0
103220,2022-23,2023-05-09 19:30:00+00:00,32,Coviran Granada,Casademont Zaragoza,592,16,72.2,82.8,0.0,83.2,82.2,0.4,-11.0,-0.4,74.5,83.6,0.2,81.1,79.0,0.5,-6.599999999999994,-0.3,0.26414,0.47314,32.4,13.6,64.6,0.40671999999999997,0.5256,32.2,17.0,91.6,-27.0,-5.0,-1.0,0.0,1.0,0.0,1,1
103219,2022-23,2023-05-10 17:00:00+00:00,32,Surne Bilbao Basket,Río Breogán,4,25,75.4,83.4,0.2,68.6,82.8,0.0,6.800000000000011,0.2,76.7,82.8,0.4,74.1,79.8,0.3,2.6000000000000085,0.10000000000000003,0.35616000000000003,0.5050800000000001,28.8,15.2,73.4,0.298,0.46210000000000007,30.4,13.2,62.8,10.600000000000009,-3.0,-5.0,2.0,3.0,0.6666666666666666,1,1
103231,2022-23,2023-05-11 16:30:00+00:00,32,Joventut Badalona,Cazoo Baskonia,8,3,79.8,77.0,0.4,100.2,88.6,0.8,-20.400000000000006,-0.4,81.4,80.8,0.4,97.1,85.3,0.9,-15.699999999999989,-0.5,0.31374,0.53278,37.6,15.4,91.4,0.41462000000000004,0.63104,31.8,22.0,115.0,-23.599999999999994,-1.0,3.0,4.0,5.0,0.8,1,0
103216,2022-23,2023-05-11 19:00:00+00:00,32,Carplus Fuenlabrada,Gran Canaria,17,5,75.0,90.8,0.2,80.8,80.6,0.4,-5.799999999999997,-0.2,74.7,93.6,0.1,84.1,81.2,0.5,-9.399999999999991,-0.4,0.3063,0.5264,29.8,15.2,74.0,0.40324,0.4887,33.2,16.0,84.4,-10.400000000000006,-3.0,-1.0,1.0,5.0,0.2,1,0
103233,2022-23,2023-05-12 17:00:00+00:00,32,Barça,Monbus Obradoiro,2,57,88.0,71.4,1.0,83.2,92.2,0.2,4.799999999999997,0.8,86.5,73.9,0.9,76.6,85.0,0.3,9.900000000000006,0.6000000000000001,0.36712,0.60736,36.6,20.6,104.0,0.44594000000000006,0.53922,29.0,16.2,82.2,21.799999999999997,5.0,-3.0,4.0,5.0,0.8,1,1
103250,2022-23,2023-05-12 19:00:00+00:00,32,Valencia Basket,Real Madrid,13,9,86.6,84.8,0.6,90.4,83.8,0.8,-3.8000000000000114,-0.20000000000000007,81.8,82.7,0.5,90.8,82.8,0.7,-9.0,-0.19999999999999996,0.33438,0.5295400000000001,35.0,15.0,92.2,0.37408,0.56416,31.0,15.2,97.2,-5.0,1.0,3.0,2.0,5.0,0.4,1,0
103249,2022-23,2023-05-13 16:00:00+00:00,33,Casademont Zaragoza,Bàsquet Girona,16,591,82.0,80.6,0.4,76.4,83.6,0.2,5.599999999999994,0.2,80.1,78.2,0.5,76.6,84.2,0.2,3.5,0.3,0.41494,0.5280400000000001,32.4,17.8,90.8,0.31564,0.56058,32.4,18.0,79.2,11.599999999999994,-1.0,-3.0,0.0,1.0,0.0,1,0
103234,2022-23,2023-05-13 18:45:00+00:00,33,Real Betis Baloncesto,Coviran Granada,15,592,84.4,77.2,0.8,71.0,79.2,0.2,13.400000000000006,0.6000000000000001,80.4,80.6,0.5,73.6,83.8,0.2,6.800000000000011,0.3,0.37001999999999996,0.4676800000000001,36.8,15.2,94.4,0.26504000000000005,0.45714,33.0,14.0,65.2,29.200000000000003,3.0,-3.0,1.0,1.0,1.0,1,0
103248,2022-23,2023-05-14 10:00:00+00:00,33,UCAM Murcia,Surne Bilbao Basket,12,4,86.4,81.6,0.8,77.8,81.2,0.4,8.600000000000009,0.4,84.8,83.7,0.6,78.5,80.8,0.5,6.299999999999997,0.09999999999999998,0.31951999999999997,0.55488,39.2,14.0,89.4,0.35736,0.5076,28.0,15.6,78.6,10.800000000000011,3.0,-1.0,2.0,5.0,0.4,1,1
103246,2022-23,2023-05-14 10:30:00+00:00,33,Río Breogán,BAXI Manresa,25,10,68.6,84.0,0.0,86.4,88.2,0.4,-17.80000000000001,-0.4,71.5,80.8,0.2,86.3,86.9,0.5,-14.799999999999997,-0.3,0.27290000000000003,0.48044000000000003,32.6,12.6,62.2,0.28538,0.53376,33.6,16.6,86.4,-24.200000000000003,-5.0,-1.0,2.0,3.0,0.6666666666666666,1,0
103243,2022-23,2023-05-14 11:30:00+00:00,33,Gran Canaria,Real Madrid,5,9,85.6,81.6,0.6,89.8,78.0,1.0,-4.200000000000003,-0.4,87.2,81.3,0.6,90.1,83.1,0.7,-2.8999999999999915,-0.09999999999999998,0.40896,0.53416,33.8,17.0,93.4,0.4011,0.5575,33.4,17.6,102.8,-9.399999999999991,1.0,5.0,1.0,5.0,0.2,1,0
103245,2022-23,2023-05-14 15:00:00+00:00,33,Joventut Badalona,Monbus Obradoiro,8,57,78.2,80.2,0.2,80.8,91.2,0.2,-2.5999999999999943,0.0,82.3,80.9,0.4,76.4,86.6,0.2,5.8999999999999915,0.2,0.31664000000000003,0.5138400000000001,37.0,14.8,84.4,0.45182,0.52172,30.6,15.8,78.0,6.400000000000006,-3.0,-3.0,3.0,5.0,0.6,1,1
103244,2022-23,2023-05-14 16:30:00+00:00,33,Cazoo Baskonia,Barça,3,2,101.2,87.4,1.0,87.4,70.4,1.0,13.799999999999997,0.0,97.4,85.9,0.9,86.6,74.4,0.9,10.800000000000011,0.0,0.41756000000000004,0.6417999999999999,31.8,21.2,115.8,0.35848,0.5980000000000001,35.8,20.0,102.2,13.599999999999994,5.0,5.0,2.0,5.0,0.4,1,0
103242,2022-23,2023-05-14 18:00:00+00:00,33,Carplus Fuenlabrada,Valencia Basket,17,13,75.8,96.0,0.0,82.8,84.4,0.4,-7.0,-0.4,75.5,94.1,0.1,80.7,83.1,0.4,-5.200000000000003,-0.30000000000000004,0.36674,0.50908,27.2,15.8,73.0,0.2924,0.5607599999999999,33.4,14.6,84.2,-11.200000000000003,-5.0,-1.0,1.0,5.0,0.2,1,0
103247,2022-23,2023-05-21 10:30:00+00:00,33,Unicaja,Lenovo Tenerife,14,28,85.8,80.6,0.8,89.4,76.6,0.8,-3.6000000000000085,0.0,88.9,78.8,0.8,86.3,78.7,0.7,2.6000000000000085,0.10000000000000009,0.35176,0.5456800000000002,33.0,19.4,94.6,0.34868,0.63484,32.0,21.2,102.8,-8.200000000000003,3.0,3.0,0.0,5.0,0.0,1,1
103444,2022-23,2023-05-23 18:30:00+00:00,34,Monbus Obradoiro,Carplus Fuenlabrada,57,17,79.0,88.4,0.2,75.4,97.2,0.0,3.5999999999999943,0.2,79.1,88.4,0.2,74.4,93.1,0.1,4.699999999999989,0.1,0.44092000000000003,0.49207999999999996,30.0,15.6,72.4,0.40406000000000003,0.4909800000000001,26.2,16.0,70.0,2.4000000000000057,-3.0,-5.0,3.0,5.0,0.6,1,1
103239,2022-23,2023-05-23 19:00:00+00:00,34,Lenovo Tenerife,Casademont Zaragoza,28,16,86.6,78.2,0.6,85.6,84.8,0.4,1.0,0.19999999999999996,85.3,78.5,0.6,80.2,80.6,0.4,5.099999999999994,0.19999999999999996,0.34308,0.6222399999999999,31.2,19.8,98.0,0.38538,0.5363800000000001,34.6,17.2,91.8,6.200000000000003,1.0,-1.0,5.0,5.0,1.0,1,1
103238,2022-23,2023-05-23 19:00:00+00:00,34,Surne Bilbao Basket,Unicaja,4,14,71.2,75.6,0.4,82.8,80.0,0.8,-11.599999999999994,-0.4,75.6,79.8,0.4,88.3,77.3,0.9,-12.700000000000003,-0.5,0.28938,0.4970800000000001,31.2,14.0,71.0,0.34782,0.5294800000000001,30.8,19.2,87.4,-16.400000000000006,-1.0,3.0,1.0,5.0,0.2,1,0
103237,2022-23,2023-05-24 18:30:00+00:00,34,Coviran Granada,Joventut Badalona,592,8,78.2,82.2,0.4,79.0,84.4,0.2,-0.7999999999999972,0.2,75.5,84.3,0.3,81.6,80.8,0.4,-6.099999999999994,-0.10000000000000003,0.30106,0.50426,35.4,15.8,76.8,0.3041,0.51038,35.0,14.0,80.4,-3.6000000000000085,-1.0,-3.0,0.0,1.0,0.0,1,1
103240,2022-23,2023-05-24 18:30:00+00:00,34,Real Madrid,Real Betis Baloncesto,9,15,91.0,77.4,1.0,84.0,80.0,0.6,7.0,0.4,90.8,80.3,0.8,80.5,80.6,0.5,10.299999999999997,0.30000000000000004,0.40032000000000006,0.58498,31.4,17.8,104.0,0.35522,0.46784000000000014,35.8,15.0,93.2,10.799999999999997,5.0,1.0,5.0,5.0,1.0,1,1
103241,2022-23,2023-05-24 18:30:00+00:00,34,Barça,UCAM Murcia,2,12,91.6,76.2,1.0,81.8,76.2,0.8,9.799999999999997,0.19999999999999996,87.1,74.7,0.9,82.6,78.5,0.7,4.5,0.20000000000000007,0.40468000000000004,0.58948,33.2,20.4,107.6,0.30423999999999995,0.51098,39.4,13.6,83.4,24.19999999999999,5.0,3.0,4.0,5.0,0.8,1,1
103236,2022-23,2023-05-24 18:30:00+00:00,34,Bàsquet Girona,Cazoo Baskonia,591,3,81.4,83.4,0.4,96.0,86.8,0.8,-14.599999999999994,-0.4,78.4,84.6,0.3,96.3,86.2,0.8,-17.89999999999999,-0.5,0.32964000000000004,0.55802,35.4,17.8,83.6,0.37910000000000005,0.63408,31.0,19.4,108.2,-24.60000000000001,-1.0,3.0,0.0,1.0,0.0,1,0
103235,2022-23,2023-05-24 18:30:00+00:00,34,BAXI Manresa,Dreamland Gran Canaria,10,5,84.2,87.8,0.4,83.6,87.4,0.4,0.6000000000000085,0.0,85.9,87.1,0.5,83.2,81.9,0.5,2.700000000000003,0.0,0.31154000000000004,0.5194799999999999,34.2,15.4,82.4,0.39738,0.4966799999999999,32.6,15.8,89.4,-7.0,-1.0,-1.0,2.0,5.0,0.4,1,1
103367,2022-23,2023-05-24 18:30:00+00:00,34,Valencia Basket,Río Breogán,13,25,85.0,81.4,0.6,70.0,82.4,0.0,15.0,0.6,82.0,83.4,0.4,72.5,80.3,0.2,9.5,0.2,0.30405999999999994,0.58424,31.8,16.2,91.0,0.30072,0.4638400000000001,33.4,13.6,65.0,26.0,1.0,-5.0,1.0,3.0,0.3333333333333333,1,0
103774,2023-24,2023-09-23 16:00:00+00:00,1,Coviran Granada,UCAM Murcia,592,12,78.2,77.0,0.6,76.6,74.8,0.8,1.6000000000000085,-0.20000000000000007,74.0,83.8,0.3,81.6,78.3,0.7,-7.599999999999994,-0.39999999999999997,0.30316,0.5180199999999999,37.0,14.4,80.8,0.29534000000000005,0.47614,38.0,11.4,71.6,9.200000000000003,1.0,3.0,2.0,2.0,1.0,1,0
103773,2023-24,2023-09-23 16:00:00+00:00,1,Valencia Basket,Bàsquet Girona,13,591,81.4,79.8,0.4,77.8,83.8,0.2,3.6000000000000085,0.2,82.2,82.8,0.4,77.5,83.5,0.3,4.700000000000003,0.10000000000000003,0.27546,0.59254,30.6,15.8,85.6,0.30136,0.51362,33.4,16.0,74.4,11.199999999999989,-1.0,-3.0,2.0,2.0,1.0,1,0
103775,2023-24,2023-09-23 18:45:00+00:00,1,Monbus Obradoiro,Zunder Palencia,57,624,86.0,86.4,0.4,,,,,,82.6,88.2,0.3,,,,,,0.48528000000000004,0.48906,29.4,18.8,86.4,,,,,,,-1.0,,0.0,0.0,0.5,1,1
103776,2023-24,2023-09-23 18:45:00+00:00,1,Unicaja,Lenovo Tenerife,14,28,88.6,80.2,0.8,88.4,80.0,0.6,0.19999999999998863,0.20000000000000007,90.7,77.8,0.9,84.5,76.7,0.6,6.200000000000003,0.30000000000000004,0.39258000000000004,0.53718,32.0,21.4,98.8,0.38734,0.60964,29.0,20.8,98.0,0.7999999999999972,3.0,1.0,1.0,6.0,0.16666666666666666,1,1
103777,2023-24,2023-09-24 10:30:00+00:00,1,Real Madrid,Casademont Zaragoza,9,16,89.6,77.6,1.0,79.6,85.6,0.2,10.0,0.8,88.5,80.2,0.8,78.5,82.3,0.3,10.0,0.5,0.3706,0.58514,34.2,18.2,105.6,0.3765,0.50528,33.6,16.8,85.0,20.599999999999994,5.0,-3.0,5.0,6.0,0.8333333333333334,1,1
103778,2023-24,2023-09-24 11:00:00+00:00,1,Dreamland Gran Canaria,BAXI Manresa,5,10,82.8,91.0,0.4,87.6,83.0,0.6,-4.799999999999997,-0.19999999999999996,83.0,84.3,0.5,87.7,84.6,0.6,-4.700000000000003,-0.09999999999999998,0.3359,0.5120199999999999,32.2,16.4,89.0,0.34488,0.52494,35.0,16.8,90.2,-1.2000000000000028,-1.0,1.0,3.0,6.0,0.5,1,1
103779,2023-24,2023-09-24 15:00:00+00:00,1,Surne Bilbao Basket,MoraBanc Andorra,4,22,73.4,79.6,0.4,79.8,78.6,0.6,-6.3999999999999915,-0.19999999999999996,74.9,80.1,0.4,76.1,82.8,0.3,-1.1999999999999886,0.10000000000000003,0.27904,0.5077200000000001,33.6,14.2,75.2,0.29214,0.50674,36.2,16.2,79.0,-3.799999999999997,-1.0,1.0,1.0,4.0,0.25,1,1
103781,2023-24,2023-09-24 15:00:00+00:00,1,Río Breogán,Baskonia,25,3,72.6,80.8,0.2,88.6,82.2,0.8,-16.0,-0.6000000000000001,73.1,81.3,0.2,93.8,85.4,0.8,-20.700000000000003,-0.6000000000000001,0.27984,0.49636,34.2,12.2,67.0,0.32436,0.62536,33.0,18.0,100.0,-33.0,-3.0,3.0,1.0,4.0,0.25,1,0
103789,2023-24,2023-09-24 16:30:00+00:00,1,Barça,Joventut Badalona,2,8,91.4,71.8,1.0,76.2,81.8,0.2,15.200000000000003,0.8,87.0,73.3,0.9,80.7,79.4,0.4,6.299999999999997,0.5,0.39424000000000003,0.6037399999999999,32.6,21.2,109.0,0.2684,0.5149,35.4,12.8,75.4,33.599999999999994,5.0,-3.0,4.0,6.0,0.6666666666666666,1,1
103782,2023-24,2023-09-27 18:00:00+00:00,2,Casademont Zaragoza,Unicaja,16,14,76.4,87.2,0.2,92.6,81.4,0.8,-16.19999999999999,-0.6000000000000001,78.7,84.3,0.3,90.5,77.8,0.9,-11.799999999999997,-0.6000000000000001,0.34452,0.47524,33.2,15.6,76.8,0.42505999999999994,0.55784,31.6,20.2,102.6,-25.799999999999997,-3.0,3.0,2.0,6.0,0.3333333333333333,1,1
103783,2023-24,2023-09-27 18:30:00+00:00,2,UCAM Murcia,Baskonia,12,3,80.8,82.2,0.8,86.8,82.8,0.8,-6.0,0.0,81.8,80.5,0.7,94.1,85.2,0.8,-12.299999999999997,-0.10000000000000009,0.30545999999999995,0.48613999999999996,35.8,12.0,78.2,0.34602,0.60964,34.2,17.2,97.6,-19.39999999999999,3.0,3.0,3.0,6.0,0.5,1,1
103784,2023-24,2023-09-27 19:00:00+00:00,2,Lenovo Tenerife,Valencia Basket,28,13,87.0,85.0,0.4,81.0,82.0,0.2,6.0,0.2,84.4,78.6,0.6,82.6,83.2,0.4,1.8000000000000114,0.19999999999999996,0.39464,0.5956,28.8,20.0,94.4,0.27137999999999995,0.6006199999999999,29.6,16.2,82.0,12.400000000000006,-1.0,-3.0,3.0,6.0,0.5,1,0
103785,2023-24,2023-09-28 18:00:00+00:00,2,Joventut Badalona,Coviran Granada,8,592,78.2,85.2,0.2,83.8,81.4,0.6,-5.599999999999994,-0.39999999999999997,80.1,82.4,0.3,76.6,83.4,0.3,3.5,0.0,0.28426,0.51036,34.2,13.0,78.2,0.33874,0.48062000000000005,37.4,15.8,86.4,-8.200000000000003,-3.0,1.0,1.0,2.0,0.5,1,1
103786,2023-24,2023-09-28 18:30:00+00:00,2,Bàsquet Girona,Dreamland Gran Canaria,591,5,81.0,85.2,0.4,86.6,94.8,0.4,-5.599999999999994,0.0,78.5,81.8,0.4,84.0,86.4,0.5,-5.5,-0.09999999999999998,0.31398000000000004,0.52264,32.2,17.2,80.0,0.3338,0.54838,31.2,17.2,94.4,-14.400000000000006,-1.0,-1.0,0.0,2.0,0.0,1,1
103787,2023-24,2023-09-29 17:00:00+00:00,2,Zunder Palencia,Barça,624,2,64.0,84.0,0.0,93.4,72.2,1.0,-29.400000000000006,-1.0,64.0,84.0,0.0,88.6,73.6,0.9,-24.599999999999994,-0.9,0.3077,0.4516,34.0,14.0,58.0,0.42478,0.63102,31.4,21.0,112.4,-54.400000000000006,-1.0,5.0,0.0,0.0,0.5,1,0
103788,2023-24,2023-09-29 18:30:00+00:00,2,MoraBanc Andorra,Río Breogán,22,25,79.8,83.4,0.4,73.2,79.0,0.2,6.599999999999994,0.2,77.4,82.9,0.3,74.5,81.6,0.2,2.9000000000000057,0.09999999999999998,0.28752,0.5314399999999999,35.4,15.4,78.4,0.2854,0.50224,32.8,13.2,69.0,9.400000000000006,-1.0,-3.0,0.0,2.0,0.0,1,0
103771,2023-24,2023-09-29 19:00:00+00:00,2,BAXI Manresa,Real Madrid,10,9,90.8,86.4,0.6,91.2,74.4,1.0,-0.4000000000000057,-0.4,88.9,87.8,0.5,87.8,79.7,0.8,1.1000000000000085,-0.30000000000000004,0.41154,0.51872,35.0,18.2,94.0,0.37898,0.61604,33.8,19.8,112.8,-18.799999999999997,1.0,5.0,1.0,6.0,0.16666666666666666,1,0
103770,2023-24,2023-09-30 16:00:00+00:00,3,Baskonia,Surne Bilbao Basket,3,4,81.8,81.0,0.6,76.4,79.0,0.4,5.3999999999999915,0.19999999999999996,91.0,84.8,0.7,76.3,80.6,0.4,14.700000000000003,0.29999999999999993,0.31814,0.57938,33.2,15.2,87.8,0.31028,0.51356,30.8,17.0,80.4,7.3999999999999915,1.0,-1.0,6.0,6.0,1.0,1,1
103754,2023-24,2023-09-30 18:45:00+00:00,3,Unicaja,Valencia Basket,14,13,91.6,83.8,0.6,83.4,81.8,0.4,8.199999999999989,0.19999999999999996,89.6,80.9,0.8,85.0,83.3,0.5,4.599999999999994,0.30000000000000004,0.4285,0.5349,30.0,20.2,96.0,0.33677999999999997,0.6049,27.6,17.0,88.8,7.200000000000003,1.0,-1.0,3.0,6.0,0.5,1,0
103769,2023-24,2023-09-30 18:45:00+00:00,3,UCAM Murcia,Lenovo Tenerife,12,28,76.2,75.6,0.8,82.4,81.6,0.4,-6.200000000000003,0.4,82.7,80.0,0.8,85.4,80.0,0.6,-2.700000000000003,0.20000000000000007,0.28179999999999994,0.46708,36.8,14.0,74.6,0.35668,0.6026199999999999,28.6,19.0,90.6,-16.0,3.0,-1.0,3.0,6.0,0.5,1,1
103755,2023-24,2023-10-01 10:30:00+00:00,3,Joventut Badalona,Dreamland Gran Canaria,8,5,80.0,83.8,0.4,80.0,92.2,0.4,0.0,0.0,79.9,80.4,0.4,80.4,86.4,0.4,-0.5,0.0,0.2942,0.51814,32.8,12.0,78.4,0.31406,0.5302800000000001,30.2,17.2,85.6,-7.199999999999989,-1.0,-1.0,1.0,6.0,0.16666666666666666,1,1
103756,2023-24,2023-10-01 10:30:00+00:00,3,Coviran Granada,Bàsquet Girona,592,591,83.2,81.0,0.6,84.2,80.4,0.6,-1.0,0.0,77.7,81.9,0.3,78.8,82.2,0.4,-1.0999999999999943,-0.10000000000000003,0.33874,0.48701999999999995,37.4,16.2,85.4,0.34852,0.5162599999999999,34.0,18.8,86.0,-0.5999999999999943,1.0,1.0,0.0,2.0,0.0,1,0
103758,2023-24,2023-10-01 15:00:00+00:00,3,Río Breogán,BAXI Manresa,25,10,75.0,78.6,0.4,90.8,85.8,0.6,-15.799999999999997,-0.19999999999999996,71.8,80.7,0.2,88.5,86.5,0.5,-16.700000000000003,-0.3,0.29348,0.50308,32.6,13.0,73.6,0.42138,0.53064,37.0,19.6,98.0,-24.400000000000006,-1.0,1.0,2.0,4.0,0.5,1,0
103757,2023-24,2023-10-01 15:00:00+00:00,3,MoraBanc Andorra,Zunder Palencia,22,624,77.2,81.0,0.4,73.5,84.0,0.0,3.700000000000003,0.4,76.3,81.2,0.3,73.5,84.0,0.0,2.799999999999997,0.3,0.30232000000000003,0.5235799999999999,35.6,14.2,74.8,0.299,0.4758,38.0,15.0,71.0,3.799999999999997,-1.0,-2.0,0.0,0.0,0.5,1,1
103759,2023-24,2023-10-01 16:30:00+00:00,3,Real Madrid,Barça,9,2,89.6,74.0,1.0,90.0,76.0,1.0,-0.4000000000000057,0.0,90.0,78.9,0.9,89.0,73.7,1.0,1.0,-0.09999999999999998,0.372,0.61516,33.6,21.2,110.4,0.40939999999999993,0.5757200000000001,32.2,20.8,105.6,4.800000000000011,5.0,5.0,1.0,6.0,0.16666666666666666,1,1
103772,2023-24,2023-10-04 18:00:00+00:00,2,Monbus Obradoiro,Surne Bilbao Basket,57,4,87.2,81.8,0.6,75.2,80.2,0.4,12.0,0.19999999999999996,84.5,86.6,0.4,75.3,81.8,0.3,9.200000000000003,0.10000000000000003,0.50742,0.47406,30.0,19.0,91.2,0.30196,0.52356,32.0,17.0,77.2,14.0,1.0,-1.0,3.0,6.0,0.5,1,0
103768,2023-24,2023-10-07 16:00:00+00:00,4,Zunder Palencia,Joventut Badalona,624,8,73.66666666666667,85.0,0.0,82.4,81.6,0.6,-8.733333333333334,-0.6,73.66666666666667,85.0,0.0,80.3,80.9,0.4,-6.633333333333326,-0.4,0.3027666666666667,0.48386666666666667,36.333333333333336,14.0,70.33333333333333,0.30798000000000003,0.5519999999999999,31.4,12.6,85.0,-14.666666666666671,-3.0,1.0,0.0,0.0,0.5,1,0
103767,2023-24,2023-10-07 16:00:00+00:00,4,BAXI Manresa,Casademont Zaragoza,10,16,91.2,86.4,0.6,79.0,90.2,0.2,12.200000000000003,0.39999999999999997,88.8,87.3,0.5,81.1,86.2,0.3,7.700000000000003,0.2,0.43583999999999995,0.5048600000000001,36.2,20.4,92.6,0.32682,0.53688,31.8,16.0,82.2,10.399999999999991,1.0,-3.0,3.0,6.0,0.5,1,1
103766,2023-24,2023-10-07 18:45:00+00:00,4,Lenovo Tenerife,Río Breogán,28,25,78.4,83.2,0.2,78.8,79.8,0.4,-0.3999999999999915,-0.2,83.9,79.9,0.5,73.7,81.9,0.2,10.200000000000003,0.3,0.3386,0.5924400000000001,27.2,17.0,82.4,0.29804,0.48552,33.4,13.0,80.0,2.4000000000000057,-3.0,-1.0,3.0,4.0,0.75,1,1
103562,2023-24,2023-10-08 10:30:00+00:00,4,Surne Bilbao Basket,UCAM Murcia,4,12,74.2,82.4,0.4,79.2,77.2,0.8,-5.0,-0.4,76.0,81.8,0.4,82.8,79.4,0.8,-6.799999999999997,-0.4,0.29488,0.52636,32.8,16.4,75.0,0.30402,0.4932,33.8,14.8,79.0,-4.0,-1.0,3.0,3.0,6.0,0.5,1,1
103765,2023-24,2023-10-08 10:30:00+00:00,4,Barça,MoraBanc Andorra,2,22,87.0,77.8,0.8,76.2,79.0,0.4,10.799999999999997,0.4,87.2,74.1,0.9,77.6,80.8,0.4,9.600000000000009,0.5,0.40334000000000003,0.5535,33.8,20.2,99.4,0.28622,0.5320199999999999,34.4,14.0,72.8,26.60000000000001,3.0,-1.0,4.0,4.0,1.0,1,1
103764,2023-24,2023-10-08 11:00:00+00:00,4,Dreamland Gran Canaria,Unicaja,5,14,75.6,93.8,0.2,88.8,79.8,0.6,-13.200000000000003,-0.39999999999999997,80.6,87.7,0.4,87.3,80.2,0.7,-6.700000000000003,-0.29999999999999993,0.30334000000000005,0.5224400000000001,26.8,15.8,75.8,0.43278,0.50716,27.0,17.6,88.0,-12.200000000000003,-3.0,1.0,3.0,6.0,0.5,1,1
103763,2023-24,2023-10-08 15:00:00+00:00,4,Valencia Basket,Monbus Obradoiro,13,57,86.2,81.2,0.6,85.0,80.8,0.4,1.2000000000000028,0.19999999999999996,84.5,82.8,0.5,84.1,86.5,0.3,0.4000000000000057,0.2,0.3645,0.61386,29.0,17.0,96.4,0.42926000000000003,0.4636,31.4,17.6,86.8,9.600000000000009,1.0,-1.0,6.0,6.0,1.0,1,1
103762,2023-24,2023-10-08 15:00:00+00:00,4,Coviran Granada,Baskonia,592,3,87.2,87.8,0.4,83.0,80.0,0.6,4.200000000000003,-0.19999999999999996,79.1,83.5,0.3,92.1,83.7,0.8,-13.0,-0.5,0.36594,0.5442,35.0,17.8,91.2,0.32878,0.5650799999999999,33.6,16.2,89.4,1.7999999999999972,-1.0,1.0,0.0,2.0,0.0,1,0
103761,2023-24,2023-10-08 16:30:00+00:00,4,Bàsquet Girona,Real Madrid,591,9,88.8,80.6,0.8,91.0,76.2,1.0,-2.200000000000003,-0.19999999999999996,82.6,82.1,0.5,90.4,77.1,1.0,-7.800000000000011,-0.5,0.3471,0.5308200000000001,33.8,19.0,95.0,0.33792,0.6082,33.2,21.0,109.0,-14.0,3.0,5.0,0.0,2.0,0.0,1,0
103760,2023-24,2023-10-11 18:00:00+00:00,3,Monbus Obradoiro,Casademont Zaragoza,57,16,85.4,79.0,0.4,80.4,92.2,0.2,5.0,0.2,83.1,85.1,0.3,81.2,86.4,0.3,1.8999999999999915,0.0,0.38264000000000004,0.5019399999999999,32.0,18.4,90.2,0.34096000000000004,0.53974,31.0,16.2,81.2,9.0,-1.0,-3.0,4.0,6.0,0.6666666666666666,1,1
103753,2023-24,2023-10-14 16:00:00+00:00,5,Surne Bilbao Basket,Coviran Granada,4,592,78.6,82.6,0.6,85.2,88.8,0.2,-6.6000000000000085,0.39999999999999997,74.9,79.1,0.5,81.7,85.5,0.3,-6.799999999999997,0.2,0.31734,0.531,33.0,17.0,80.2,0.32961999999999997,0.5276000000000001,34.0,18.2,86.4,-6.200000000000003,1.0,-3.0,1.0,2.0,0.5,1,1
103752,2023-24,2023-10-14 16:00:00+00:00,5,MoraBanc Andorra,Monbus Obradoiro,22,57,77.0,81.2,0.2,84.4,74.2,0.6,-7.400000000000006,-0.39999999999999997,78.5,81.5,0.4,81.7,81.3,0.4,-3.200000000000003,0.0,0.33494,0.5589799999999999,30.8,15.6,76.8,0.33836,0.51306,34.8,17.8,94.0,-17.200000000000003,-3.0,1.0,2.0,4.0,0.5,1,1
103732,2023-24,2023-10-14 18:45:00+00:00,5,Unicaja,Joventut Badalona,14,8,87.6,80.8,0.4,78.2,78.4,0.6,9.399999999999991,-0.19999999999999996,85.2,80.4,0.6,78.6,81.4,0.4,6.6000000000000085,0.19999999999999996,0.398,0.5127200000000001,29.2,17.2,85.4,0.33216,0.5027200000000001,31.4,12.6,79.0,6.400000000000006,-1.0,1.0,2.0,6.0,0.3333333333333333,1,1
103751,2023-24,2023-10-14 18:45:00+00:00,5,Bàsquet Girona,Lenovo Tenerife,591,28,84.6,81.6,0.6,81.8,84.4,0.4,2.799999999999997,0.19999999999999996,83.0,82.5,0.5,84.2,81.3,0.5,-1.2000000000000028,0.0,0.33764,0.52226,33.2,18.8,89.4,0.33582,0.5590999999999999,28.0,16.2,84.2,5.200000000000003,1.0,-1.0,0.0,2.0,0.0,1,0
103729,2023-24,2023-10-15 10:30:00+00:00,5,BAXI Manresa,Zunder Palencia,10,624,91.0,85.2,0.6,72.5,82.5,0.0,18.5,0.6,87.6,86.5,0.5,72.5,82.5,0.0,15.099999999999994,0.5,0.39537999999999995,0.52918,34.8,21.2,94.8,0.287425,0.492525,34.0,12.75,66.75,28.049999999999997,1.0,-4.0,0.0,0.0,0.5,1,1
103730,2023-24,2023-10-15 10:30:00+00:00,5,Real Madrid,UCAM Murcia,9,12,90.6,77.6,1.0,79.4,81.6,0.6,11.199999999999989,0.4,90.8,77.5,1.0,80.6,78.9,0.7,10.200000000000003,0.30000000000000004,0.336,0.56878,34.6,20.4,108.0,0.2763,0.50174,33.8,13.2,77.4,30.599999999999994,5.0,1.0,6.0,6.0,1.0,1,1
103728,2023-24,2023-10-15 15:00:00+00:00,5,Casademont Zaragoza,Baskonia,16,3,77.2,89.2,0.2,84.2,78.0,0.8,-7.0,-0.6000000000000001,81.4,87.0,0.3,90.1,82.4,0.8,-8.699999999999989,-0.5,0.34438,0.5395,28.0,16.8,78.0,0.34724,0.55508,37.0,16.4,92.4,-14.400000000000006,-3.0,3.0,1.0,6.0,0.16666666666666666,1,0
103727,2023-24,2023-10-15 15:00:00+00:00,5,Río Breogán,Valencia Basket,25,13,78.8,81.0,0.4,84.6,82.0,0.6,-5.799999999999997,-0.19999999999999996,74.4,81.7,0.2,84.8,81.7,0.6,-10.399999999999991,-0.39999999999999997,0.27958,0.4932,33.4,13.2,81.8,0.37729999999999997,0.6209199999999999,27.6,16.8,93.0,-11.200000000000003,-1.0,1.0,3.0,4.0,0.75,1,0
103726,2023-24,2023-10-15 16:30:00+00:00,5,Dreamland Gran Canaria,Barça,5,2,77.4,88.6,0.4,87.0,78.4,0.8,-9.599999999999994,-0.4,80.5,88.0,0.4,89.3,77.3,0.9,-8.799999999999997,-0.5,0.27906,0.55156,28.8,17.2,80.6,0.40381999999999996,0.54332,34.8,19.2,100.8,-20.200000000000003,-1.0,3.0,1.0,6.0,0.16666666666666666,1,0
103724,2023-24,2023-10-21 16:00:00+00:00,6,Joventut Badalona,MoraBanc Andorra,8,22,84.0,86.4,0.6,80.4,83.6,0.4,3.5999999999999943,0.19999999999999996,80.1,84.1,0.4,80.1,81.1,0.5,0.0,-0.09999999999999998,0.3932,0.5073399999999999,29.4,14.6,85.6,0.3719,0.54736,30.6,15.4,80.4,5.199999999999989,1.0,-1.0,2.0,4.0,0.5,1,0
103725,2023-24,2023-10-21 16:00:00+00:00,6,Zunder Palencia,Río Breogán,624,25,76.2,84.4,0.0,74.6,77.8,0.2,1.6000000000000085,-0.2,76.2,84.4,0.0,73.6,79.3,0.2,2.6000000000000085,-0.2,0.3127,0.52544,33.2,14.0,73.4,0.25026,0.45716,33.6,13.4,77.8,-4.3999999999999915,-5.0,-3.0,0.0,0.0,0.5,1,1
103722,2023-24,2023-10-21 18:45:00+00:00,6,UCAM Murcia,Dreamland Gran Canaria,12,5,86.4,85.6,0.6,77.0,84.2,0.4,9.400000000000006,0.19999999999999996,81.5,80.2,0.7,79.9,87.6,0.4,1.5999999999999943,0.29999999999999993,0.29888,0.5593999999999999,32.4,16.2,90.6,0.27968000000000004,0.56532,30.2,17.4,79.2,11.399999999999991,1.0,-1.0,3.0,6.0,0.5,1,1
103723,2023-24,2023-10-21 18:45:00+00:00,6,Monbus Obradoiro,Bàsquet Girona,57,591,81.8,78.2,0.4,83.8,82.4,0.6,-2.0,-0.19999999999999996,83.9,82.3,0.4,80.8,83.1,0.4,3.1000000000000085,0.0,0.30032000000000003,0.53508,33.8,15.2,88.0,0.3432,0.50312,35.8,19.4,90.4,-2.4000000000000057,-1.0,1.0,1.0,2.0,0.5,1,1
103721,2023-24,2023-10-22 10:30:00+00:00,6,Barça,Surne Bilbao Basket,2,4,86.4,81.6,0.8,83.2,80.6,0.8,3.200000000000003,0.0,88.9,76.7,0.9,78.3,80.1,0.6,10.600000000000009,0.30000000000000004,0.43018,0.5139,35.0,17.6,95.0,0.36458,0.54722,32.6,17.2,88.0,7.0,3.0,3.0,5.0,6.0,0.8333333333333334,1,1
103720,2023-24,2023-10-22 11:00:00+00:00,6,Lenovo Tenerife,Real Madrid,28,9,79.2,83.8,0.4,96.0,80.6,1.0,-16.799999999999997,-0.6,83.8,81.9,0.5,92.8,79.1,1.0,-9.0,-0.5,0.31774,0.53164,28.2,15.4,79.6,0.37444,0.60816,30.8,21.6,112.6,-33.0,-1.0,5.0,1.0,6.0,0.16666666666666666,1,0
103718,2023-24,2023-10-22 15:00:00+00:00,6,Coviran Granada,Casademont Zaragoza,592,16,89.2,95.2,0.0,79.4,87.8,0.2,9.799999999999997,-0.2,83.7,86.1,0.3,79.5,86.7,0.2,4.200000000000003,0.09999999999999998,0.35794000000000004,0.55024,31.2,19.6,88.2,0.34215999999999996,0.56348,28.0,15.6,77.4,10.799999999999997,-5.0,-3.0,1.0,2.0,0.5,1,1
103719,2023-24,2023-10-22 15:00:00+00:00,6,Valencia Basket,BAXI Manresa,13,10,81.4,77.8,0.8,88.4,88.4,0.6,-7.0,0.20000000000000007,81.4,78.8,0.6,88.0,85.7,0.6,-6.599999999999994,0.0,0.3824,0.59834,28.0,15.6,87.0,0.38288,0.5068400000000001,34.2,20.6,91.6,-4.599999999999994,3.0,1.0,5.0,6.0,0.8333333333333334,1,1
103717,2023-24,2023-10-22 16:30:00+00:00,6,Baskonia,Unicaja,3,14,86.2,80.0,0.8,89.6,84.8,0.4,-3.3999999999999915,0.4,87.4,81.1,0.8,89.1,82.5,0.6,-1.6999999999999886,0.20000000000000007,0.36006,0.56746,35.8,15.0,93.6,0.39824000000000004,0.53104,28.0,18.4,88.6,5.0,3.0,-1.0,5.0,6.0,0.8333333333333334,1,0
103716,2023-24,2023-10-28 16:30:00+00:00,7,Unicaja,Río Breogán,14,25,88.6,86.6,0.4,70.6,75.0,0.2,18.0,0.2,90.6,84.0,0.6,71.9,77.0,0.2,18.69999999999999,0.39999999999999997,0.38316,0.51472,30.4,20.0,90.2,0.24026,0.42446,33.0,12.4,71.0,19.200000000000003,-1.0,-3.0,3.0,4.0,0.75,1,1
103731,2023-24,2023-10-28 16:45:00+00:00,7,Bàsquet Girona,UCAM Murcia,591,12,81.8,82.4,0.4,84.6,79.2,0.6,-2.799999999999997,-0.19999999999999996,81.4,83.8,0.4,82.7,80.7,0.7,-1.2999999999999972,-0.29999999999999993,0.31664,0.47916,37.8,16.8,84.8,0.32195999999999997,0.56242,34.0,18.2,95.6,-10.799999999999997,-1.0,1.0,1.0,2.0,0.5,1,1
103733,2023-24,2023-10-28 18:45:00+00:00,7,Dreamland Gran Canaria,Monbus Obradoiro,5,57,71.4,84.8,0.2,82.0,81.2,0.4,-10.599999999999994,-0.2,79.0,89.8,0.3,84.6,81.5,0.5,-5.599999999999994,-0.2,0.27362000000000003,0.52844,28.6,16.0,66.0,0.27866,0.5523,33.8,15.2,86.0,-20.0,-3.0,-1.0,3.0,6.0,0.5,1,1
103750,2023-24,2023-10-28 19:15:00+00:00,7,Casademont Zaragoza,Joventut Badalona,16,8,79.4,83.2,0.2,85.0,86.2,0.6,-5.599999999999994,-0.39999999999999997,77.9,85.2,0.2,81.6,85.7,0.4,-3.6999999999999886,-0.2,0.35038,0.5669000000000001,26.8,16.4,80.6,0.41082,0.55906,27.4,16.4,86.8,-6.200000000000003,-3.0,1.0,1.0,6.0,0.16666666666666666,1,1
103734,2023-24,2023-10-29 11:30:00+00:00,7,Real Madrid,Zunder Palencia,9,624,92.2,81.8,1.0,78.2,79.4,0.2,14.0,0.8,91.7,78.1,1.0,75.83333333333333,80.16666666666667,0.16666666666666666,15.866666666666674,0.8333333333333334,0.36156,0.60686,30.8,20.2,105.0,0.32808,0.56312,34.4,15.2,79.6,25.400000000000006,5.0,-3.0,0.0,0.0,0.5,1,1
103749,2023-24,2023-10-29 11:30:00+00:00,7,BAXI Manresa,Coviran Granada,10,592,85.8,85.8,0.6,84.6,88.4,0.2,1.2000000000000028,0.39999999999999997,88.3,86.1,0.6,84.2,84.9,0.4,4.099999999999994,0.19999999999999996,0.33738,0.5185000000000001,35.4,18.8,86.2,0.3458,0.5988199999999999,31.2,18.4,87.2,-1.0,1.0,-3.0,2.0,2.0,1.0,1,1
103748,2023-24,2023-10-29 16:00:00+00:00,7,Surne Bilbao Basket,Lenovo Tenerife,4,28,80.6,84.2,0.6,79.4,80.6,0.4,1.1999999999999886,0.19999999999999996,78.5,81.6,0.5,83.2,82.8,0.4,-4.700000000000003,0.09999999999999998,0.33124000000000003,0.54306,33.2,15.4,84.2,0.31448,0.51956,28.0,15.2,77.6,6.6000000000000085,1.0,-1.0,1.0,6.0,0.16666666666666666,1,0
103747,2023-24,2023-10-29 16:00:00+00:00,7,MoraBanc Andorra,Baskonia,22,3,84.6,81.4,0.6,85.4,82.8,0.6,-0.8000000000000114,0.0,82.2,82.4,0.5,86.1,82.8,0.7,-3.8999999999999915,-0.19999999999999996,0.39648,0.55114,30.0,17.6,88.4,0.32476000000000005,0.54238,35.2,15.8,89.8,-1.3999999999999915,1.0,1.0,0.0,4.0,0.0,1,1
103746,2023-24,2023-10-29 17:30:00+00:00,7,Valencia Basket,Barça,13,2,81.2,75.8,1.0,85.6,82.2,0.8,-4.3999999999999915,0.19999999999999996,81.1,78.9,0.6,89.5,77.2,0.9,-8.400000000000006,-0.30000000000000004,0.40548,0.55132,30.2,16.6,91.4,0.39338,0.5009,37.4,18.4,94.2,-2.799999999999997,5.0,3.0,3.0,6.0,0.5,1,1
103745,2023-24,2023-11-04 17:00:00+00:00,8,Unicaja,Monbus Obradoiro,14,57,87.6,80.6,0.6,82.6,83.0,0.4,5.0,0.19999999999999996,89.6,82.2,0.6,83.8,81.9,0.4,5.799999999999997,0.19999999999999996,0.36972,0.515,32.4,18.8,93.0,0.3092,0.598,32.2,16.0,89.4,3.5999999999999943,1.0,-1.0,6.0,6.0,1.0,1,1
103744,2023-24,2023-11-04 17:00:00+00:00,8,Casademont Zaragoza,Surne Bilbao Basket,16,4,82.0,81.4,0.2,84.8,84.6,0.6,-2.799999999999997,-0.39999999999999997,80.5,85.8,0.2,80.0,82.4,0.5,0.5,-0.3,0.36152,0.54682,29.6,19.2,85.4,0.36456,0.51566,35.0,14.4,90.4,-5.0,-3.0,1.0,3.0,6.0,0.5,1,1
103743,2023-24,2023-11-04 19:45:00+00:00,8,Zunder Palencia,Bàsquet Girona,624,591,75.2,80.8,0.2,80.6,84.8,0.4,-5.3999999999999915,-0.2,74.71428571428571,81.71428571428571,0.14285714285714285,82.4,82.6,0.5,-7.6857142857142975,-0.35714285714285715,0.30706,0.58978,31.4,13.0,73.8,0.31664000000000003,0.46786000000000005,36.0,15.2,79.2,-5.400000000000006,-3.0,-1.0,0.0,0.0,0.5,1,0
103742,2023-24,2023-11-04 19:45:00+00:00,8,Lenovo Tenerife,MoraBanc Andorra,28,22,81.0,80.4,0.6,89.0,81.2,0.8,-8.0,-0.20000000000000007,81.7,81.0,0.5,83.1,81.1,0.6,-1.3999999999999915,-0.09999999999999998,0.3228,0.51456,29.0,15.6,79.8,0.4452,0.5189999999999999,30.8,19.0,95.6,-15.799999999999997,1.0,3.0,4.0,4.0,1.0,1,1
103741,2023-24,2023-11-05 11:30:00+00:00,8,Coviran Granada,Real Madrid,592,9,85.4,89.2,0.2,91.6,77.8,1.0,-6.199999999999989,-0.8,84.3,85.1,0.4,90.6,75.9,1.0,-6.299999999999997,-0.6,0.30278,0.59216,32.0,16.8,87.6,0.35229999999999995,0.622,31.4,20.4,105.2,-17.60000000000001,-3.0,5.0,0.0,2.0,0.0,1,0
103740,2023-24,2023-11-05 11:30:00+00:00,8,UCAM Murcia,BAXI Manresa,12,10,82.2,80.4,0.4,86.2,83.8,0.8,-4.0,-0.4,79.2,78.0,0.6,88.5,84.8,0.7,-9.299999999999997,-0.09999999999999998,0.2803,0.5578,34.2,17.8,91.6,0.30072,0.54496,34.6,18.8,85.6,6.0,-1.0,3.0,2.0,6.0,0.3333333333333333,1,1
103738,2023-24,2023-11-05 16:00:00+00:00,8,Baskonia,Dreamland Gran Canaria,3,5,83.8,82.2,0.6,76.0,83.2,0.4,7.799999999999997,0.19999999999999996,82.8,81.6,0.6,78.0,87.7,0.4,4.799999999999997,0.19999999999999996,0.3174,0.56986,35.0,16.0,92.0,0.28194,0.56116,27.2,16.6,72.2,19.799999999999997,1.0,-1.0,3.0,6.0,0.5,1,0
103739,2023-24,2023-11-05 16:00:00+00:00,8,Río Breogán,Barça,25,2,70.8,79.8,0.0,82.4,79.8,0.6,-11.600000000000009,-0.6,72.9,79.2,0.2,86.2,77.9,0.8,-13.299999999999997,-0.6000000000000001,0.26505999999999996,0.40937999999999997,33.4,13.4,70.6,0.40218,0.49344,36.6,17.0,89.4,-18.80000000000001,-5.0,1.0,0.0,4.0,0.0,1,0
103737,2023-24,2023-11-05 17:30:00+00:00,8,Joventut Badalona,Valencia Basket,8,13,84.4,92.8,0.4,76.6,72.2,1.0,7.800000000000011,-0.6,82.2,88.3,0.4,80.0,77.0,0.7,2.200000000000003,-0.29999999999999993,0.38168,0.59398,26.4,18.4,86.8,0.33646,0.5291,31.2,14.8,84.0,2.799999999999997,-1.0,5.0,3.0,6.0,0.5,1,1
103735,2023-24,2023-11-11 17:00:00+00:00,9,MoraBanc Andorra,BAXI Manresa,22,10,82.2,80.6,0.6,83.2,84.2,0.6,-1.0,0.0,79.2,79.8,0.5,87.2,85.3,0.6,-8.0,-0.09999999999999998,0.42616000000000004,0.48451999999999995,31.6,16.4,85.4,0.25642,0.56996,34.8,17.0,86.2,-0.7999999999999972,1.0,1.0,2.0,4.0,0.5,1,0
103736,2023-24,2023-11-11 17:00:00+00:00,9,Río Breogán,Joventut Badalona,25,8,66.4,77.8,0.0,82.6,93.0,0.4,-16.19999999999999,-0.4,72.6,78.8,0.2,82.5,87.3,0.5,-9.900000000000006,-0.3,0.25288000000000005,0.42438000000000003,30.4,13.8,63.0,0.38584,0.5341,27.2,18.8,84.8,-21.799999999999997,-5.0,-1.0,0.0,4.0,0.0,1,1
103780,2023-24,2023-11-11 19:45:00+00:00,9,Zunder Palencia,UCAM Murcia,624,12,75.6,79.4,0.2,83.6,81.6,0.4,-8.0,-0.2,74.875,81.5,0.125,81.4,79.4,0.6,-6.525000000000006,-0.475,0.29686,0.59748,31.4,13.4,76.2,0.2803,0.56168,36.8,17.0,91.0,-14.799999999999997,-3.0,-1.0,0.0,0.0,0.5,1,0
103791,2023-24,2023-11-11 19:45:00+00:00,9,Bàsquet Girona,Unicaja,591,14,76.2,81.8,0.4,89.8,79.0,0.8,-13.599999999999994,-0.4,82.5,81.2,0.6,89.3,79.4,0.7,-6.799999999999997,-0.09999999999999998,0.29612000000000005,0.44963999999999993,36.6,14.4,70.0,0.37544,0.5482,35.2,20.6,102.0,-32.0,-1.0,3.0,0.0,2.0,0.0,1,0
103857,2023-24,2023-11-12 11:30:00+00:00,9,Monbus Obradoiro,Baskonia,57,3,81.6,83.4,0.4,80.6,85.4,0.4,1.0,0.0,83.5,81.2,0.4,81.8,82.7,0.5,1.7000000000000028,-0.09999999999999998,0.32614,0.56736,31.8,14.8,85.6,0.33868,0.5350400000000001,34.6,14.8,85.6,0.0,-1.0,-1.0,2.0,6.0,0.3333333333333333,1,1
103792,2023-24,2023-11-12 12:00:00+00:00,9,Dreamland Gran Canaria,Coviran Granada,5,592,78.6,80.6,0.6,82.4,85.4,0.2,-3.8000000000000114,0.39999999999999997,77.1,87.2,0.4,84.8,86.6,0.3,-7.700000000000003,0.10000000000000003,0.27552,0.5693400000000001,31.0,17.6,80.6,0.29847999999999997,0.54572,32.6,15.4,82.0,-1.4000000000000057,1.0,-3.0,1.0,2.0,0.5,1,1
103844,2023-24,2023-11-12 16:00:00+00:00,9,Valencia Basket,Casademont Zaragoza,13,16,75.4,73.0,0.8,82.4,77.8,0.4,-7.0,0.4,80.8,77.1,0.7,81.4,85.0,0.3,-0.6000000000000085,0.39999999999999997,0.34588,0.50656,31.2,14.4,78.6,0.36986,0.5384,29.8,19.4,87.2,-8.600000000000009,3.0,-1.0,5.0,6.0,0.8333333333333334,1,1
103845,2023-24,2023-11-12 16:00:00+00:00,9,Surne Bilbao Basket,Real Madrid,4,9,81.8,84.6,0.4,91.0,77.2,1.0,-9.200000000000003,-0.6,78.0,83.5,0.4,91.0,76.7,1.0,-13.0,-0.6,0.36424,0.50446,33.2,13.6,84.2,0.36635999999999996,0.6646799999999999,31.4,20.2,107.6,-23.39999999999999,-1.0,5.0,1.0,6.0,0.16666666666666666,1,0
103843,2023-24,2023-11-12 17:30:00+00:00,9,Barça,Lenovo Tenerife,2,28,82.4,75.2,0.8,81.6,75.0,0.8,0.8000000000000114,0.0,84.7,76.5,0.8,80.0,79.1,0.5,4.700000000000003,0.30000000000000004,0.42590000000000006,0.51776,35.2,17.8,92.6,0.34371999999999997,0.5103199999999999,30.6,16.4,83.8,8.799999999999997,3.0,3.0,6.0,6.0,1.0,1,1
103842,2023-24,2023-11-18 17:00:00+00:00,10,Casademont Zaragoza,Dreamland Gran Canaria,16,5,81.8,77.0,0.4,81.2,81.8,0.6,0.5999999999999943,-0.19999999999999996,79.5,83.1,0.3,79.3,85.2,0.5,0.20000000000000284,-0.2,0.3776,0.5303000000000001,29.8,18.4,87.0,0.32642,0.55642,28.8,18.0,83.0,4.0,-1.0,1.0,2.0,6.0,0.3333333333333333,1,0
103840,2023-24,2023-11-18 19:45:00+00:00,10,Bàsquet Girona,Río Breogán,591,25,77.0,79.6,0.4,67.2,75.6,0.2,9.799999999999997,0.2,80.8,80.6,0.5,73.0,78.3,0.3,7.799999999999997,0.2,0.30612000000000006,0.46699999999999997,36.2,13.0,69.6,0.2601,0.41437999999999997,30.4,14.2,63.0,6.599999999999994,-1.0,-3.0,0.0,2.0,0.0,1,1
103839,2023-24,2023-11-18 19:45:00+00:00,10,Lenovo Tenerife,Zunder Palencia,28,624,80.6,77.6,0.6,75.0,79.6,0.2,5.599999999999994,0.39999999999999997,81.2,81.0,0.5,73.88888888888889,80.88888888888889,0.1111111111111111,7.311111111111117,0.3888888888888889,0.35713999999999996,0.5133599999999999,28.6,17.4,80.8,0.30944000000000005,0.58266,33.0,14.2,78.4,2.3999999999999915,1.0,-3.0,0.0,0.0,0.5,1,1
103837,2023-24,2023-11-19 11:30:00+00:00,10,Coviran Granada,MoraBanc Andorra,592,22,81.2,85.2,0.2,82.0,80.4,0.6,-0.7999999999999972,-0.39999999999999997,83.2,87.0,0.2,79.5,80.8,0.4,3.700000000000003,-0.2,0.33331999999999995,0.56048,31.4,14.8,80.8,0.37378,0.48904,32.4,14.2,85.2,-4.400000000000006,-3.0,1.0,0.0,0.0,0.5,1,1
103836,2023-24,2023-11-19 11:30:00+00:00,10,Real Madrid,Unicaja,9,14,89.8,79.2,1.0,92.4,79.4,1.0,-2.6000000000000085,0.0,90.2,78.4,1.0,90.0,80.1,0.7,0.20000000000000284,0.30000000000000004,0.33946,0.65802,32.4,18.8,105.2,0.35401999999999995,0.5569,34.8,21.2,108.2,-3.0,5.0,5.0,6.0,6.0,1.0,1,0
103838,2023-24,2023-11-19 11:30:00+00:00,10,BAXI Manresa,Monbus Obradoiro,10,57,85.0,86.4,0.6,87.2,88.0,0.4,-2.200000000000003,0.19999999999999996,88.0,85.8,0.6,85.8,81.1,0.5,2.200000000000003,0.09999999999999998,0.28538,0.57136,34.2,16.8,86.4,0.35328,0.5810000000000001,31.2,15.6,92.4,-6.0,1.0,-1.0,2.0,6.0,0.3333333333333333,1,1
103841,2023-24,2023-11-19 16:00:00+00:00,10,Joventut Badalona,Surne Bilbao Basket,8,4,83.0,96.2,0.2,83.2,88.4,0.2,-0.20000000000000284,0.0,80.6,87.3,0.4,80.9,85.5,0.4,-0.30000000000001137,0.0,0.3436,0.56602,24.8,17.4,82.2,0.37207999999999997,0.5132,30.6,14.4,84.2,-2.0,-3.0,-3.0,4.0,6.0,0.6666666666666666,1,1
103835,2023-24,2023-11-19 16:00:00+00:00,10,Baskonia,Valencia Basket,3,13,81.6,90.8,0.2,73.6,71.0,0.8,8.0,-0.6000000000000001,82.9,84.4,0.5,79.1,76.5,0.7,3.8000000000000114,-0.19999999999999996,0.32926,0.5238400000000001,33.6,15.6,81.4,0.34686000000000006,0.4796,33.0,13.2,73.8,7.6000000000000085,-3.0,3.0,4.0,6.0,0.6666666666666666,1,1
103834,2023-24,2023-11-19 17:30:00+00:00,10,UCAM Murcia,Barça,12,2,85.2,79.4,0.6,83.0,74.4,0.8,2.200000000000003,-0.20000000000000007,82.3,80.5,0.6,85.0,76.4,0.8,-2.700000000000003,-0.20000000000000007,0.29257999999999995,0.58058,37.0,17.8,94.2,0.45564,0.5306000000000001,33.2,19.8,95.6,-1.3999999999999915,1.0,3.0,1.0,6.0,0.16666666666666666,1,1
103833,2023-24,2023-11-25 17:00:00+00:00,11,Monbus Obradoiro,Coviran Granada,57,592,80.6,84.8,0.4,80.8,84.0,0.4,-0.20000000000000284,0.0,81.2,81.5,0.4,85.0,89.6,0.2,-3.799999999999997,0.2,0.33402000000000004,0.544,32.2,14.8,83.6,0.34665999999999997,0.58034,32.0,14.6,83.0,0.5999999999999943,-1.0,-1.0,1.0,2.0,0.5,1,0
103832,2023-24,2023-11-25 17:00:00+00:00,11,Zunder Palencia,Valencia Basket,624,13,71.0,79.6,0.2,76.2,75.8,0.6,-5.200000000000003,-0.39999999999999997,73.6,82.0,0.1,78.8,76.8,0.7,-5.200000000000003,-0.6,0.32667999999999997,0.55124,33.0,13.0,71.6,0.32814,0.47008,33.4,14.2,79.0,-7.400000000000006,-3.0,1.0,0.0,0.0,0.5,1,0
103831,2023-24,2023-11-25 19:45:00+00:00,11,Surne Bilbao Basket,Unicaja,4,14,80.0,86.0,0.0,89.6,79.8,1.0,-9.599999999999994,-1.0,81.6,83.3,0.4,89.6,82.3,0.7,-8.0,-0.29999999999999993,0.36018,0.49681999999999993,32.4,15.4,81.0,0.35866,0.5364000000000001,34.4,21.0,103.2,-22.200000000000003,-5.0,5.0,1.0,6.0,0.16666666666666666,1,0
103846,2023-24,2023-11-25 19:45:00+00:00,11,UCAM Murcia,Joventut Badalona,12,8,83.2,72.8,0.8,81.0,89.2,0.4,2.200000000000003,0.4,84.8,79.2,0.7,82.5,87.8,0.5,2.299999999999997,0.19999999999999996,0.25667999999999996,0.58202,37.6,15.6,91.4,0.30256,0.57084,27.0,15.8,80.8,10.600000000000009,3.0,-1.0,1.0,6.0,0.16666666666666666,1,1
103847,2023-24,2023-11-26 11:30:00+00:00,11,Río Breogán,Casademont Zaragoza,25,16,72.0,80.8,0.2,84.6,80.2,0.4,-12.599999999999994,-0.2,73.3,79.3,0.2,82.0,84.0,0.3,-8.700000000000003,-0.09999999999999998,0.29678000000000004,0.45115999999999995,30.0,16.0,70.8,0.37039999999999995,0.5488999999999999,30.6,18.8,92.4,-21.60000000000001,-3.0,-1.0,1.0,4.0,0.25,1,1
103567,2023-24,2023-11-26 11:30:00+00:00,11,Real Madrid,MoraBanc Andorra,9,22,87.2,80.6,0.8,81.2,80.8,0.4,6.0,0.4,91.6,80.6,0.9,80.8,82.2,0.4,10.799999999999997,0.5,0.36673999999999995,0.6009200000000001,32.2,17.8,100.4,0.35347999999999996,0.49856,31.2,14.4,83.8,16.60000000000001,3.0,-1.0,3.0,4.0,0.75,1,1
103849,2023-24,2023-11-26 16:00:00+00:00,11,Barça,Bàsquet Girona,2,591,81.0,76.2,0.6,81.2,80.4,0.6,-0.20000000000000284,0.0,83.7,78.9,0.7,82.5,81.4,0.6,1.2000000000000028,0.09999999999999998,0.41563999999999995,0.56218,32.2,19.2,94.6,0.34184000000000003,0.47614,35.4,13.2,72.0,22.599999999999994,1.0,1.0,2.0,2.0,1.0,1,1
103865,2023-24,2023-11-26 16:00:00+00:00,11,Baskonia,BAXI Manresa,3,10,81.2,89.6,0.2,81.8,79.4,0.6,-0.5999999999999943,-0.39999999999999997,83.7,84.8,0.5,85.1,83.9,0.6,-1.3999999999999915,-0.09999999999999998,0.33594,0.53694,30.8,16.8,81.0,0.26074,0.57106,35.4,17.2,83.2,-2.200000000000003,-3.0,1.0,3.0,6.0,0.5,1,1
103864,2023-24,2023-11-26 17:30:00+00:00,11,Dreamland Gran Canaria,Lenovo Tenerife,5,28,86.8,84.0,0.8,83.2,78.6,0.6,3.5999999999999943,0.20000000000000007,81.9,84.1,0.6,81.2,81.2,0.5,0.7000000000000028,0.09999999999999998,0.37767999999999996,0.5423,29.4,19.2,90.8,0.40952,0.52326,27.8,18.0,86.6,4.200000000000003,3.0,1.0,1.0,6.0,0.16666666666666666,1,0
103862,2023-24,2023-12-02 17:00:00+00:00,12,Casademont Zaragoza,UCAM Murcia,16,12,86.0,81.0,0.4,85.2,73.6,0.8,0.7999999999999972,-0.4,82.7,82.1,0.3,84.9,76.4,0.7,-2.200000000000003,-0.39999999999999997,0.39415999999999995,0.53228,32.2,18.0,95.0,0.25032,0.5875199999999999,36.2,15.4,91.4,3.5999999999999943,-1.0,3.0,3.0,6.0,0.5,1,1
103863,2023-24,2023-12-02 17:00:00+00:00,12,Unicaja,BAXI Manresa,14,10,84.4,71.6,1.0,83.2,81.4,0.6,1.2000000000000028,0.4,86.5,79.1,0.7,84.5,83.6,0.6,2.0,0.09999999999999998,0.32206,0.5595,34.2,20.4,95.4,0.29352,0.58098,34.0,17.8,85.6,9.800000000000011,5.0,1.0,2.0,6.0,0.3333333333333333,1,1
103860,2023-24,2023-12-02 19:45:00+00:00,12,Bàsquet Girona,MoraBanc Andorra,591,22,81.0,86.4,0.6,77.6,81.0,0.2,3.4000000000000057,0.39999999999999997,81.4,84.4,0.5,81.1,81.2,0.4,0.30000000000001137,0.09999999999999998,0.34438,0.48582000000000003,31.6,16.2,70.0,0.34128,0.48227999999999993,32.6,13.2,75.6,-5.599999999999994,1.0,-3.0,0.0,0.0,0.5,1,1
103861,2023-24,2023-12-02 19:45:00+00:00,12,Lenovo Tenerife,Monbus Obradoiro,28,57,86.8,78.6,0.8,79.0,87.8,0.2,7.799999999999997,0.6000000000000001,83.1,79.6,0.6,80.5,84.5,0.3,2.5999999999999943,0.3,0.40652,0.56212,28.2,18.8,94.4,0.34812,0.52766,31.6,14.4,82.2,12.200000000000003,3.0,-3.0,6.0,6.0,1.0,1,0
103859,2023-24,2023-12-03 11:30:00+00:00,12,Real Madrid,Río Breogán,9,25,87.8,80.6,0.8,76.6,81.4,0.4,11.200000000000003,0.4,90.0,81.2,0.9,73.6,78.2,0.3,16.400000000000006,0.6000000000000001,0.35378,0.57108,34.2,19.6,102.6,0.32677999999999996,0.47140000000000004,31.6,16.8,79.4,23.19999999999999,3.0,-1.0,3.0,4.0,0.75,1,1
103866,2023-24,2023-12-03 12:00:00+00:00,12,Dreamland Gran Canaria,Zunder Palencia,5,624,89.4,83.8,0.8,71.6,88.0,0.0,17.80000000000001,0.8,80.4,84.3,0.5,74.9,83.7,0.1,5.5,0.4,0.36536,0.5564,31.6,19.4,95.8,0.31642000000000003,0.5343600000000001,29.6,12.2,67.0,28.799999999999997,3.0,-5.0,0.0,0.0,0.5,1,1
103856,2023-24,2023-12-03 16:00:00+00:00,12,Barça,Coviran Granada,2,592,85.8,75.4,0.6,84.0,85.4,0.4,1.7999999999999972,0.19999999999999996,85.7,78.8,0.7,84.3,86.9,0.3,1.4000000000000057,0.39999999999999997,0.45705999999999997,0.57234,34.2,20.4,105.6,0.37543999999999994,0.57904,30.2,15.0,83.4,22.19999999999999,1.0,-1.0,2.0,2.0,1.0,1,1
103858,2023-24,2023-12-03 16:00:00+00:00,12,Valencia Basket,Surne Bilbao Basket,13,4,79.6,75.4,0.6,72.2,81.2,0.0,7.3999999999999915,0.6,80.4,75.6,0.8,76.4,82.7,0.3,4.0,0.5,0.35358,0.5129400000000001,32.4,14.2,82.4,0.31351999999999997,0.47332,32.8,14.2,70.0,12.400000000000006,1.0,-5.0,4.0,6.0,0.6666666666666666,1,0
103855,2023-24,2023-12-03 17:30:00+00:00,12,Joventut Badalona,Baskonia,8,3,78.8,91.4,0.4,83.2,88.2,0.4,-4.400000000000006,0.0,81.9,88.8,0.5,84.3,85.5,0.5,-2.3999999999999915,0.0,0.30716,0.49468000000000006,29.0,14.4,76.2,0.36879999999999996,0.54694,31.4,17.0,87.0,-10.799999999999997,-1.0,-1.0,4.0,6.0,0.6666666666666666,1,1
103854,2023-24,2023-12-09 17:00:00+00:00,13,Surne Bilbao Basket,Río Breogán,4,25,70.6,78.2,0.2,74.2,82.2,0.4,-3.6000000000000085,-0.2,77.7,81.4,0.4,72.5,81.0,0.2,5.200000000000003,0.2,0.29186,0.52044,31.2,14.6,72.4,0.2898,0.48074000000000006,31.0,15.8,70.4,2.0,-3.0,-1.0,3.0,4.0,0.75,1,0
103853,2023-24,2023-12-09 17:00:00+00:00,13,Coviran Granada,Zunder Palencia,592,624,81.0,83.4,0.4,72.6,89.8,0.0,8.400000000000006,0.4,83.2,86.3,0.3,73.9,85.3,0.1,9.299999999999997,0.19999999999999998,0.39698,0.56692,28.8,15.6,79.4,0.35137999999999997,0.5114,30.0,15.0,69.8,9.600000000000009,-1.0,-5.0,0.0,0.0,0.5,1,1
103851,2023-24,2023-12-09 19:45:00+00:00,13,MoraBanc Andorra,Unicaja,22,14,81.4,88.8,0.0,85.2,73.0,1.0,-3.799999999999997,-1.0,85.2,85.0,0.4,86.4,76.8,0.8,-1.2000000000000028,-0.4,0.27884000000000003,0.54728,31.2,13.0,80.8,0.32206,0.55856,34.2,19.6,95.0,-14.200000000000003,-5.0,5.0,2.0,4.0,0.5,1,0
103852,2023-24,2023-12-09 19:45:00+00:00,13,BAXI Manresa,Bàsquet Girona,10,591,80.6,82.8,0.4,86.0,92.0,0.6,-5.400000000000006,-0.19999999999999996,83.4,83.3,0.6,83.3,88.4,0.5,0.10000000000000853,0.09999999999999998,0.29852,0.53146,35.4,17.0,80.6,0.34165999999999996,0.5090199999999999,32.2,17.2,76.0,4.599999999999994,-1.0,1.0,2.0,2.0,1.0,1,1
103850,2023-24,2023-12-10 11:30:00+00:00,13,Real Madrid,Dreamland Gran Canaria,9,5,87.8,78.6,0.8,92.0,82.4,0.8,-4.200000000000003,0.0,89.7,78.2,0.9,84.0,82.8,0.6,5.700000000000003,0.30000000000000004,0.34398,0.5577799999999999,37.6,19.0,107.6,0.39724,0.54096,31.8,19.8,99.8,7.799999999999997,3.0,3.0,5.0,6.0,0.8333333333333334,1,1
103830,2023-24,2023-12-10 11:30:00+00:00,13,Joventut Badalona,Monbus Obradoiro,8,57,77.6,83.2,0.6,81.4,87.8,0.4,-3.8000000000000114,0.19999999999999996,81.0,88.0,0.5,82.0,85.4,0.4,-1.0,0.09999999999999998,0.31814,0.46929999999999994,30.6,14.0,78.2,0.3124,0.5421799999999999,31.6,14.4,84.4,-6.200000000000003,1.0,-1.0,4.0,6.0,0.6666666666666666,1,1
103829,2023-24,2023-12-10 16:00:00+00:00,13,Baskonia,Lenovo Tenerife,3,28,84.0,86.6,0.4,85.4,78.4,0.6,-1.4000000000000057,-0.19999999999999996,83.9,84.4,0.5,83.2,79.4,0.6,0.7000000000000028,-0.09999999999999998,0.3807,0.54348,31.4,17.4,86.4,0.41986000000000007,0.5676599999999999,26.0,18.4,92.0,-5.599999999999994,-1.0,1.0,3.0,6.0,0.5,1,1
103828,2023-24,2023-12-10 16:00:00+00:00,13,UCAM Murcia,Valencia Basket,12,13,85.2,73.6,0.8,81.2,78.8,0.4,4.0,0.4,83.7,77.0,0.6,78.9,75.5,0.7,4.799999999999997,-0.09999999999999998,0.28847999999999996,0.5701,36.2,16.2,92.6,0.35948,0.5129400000000001,32.0,16.0,83.0,9.599999999999994,3.0,-1.0,3.0,6.0,0.5,1,0
103809,2023-24,2023-12-10 17:30:00+00:00,13,Casademont Zaragoza,Barça,16,2,79.8,79.6,0.4,88.2,75.0,0.8,-8.400000000000006,-0.4,80.9,80.5,0.3,85.3,77.4,0.7,-4.3999999999999915,-0.39999999999999997,0.34628000000000003,0.5090000000000001,32.0,15.4,84.0,0.42847999999999997,0.6242,34.4,20.2,107.6,-23.599999999999994,-1.0,3.0,2.0,6.0,0.3333333333333333,1,1
103798,2023-24,2023-12-12 19:30:00+00:00,15,Baskonia,Zunder Palencia,3,624,89.6,89.0,0.6,74.4,95.6,0.0,15.199999999999989,0.6,85.1,87.2,0.5,75.0,87.5,0.1,10.099999999999994,0.4,0.40449999999999997,0.6,30.8,19.0,95.6,0.36201999999999995,0.52094,28.6,15.4,72.6,23.0,1.0,-5.0,0.0,0.0,0.5,1,1
103797,2023-24,2023-12-13 19:30:00+00:00,15,Barça,BAXI Manresa,2,10,92.2,82.6,0.6,86.0,82.8,0.6,6.200000000000003,0.0,87.3,78.9,0.7,84.6,83.5,0.6,2.700000000000003,0.09999999999999998,0.42118,0.63158,34.0,20.6,109.4,0.3556,0.5364599999999999,36.6,19.0,89.4,20.0,1.0,1.0,5.0,6.0,0.8333333333333334,1,0
103807,2023-24,2023-12-16 17:00:00+00:00,14,Unicaja,Coviran Granada,14,592,85.2,74.4,1.0,87.6,83.8,0.6,-2.3999999999999915,0.4,87.5,76.7,0.9,85.0,84.6,0.4,2.5,0.5,0.32706,0.5637,33.6,19.0,94.0,0.45831999999999995,0.5856999999999999,28.0,16.0,89.0,5.0,5.0,1.0,2.0,2.0,1.0,1,1
103806,2023-24,2023-12-16 17:00:00+00:00,14,BAXI Manresa,Lenovo Tenerife,10,28,84.6,82.0,0.6,91.2,88.6,0.4,-6.6000000000000085,0.19999999999999996,84.8,84.2,0.6,86.4,81.8,0.6,-1.6000000000000085,0.0,0.3551,0.53216,37.6,19.4,88.6,0.44294,0.5629000000000001,25.0,19.0,96.8,-8.200000000000003,1.0,-1.0,1.0,6.0,0.16666666666666666,1,0
103805,2023-24,2023-12-16 19:45:00+00:00,14,Dreamland Gran Canaria,Surne Bilbao Basket,5,4,88.6,86.6,0.6,71.6,78.0,0.2,17.0,0.39999999999999997,83.6,83.6,0.6,76.7,81.3,0.3,6.8999999999999915,0.3,0.35366,0.53952,30.8,19.2,91.2,0.30469999999999997,0.4979,33.2,15.4,74.4,16.799999999999997,1.0,-3.0,4.0,6.0,0.6666666666666666,1,1
103804,2023-24,2023-12-16 19:45:00+00:00,14,Monbus Obradoiro,Real Madrid,57,9,80.4,86.0,0.4,90.6,77.6,0.8,-10.199999999999989,-0.4,81.0,84.7,0.4,90.8,77.4,0.9,-9.799999999999997,-0.5,0.28382,0.53948,32.2,15.2,85.2,0.36578000000000005,0.5526,38.4,20.6,112.4,-27.200000000000003,-1.0,3.0,0.0,6.0,0.0,1,0
103803,2023-24,2023-12-17 11:30:00+00:00,14,Bàsquet Girona,Joventut Badalona,591,8,87.4,97.0,0.4,77.2,81.8,0.6,10.200000000000003,-0.19999999999999996,81.8,89.4,0.4,79.9,87.4,0.5,1.8999999999999915,-0.09999999999999998,0.36138,0.4936,32.6,16.8,76.2,0.32064000000000004,0.48556,31.0,14.0,77.2,-1.0,-1.0,1.0,1.0,2.0,0.5,1,0
103802,2023-24,2023-12-17 11:30:00+00:00,14,Zunder Palencia,Casademont Zaragoza,624,16,77.6,99.2,0.0,84.6,86.8,0.4,-7.0,-0.4,76.3,89.4,0.1,83.5,82.3,0.4,-7.200000000000003,-0.30000000000000004,0.35922,0.53462,27.8,15.8,74.0,0.37722,0.52884,30.6,15.6,90.4,-16.400000000000006,-5.0,-1.0,0.0,0.0,0.5,1,0
103801,2023-24,2023-12-17 16:00:00+00:00,14,Río Breogán,UCAM Murcia,25,12,76.8,80.0,0.6,83.2,75.8,0.6,-6.400000000000006,0.0,71.6,78.9,0.3,83.4,78.7,0.5,-11.800000000000011,-0.2,0.32672,0.47304,33.0,17.4,78.2,0.28848,0.5202199999999999,34.6,16.4,86.0,-7.799999999999997,1.0,1.0,2.0,4.0,0.5,1,0
103799,2023-24,2023-12-17 17:00:00+00:00,14,Barça,Baskonia,2,3,89.8,82.6,0.4,89.4,83.8,0.8,0.3999999999999915,-0.4,86.4,78.5,0.6,85.5,87.3,0.5,0.9000000000000057,0.09999999999999998,0.37429999999999997,0.61516,34.0,17.6,101.6,0.40800000000000003,0.6164400000000001,30.6,17.6,100.0,1.5999999999999943,-1.0,3.0,4.0,6.0,0.6666666666666666,1,1
103800,2023-24,2023-12-17 17:30:00+00:00,14,Valencia Basket,MoraBanc Andorra,13,22,83.0,78.2,0.6,87.0,92.0,0.0,-4.0,0.6,79.2,75.6,0.7,84.6,86.3,0.3,-5.3999999999999915,0.39999999999999997,0.35006,0.5188200000000001,34.2,17.6,92.0,0.29486,0.57482,30.2,14.8,88.4,3.5999999999999943,1.0,-5.0,3.0,4.0,0.75,1,1
103796,2023-24,2023-12-22 18:00:00+00:00,15,Surne Bilbao Basket,Bàsquet Girona,4,591,69.8,77.2,0.2,85.2,97.0,0.4,-15.400000000000006,-0.2,76.5,82.8,0.2,81.1,88.3,0.4,-4.599999999999994,-0.2,0.31424,0.48806000000000005,32.0,15.4,72.8,0.33586,0.48003999999999997,32.6,17.2,75.8,-3.0,-3.0,-1.0,1.0,2.0,0.5,1,1
103795,2023-24,2023-12-22 19:30:00+00:00,15,MoraBanc Andorra,Dreamland Gran Canaria,22,5,86.2,91.2,0.0,87.4,86.6,0.6,-1.2000000000000028,-0.6,84.1,85.8,0.3,84.3,84.2,0.6,-0.20000000000000284,-0.3,0.32223999999999997,0.57196,29.2,16.6,87.0,0.332,0.55558,34.0,20.0,93.8,-6.799999999999997,-5.0,1.0,3.0,4.0,0.75,1,0
103794,2023-24,2023-12-22 20:00:00+00:00,15,Lenovo Tenerife,Casademont Zaragoza,28,16,89.8,84.4,0.6,88.4,87.6,0.6,1.3999999999999915,0.0,85.2,81.0,0.6,85.1,82.3,0.5,0.10000000000000853,0.09999999999999998,0.43266,0.56896,25.0,18.8,98.6,0.39776,0.5393600000000001,31.8,14.8,96.6,2.0,1.0,1.0,6.0,6.0,1.0,1,0
103793,2023-24,2023-12-22 20:30:00+00:00,15,UCAM Murcia,Unicaja,12,14,84.6,77.4,0.6,87.2,72.8,1.0,-2.6000000000000085,-0.4,84.9,78.4,0.6,89.8,76.1,1.0,-4.8999999999999915,-0.4,0.34142,0.5372999999999999,32.0,17.4,85.6,0.37778,0.56928,33.8,19.2,99.8,-14.200000000000003,1.0,5.0,3.0,6.0,0.5,1,0
103810,2023-24,2023-12-23 17:00:00+00:00,15,Valencia Basket,Coviran Granada,13,592,85.0,80.8,0.6,86.6,84.4,0.6,-1.5999999999999943,0.0,79.3,75.9,0.7,83.9,84.8,0.4,-4.6000000000000085,0.29999999999999993,0.35006,0.54258,34.2,18.4,99.2,0.43666,0.56336,28.8,15.4,85.4,13.799999999999997,1.0,1.0,2.0,2.0,1.0,1,0
103827,2023-24,2023-12-23 17:30:00+00:00,15,Joventut Badalona,Real Madrid,8,9,78.2,78.2,0.8,90.2,75.6,0.8,-12.0,0.0,80.6,87.2,0.5,90.0,77.4,0.9,-9.400000000000006,-0.4,0.35898,0.4707800000000001,33.8,16.0,80.4,0.3846,0.5848599999999999,36.4,21.8,113.0,-32.599999999999994,3.0,3.0,0.0,6.0,0.0,1,0
103808,2023-24,2023-12-23 19:45:00+00:00,15,Río Breogán,Monbus Obradoiro,25,57,74.6,81.2,0.4,73.6,84.0,0.2,1.0,0.2,70.9,78.4,0.3,80.4,86.0,0.3,-9.5,0.0,0.3106,0.47304,31.8,16.6,76.0,0.2902,0.52362,30.4,14.6,74.2,1.7999999999999972,-1.0,-3.0,3.0,4.0,0.75,1,0
103811,2023-24,2023-12-27 20:00:00+00:00,16,Unicaja,Barça,14,2,85.0,67.2,1.0,91.6,78.6,0.6,-6.599999999999994,0.4,87.3,73.5,1.0,86.3,77.4,0.6,1.0,0.4,0.34814,0.55246,35.2,17.8,97.8,0.39571999999999996,0.58358,35.4,18.4,103.6,-5.799999999999997,5.0,1.0,1.0,6.0,0.16666666666666666,1,1
103826,2023-24,2023-12-28 19:30:00+00:00,16,Coviran Granada,Lenovo Tenerife,592,28,84.6,81.8,0.6,84.2,84.2,0.4,0.3999999999999915,0.19999999999999996,82.7,82.9,0.5,83.7,81.4,0.5,-1.0,0.0,0.3982,0.53396,29.6,15.4,81.6,0.366,0.5564,26.8,17.2,89.2,-7.6000000000000085,1.0,-1.0,0.0,2.0,0.0,1,0
103825,2023-24,2023-12-28 19:30:00+00:00,16,Casademont Zaragoza,MoraBanc Andorra,16,22,83.6,80.2,0.8,84.0,92.6,0.0,-0.4000000000000057,0.8,84.1,80.2,0.6,82.6,86.7,0.2,1.5,0.39999999999999997,0.39034,0.50192,33.6,13.6,89.2,0.32514,0.5647599999999999,30.0,16.8,82.8,6.400000000000006,3.0,-5.0,3.0,4.0,0.75,1,0
103823,2023-24,2023-12-29 19:30:00+00:00,16,BAXI Manresa,Joventut Badalona,10,8,84.0,86.0,0.4,76.6,82.8,0.6,7.400000000000006,-0.19999999999999996,82.9,82.7,0.5,78.8,86.0,0.5,4.1000000000000085,0.0,0.33224,0.54884,36.4,18.0,85.2,0.35632,0.45406,32.2,16.6,75.2,10.0,-1.0,1.0,2.0,6.0,0.3333333333333333,1,1
103824,2023-24,2023-12-29 19:30:00+00:00,16,Monbus Obradoiro,UCAM Murcia,57,12,80.4,86.4,0.4,81.2,80.4,0.4,-0.7999999999999972,0.0,80.5,85.6,0.4,82.2,76.6,0.6,-1.7000000000000028,-0.19999999999999996,0.30283999999999994,0.5837199999999999,28.0,14.6,81.0,0.35513999999999996,0.492,32.6,17.2,79.6,1.4000000000000057,-1.0,-1.0,2.0,6.0,0.3333333333333333,1,0
103822,2023-24,2023-12-30 17:00:00+00:00,16,Zunder Palencia,Surne Bilbao Basket,624,4,79.4,98.4,0.0,70.2,75.8,0.4,9.200000000000003,-0.4,75.2,89.0,0.1,75.1,80.9,0.2,0.10000000000000853,-0.1,0.36692,0.5068400000000001,27.6,15.6,75.0,0.28090000000000004,0.48566000000000004,32.2,15.4,73.0,2.0,-5.0,-1.0,0.0,0.0,0.5,1,1
103821,2023-24,2023-12-30 19:45:00+00:00,16,Bàsquet Girona,Baskonia,591,3,82.6,96.4,0.2,85.2,85.4,0.6,-2.6000000000000085,-0.39999999999999997,81.9,88.4,0.4,83.2,87.5,0.4,-1.2999999999999972,0.0,0.3168,0.48254,32.6,17.4,74.0,0.39865999999999996,0.5718799999999999,33.2,16.4,93.8,-19.799999999999997,-3.0,1.0,0.0,2.0,0.0,1,0
103820,2023-24,2023-12-30 19:45:00+00:00,16,Dreamland Gran Canaria,Río Breogán,5,25,86.8,83.2,0.6,75.6,81.8,0.4,11.200000000000003,0.19999999999999996,86.8,83.6,0.7,73.8,81.3,0.3,13.0,0.39999999999999997,0.32060000000000005,0.57092,34.8,20.0,95.4,0.2803,0.5050800000000001,31.4,16.2,74.4,21.0,1.0,-1.0,2.0,4.0,0.5,1,1
103819,2023-24,2023-12-31 11:30:00+00:00,16,Real Madrid,Valencia Basket,9,13,91.8,70.4,1.0,85.2,80.4,0.6,6.599999999999994,0.4,89.5,75.5,0.9,80.7,78.1,0.6,8.799999999999997,0.30000000000000004,0.36354,0.6281599999999999,38.8,23.6,122.0,0.35562,0.56638,34.6,19.6,98.4,23.599999999999994,5.0,1.0,4.0,6.0,0.6666666666666666,1,1
103817,2023-24,2024-01-06 17:00:00+00:00,17,MoraBanc Andorra,UCAM Murcia,22,12,84.0,90.0,0.2,77.6,81.6,0.4,6.400000000000006,-0.2,80.8,85.5,0.2,81.4,77.6,0.6,-0.6000000000000085,-0.39999999999999997,0.3073,0.5590999999999999,29.6,17.6,85.6,0.36354,0.45298,30.8,16.8,70.4,15.199999999999989,-3.0,-1.0,3.0,4.0,0.75,1,1
103818,2023-24,2024-01-06 17:00:00+00:00,17,Casademont Zaragoza,Bàsquet Girona,16,591,82.6,79.0,0.8,84.0,92.0,0.2,-1.4000000000000057,0.6000000000000001,84.3,80.0,0.6,82.5,89.2,0.4,1.7999999999999972,0.19999999999999996,0.37238,0.5647,34.0,14.2,91.2,0.3209,0.4851,34.6,16.0,78.0,13.200000000000003,3.0,-3.0,0.0,2.0,0.0,1,1
103816,2023-24,2024-01-06 19:45:00+00:00,17,Zunder Palencia,Unicaja,624,14,79.6,92.6,0.2,89.8,72.8,1.0,-10.200000000000003,-0.8,75.6,90.3,0.1,87.1,72.2,1.0,-11.5,-0.9,0.38208,0.47000000000000003,29.6,15.2,78.2,0.41082,0.54192,33.8,18.4,106.2,-28.0,-3.0,5.0,0.0,0.0,0.5,1,0
103815,2023-24,2024-01-06 19:45:00+00:00,17,Lenovo Tenerife,Joventut Badalona,28,8,81.4,81.4,0.4,79.8,82.2,0.6,1.6000000000000085,-0.19999999999999996,84.1,80.0,0.6,79.3,86.8,0.5,4.799999999999997,0.09999999999999998,0.36066000000000004,0.5520799999999999,26.2,16.8,86.8,0.39442,0.48582000000000003,31.0,17.8,78.2,8.599999999999994,-1.0,1.0,3.0,6.0,0.5,1,1
103814,2023-24,2024-01-07 11:30:00+00:00,17,Surne Bilbao Basket,BAXI Manresa,4,10,76.0,78.0,0.4,87.2,85.0,0.6,-11.200000000000003,-0.19999999999999996,74.1,79.6,0.2,85.2,83.2,0.6,-11.100000000000009,-0.39999999999999997,0.30090000000000006,0.52082,32.6,17.2,79.4,0.32664,0.5416000000000001,37.8,19.0,93.2,-13.799999999999997,-1.0,1.0,3.0,6.0,0.5,1,1
103813,2023-24,2024-01-07 11:30:00+00:00,17,Río Breogán,Coviran Granada,25,592,71.2,83.6,0.2,79.4,82.4,0.4,-8.200000000000003,-0.2,73.9,82.5,0.3,81.7,83.9,0.4,-7.799999999999997,-0.10000000000000003,0.25378,0.52318,29.2,14.8,65.8,0.3495400000000001,0.5256000000000001,29.4,14.4,74.4,-8.600000000000009,-3.0,-1.0,1.0,2.0,0.5,1,1
103715,2023-24,2024-01-07 16:00:00+00:00,17,Barça,Monbus Obradoiro,2,57,82.8,81.2,0.4,80.8,85.0,0.4,2.0,0.0,84.3,78.3,0.5,79.9,86.4,0.3,4.3999999999999915,0.2,0.34496000000000004,0.55914,32.2,15.6,85.4,0.27549999999999997,0.55784,31.8,13.2,82.6,2.8000000000000114,-1.0,-1.0,5.0,6.0,0.8333333333333334,1,1
103812,2023-24,2024-01-07 16:00:00+00:00,17,Valencia Basket,Dreamland Gran Canaria,13,5,79.8,81.6,0.4,87.6,76.4,0.8,-7.799999999999997,-0.4,79.7,78.5,0.5,88.5,80.1,0.8,-8.799999999999997,-0.30000000000000004,0.33018000000000003,0.5224,37.2,18.0,87.2,0.37232000000000004,0.56592,33.4,20.2,100.6,-13.399999999999991,-1.0,3.0,3.0,6.0,0.5,1,0
103714,2023-24,2024-01-07 17:30:00+00:00,17,Baskonia,Real Madrid,3,9,85.0,85.2,0.6,91.4,70.0,1.0,-6.400000000000006,-0.4,84.1,86.7,0.5,89.6,75.3,0.9,-5.5,-0.4,0.37798,0.56188,34.8,15.8,92.8,0.36694,0.65072,38.0,23.2,120.4,-27.60000000000001,1.0,5.0,3.0,6.0,0.5,1,0
103703,2023-24,2024-01-13 17:00:00+00:00,18,Bàsquet Girona,Zunder Palencia,591,624,77.4,87.4,0.0,79.4,89.8,0.2,-2.0,-0.2,81.7,89.7,0.3,76.0,89.8,0.1,5.700000000000003,0.19999999999999998,0.31028,0.446,34.4,15.0,68.6,0.34643999999999997,0.47400000000000003,30.8,14.4,80.8,-12.200000000000003,-5.0,-3.0,1.0,1.0,1.0,1,0
103713,2023-24,2024-01-13 17:00:00+00:00,18,Unicaja,Dreamland Gran Canaria,14,5,88.8,71.8,1.0,84.8,77.6,0.8,4.0,0.19999999999999996,87.0,72.4,1.0,88.4,80.0,0.8,-1.4000000000000057,0.19999999999999996,0.41414,0.55782,33.6,19.8,105.4,0.37092,0.57446,32.4,19.8,96.0,9.400000000000006,5.0,3.0,3.0,7.0,0.42857142857142855,1,1
103614,2023-24,2024-01-13 19:45:00+00:00,18,MoraBanc Andorra,Surne Bilbao Basket,22,4,82.8,83.2,0.4,73.8,73.0,0.4,9.0,0.0,82.1,86.0,0.2,72.2,75.6,0.3,9.899999999999991,-0.09999999999999998,0.34959999999999997,0.5544,31.0,18.4,87.8,0.3059,0.47481999999999996,35.4,17.0,76.2,11.599999999999994,-1.0,-1.0,3.0,5.0,0.6,1,1
103615,2023-24,2024-01-13 19:45:00+00:00,18,Joventut Badalona,Casademont Zaragoza,8,16,78.4,85.8,0.4,82.4,78.6,0.8,-4.0,-0.4,78.0,84.5,0.5,81.1,79.1,0.6,-3.0999999999999943,-0.09999999999999998,0.40724,0.45906,29.6,17.4,73.0,0.38682,0.55838,35.2,14.2,93.4,-20.400000000000006,-1.0,3.0,5.0,7.0,0.7142857142857143,1,1
103612,2023-24,2024-01-14 11:30:00+00:00,18,UCAM Murcia,Real Madrid,12,9,77.0,84.8,0.4,93.0,75.4,1.0,-16.0,-0.6,81.1,79.2,0.6,90.4,77.0,0.9,-9.300000000000011,-0.30000000000000004,0.36704,0.44421999999999995,28.2,16.4,66.6,0.41234000000000004,0.64126,35.4,23.6,121.2,-54.60000000000001,-1.0,5.0,0.0,7.0,0.0,1,1
103613,2023-24,2024-01-14 11:30:00+00:00,18,Coviran Granada,Monbus Obradoiro,592,57,81.4,83.4,0.4,80.4,86.0,0.2,1.0,0.2,81.2,83.4,0.4,80.9,86.9,0.3,0.29999999999999716,0.10000000000000003,0.36012000000000005,0.55528,28.8,14.6,76.6,0.29474,0.5166600000000001,33.0,11.8,78.0,-1.4000000000000057,-1.0,-3.0,2.0,3.0,0.6666666666666666,1,1
103610,2023-24,2024-01-14 16:00:00+00:00,18,BAXI Manresa,Baskonia,10,3,82.6,81.6,0.6,87.6,89.6,0.6,-5.0,0.0,81.6,82.2,0.5,85.8,88.1,0.5,-4.200000000000003,0.0,0.31108,0.54642,36.2,19.2,87.6,0.38952,0.54312,34.6,15.2,92.2,-4.6000000000000085,1.0,1.0,3.0,7.0,0.42857142857142855,1,0
103611,2023-24,2024-01-14 16:00:00+00:00,18,Valencia Basket,Río Breogán,13,25,79.8,81.8,0.4,76.6,81.2,0.4,3.200000000000003,0.0,80.5,80.3,0.4,75.4,81.7,0.4,5.099999999999994,0.0,0.3536,0.5433399999999999,37.0,18.0,90.0,0.29978,0.56464,28.6,15.6,81.0,9.0,-1.0,-1.0,2.0,5.0,0.4,1,1
103609,2023-24,2024-01-14 17:00:00+00:00,18,Lenovo Tenerife,Barça,28,2,82.0,77.0,0.6,85.2,85.4,0.4,-3.200000000000003,0.19999999999999996,83.7,77.7,0.6,86.7,80.2,0.6,-3.0,0.0,0.364,0.56174,29.2,18.4,93.2,0.35448,0.54104,35.0,17.0,90.6,2.6000000000000085,1.0,-1.0,0.0,7.0,0.0,1,0
103607,2023-24,2024-01-20 17:00:00+00:00,19,Dreamland Gran Canaria,UCAM Murcia,5,12,86.0,74.2,0.8,76.2,80.0,0.6,9.799999999999997,0.20000000000000007,87.3,80.4,0.7,79.7,77.9,0.6,7.599999999999994,0.09999999999999998,0.38592000000000004,0.5709,32.2,19.6,99.2,0.33372,0.48344000000000004,28.6,16.2,71.2,28.0,3.0,1.0,3.0,7.0,0.42857142857142855,1,1
103608,2023-24,2024-01-20 17:00:00+00:00,19,Monbus Obradoiro,Lenovo Tenerife,57,28,81.4,85.8,0.2,78.0,72.8,0.6,3.4000000000000057,-0.39999999999999997,80.9,85.9,0.3,84.6,80.7,0.5,-3.6999999999999886,-0.2,0.30312,0.5136200000000001,33.2,11.8,79.0,0.328,0.59074,28.8,18.0,88.8,-9.799999999999997,-3.0,1.0,1.0,7.0,0.14285714285714285,1,0
103606,2023-24,2024-01-20 19:45:00+00:00,19,Zunder Palencia,BAXI Manresa,624,10,79.6,84.8,0.4,78.8,82.2,0.4,0.7999999999999972,0.0,77.0,90.2,0.2,82.4,82.5,0.5,-5.400000000000006,-0.3,0.35894,0.45432000000000006,33.0,15.2,81.0,0.29666,0.53168,35.0,19.0,80.4,0.5999999999999943,-1.0,-1.0,0.0,1.0,0.0,1,0
103605,2023-24,2024-01-20 19:45:00+00:00,19,Joventut Badalona,Unicaja,8,14,81.8,88.8,0.4,87.4,71.0,1.0,-5.6000000000000085,-0.6,79.5,85.3,0.5,86.3,72.7,1.0,-6.799999999999997,-0.5,0.40112,0.48346,31.6,18.4,76.8,0.40869999999999995,0.5461199999999999,33.2,19.6,102.6,-25.799999999999997,-1.0,5.0,4.0,7.0,0.5714285714285714,1,1
103616,2023-24,2024-01-21 11:30:00+00:00,19,Coviran Granada,Barça,592,2,75.0,81.2,0.4,82.0,81.2,0.6,-7.0,-0.19999999999999996,81.3,82.5,0.5,87.1,81.9,0.6,-5.799999999999997,-0.09999999999999998,0.31070000000000003,0.55144,29.2,13.2,67.4,0.3724,0.5461800000000001,32.6,16.2,87.4,-20.0,-1.0,1.0,0.0,3.0,0.0,1,0
103604,2023-24,2024-01-21 11:30:00+00:00,19,Río Breogán,Bàsquet Girona,25,591,77.4,85.2,0.2,76.8,84.4,0.0,0.6000000000000085,0.2,77.1,82.6,0.4,82.1,90.7,0.2,-5.0,0.2,0.3041,0.57948,28.2,15.0,78.0,0.31822,0.45332,33.4,15.4,70.0,8.0,-3.0,-5.0,2.0,3.0,0.6666666666666666,1,1
103601,2023-24,2024-01-21 16:00:00+00:00,19,Casademont Zaragoza,Valencia Basket,16,13,79.0,77.8,0.6,80.4,82.4,0.4,-1.4000000000000057,0.19999999999999996,81.8,82.3,0.5,81.7,80.3,0.5,0.09999999999999432,0.0,0.3413,0.5441,35.0,14.0,89.2,0.34456,0.5433399999999999,35.4,17.8,87.8,1.4000000000000057,1.0,-1.0,1.0,7.0,0.14285714285714285,1,0
103602,2023-24,2024-01-21 16:00:00+00:00,19,Baskonia,MoraBanc Andorra,3,22,84.8,86.0,0.6,84.0,81.4,0.6,0.7999999999999972,0.0,87.2,87.5,0.6,85.5,86.7,0.3,1.7000000000000028,0.3,0.3508,0.5104799999999999,35.6,15.2,87.6,0.36454000000000003,0.53862,32.0,19.2,90.6,-3.0,1.0,1.0,4.0,5.0,0.8,1,1
103603,2023-24,2024-01-21 17:30:00+00:00,19,Real Madrid,Surne Bilbao Basket,9,4,85.8,75.8,0.8,75.8,75.2,0.4,10.0,0.4,88.2,76.7,0.8,73.7,76.6,0.3,14.5,0.5,0.3881,0.5810599999999999,35.8,21.0,108.2,0.30572,0.50324,34.8,16.6,79.8,28.400000000000006,3.0,-1.0,6.0,7.0,0.8571428571428571,1,1
103618,2023-24,2024-01-27 17:00:00+00:00,20,Surne Bilbao Basket,Casademont Zaragoza,4,16,76.8,77.6,0.4,76.4,78.8,0.4,0.3999999999999915,0.0,73.3,77.4,0.3,82.4,83.2,0.5,-9.100000000000009,-0.2,0.31524,0.51022,36.8,16.4,80.6,0.32192,0.53858,36.6,14.0,83.4,-2.8000000000000114,-1.0,-1.0,3.0,7.0,0.42857142857142855,1,1
103635,2023-24,2024-01-27 17:00:00+00:00,20,Lenovo Tenerife,UCAM Murcia,28,12,82.2,75.4,0.6,75.6,83.4,0.4,6.6000000000000085,0.19999999999999996,86.0,79.9,0.6,80.1,80.4,0.5,5.900000000000006,0.09999999999999998,0.364,0.59414,30.0,18.8,93.0,0.31554000000000004,0.46240000000000003,30.4,15.0,70.6,22.400000000000006,1.0,-1.0,3.0,7.0,0.42857142857142855,1,1
103634,2023-24,2024-01-27 19:45:00+00:00,20,MoraBanc Andorra,Joventut Badalona,22,8,86.6,85.8,0.6,82.4,91.6,0.4,4.199999999999989,0.19999999999999996,86.4,88.5,0.3,80.3,84.9,0.6,6.1000000000000085,-0.3,0.38428000000000007,0.5482400000000001,30.8,20.0,95.0,0.36929999999999996,0.49172000000000005,29.6,18.4,79.2,15.799999999999997,1.0,-1.0,3.0,5.0,0.6,1,0
103619,2023-24,2024-01-27 19:45:00+00:00,20,BAXI Manresa,Río Breogán,10,25,81.2,83.4,0.4,81.2,83.6,0.4,0.0,0.0,82.9,82.7,0.5,77.9,82.4,0.4,5.0,0.09999999999999998,0.30091999999999997,0.5050000000000001,34.8,18.8,80.4,0.34712,0.58646,28.6,16.2,84.0,-3.5999999999999943,-1.0,-1.0,3.0,5.0,0.6,1,1
103633,2023-24,2024-01-28 11:30:00+00:00,20,Bàsquet Girona,Coviran Granada,591,592,78.4,86.6,0.0,73.2,81.6,0.4,5.200000000000003,-0.4,81.8,91.8,0.2,79.9,83.0,0.5,1.8999999999999915,-0.3,0.35039999999999993,0.43942,34.2,15.4,71.4,0.29374,0.57004,26.8,13.8,65.4,6.0,-5.0,-1.0,3.0,3.0,1.0,1,1
103632,2023-24,2024-01-28 12:00:00+00:00,20,Dreamland Gran Canaria,Real Madrid,5,9,87.6,75.2,0.8,87.8,77.0,0.8,-0.20000000000000284,0.0,87.5,80.9,0.7,89.0,76.3,0.8,-1.5,-0.10000000000000009,0.41192,0.5732,28.2,18.2,97.8,0.41386,0.5932,35.0,21.8,113.2,-15.400000000000006,3.0,3.0,1.0,7.0,0.14285714285714285,1,1
103630,2023-24,2024-01-28 16:00:00+00:00,20,Baskonia,Monbus Obradoiro,3,57,87.6,88.6,0.6,83.8,88.2,0.2,3.799999999999997,0.39999999999999997,88.5,86.2,0.7,78.7,86.1,0.2,9.799999999999997,0.49999999999999994,0.36244,0.5292199999999999,34.8,16.2,90.2,0.26918000000000003,0.5539400000000001,32.0,11.6,83.8,6.400000000000006,1.0,-3.0,4.0,7.0,0.5714285714285714,1,1
103631,2023-24,2024-01-28 16:00:00+00:00,20,Barça,Zunder Palencia,2,624,84.4,76.8,0.8,80.8,85.0,0.4,3.6000000000000085,0.4,87.1,79.7,0.6,79.2,92.1,0.2,7.8999999999999915,0.39999999999999997,0.38316,0.57632,34.8,17.8,95.0,0.34703999999999996,0.49293999999999993,32.8,16.0,86.2,8.799999999999997,3.0,-1.0,1.0,1.0,1.0,1,1
103629,2023-24,2024-01-28 17:30:00+00:00,20,Valencia Basket,Unicaja,13,14,80.2,81.0,0.4,85.2,74.0,0.8,-5.0,-0.4,82.6,80.9,0.5,86.2,73.4,0.9,-3.6000000000000085,-0.4,0.32181999999999994,0.53316,34.4,17.4,84.4,0.38604,0.55088,32.0,19.8,95.4,-11.0,-1.0,3.0,4.0,7.0,0.5714285714285714,1,0
103627,2023-24,2024-02-03 17:00:00+00:00,21,Joventut Badalona,Zunder Palencia,8,624,85.0,87.2,0.6,83.6,87.8,0.4,1.4000000000000057,0.19999999999999996,80.8,85.0,0.6,81.5,93.1,0.2,-0.7000000000000028,0.39999999999999997,0.38992,0.51298,31.8,18.0,87.4,0.31626,0.53908,32.6,19.2,91.6,-4.199999999999989,1.0,-1.0,1.0,1.0,1.0,1,1
103628,2023-24,2024-02-03 17:00:00+00:00,21,Casademont Zaragoza,Río Breogán,16,25,79.0,83.2,0.2,77.2,82.2,0.4,1.7999999999999972,-0.2,81.3,81.7,0.5,76.4,82.0,0.4,4.8999999999999915,0.09999999999999998,0.36352,0.51734,35.2,15.2,87.6,0.34663999999999995,0.54828,28.8,16.2,80.4,7.199999999999989,-3.0,-1.0,3.0,5.0,0.6,1,1
103626,2023-24,2024-02-03 19:45:00+00:00,21,Unicaja,MoraBanc Andorra,14,22,84.2,73.6,0.8,87.0,83.4,0.6,-2.799999999999997,0.20000000000000007,84.6,70.4,0.9,85.5,88.0,0.3,-0.9000000000000057,0.6000000000000001,0.38862,0.55598,31.2,20.6,94.6,0.37398,0.56592,31.2,19.8,99.0,-4.400000000000006,3.0,1.0,3.0,5.0,0.6,1,1
103625,2023-24,2024-02-03 19:45:00+00:00,21,UCAM Murcia,Surne Bilbao Basket,12,4,77.2,80.8,0.4,78.0,79.4,0.4,-0.7999999999999972,0.0,79.2,80.6,0.4,74.1,77.6,0.4,5.1000000000000085,0.0,0.34468,0.47848000000000007,30.2,16.4,76.6,0.3319,0.53176,35.6,16.2,80.4,-3.8000000000000114,-1.0,-1.0,3.0,7.0,0.42857142857142855,1,1
103624,2023-24,2024-02-04 11:30:00+00:00,21,Real Madrid,Bàsquet Girona,9,591,83.0,82.4,0.6,79.6,82.8,0.2,3.4000000000000057,0.39999999999999997,87.4,76.4,0.8,81.1,89.6,0.2,6.300000000000011,0.6000000000000001,0.4114,0.5337,33.6,19.4,99.6,0.35781999999999997,0.44139999999999996,34.0,15.6,73.8,25.799999999999997,1.0,-3.0,3.0,3.0,1.0,1,1
103623,2023-24,2024-02-04 12:00:00+00:00,21,Lenovo Tenerife,Baskonia,28,3,84.4,76.0,0.8,93.0,88.0,0.8,-8.599999999999994,0.0,84.3,80.1,0.6,89.1,86.7,0.7,-4.799999999999997,-0.09999999999999998,0.37554,0.60268,29.0,18.4,94.4,0.36296,0.56774,33.2,17.0,98.4,-4.0,3.0,3.0,3.0,7.0,0.42857142857142855,1,1
103621,2023-24,2024-02-04 16:00:00+00:00,21,Monbus Obradoiro,Dreamland Gran Canaria,57,5,81.6,88.4,0.0,88.0,75.2,0.8,-6.400000000000006,-0.8,81.0,87.4,0.2,87.4,79.2,0.7,-6.400000000000006,-0.49999999999999994,0.28578000000000003,0.5150600000000001,35.2,13.2,82.8,0.43970000000000004,0.5763,26.8,16.6,96.6,-13.799999999999997,-5.0,3.0,3.0,7.0,0.42857142857142855,1,0
103620,2023-24,2024-02-04 17:30:00+00:00,21,Barça,Valencia Basket,2,13,88.4,83.2,0.8,77.8,81.4,0.4,10.600000000000009,0.4,90.0,80.9,0.7,81.5,80.9,0.5,8.5,0.19999999999999996,0.40774,0.59396,34.6,18.6,102.4,0.31697999999999993,0.5012399999999999,33.8,15.6,79.2,23.200000000000003,3.0,-1.0,3.0,7.0,0.42857142857142855,1,0
103622,2023-24,2024-02-04 17:30:00+00:00,21,Coviran Granada,BAXI Manresa,592,10,69.2,82.6,0.2,83.2,81.8,0.6,-14.0,-0.39999999999999997,76.9,82.2,0.4,83.6,83.9,0.5,-6.699999999999989,-0.09999999999999998,0.27736,0.56194,26.8,12.4,59.8,0.32544,0.50564,35.2,19.4,84.8,-25.0,-3.0,1.0,0.0,3.0,0.0,1,0
103600,2023-24,2024-02-10 17:00:00+00:00,22,Zunder Palencia,Dreamland Gran Canaria,624,5,83.4,91.2,0.2,87.0,77.6,0.8,-3.5999999999999943,-0.6000000000000001,81.5,91.9,0.2,87.3,77.0,0.8,-5.799999999999997,-0.6000000000000001,0.28778,0.58894,32.4,18.6,88.0,0.4159,0.59852,26.8,17.6,94.8,-6.799999999999997,-3.0,3.0,0.0,1.0,0.0,1,1
103617,2023-24,2024-02-10 17:00:00+00:00,22,Monbus Obradoiro,Unicaja,57,14,80.2,87.2,0.0,84.4,76.6,0.8,-4.200000000000003,-0.8,80.5,86.1,0.2,87.1,74.7,0.9,-6.599999999999994,-0.7,0.27188,0.52554,32.8,13.2,77.4,0.35928,0.5767,31.2,20.8,92.6,-15.199999999999989,-5.0,3.0,0.0,7.0,0.0,1,0
103579,2023-24,2024-02-10 19:45:00+00:00,22,Casademont Zaragoza,Lenovo Tenerife,16,28,77.2,80.2,0.4,87.4,78.0,0.8,-10.200000000000003,-0.4,79.9,79.6,0.6,84.4,79.7,0.6,-4.5,0.0,0.36352,0.45782,37.6,14.4,83.6,0.38473999999999997,0.61516,29.4,18.0,96.2,-12.600000000000009,-1.0,3.0,1.0,7.0,0.14285714285714285,1,0
103599,2023-24,2024-02-10 19:45:00+00:00,22,MoraBanc Andorra,Bàsquet Girona,22,591,89.0,87.4,0.4,78.4,82.6,0.2,10.599999999999994,0.2,86.5,88.7,0.3,81.2,87.3,0.2,5.299999999999997,0.09999999999999998,0.37488,0.5984,30.0,19.0,100.4,0.38112,0.43152,34.4,15.6,71.4,29.0,-1.0,-3.0,0.0,1.0,0.0,1,1
103573,2023-24,2024-02-11 11:30:00+00:00,22,Río Breogán,Real Madrid,25,9,77.4,77.6,0.4,84.8,83.4,0.6,-7.3999999999999915,-0.19999999999999996,74.3,80.6,0.3,88.1,76.7,0.8,-13.799999999999997,-0.5,0.34888,0.5090199999999999,30.2,16.6,81.2,0.4196,0.5359200000000001,31.4,19.8,103.4,-22.200000000000003,-1.0,1.0,1.0,5.0,0.2,1,0
103577,2023-24,2024-02-11 11:30:00+00:00,22,Surne Bilbao Basket,Valencia Basket,4,13,78.8,83.0,0.4,78.8,80.0,0.6,0.0,-0.19999999999999996,77.4,80.5,0.4,79.3,80.8,0.5,-1.8999999999999915,-0.09999999999999998,0.3319,0.52288,35.2,15.8,82.0,0.29428,0.50754,32.0,16.0,83.4,-1.4000000000000057,-1.0,1.0,3.0,7.0,0.42857142857142855,1,1
103575,2023-24,2024-02-11 16:00:00+00:00,22,UCAM Murcia,Coviran Granada,12,592,79.0,80.2,0.4,74.2,85.4,0.2,4.799999999999997,0.2,78.3,80.9,0.4,76.8,83.9,0.3,1.5,0.10000000000000003,0.34690000000000004,0.5001,30.0,16.4,82.2,0.29969999999999997,0.5708,28.6,13.4,68.0,14.200000000000003,-1.0,-3.0,1.0,3.0,0.3333333333333333,1,1
103576,2023-24,2024-02-11 16:00:00+00:00,22,Baskonia,Joventut Badalona,3,8,90.0,90.0,0.6,85.0,82.2,0.8,5.0,-0.20000000000000007,87.5,87.6,0.6,82.4,82.2,0.7,5.099999999999994,-0.09999999999999998,0.35798,0.5787,29.6,16.4,92.2,0.36516000000000004,0.5008999999999999,32.6,18.2,91.2,1.0,1.0,3.0,2.0,7.0,0.2857142857142857,1,0
103574,2023-24,2024-02-11 17:30:00+00:00,22,BAXI Manresa,Barça,10,2,81.6,82.6,0.6,89.4,80.8,0.8,-7.800000000000011,-0.20000000000000007,84.4,83.8,0.6,86.1,81.0,0.6,-1.6999999999999886,0.0,0.32052,0.51822,34.4,19.2,81.2,0.38849999999999996,0.6095200000000001,34.4,18.6,105.2,-24.0,1.0,3.0,2.0,7.0,0.2857142857142857,1,0
103572,2023-24,2024-03-02 17:00:00+00:00,23,BAXI Manresa,UCAM Murcia,10,12,86.2,85.2,0.6,82.6,76.2,0.6,3.6000000000000085,0.0,84.4,83.4,0.6,79.8,80.5,0.5,4.6000000000000085,0.09999999999999998,0.32608000000000004,0.5276799999999999,33.6,19.2,87.4,0.38550000000000006,0.55566,30.4,16.8,89.6,-2.1999999999999886,1.0,1.0,4.0,7.0,0.5714285714285714,1,0
103571,2023-24,2024-03-02 17:00:00+00:00,23,Unicaja,Surne Bilbao Basket,14,4,85.2,77.8,0.8,82.6,87.8,0.4,2.6000000000000085,0.4,87.0,74.8,0.9,78.2,80.4,0.4,8.799999999999997,0.5,0.35087999999999997,0.5862999999999999,32.0,21.0,95.2,0.3449,0.57762,32.0,18.0,86.2,9.0,3.0,-1.0,6.0,7.0,0.8571428571428571,1,1
103569,2023-24,2024-03-02 19:45:00+00:00,23,Lenovo Tenerife,Coviran Granada,28,592,90.6,84.0,0.8,74.0,86.6,0.2,16.599999999999994,0.6000000000000001,86.3,80.5,0.7,77.7,85.0,0.3,8.599999999999994,0.39999999999999997,0.4299799999999999,0.58884,27.4,17.4,96.4,0.28794,0.5508,29.6,13.6,70.2,26.200000000000003,3.0,-3.0,3.0,3.0,1.0,1,1
103570,2023-24,2024-03-02 19:45:00+00:00,23,Joventut Badalona,Río Breogán,8,25,87.2,79.8,1.0,75.0,77.8,0.2,12.200000000000003,0.8,82.8,82.8,0.7,75.8,79.5,0.3,7.0,0.39999999999999997,0.40438,0.5159,34.8,18.6,97.2,0.32988,0.50672,29.8,17.0,72.8,24.400000000000006,5.0,-3.0,4.0,5.0,0.8,1,1
103568,2023-24,2024-03-03 11:30:00+00:00,23,Bàsquet Girona,Monbus Obradoiro,591,57,76.8,85.0,0.2,77.8,86.8,0.0,-1.0,0.2,77.1,86.2,0.1,79.1,86.4,0.1,-2.0,0.0,0.37371999999999994,0.45324,31.6,14.8,71.2,0.25064000000000003,0.53836,31.2,14.2,77.2,-6.0,-3.0,-5.0,1.0,3.0,0.3333333333333333,1,1
103848,2023-24,2024-03-03 11:30:00+00:00,23,MoraBanc Andorra,Real Madrid,22,9,88.0,86.0,0.4,81.0,81.0,0.6,7.0,-0.19999999999999996,85.4,84.6,0.4,87.0,78.2,0.8,-1.5999999999999943,-0.4,0.3713,0.5736199999999999,30.2,18.2,95.8,0.36154000000000003,0.53836,31.6,18.4,96.2,-0.4000000000000057,-1.0,1.0,1.0,5.0,0.2,1,0
103566,2023-24,2024-03-03 16:00:00+00:00,23,Valencia Basket,Zunder Palencia,13,624,78.6,81.4,0.6,85.4,85.6,0.4,-6.800000000000011,0.19999999999999996,79.2,81.6,0.5,82.4,87.7,0.3,-3.200000000000003,0.2,0.3176,0.47946,30.4,15.8,81.6,0.31808000000000003,0.58124,33.2,20.2,91.6,-10.0,1.0,-1.0,1.0,1.0,1.0,1,1
103564,2023-24,2024-03-03 17:30:00+00:00,23,Dreamland Gran Canaria,Baskonia,5,3,81.4,78.2,0.6,88.6,86.4,0.6,-7.199999999999989,0.0,83.1,77.9,0.7,88.1,88.0,0.6,-5.0,0.09999999999999998,0.34398,0.5812799999999999,29.2,15.8,86.4,0.3402,0.60812,29.4,17.6,95.2,-8.799999999999997,1.0,1.0,4.0,7.0,0.5714285714285714,1,1
103565,2023-24,2024-03-03 17:30:00+00:00,23,Barça,Casademont Zaragoza,2,16,88.4,78.2,0.8,81.0,86.6,0.2,7.400000000000006,0.6000000000000001,86.8,81.8,0.6,81.7,82.6,0.5,5.099999999999994,0.09999999999999998,0.4266,0.60518,32.2,17.8,103.8,0.37534,0.47318,35.4,15.4,86.4,17.39999999999999,3.0,-3.0,4.0,7.0,0.5714285714285714,1,1
103578,2023-24,2024-03-09 17:00:00+00:00,24,Joventut Badalona,BAXI Manresa,8,10,83.8,77.0,1.0,86.4,84.8,0.6,-2.6000000000000085,0.4,82.8,82.9,0.7,82.6,83.5,0.5,0.20000000000000284,0.19999999999999996,0.38716,0.53858,34.2,18.0,95.0,0.31656000000000006,0.51972,33.4,18.4,85.2,9.799999999999997,5.0,1.0,4.0,7.0,0.5714285714285714,1,0
103563,2023-24,2024-03-09 17:00:00+00:00,24,Río Breogán,Unicaja,25,14,73.0,75.8,0.2,89.4,79.2,0.8,-16.400000000000006,-0.6000000000000001,75.2,80.5,0.2,88.4,75.1,0.9,-13.200000000000003,-0.7,0.3196,0.46853999999999996,29.8,16.0,71.6,0.37222,0.61424,32.0,22.0,101.8,-30.200000000000003,-3.0,3.0,1.0,5.0,0.2,1,0
103597,2023-24,2024-03-09 19:45:00+00:00,24,Dreamland Gran Canaria,Casademont Zaragoza,5,16,85.6,78.2,0.8,77.8,89.4,0.2,7.799999999999997,0.6000000000000001,85.8,76.2,0.8,78.4,83.6,0.4,7.3999999999999915,0.4,0.39563999999999994,0.5857,28.6,16.0,93.4,0.32476000000000005,0.4793,36.6,14.6,80.2,13.200000000000003,3.0,-3.0,5.0,7.0,0.7142857142857143,1,1
103580,2023-24,2024-03-09 19:45:00+00:00,24,UCAM Murcia,Bàsquet Girona,12,591,85.6,80.6,0.6,75.6,83.2,0.4,10.0,0.19999999999999996,80.9,80.3,0.6,76.2,83.8,0.2,4.700000000000003,0.39999999999999997,0.41580000000000006,0.54698,30.8,17.2,90.2,0.34634,0.4508,32.8,13.6,69.6,20.60000000000001,1.0,-1.0,1.0,3.0,0.3333333333333333,1,1
103581,2023-24,2024-03-10 11:30:00+00:00,24,Monbus Obradoiro,Valencia Basket,57,13,78.4,87.0,0.0,83.2,84.0,0.6,-4.799999999999997,-0.6,79.9,86.4,0.1,81.8,83.2,0.5,-1.8999999999999915,-0.4,0.2539,0.55752,31.6,14.4,78.6,0.36132,0.5128,29.6,18.4,90.6,-12.0,-5.0,1.0,0.0,7.0,0.0,1,0
103596,2023-24,2024-03-10 11:30:00+00:00,24,Real Madrid,Lenovo Tenerife,9,28,86.6,80.4,0.8,92.4,84.0,1.0,-5.800000000000011,-0.19999999999999996,86.2,78.1,0.8,85.2,78.4,0.8,1.0,0.0,0.37658,0.5975,32.0,20.2,106.8,0.45170000000000005,0.57454,27.4,17.0,99.0,7.799999999999997,3.0,5.0,6.0,7.0,0.8571428571428571,1,1
103595,2023-24,2024-03-10 16:00:00+00:00,24,Coviran Granada,Surne Bilbao Basket,592,4,75.2,89.6,0.0,83.8,90.6,0.4,-8.599999999999994,-0.4,75.1,85.4,0.2,79.8,82.9,0.4,-4.700000000000003,-0.2,0.2632,0.5611200000000001,30.4,14.8,74.0,0.35446,0.6078,28.6,17.6,85.8,-11.799999999999997,-5.0,-1.0,1.0,3.0,0.3333333333333333,1,1
103594,2023-24,2024-03-10 16:00:00+00:00,24,Zunder Palencia,MoraBanc Andorra,624,22,86.8,91.0,0.2,84.6,88.2,0.2,2.200000000000003,0.0,83.2,87.9,0.3,84.3,84.8,0.4,-1.0999999999999943,-0.10000000000000003,0.35736,0.60132,31.0,20.2,91.0,0.35672000000000004,0.5688599999999999,29.0,16.4,85.8,5.200000000000003,-3.0,-3.0,0.0,1.0,0.0,1,1
103593,2023-24,2024-03-10 17:30:00+00:00,24,Baskonia,Barça,3,2,86.6,89.6,0.4,93.6,75.8,0.8,-7.0,-0.4,85.7,87.8,0.5,87.8,78.5,0.7,-2.0999999999999943,-0.19999999999999996,0.3564,0.62144,27.4,16.4,90.2,0.43428000000000005,0.6072200000000001,35.2,19.8,114.0,-23.799999999999997,-1.0,3.0,2.0,7.0,0.2857142857142857,1,1
103591,2023-24,2024-03-16 17:00:00+00:00,25,UCAM Murcia,Monbus Obradoiro,12,57,85.8,77.0,0.8,76.2,87.0,0.0,9.599999999999994,0.8,80.7,80.2,0.6,80.0,87.6,0.1,0.7000000000000028,0.5,0.39826,0.54074,32.2,17.8,93.8,0.2826,0.52468,33.4,15.0,76.4,17.39999999999999,3.0,-5.0,5.0,7.0,0.7142857142857143,1,1
103592,2023-24,2024-03-16 17:00:00+00:00,25,Baskonia,Coviran Granada,3,592,85.6,89.8,0.4,80.4,86.6,0.2,5.199999999999989,0.2,86.6,89.2,0.5,76.8,84.1,0.3,9.799999999999997,0.2,0.33734000000000003,0.62334,28.6,16.6,88.4,0.30982000000000004,0.55048,32.6,16.2,84.0,4.400000000000006,-1.0,-3.0,3.0,3.0,1.0,1,1
103590,2023-24,2024-03-16 19:45:00+00:00,25,BAXI Manresa,Dreamland Gran Canaria,10,5,84.0,83.4,0.6,89.6,79.2,0.8,-5.599999999999994,-0.20000000000000007,82.6,83.4,0.5,88.6,77.2,0.8,-6.0,-0.30000000000000004,0.28294,0.5493,33.0,18.2,84.0,0.4004,0.56718,32.4,19.0,102.4,-18.400000000000006,1.0,3.0,3.0,7.0,0.42857142857142855,1,1
103589,2023-24,2024-03-16 19:45:00+00:00,25,MoraBanc Andorra,Lenovo Tenerife,22,28,79.6,82.0,0.2,88.6,82.8,0.8,-9.0,-0.6000000000000001,83.1,83.9,0.4,85.4,79.1,0.7,-2.3000000000000114,-0.29999999999999993,0.28863999999999995,0.54104,32.2,14.4,79.4,0.39288,0.5748599999999999,28.2,15.4,93.4,-14.0,-3.0,3.0,0.0,5.0,0.0,1,0
103587,2023-24,2024-03-17 11:30:00+00:00,25,Surne Bilbao Basket,Joventut Badalona,4,8,83.6,89.0,0.4,83.0,77.4,0.8,0.5999999999999943,-0.4,80.2,83.3,0.4,82.7,84.5,0.6,-2.5,-0.19999999999999996,0.36398,0.6078,27.0,18.2,89.4,0.37716000000000005,0.5274599999999999,35.8,16.2,90.0,-0.5999999999999943,-1.0,3.0,2.0,7.0,0.2857142857142857,1,1
103588,2023-24,2024-03-17 11:30:00+00:00,25,Barça,Río Breogán,2,25,94.0,84.2,0.6,67.4,76.0,0.0,26.599999999999994,0.6,89.2,80.5,0.7,74.3,79.8,0.2,14.900000000000006,0.49999999999999994,0.41095999999999994,0.6070800000000001,34.0,19.6,112.0,0.27393999999999996,0.4615600000000001,31.0,14.4,63.4,48.6,1.0,-5.0,5.0,5.0,1.0,1,0
103586,2023-24,2024-03-17 16:00:00+00:00,25,Casademont Zaragoza,Zunder Palencia,16,624,79.8,94.6,0.2,84.6,86.0,0.4,-4.799999999999997,-0.2,78.1,86.7,0.3,82.7,85.5,0.4,-4.6000000000000085,-0.10000000000000003,0.34642,0.49224000000000007,34.4,16.0,83.6,0.3672,0.56014,32.8,18.0,85.6,-2.0,-3.0,-1.0,1.0,1.0,1.0,1,1
103585,2023-24,2024-03-17 16:00:00+00:00,25,Bàsquet Girona,Valencia Basket,591,13,75.2,80.8,0.4,85.6,84.0,0.6,-10.399999999999991,-0.19999999999999996,76.8,83.7,0.2,82.9,82.5,0.5,-6.1000000000000085,-0.3,0.37492000000000003,0.45494,31.6,14.2,69.2,0.40472,0.5273,30.0,19.6,95.0,-25.799999999999997,-1.0,1.0,1.0,3.0,0.3333333333333333,1,1
103584,2023-24,2024-03-17 17:30:00+00:00,25,Unicaja,Real Madrid,14,9,88.4,75.2,1.0,83.6,80.0,0.8,4.800000000000011,0.19999999999999996,86.8,74.6,0.9,85.7,78.5,0.8,1.0999999999999943,0.09999999999999998,0.38236,0.59806,33.2,21.2,101.8,0.32202000000000003,0.5698399999999999,34.4,19.4,100.2,1.5999999999999943,5.0,3.0,1.0,7.0,0.14285714285714285,1,0
103583,2023-24,2024-03-23 17:00:00+00:00,26,Bàsquet Girona,BAXI Manresa,591,10,77.6,86.2,0.4,83.0,84.0,0.6,-5.400000000000006,-0.19999999999999996,78.6,84.5,0.3,83.1,82.9,0.6,-4.5,-0.3,0.39174000000000003,0.4827,29.8,13.8,74.2,0.28984,0.53166,33.6,18.0,82.6,-8.399999999999991,-1.0,1.0,0.0,3.0,0.0,1,0
103582,2023-24,2024-03-23 17:00:00+00:00,26,Coviran Granada,Unicaja,592,14,85.8,91.4,0.2,88.0,80.0,0.8,-2.200000000000003,-0.6000000000000001,77.5,87.0,0.2,86.1,76.8,0.8,-8.599999999999994,-0.6000000000000001,0.33132,0.5552400000000001,32.6,18.8,92.0,0.37561999999999995,0.5988399999999999,31.2,20.0,96.8,-4.799999999999997,-3.0,3.0,0.0,3.0,0.0,1,0
103636,2023-24,2024-03-23 19:45:00+00:00,26,Monbus Obradoiro,Río Breogán,57,25,76.6,88.0,0.0,71.4,76.4,0.2,5.199999999999989,-0.2,79.1,88.2,0.0,74.3,79.3,0.3,4.799999999999997,-0.3,0.26854000000000006,0.5375,30.0,15.4,77.0,0.31928,0.47601999999999994,29.6,15.4,69.6,7.400000000000006,-5.0,-3.0,2.0,5.0,0.4,1,1
103598,2023-24,2024-03-23 19:45:00+00:00,26,MoraBanc Andorra,Casademont Zaragoza,22,16,77.0,80.6,0.2,83.8,96.6,0.4,-6.799999999999997,-0.2,82.0,82.0,0.4,81.4,89.9,0.3,0.5999999999999943,0.10000000000000003,0.27644,0.48889999999999995,32.4,14.4,74.8,0.31165999999999994,0.5634,34.2,16.6,89.2,-14.400000000000006,-3.0,-1.0,2.0,5.0,0.4,1,1
103637,2023-24,2024-03-24 11:30:00+00:00,26,Zunder Palencia,Real Madrid,624,9,85.0,86.2,0.4,85.6,76.2,1.0,-0.5999999999999943,-0.6,84.3,87.0,0.4,84.3,79.3,0.8,0.0,-0.4,0.38706,0.53178,33.0,16.0,84.6,0.3238,0.6035999999999999,35.6,20.6,106.8,-22.200000000000003,-1.0,5.0,0.0,1.0,0.0,1,0
103638,2023-24,2024-03-24 12:00:00+00:00,26,Lenovo Tenerife,Dreamland Gran Canaria,28,5,89.4,81.4,0.8,83.8,79.4,0.6,5.6000000000000085,0.20000000000000007,86.9,78.7,0.8,85.9,77.3,0.7,1.0,0.10000000000000009,0.39288,0.6006,29.4,16.2,98.4,0.32262,0.5403,32.2,18.0,93.8,4.6000000000000085,3.0,1.0,6.0,7.0,0.8571428571428571,1,1
103690,2023-24,2024-03-24 16:00:00+00:00,26,Valencia Basket,UCAM Murcia,13,12,90.6,85.8,0.6,90.0,78.2,1.0,0.5999999999999943,-0.4,84.2,83.6,0.5,83.6,79.5,0.7,0.6000000000000085,-0.19999999999999996,0.43156,0.5492800000000001,30.4,21.0,103.2,0.40388,0.5757199999999999,33.0,19.2,101.2,2.0,1.0,5.0,4.0,7.0,0.5714285714285714,1,1
103691,2023-24,2024-03-24 16:00:00+00:00,26,Surne Bilbao Basket,Baskonia,4,3,84.8,86.6,0.4,88.6,91.6,0.4,-3.799999999999997,0.0,81.4,83.0,0.4,90.8,89.8,0.6,-9.399999999999991,-0.19999999999999996,0.3862,0.60152,28.6,20.0,93.2,0.38798,0.62562,27.6,18.2,93.2,0.0,-1.0,-1.0,0.0,7.0,0.0,1,1
103689,2023-24,2024-03-24 17:30:00+00:00,26,Joventut Badalona,Barça,8,2,80.0,80.0,0.6,90.6,83.0,0.4,-10.599999999999994,0.19999999999999996,82.5,83.6,0.6,89.5,83.1,0.6,-7.0,0.0,0.331,0.5146,36.0,16.8,84.2,0.39918,0.61038,32.4,19.6,104.6,-20.39999999999999,1.0,-1.0,2.0,7.0,0.2857142857142857,1,0
103688,2023-24,2024-03-30 17:00:00+00:00,27,Zunder Palencia,Lenovo Tenerife,624,28,85.2,85.6,0.4,89.0,84.2,0.8,-3.799999999999997,-0.4,84.3,88.4,0.3,88.2,81.1,0.8,-3.9000000000000057,-0.5,0.39458000000000004,0.5193999999999999,32.2,16.8,86.4,0.36146,0.62088,29.8,16.6,98.8,-12.399999999999991,-1.0,3.0,0.0,1.0,0.0,1,0
103687,2023-24,2024-03-30 17:00:00+00:00,27,Río Breogán,Surne Bilbao Basket,25,4,73.6,80.4,0.2,86.0,83.4,0.6,-12.400000000000006,-0.39999999999999997,75.5,79.0,0.3,82.4,83.2,0.5,-6.900000000000006,-0.2,0.35356,0.48582000000000003,28.0,16.0,72.4,0.43007999999999996,0.5904,29.6,20.0,95.4,-23.0,-3.0,1.0,2.0,5.0,0.4,1,0
103685,2023-24,2024-03-30 19:45:00+00:00,27,Baskonia,Casademont Zaragoza,3,16,89.0,89.0,0.4,87.2,101.4,0.2,1.7999999999999972,0.2,89.5,89.5,0.5,82.2,90.8,0.3,7.299999999999997,0.2,0.35019999999999996,0.6406,29.0,18.2,95.8,0.30928,0.6032200000000001,31.0,18.0,91.8,4.0,-1.0,-3.0,6.0,7.0,0.8571428571428571,1,1
103686,2023-24,2024-03-30 19:45:00+00:00,27,Unicaja,Bàsquet Girona,14,591,87.6,75.2,0.8,78.4,84.6,0.4,9.199999999999989,0.4,86.0,75.9,0.8,78.4,83.6,0.3,7.599999999999994,0.5,0.3794,0.5801000000000001,31.6,20.4,97.8,0.37646,0.4997,29.0,13.8,77.4,20.39999999999999,3.0,-1.0,3.0,3.0,1.0,1,1
103684,2023-24,2024-03-31 10:30:00+00:00,27,Real Madrid,BAXI Manresa,9,10,84.4,76.0,1.0,81.0,82.0,0.6,3.4000000000000057,0.4,84.6,79.7,0.8,81.3,82.3,0.6,3.299999999999997,0.20000000000000007,0.32004,0.61242,36.4,20.2,105.0,0.28228,0.5029600000000001,35.2,16.4,78.0,27.0,5.0,1.0,6.0,7.0,0.8571428571428571,1,0
103683,2023-24,2024-03-31 11:00:00+00:00,27,Dreamland Gran Canaria,Valencia Basket,5,13,86.0,83.6,0.4,91.4,87.0,0.6,-5.400000000000006,-0.19999999999999996,86.5,80.6,0.6,85.1,83.5,0.6,1.4000000000000057,0.0,0.31598,0.52608,32.0,17.6,92.8,0.476,0.55666,28.8,21.8,105.0,-12.200000000000003,-1.0,1.0,4.0,7.0,0.5714285714285714,1,1
103682,2023-24,2024-03-31 15:00:00+00:00,27,UCAM Murcia,MoraBanc Andorra,12,22,87.2,79.6,0.8,76.8,78.2,0.4,10.400000000000006,0.4,83.1,79.9,0.6,82.9,82.8,0.4,0.19999999999998863,0.19999999999999996,0.38166,0.57018,33.8,18.0,95.4,0.30764,0.4543799999999999,34.0,15.6,76.6,18.80000000000001,3.0,-1.0,1.0,5.0,0.2,1,1
103681,2023-24,2024-03-31 15:00:00+00:00,27,Coviran Granada,Joventut Badalona,592,8,79.6,90.6,0.2,77.2,83.2,0.4,2.3999999999999915,-0.2,76.9,88.0,0.2,81.1,82.7,0.6,-4.199999999999989,-0.39999999999999997,0.31732,0.53068,32.8,16.6,81.2,0.29862,0.5152,38.4,14.0,77.0,4.200000000000003,-3.0,-1.0,1.0,3.0,0.3333333333333333,1,1
103680,2023-24,2024-03-31 16:30:00+00:00,27,Monbus Obradoiro,Barça,57,2,78.8,86.2,0.2,94.0,82.2,0.6,-15.200000000000003,-0.39999999999999997,79.5,86.7,0.1,91.7,81.5,0.7,-12.200000000000003,-0.6,0.31734,0.5525800000000001,30.2,18.0,86.0,0.42610000000000003,0.60148,33.8,20.2,110.6,-24.599999999999994,-3.0,1.0,1.0,7.0,0.14285714285714285,1,0
103692,2023-24,2024-04-06 15:00:00+00:00,28,Surne Bilbao Basket,Dreamland Gran Canaria,4,5,83.4,81.4,0.6,90.2,81.4,0.6,-6.799999999999997,0.0,83.0,84.6,0.5,85.8,79.8,0.6,-2.799999999999997,-0.09999999999999998,0.41132,0.55908,30.0,18.2,91.8,0.33971999999999997,0.54608,31.2,18.2,99.2,-7.400000000000006,1.0,1.0,2.0,7.0,0.2857142857142857,1,1
103679,2023-24,2024-04-06 15:00:00+00:00,28,Casademont Zaragoza,Monbus Obradoiro,16,57,86.0,100.6,0.2,80.0,86.0,0.2,6.0,0.0,83.5,93.6,0.2,78.9,86.4,0.1,4.599999999999994,0.1,0.282,0.62932,30.6,18.6,90.2,0.33140000000000003,0.5769,31.4,18.8,87.0,3.200000000000003,-3.0,-3.0,2.0,7.0,0.2857142857142857,1,1
103677,2023-24,2024-04-06 17:30:00+00:00,28,Joventut Badalona,UCAM Murcia,8,12,77.6,84.8,0.2,88.8,81.2,0.8,-11.200000000000003,-0.6000000000000001,82.4,82.3,0.6,85.7,78.7,0.7,-3.299999999999997,-0.09999999999999998,0.25427999999999995,0.53828,36.4,13.4,73.6,0.36974,0.5654199999999999,33.0,16.8,95.2,-21.60000000000001,-3.0,3.0,5.0,7.0,0.7142857142857143,1,0
103678,2023-24,2024-04-06 17:30:00+00:00,28,Río Breogán,Zunder Palencia,25,624,72.6,80.4,0.2,82.4,91.8,0.2,-9.800000000000011,0.0,73.8,79.1,0.2,83.9,88.7,0.3,-10.100000000000009,-0.09999999999999998,0.32877999999999996,0.46137999999999996,29.6,15.8,72.6,0.38792,0.5169599999999999,30.2,15.6,80.4,-7.800000000000011,-3.0,-3.0,0.0,1.0,0.0,1,1
103693,2023-24,2024-04-07 10:30:00+00:00,28,BAXI Manresa,Unicaja,10,14,82.2,79.0,0.8,91.8,75.6,0.8,-9.599999999999994,0.0,84.2,82.1,0.7,88.5,76.7,0.8,-4.299999999999997,-0.10000000000000009,0.29381999999999997,0.5096200000000001,37.0,16.0,79.0,0.40114,0.5952599999999999,30.6,21.4,105.0,-26.0,3.0,3.0,4.0,7.0,0.5714285714285714,1,0
103694,2023-24,2024-04-07 11:00:00+00:00,28,Lenovo Tenerife,Bàsquet Girona,28,591,85.6,77.8,0.8,81.2,88.2,0.4,4.3999999999999915,0.4,88.1,80.9,0.8,79.0,86.6,0.3,9.099999999999994,0.5,0.33287999999999995,0.62374,31.4,18.2,98.4,0.35168,0.5143800000000001,32.0,14.4,81.8,16.60000000000001,3.0,-1.0,3.0,3.0,1.0,1,1
103695,2023-24,2024-04-07 15:00:00+00:00,28,MoraBanc Andorra,Coviran Granada,22,592,75.4,84.8,0.2,81.2,89.0,0.4,-5.799999999999997,-0.2,81.7,85.4,0.3,77.6,87.8,0.3,4.1000000000000085,0.0,0.28966,0.45548,32.6,16.2,72.6,0.3065,0.57512,32.8,16.8,82.0,-9.400000000000006,-3.0,-1.0,0.0,1.0,0.0,1,1
103711,2023-24,2024-04-07 15:00:00+00:00,28,Valencia Basket,Baskonia,13,3,90.0,84.2,0.6,93.8,91.6,0.6,-3.799999999999997,0.0,84.3,82.8,0.6,91.2,89.0,0.6,-6.900000000000006,0.0,0.4546,0.56724,31.2,21.2,102.8,0.39930000000000004,0.63938,28.2,19.8,102.2,0.5999999999999943,1.0,1.0,2.0,7.0,0.2857142857142857,1,1
103710,2023-24,2024-04-07 16:30:00+00:00,28,Barça,Real Madrid,2,9,94.4,83.6,0.6,82.8,78.0,0.8,11.600000000000009,-0.20000000000000007,91.4,80.9,0.7,81.9,79.5,0.7,9.5,0.0,0.39089999999999997,0.6076,33.0,20.6,110.8,0.29242,0.6033200000000001,37.2,21.2,102.2,8.599999999999994,1.0,3.0,5.0,7.0,0.7142857142857143,1,1
103708,2023-24,2024-04-13 16:00:00+00:00,29,Monbus Obradoiro,BAXI Manresa,57,10,80.4,90.0,0.2,81.0,79.0,0.8,-0.5999999999999943,-0.6000000000000001,79.4,88.5,0.1,83.7,81.9,0.7,-4.299999999999997,-0.6,0.33578,0.57744,28.8,19.4,85.6,0.30096,0.50644,37.6,15.2,79.2,6.3999999999999915,-3.0,3.0,4.0,7.0,0.5714285714285714,1,0
103709,2023-24,2024-04-13 16:00:00+00:00,29,UCAM Murcia,Zunder Palencia,12,624,87.6,79.6,0.8,76.8,84.2,0.2,10.799999999999997,0.6000000000000001,86.6,80.1,0.7,81.8,87.6,0.2,4.799999999999997,0.49999999999999994,0.36324,0.5726199999999999,33.4,16.6,96.0,0.33078,0.49932,30.2,15.0,74.2,21.799999999999997,3.0,-3.0,1.0,1.0,1.0,1,1
103707,2023-24,2024-04-13 18:45:00+00:00,29,Lenovo Tenerife,Surne Bilbao Basket,28,4,82.6,73.2,0.8,82.8,75.4,0.8,-0.20000000000000284,0.0,87.5,78.6,0.9,83.3,83.0,0.6,4.200000000000003,0.30000000000000004,0.31079999999999997,0.62048,32.2,17.2,93.8,0.40152,0.54128,32.2,19.2,93.4,0.3999999999999915,3.0,3.0,6.0,7.0,0.8571428571428571,1,1
103706,2023-24,2024-04-13 19:00:00+00:00,29,Unicaja,Casademont Zaragoza,14,16,89.2,74.2,0.8,92.0,94.6,0.4,-2.799999999999997,0.4,89.3,76.7,0.8,84.9,92.0,0.3,4.3999999999999915,0.5,0.38358000000000003,0.56206,31.0,21.2,101.8,0.33882,0.64752,30.6,20.6,101.4,0.3999999999999915,3.0,-1.0,4.0,7.0,0.5714285714285714,1,1
103705,2023-24,2024-04-14 10:30:00+00:00,29,Baskonia,Río Breogán,3,25,98.0,94.2,0.6,73.2,77.8,0.4,24.799999999999997,0.19999999999999996,92.3,91.9,0.5,73.1,76.8,0.3,19.200000000000003,0.2,0.40698,0.64738,28.4,20.0,107.6,0.30782,0.48972,31.8,16.0,74.2,33.39999999999999,1.0,-1.0,4.0,5.0,0.8,1,1
103702,2023-24,2024-04-14 15:00:00+00:00,29,Bàsquet Girona,Barça,591,2,77.6,87.6,0.2,89.6,85.8,0.6,-12.0,-0.39999999999999997,76.6,85.4,0.3,91.6,80.8,0.7,-15.0,-0.39999999999999997,0.36,0.49560000000000004,32.0,14.8,80.0,0.36634,0.5687200000000001,32.8,19.8,102.0,-22.0,-3.0,1.0,0.0,3.0,0.0,1,0
103712,2023-24,2024-04-14 16:00:00+00:00,29,Dreamland Gran Canaria,MoraBanc Andorra,5,22,84.8,81.6,0.4,79.0,79.4,0.4,5.799999999999997,0.0,85.2,79.9,0.6,81.8,83.8,0.3,3.4000000000000057,0.3,0.31092000000000003,0.52226,32.0,16.8,89.2,0.2701,0.51408,34.4,17.0,84.4,4.799999999999997,-1.0,-1.0,2.0,5.0,0.4,1,1
103704,2023-24,2024-04-14 16:30:00+00:00,29,Coviran Granada,Valencia Basket,592,13,77.0,88.8,0.4,90.0,85.8,0.6,-13.0,-0.19999999999999996,76.1,89.2,0.2,86.6,84.9,0.6,-10.5,-0.39999999999999997,0.31666,0.5360799999999999,31.2,16.0,73.6,0.43396,0.5498999999999999,31.2,18.8,98.2,-24.60000000000001,-1.0,1.0,1.0,3.0,0.3333333333333333,1,0
103701,2023-24,2024-04-14 16:30:00+00:00,29,Real Madrid,Joventut Badalona,9,8,80.8,81.0,0.6,77.0,87.2,0.0,3.799999999999997,0.6,83.7,80.7,0.7,80.4,82.1,0.5,3.299999999999997,0.19999999999999996,0.30162,0.54736,35.8,20.6,96.2,0.22096,0.49763999999999997,35.0,12.0,68.8,27.400000000000006,1.0,-5.0,7.0,7.0,1.0,1,1
103699,2023-24,2024-04-20 16:00:00+00:00,30,Río Breogán,Dreamland Gran Canaria,25,5,75.0,77.8,0.4,82.0,83.0,0.4,-7.0,0.0,71.2,76.9,0.2,85.8,81.1,0.6,-14.599999999999994,-0.39999999999999997,0.31936,0.50696,31.8,17.2,77.6,0.29092,0.53956,30.2,14.4,81.6,-4.0,-1.0,-1.0,2.0,5.0,0.4,1,0
103700,2023-24,2024-04-20 16:00:00+00:00,30,BAXI Manresa,MoraBanc Andorra,10,22,83.2,80.0,0.8,83.4,83.4,0.4,-0.20000000000000284,0.4,83.6,81.7,0.7,81.5,82.7,0.3,2.0999999999999943,0.39999999999999997,0.32476,0.48212,36.6,15.4,80.4,0.31402,0.5618000000000001,32.2,17.0,88.6,-8.199999999999989,3.0,-1.0,3.0,5.0,0.6,1,0
103698,2023-24,2024-04-20 18:45:00+00:00,30,Zunder Palencia,Coviran Granada,624,592,76.8,88.2,0.0,75.8,90.6,0.2,1.0,-0.2,80.7,87.1,0.2,78.1,88.6,0.2,2.6000000000000085,0.0,0.33192,0.50144,27.2,16.6,73.8,0.2902,0.54558,30.2,15.2,71.2,2.5999999999999943,-5.0,-3.0,0.0,1.0,0.0,1,0
103697,2023-24,2024-04-20 18:45:00+00:00,30,Barça,UCAM Murcia,2,12,86.6,80.2,0.8,89.4,80.4,0.8,-2.8000000000000114,0.0,90.3,82.2,0.7,87.6,78.7,0.8,2.700000000000003,-0.10000000000000009,0.35724,0.5312800000000001,33.8,18.6,97.2,0.34744,0.61056,33.0,17.4,98.8,-1.5999999999999943,3.0,3.0,5.0,7.0,0.7142857142857143,1,1
103676,2023-24,2024-04-21 10:30:00+00:00,30,Casademont Zaragoza,Real Madrid,16,9,89.4,89.0,0.4,83.8,83.8,0.6,5.6000000000000085,-0.19999999999999996,84.6,91.8,0.3,83.7,81.9,0.7,0.8999999999999915,-0.39999999999999997,0.32216,0.62226,30.6,20.0,97.2,0.33458,0.5394,35.6,20.4,99.6,-2.3999999999999915,-1.0,1.0,1.0,7.0,0.14285714285714285,1,0
103696,2023-24,2024-04-21 10:30:00+00:00,30,Joventut Badalona,Bàsquet Girona,8,591,79.2,89.6,0.0,78.0,87.6,0.2,1.2000000000000028,-0.2,81.1,83.5,0.4,76.6,84.2,0.3,4.5,0.10000000000000003,0.2743,0.48954000000000003,34.4,14.2,73.4,0.31930000000000003,0.5316000000000001,31.4,14.6,81.2,-7.799999999999997,-5.0,-3.0,2.0,3.0,0.6666666666666666,1,1
103675,2023-24,2024-04-21 15:00:00+00:00,30,Surne Bilbao Basket,Monbus Obradoiro,4,57,83.8,78.2,0.8,82.6,89.4,0.2,1.2000000000000028,0.6000000000000001,83.7,83.6,0.6,79.4,88.2,0.1,4.299999999999997,0.5,0.40228,0.5625,32.6,19.4,92.0,0.3536,0.57462,29.6,18.8,87.0,5.0,3.0,-3.0,4.0,7.0,0.5714285714285714,1,0
103674,2023-24,2024-04-21 15:00:00+00:00,30,Valencia Basket,Lenovo Tenerife,13,28,88.2,87.0,0.6,87.2,74.0,1.0,1.0,-0.4,86.9,85.5,0.6,87.9,78.4,0.9,-1.0,-0.30000000000000004,0.42162,0.5418200000000001,31.8,17.8,94.6,0.38961999999999997,0.62432,29.0,20.6,105.4,-10.800000000000011,1.0,5.0,4.0,7.0,0.5714285714285714,1,1
103655,2023-24,2024-04-21 16:30:00+00:00,30,Unicaja,Baskonia,14,3,90.6,75.6,0.8,92.6,89.8,0.6,-2.0,0.20000000000000007,89.5,75.4,0.9,89.1,89.8,0.5,0.4000000000000057,0.4,0.37668,0.59254,32.0,21.6,104.0,0.39486000000000004,0.61386,28.4,18.4,100.6,3.4000000000000057,3.0,1.0,2.0,7.0,0.2857142857142857,1,1
103652,2023-24,2024-04-27 16:00:00+00:00,31,Coviran Granada,Río Breogán,592,25,76.4,86.4,0.4,71.4,76.2,0.2,5.0,0.2,81.1,88.9,0.3,71.4,76.3,0.2,9.699999999999989,0.09999999999999998,0.31178,0.54482,29.6,15.2,72.6,0.2782,0.49776,31.6,15.6,68.6,4.0,-1.0,-3.0,1.0,3.0,0.3333333333333333,1,0
103651,2023-24,2024-04-27 18:45:00+00:00,31,Bàsquet Girona,Surne Bilbao Basket,591,4,77.6,89.2,0.0,79.8,79.0,0.6,-2.200000000000003,-0.6,77.6,87.7,0.2,82.3,82.8,0.5,-4.700000000000003,-0.3,0.31727999999999995,0.5066600000000001,32.8,15.2,78.0,0.36674,0.5499400000000001,31.8,17.0,85.8,-7.799999999999997,-5.0,1.0,1.0,3.0,0.3333333333333333,1,1
103650,2023-24,2024-04-27 18:45:00+00:00,31,Dreamland Gran Canaria,Joventut Badalona,5,8,83.2,81.4,0.6,84.2,89.2,0.2,-1.0,0.39999999999999997,83.5,80.4,0.6,82.1,84.6,0.4,1.4000000000000057,0.19999999999999996,0.29924,0.5592,31.8,14.4,83.4,0.3054,0.52576,33.0,14.8,83.4,0.0,1.0,-3.0,5.0,7.0,0.7142857142857143,1,1
103653,2023-24,2024-04-27 18:45:00+00:00,31,Zunder Palencia,Baskonia,624,3,74.2,85.8,0.0,90.0,91.2,0.4,-15.799999999999997,-0.4,79.6,86.0,0.2,89.3,91.4,0.4,-9.700000000000003,-0.2,0.29114,0.5314399999999999,27.6,16.2,72.0,0.38292000000000004,0.6008600000000001,29.4,18.4,95.6,-23.599999999999994,-5.0,-1.0,0.0,1.0,0.0,1,0
103649,2023-24,2024-04-28 10:30:00+00:00,31,Real Madrid,Monbus Obradoiro,9,57,82.2,81.6,0.6,81.4,85.0,0.4,0.7999999999999972,0.19999999999999996,83.9,78.9,0.8,79.0,86.5,0.2,4.900000000000006,0.6000000000000001,0.32118,0.5204000000000001,35.2,19.6,97.4,0.34286000000000005,0.5541,32.8,17.2,86.0,11.400000000000006,1.0,-1.0,7.0,7.0,1.0,1,1
103646,2023-24,2024-04-28 15:00:00+00:00,31,BAXI Manresa,Valencia Basket,10,13,85.6,85.2,0.6,90.2,83.2,0.8,-4.6000000000000085,-0.20000000000000007,84.3,84.6,0.6,90.4,84.5,0.7,-6.1000000000000085,-0.09999999999999998,0.30334,0.50082,35.0,15.4,81.2,0.41962,0.57082,32.2,19.0,101.2,-20.0,1.0,3.0,1.0,7.0,0.14285714285714285,1,1
103645,2023-24,2024-04-28 16:30:00+00:00,31,MoraBanc Andorra,Barça,22,2,89.6,85.6,0.6,89.0,79.8,1.0,0.5999999999999943,-0.4,83.3,83.1,0.4,89.8,81.4,0.7,-6.5,-0.29999999999999993,0.3403,0.61616,32.6,17.0,95.6,0.36391999999999997,0.51944,34.6,18.8,100.2,-4.6000000000000085,1.0,5.0,0.0,5.0,0.0,1,1
103647,2023-24,2024-05-01 16:00:00+00:00,31,UCAM Murcia,Casademont Zaragoza,12,16,87.8,83.6,0.6,82.8,85.6,0.2,5.0,0.39999999999999997,88.9,80.9,0.8,83.3,91.1,0.3,5.6000000000000085,0.5,0.33458,0.5627000000000001,32.2,15.6,92.0,0.29660000000000003,0.5690200000000001,30.6,18.4,84.2,7.799999999999997,1.0,-3.0,3.0,7.0,0.42857142857142855,1,1
103648,2023-24,2024-05-01 18:45:00+00:00,31,Lenovo Tenerife,Unicaja,28,14,86.0,80.4,0.8,93.4,76.4,1.0,-7.400000000000006,-0.19999999999999996,87.7,80.9,0.8,90.7,78.2,0.9,-3.0,-0.09999999999999998,0.3819199999999999,0.60558,26.8,20.4,99.8,0.36872,0.60824,34.4,21.2,109.2,-9.400000000000006,3.0,5.0,5.0,7.0,0.7142857142857143,1,1
103644,2023-24,2024-05-04 16:00:00+00:00,32,Surne Bilbao Basket,Zunder Palencia,4,624,77.0,79.2,0.4,77.4,88.8,0.0,-0.4000000000000057,0.4,81.5,81.3,0.5,81.3,87.2,0.2,0.20000000000000284,0.3,0.33999999999999997,0.5413600000000001,32.0,16.6,82.2,0.28362,0.55302,29.2,18.4,80.2,2.0,-1.0,-5.0,0.0,1.0,0.0,1,0
103642,2023-24,2024-05-04 18:45:00+00:00,32,Monbus Obradoiro,MoraBanc Andorra,57,22,78.6,86.4,0.2,94.2,88.0,0.6,-15.600000000000009,-0.39999999999999997,78.7,86.3,0.2,85.5,83.1,0.5,-6.799999999999997,-0.3,0.31282,0.5369200000000001,32.4,14.4,75.4,0.37632000000000004,0.6454199999999999,30.4,17.6,100.8,-25.39999999999999,-3.0,1.0,2.0,5.0,0.4,1,1
103673,2023-24,2024-05-04 18:45:00+00:00,32,Valencia Basket,Joventut Badalona,13,8,92.8,86.4,0.6,85.0,90.0,0.2,7.799999999999997,0.39999999999999997,92.1,86.7,0.6,81.1,86.6,0.3,11.0,0.3,0.39296000000000003,0.5941,34.0,18.6,101.8,0.31377999999999995,0.54168,31.6,17.4,84.6,17.200000000000003,1.0,-3.0,3.0,7.0,0.42857142857142855,1,1
103643,2023-24,2024-05-05 10:30:00+00:00,32,Casademont Zaragoza,BAXI Manresa,16,10,82.2,85.0,0.2,88.4,87.8,0.6,-6.200000000000003,-0.39999999999999997,84.7,93.2,0.2,84.7,84.9,0.6,0.0,-0.39999999999999997,0.29232,0.5660399999999999,31.6,18.0,84.0,0.30038,0.52868,35.2,16.8,87.2,-3.200000000000003,-3.0,1.0,3.0,7.0,0.42857142857142855,1,1
103639,2023-24,2024-05-05 10:30:00+00:00,32,Real Madrid,Coviran Granada,9,592,80.8,79.8,0.6,80.8,85.4,0.4,0.0,0.19999999999999996,82.6,77.9,0.8,80.2,88.0,0.3,2.3999999999999915,0.5,0.31888,0.50788,35.6,18.4,93.8,0.32843999999999995,0.5516,28.6,16.8,79.0,14.799999999999997,1.0,-1.0,3.0,3.0,1.0,1,1
103640,2023-24,2024-05-05 15:00:00+00:00,32,Baskonia,Bàsquet Girona,3,591,94.2,93.6,0.6,77.2,86.0,0.2,17.0,0.39999999999999997,91.6,91.3,0.5,77.8,85.3,0.3,13.799999999999997,0.2,0.43010000000000004,0.58548,29.8,19.6,99.4,0.31122,0.47502000000000005,33.6,15.2,77.2,22.200000000000003,1.0,-3.0,3.0,3.0,1.0,1,0
103656,2023-24,2024-05-05 15:00:00+00:00,32,Río Breogán,Lenovo Tenerife,25,28,74.0,76.4,0.4,84.8,79.2,0.8,-10.799999999999997,-0.4,73.8,78.4,0.3,86.9,81.7,0.8,-13.100000000000009,-0.5,0.28154,0.52816,32.0,15.4,74.4,0.39303999999999994,0.5892,28.4,21.0,99.6,-25.19999999999999,-1.0,3.0,1.0,5.0,0.2,1,1
103654,2023-24,2024-05-05 15:00:00+00:00,32,Barça,Dreamland Gran Canaria,2,5,88.8,86.4,0.8,84.2,78.6,0.8,4.599999999999994,0.0,91.4,84.3,0.7,85.1,81.1,0.6,6.300000000000011,0.09999999999999998,0.37366,0.5394400000000001,32.4,19.2,97.2,0.3143,0.5612,33.8,14.4,88.6,8.600000000000009,3.0,3.0,6.0,7.0,0.8571428571428571,1,1
103641,2023-24,2024-05-05 16:30:00+00:00,32,Unicaja,UCAM Murcia,14,12,92.6,81.4,0.8,87.8,82.4,0.8,4.799999999999997,0.0,90.1,78.3,0.8,87.5,81.0,0.8,2.5999999999999943,0.0,0.35053999999999996,0.62478,31.6,20.2,105.6,0.33108,0.5909,31.4,16.2,94.4,11.199999999999989,3.0,3.0,4.0,7.0,0.5714285714285714,1,1
103657,2023-24,2024-05-09 17:00:00+00:00,33,Zunder Palencia,Monbus Obradoiro,624,57,83.2,87.0,0.2,82.0,86.4,0.4,1.2000000000000028,-0.2,82.8,89.4,0.2,81.0,86.2,0.3,1.7999999999999972,-0.09999999999999998,0.33361999999999997,0.57036,29.8,19.2,87.8,0.33464,0.5103,34.0,14.0,83.6,4.200000000000003,-3.0,-1.0,0.0,1.0,0.0,1,0
103672,2023-24,2024-05-09 18:00:00+00:00,33,BAXI Manresa,Surne Bilbao Basket,10,4,87.8,91.4,0.4,77.0,85.0,0.2,10.799999999999997,0.2,85.0,85.2,0.6,80.2,83.2,0.4,4.799999999999997,0.19999999999999996,0.30038,0.5201,32.6,17.4,82.2,0.29384,0.5523999999999999,33.0,15.6,80.0,2.200000000000003,-1.0,-3.0,3.0,7.0,0.42857142857142855,1,1
103670,2023-24,2024-05-09 19:30:00+00:00,33,Joventut Badalona,Lenovo Tenerife,8,28,83.6,89.4,0.2,77.8,80.8,0.6,5.799999999999997,-0.39999999999999997,80.6,87.1,0.2,81.7,79.3,0.7,-1.1000000000000085,-0.49999999999999994,0.32872,0.49601999999999996,33.2,16.4,81.6,0.34303999999999996,0.55906,28.0,17.4,86.0,-4.400000000000006,-3.0,1.0,3.0,7.0,0.42857142857142855,1,1
103669,2023-24,2024-05-10 16:15:00+00:00,33,Baskonia,UCAM Murcia,3,12,92.2,94.0,0.4,82.2,84.4,0.6,10.0,-0.19999999999999996,93.0,92.8,0.5,85.5,82.8,0.7,7.5,-0.19999999999999996,0.40946,0.58228,29.6,18.4,94.6,0.29608,0.583,31.6,17.0,85.6,9.0,-1.0,1.0,3.0,7.0,0.42857142857142855,1,1
103671,2023-24,2024-05-10 17:00:00+00:00,33,Barça,Unicaja,2,14,90.0,87.4,0.8,89.6,79.6,0.8,0.4000000000000057,0.0,92.2,85.5,0.7,90.7,77.6,0.8,1.5,-0.10000000000000009,0.37306,0.55764,33.4,19.2,97.4,0.29497999999999996,0.61388,32.4,19.2,101.0,-3.5999999999999943,3.0,3.0,5.0,7.0,0.7142857142857143,1,0
103668,2023-24,2024-05-10 18:00:00+00:00,33,Río Breogán,MoraBanc Andorra,25,22,75.6,71.2,0.6,94.8,88.4,0.6,-19.200000000000003,0.0,74.1,75.8,0.4,85.1,86.6,0.4,-11.0,0.0,0.32564000000000004,0.5501400000000001,32.4,15.0,78.0,0.3693,0.6635199999999999,29.6,16.8,100.6,-22.599999999999994,1.0,1.0,3.0,3.0,1.0,1,1
103667,2023-24,2024-05-10 18:30:00+00:00,33,Casademont Zaragoza,Coviran Granada,16,592,81.4,80.6,0.4,79.6,87.6,0.2,1.8000000000000114,0.2,83.7,90.6,0.3,80.4,88.3,0.3,3.299999999999997,0.0,0.35778,0.5192,33.6,16.6,84.6,0.34293999999999997,0.50972,27.6,18.2,77.4,7.199999999999989,-1.0,-3.0,1.0,3.0,0.3333333333333333,1,0
103666,2023-24,2024-05-10 19:00:00+00:00,33,Valencia Basket,Real Madrid,13,9,95.2,85.8,0.8,85.2,79.2,0.8,10.0,0.0,92.6,85.0,0.7,84.0,78.6,0.8,8.599999999999994,-0.10000000000000009,0.36128,0.60694,34.4,19.6,107.0,0.3795,0.55074,33.8,19.2,102.2,4.799999999999997,3.0,3.0,2.0,7.0,0.2857142857142857,1,1
103665,2023-24,2024-05-10 19:30:00+00:00,33,Dreamland Gran Canaria,Bàsquet Girona,5,591,86.2,83.4,0.6,80.4,82.2,0.4,5.799999999999997,0.19999999999999996,88.2,82.4,0.6,80.8,85.2,0.4,7.400000000000006,0.19999999999999996,0.34248,0.5488999999999999,33.4,15.8,91.4,0.35532,0.46304,34.0,16.8,83.4,8.0,1.0,-1.0,2.0,3.0,0.6666666666666666,1,0
103867,2023-24,2024-05-12 16:30:00+00:00,34,Unicaja,Zunder Palencia,14,624,90.4,82.4,0.8,85.2,88.6,0.2,5.200000000000003,0.6000000000000001,89.8,78.3,0.8,81.0,86.4,0.2,8.799999999999997,0.6000000000000001,0.28318,0.62714,33.6,20.4,102.2,0.3498200000000001,0.56412,29.4,19.0,87.2,15.0,3.0,-3.0,1.0,1.0,1.0,1,1
103790,2023-24,2024-05-12 16:30:00+00:00,34,UCAM Murcia,Río Breogán,12,25,81.6,88.2,0.4,80.4,76.6,0.6,1.1999999999999886,-0.19999999999999996,84.6,83.9,0.6,76.8,77.2,0.5,7.799999999999997,0.09999999999999998,0.3056,0.58014,29.0,17.6,82.4,0.37964000000000003,0.56142,30.4,16.0,84.4,-2.0,-1.0,1.0,3.0,5.0,0.6,1,1
103661,2023-24,2024-05-12 16:30:00+00:00,34,Surne Bilbao Basket,Barça,4,2,77.0,88.8,0.0,91.2,90.0,0.6,-14.200000000000003,-0.6,79.9,82.1,0.4,90.4,87.9,0.6,-10.5,-0.19999999999999996,0.29042,0.5555399999999999,30.2,15.0,76.0,0.40582,0.55764,31.8,19.0,99.6,-23.599999999999994,-5.0,1.0,1.0,7.0,0.14285714285714285,1,0
103660,2023-24,2024-05-12 16:30:00+00:00,34,Monbus Obradoiro,Joventut Badalona,57,8,82.4,81.8,0.6,87.8,90.6,0.4,-5.3999999999999915,0.19999999999999996,81.4,85.9,0.4,82.4,88.9,0.2,-1.0,0.2,0.34434,0.47364000000000006,37.8,13.0,87.2,0.37123999999999996,0.53018,33.0,18.6,91.6,-4.3999999999999915,1.0,-1.0,2.0,7.0,0.2857142857142857,1,1
103659,2023-24,2024-05-12 16:30:00+00:00,34,Real Madrid,Baskonia,9,3,88.0,82.0,0.8,90.8,87.6,0.6,-2.799999999999997,0.20000000000000007,84.4,81.5,0.7,94.4,90.9,0.6,-10.0,0.09999999999999998,0.36517999999999995,0.57406,33.6,18.8,105.8,0.4206,0.56398,31.8,19.6,98.4,7.3999999999999915,3.0,1.0,4.0,7.0,0.5714285714285714,1,1
103663,2023-24,2024-05-12 16:30:00+00:00,34,Bàsquet Girona,Casademont Zaragoza,591,16,85.6,83.0,0.6,77.2,81.6,0.2,8.399999999999991,0.39999999999999997,81.6,85.3,0.4,84.6,88.1,0.3,-3.0,0.10000000000000003,0.347,0.52272,33.8,17.6,89.4,0.33541999999999994,0.5077,34.8,14.2,77.8,11.600000000000009,1.0,-3.0,2.0,3.0,0.6666666666666666,1,0
103662,2023-24,2024-05-12 16:30:00+00:00,34,MoraBanc Andorra,Valencia Basket,22,13,95.6,95.4,0.4,92.8,84.2,0.8,2.799999999999997,-0.4,87.3,87.4,0.4,91.4,85.0,0.7,-4.1000000000000085,-0.29999999999999993,0.40312000000000003,0.6119999999999999,28.6,17.4,98.4,0.41952,0.5700000000000001,34.8,20.2,101.6,-3.1999999999999886,-1.0,3.0,1.0,5.0,0.2,1,1
103658,2023-24,2024-05-12 16:30:00+00:00,34,Coviran Granada,Dreamland Gran Canaria,592,5,84.0,85.4,0.4,87.6,84.4,0.6,-3.5999999999999943,-0.19999999999999996,80.5,87.1,0.4,86.2,83.0,0.5,-5.700000000000003,-0.09999999999999998,0.33055999999999996,0.52178,29.2,19.0,83.6,0.35703999999999997,0.54854,32.6,17.0,94.0,-10.400000000000006,-1.0,1.0,1.0,3.0,0.3333333333333333,1,1
103664,2023-24,2024-05-12 16:30:00+00:00,34,Lenovo Tenerife,BAXI Manresa,28,10,80.6,88.0,0.4,90.4,90.0,0.6,-9.800000000000011,-0.19999999999999996,81.6,80.6,0.6,85.7,84.5,0.7,-4.1000000000000085,-0.09999999999999998,0.36971999999999994,0.54952,29.2,18.6,88.2,0.29555999999999993,0.5411400000000001,33.8,19.2,88.8,-0.5999999999999943,-1.0,1.0,6.0,7.0,0.8571428571428571,1,1
104053,2024-25,2024-09-28 16:00:00+00:00,1,Unicaja,Bàsquet Girona,14,591,92.4,81.8,0.8,86.4,84.6,0.6,6.0,0.20000000000000007,91.5,78.7,0.8,82.2,86.1,0.4,9.299999999999997,0.4,0.32416,0.5974999999999999,33.4,21.8,107.0,0.37482000000000004,0.5038,33.8,18.6,91.6,15.400000000000006,3.0,1.0,4.0,4.0,1.0,1,1
104052,2024-25,2024-09-28 16:00:00+00:00,1,Joventut Badalona,UCAM Murcia,8,12,83.6,91.0,0.4,77.2,85.0,0.4,6.3999999999999915,0.0,81.4,90.3,0.2,83.3,82.7,0.6,-1.8999999999999915,-0.39999999999999997,0.32976,0.53542,33.4,18.2,86.2,0.32182000000000005,0.5297,28.0,16.4,74.0,12.200000000000003,-1.0,-1.0,5.0,8.0,0.625,1,1
104055,2024-25,2024-09-28 18:45:00+00:00,1,BAXI Manresa,Valencia Basket,10,13,87.6,89.6,0.4,89.4,87.8,0.6,-1.8000000000000114,-0.19999999999999996,85.4,84.8,0.6,88.8,87.4,0.6,-3.3999999999999915,0.0,0.30582,0.5366,36.4,19.6,85.8,0.41674000000000005,0.52834,33.4,20.4,94.8,-9.0,-1.0,1.0,2.0,8.0,0.25,1,1
104054,2024-25,2024-09-28 18:45:00+00:00,1,MoraBanc Andorra,Dreamland Gran Canaria,22,5,97.0,90.2,0.6,81.6,80.8,0.4,15.400000000000006,0.19999999999999996,90.2,86.8,0.5,81.8,81.9,0.4,8.400000000000006,0.09999999999999998,0.43254000000000004,0.6058199999999999,29.6,18.2,103.8,0.3399,0.51886,32.6,16.0,85.2,18.599999999999994,1.0,-1.0,3.0,6.0,0.5,1,0
104058,2024-25,2024-09-29 10:30:00+00:00,1,Casademont Zaragoza,Hiopos Lleida,16,658,80.6,80.8,0.4,,,,,,85.0,84.9,0.4,,,,,,0.35136,0.51246,35.4,15.6,85.2,,,,,,,-1.0,,0.0,0.0,0.5,1,1
104056,2024-25,2024-09-29 10:30:00+00:00,1,Barça,Coviran Granada,2,592,89.4,88.6,0.6,82.6,81.2,0.6,6.800000000000011,0.0,88.0,84.4,0.7,79.2,85.9,0.4,8.799999999999997,0.29999999999999993,0.39744,0.56264,31.0,19.8,96.8,0.33568,0.50614,31.0,17.2,82.8,14.0,1.0,1.0,4.0,4.0,1.0,1,1
104057,2024-25,2024-09-29 11:00:00+00:00,1,La Laguna Tenerife,Baskonia,28,3,77.2,87.2,0.4,95.6,94.0,0.4,-18.39999999999999,0.0,82.2,80.6,0.7,94.1,91.9,0.5,-11.899999999999991,0.19999999999999996,0.30972,0.55408,31.0,16.2,82.2,0.4441,0.56286,30.6,21.0,101.6,-19.39999999999999,-1.0,-1.0,4.0,8.0,0.5,1,1
104059,2024-25,2024-09-29 15:00:00+00:00,1,Surne Bilbao Basket,Río Breogán,4,25,73.8,83.0,0.0,77.8,75.0,0.6,-4.0,-0.6,78.8,80.6,0.4,76.4,76.4,0.5,2.3999999999999915,-0.09999999999999998,0.223,0.54242,32.2,12.4,71.6,0.37028,0.5441800000000001,29.8,14.6,78.2,-6.6000000000000085,-5.0,1.0,4.0,6.0,0.6666666666666666,1,1
104060,2024-25,2024-09-29 16:30:00+00:00,1,Leyma Coruña,Real Madrid,657,9,,,,90.2,83.6,0.8,,,,,,87.0,83.7,0.7,,,,,,,,0.38201999999999997,0.6185,32.6,19.4,110.6,,,3.0,0.0,0.0,0.5,1,1
104061,2024-25,2024-10-05 16:00:00+00:00,2,Baskonia,MoraBanc Andorra,3,22,93.4,92.6,0.4,91.8,90.4,0.4,1.6000000000000085,0.0,91.7,91.9,0.4,90.7,88.0,0.5,1.0,-0.09999999999999998,0.43254000000000004,0.53806,30.8,19.2,96.6,0.42585999999999996,0.5600799999999999,29.4,16.8,94.8,1.7999999999999972,-1.0,-1.0,5.0,6.0,0.8333333333333334,1,0
104064,2024-25,2024-10-05 18:45:00+00:00,2,Valencia Basket,Joventut Badalona,13,8,84.4,88.6,0.4,82.6,88.2,0.4,1.8000000000000114,0.0,87.3,85.9,0.6,83.4,88.7,0.3,3.8999999999999915,0.3,0.38544,0.48768,34.0,18.6,83.8,0.3679,0.51854,33.4,18.0,84.6,-0.7999999999999972,-1.0,-1.0,4.0,8.0,0.5,1,1
104063,2024-25,2024-10-05 18:45:00+00:00,2,UCAM Murcia,Surne Bilbao Basket,12,4,75.2,83.8,0.4,77.4,82.4,0.2,-2.200000000000003,0.2,81.5,83.7,0.5,78.6,80.7,0.4,2.9000000000000057,0.09999999999999998,0.30504,0.54202,27.0,16.4,72.4,0.22152000000000002,0.5567399999999999,32.8,13.2,78.4,-6.0,-1.0,-3.0,4.0,8.0,0.5,1,1
104065,2024-25,2024-10-06 10:30:00+00:00,2,Real Madrid,Casademont Zaragoza,9,16,91.4,86.8,0.6,86.8,83.2,0.6,4.6000000000000085,0.0,86.8,84.2,0.6,84.8,84.4,0.4,2.0,0.19999999999999996,0.39215999999999995,0.65154,30.6,19.0,110.8,0.37144,0.52898,37.0,17.0,96.0,14.799999999999997,1.0,1.0,7.0,8.0,0.875,1,1
104066,2024-25,2024-10-06 11:00:00+00:00,2,Dreamland Gran Canaria,Leyma Coruña,5,657,84.4,81.0,0.4,86.0,85.0,1.0,-1.5999999999999943,-0.6,83.8,81.2,0.5,86.0,85.0,1.0,-2.200000000000003,-0.5,0.37232000000000004,0.50678,31.2,17.4,91.0,0.4483,0.5135,31.0,21.0,82.0,9.0,-1.0,1.0,0.0,0.0,0.5,1,1
104068,2024-25,2024-10-06 13:00:00+00:00,2,Coviran Granada,Unicaja,592,14,77.4,82.8,0.4,91.4,78.2,0.8,-14.0,-0.4,76.9,84.6,0.4,92.4,77.3,0.9,-15.5,-0.5,0.3055,0.49589999999999995,31.6,15.2,72.0,0.34962,0.5879800000000001,31.6,22.6,105.8,-33.8,-1.0,3.0,0.0,4.0,0.0,1,0
104067,2024-25,2024-10-06 15:00:00+00:00,2,Bàsquet Girona,BAXI Manresa,591,10,83.0,83.4,0.6,85.0,84.8,0.6,-2.0,0.0,80.3,86.3,0.3,85.3,85.0,0.6,-5.0,-0.3,0.33355999999999997,0.52728,32.4,17.2,85.6,0.29581999999999997,0.5217400000000001,37.8,18.6,83.8,1.7999999999999972,1.0,1.0,0.0,4.0,0.0,1,1
104069,2024-25,2024-10-06 16:30:00+00:00,2,Hiopos Lleida,Barça,658,2,91.0,101.0,0.0,88.2,84.4,0.6,2.799999999999997,-0.6,91.0,101.0,0.0,88.6,82.1,0.8,2.4000000000000057,-0.8,0.3784,0.4211,36.0,22.0,90.0,0.37320000000000003,0.5868800000000001,30.6,19.0,99.0,-9.0,-1.0,1.0,0.0,0.0,0.5,1,0
104071,2024-25,2024-10-12 16:00:00+00:00,3,Unicaja,Hiopos Lleida,14,658,91.0,74.4,1.0,82.5,89.5,0.0,8.5,1.0,91.8,77.9,0.9,82.5,89.5,0.0,9.299999999999997,0.9,0.35568,0.5955199999999999,35.2,23.2,107.2,0.26495,0.46055,35.5,17.5,79.0,28.200000000000003,5.0,-2.0,0.0,0.0,0.5,1,1
104070,2024-25,2024-10-12 16:00:00+00:00,3,Baskonia,UCAM Murcia,3,12,91.4,92.8,0.2,76.6,85.0,0.4,14.800000000000011,-0.2,92.8,93.2,0.4,82.2,83.7,0.6,10.599999999999994,-0.19999999999999996,0.41594,0.54552,30.8,18.6,94.8,0.30616000000000004,0.49806,30.2,16.0,69.2,25.599999999999994,-3.0,-1.0,4.0,8.0,0.5,1,1
104073,2024-25,2024-10-12 18:45:00+00:00,3,Bàsquet Girona,Coviran Granada,591,592,83.6,85.8,0.6,74.2,82.6,0.4,9.399999999999991,0.19999999999999996,80.4,85.9,0.4,77.5,84.0,0.4,2.9000000000000057,0.0,0.33355999999999997,0.53704,33.6,17.4,86.6,0.30134,0.45018,30.0,15.2,68.4,18.19999999999999,1.0,-1.0,4.0,4.0,1.0,1,0
104072,2024-25,2024-10-12 18:45:00+00:00,3,MoraBanc Andorra,Leyma Coruña,22,657,89.2,90.2,0.4,79.0,82.5,0.5,10.200000000000003,-0.09999999999999998,91.7,89.1,0.5,79.0,82.5,0.5,12.700000000000003,0.0,0.38586,0.5385199999999999,31.2,16.4,91.2,0.33525,0.48175,34.5,19.5,78.5,12.700000000000003,-1.0,0.0,0.0,0.0,0.5,1,1
104075,2024-25,2024-10-13 10:30:00+00:00,3,BAXI Manresa,Dreamland Gran Canaria,10,5,81.4,82.4,0.4,81.0,79.6,0.4,0.4000000000000057,0.0,84.9,85.1,0.5,82.6,79.1,0.6,2.3000000000000114,-0.09999999999999998,0.2862,0.49189999999999995,37.6,17.8,79.0,0.34484000000000004,0.5280199999999999,29.4,17.4,86.2,-7.200000000000003,-1.0,-1.0,4.0,8.0,0.5,1,1
104074,2024-25,2024-10-13 10:30:00+00:00,3,Surne Bilbao Basket,Real Madrid,4,9,80.4,84.0,0.2,95.8,92.0,0.6,-15.399999999999991,-0.39999999999999997,78.7,81.6,0.3,88.3,85.9,0.6,-9.599999999999994,-0.3,0.22271999999999997,0.5853200000000001,32.4,13.8,82.6,0.39215999999999995,0.66636,30.8,19.6,117.4,-34.80000000000001,-3.0,1.0,1.0,8.0,0.125,1,1
104077,2024-25,2024-10-13 15:00:00+00:00,3,Casademont Zaragoza,Joventut Badalona,16,8,90.4,87.0,0.6,78.8,85.6,0.4,11.600000000000009,0.19999999999999996,86.3,86.0,0.4,81.9,87.8,0.3,4.3999999999999915,0.10000000000000003,0.39143999999999995,0.52684,35.2,18.4,98.2,0.36995999999999996,0.51512,32.4,16.6,80.2,18.0,1.0,-1.0,2.0,8.0,0.25,1,1
104076,2024-25,2024-10-13 15:00:00+00:00,3,Río Breogán,Valencia Basket,25,13,78.2,77.6,0.6,82.0,81.0,0.6,-3.799999999999997,0.0,74.8,76.9,0.4,87.4,83.7,0.6,-12.600000000000009,-0.19999999999999996,0.39636000000000005,0.52068,30.4,15.0,77.6,0.34544,0.46136,35.4,19.2,82.8,-5.200000000000003,1.0,1.0,3.0,6.0,0.5,1,0
104078,2024-25,2024-10-13 16:30:00+00:00,3,La Laguna Tenerife,Barça,28,2,80.2,83.6,0.6,85.4,77.6,0.8,-5.200000000000003,-0.20000000000000007,83.1,82.0,0.7,87.1,82.0,0.8,-4.0,-0.10000000000000009,0.33587999999999996,0.55048,32.0,16.2,89.0,0.35018000000000005,0.5683200000000002,33.2,17.8,96.8,-7.799999999999997,1.0,3.0,0.0,8.0,0.0,1,0
104079,2024-25,2024-10-19 16:00:00+00:00,4,Joventut Badalona,Río Breogán,8,25,82.6,88.2,0.4,76.2,78.2,0.4,6.3999999999999915,0.0,83.1,88.8,0.3,75.1,77.3,0.4,8.0,-0.10000000000000003,0.38872,0.55966,30.8,18.0,86.8,0.35468,0.5111600000000001,31.2,15.2,74.6,12.200000000000003,-1.0,-1.0,5.0,6.0,0.8333333333333334,1,0
104080,2024-25,2024-10-19 17:00:00+00:00,4,Leyma Coruña,Unicaja,657,14,81.66666666666667,92.33333333333333,0.3333333333333333,92.0,72.8,1.0,-10.333333333333329,-0.6666666666666667,81.66666666666667,92.33333333333333,0.3333333333333333,90.8,76.2,0.9,-9.133333333333326,-0.5666666666666667,0.35169999999999996,0.43226666666666663,33.666666666666664,20.0,78.33333333333333,0.40090000000000003,0.5999,35.0,24.8,111.8,-33.46666666666667,-1.0,5.0,0.0,0.0,0.5,1,0
104081,2024-25,2024-10-19 18:45:00+00:00,4,Dreamland Gran Canaria,Surne Bilbao Basket,5,4,74.8,76.4,0.4,81.0,80.4,0.4,-6.200000000000003,0.0,80.5,79.9,0.5,79.0,82.7,0.3,1.5,0.2,0.30628,0.51506,31.2,15.6,77.6,0.27964,0.55362,31.8,14.6,84.0,-6.400000000000006,-1.0,-1.0,5.0,8.0,0.625,1,1
104082,2024-25,2024-10-19 18:45:00+00:00,4,UCAM Murcia,Casademont Zaragoza,12,16,80.8,84.8,0.4,91.6,90.0,0.6,-10.799999999999997,-0.19999999999999996,81.5,84.6,0.5,86.5,85.3,0.5,-5.0,0.0,0.3266,0.49446,31.6,16.6,76.6,0.34478,0.53198,34.6,18.2,94.6,-18.0,-1.0,1.0,4.0,8.0,0.5,1,1
104083,2024-25,2024-10-20 10:30:00+00:00,4,Real Madrid,Bàsquet Girona,9,591,92.8,92.6,0.4,74.8,83.8,0.4,18.0,0.0,89.0,85.9,0.6,77.6,83.0,0.4,11.400000000000006,0.19999999999999996,0.38496,0.6047399999999999,31.8,18.4,108.6,0.28497999999999996,0.52626,31.6,15.0,71.4,37.19999999999999,-1.0,-1.0,4.0,4.0,1.0,1,1
104084,2024-25,2024-10-20 10:30:00+00:00,4,Hiopos Lleida,BAXI Manresa,658,10,76.0,93.33333333333333,0.0,81.2,76.0,0.6,-5.200000000000003,-0.6,76.0,93.33333333333333,0.0,84.5,83.7,0.5,-8.5,-0.5,0.2663666666666667,0.47876666666666673,32.0,15.333333333333334,67.0,0.28466,0.48469999999999996,39.6,16.8,84.4,-17.400000000000006,-3.0,1.0,0.0,0.0,0.5,1,1
104085,2024-25,2024-10-20 13:00:00+00:00,4,Coviran Granada,La Laguna Tenerife,592,28,74.6,74.2,0.6,81.0,85.4,0.4,-6.400000000000006,0.19999999999999996,77.1,80.9,0.4,82.9,82.3,0.6,-5.800000000000011,-0.19999999999999996,0.30779999999999996,0.44262000000000007,34.6,14.0,74.0,0.35304,0.52784,29.2,16.2,88.0,-14.0,1.0,-1.0,0.0,4.0,0.0,1,0
104086,2024-25,2024-10-20 15:00:00+00:00,4,Valencia Basket,MoraBanc Andorra,13,22,82.8,80.8,0.6,93.8,87.4,0.6,-11.0,0.0,89.0,83.3,0.7,94.3,87.9,0.6,-5.299999999999997,0.09999999999999998,0.38134000000000007,0.44508000000000003,36.2,19.8,82.6,0.4192,0.5493399999999999,32.4,17.4,101.0,-18.400000000000006,1.0,1.0,4.0,6.0,0.6666666666666666,1,1
104087,2024-25,2024-10-20 16:30:00+00:00,4,Barça,Baskonia,2,3,85.4,78.0,0.8,92.0,92.0,0.4,-6.599999999999994,0.4,87.7,82.7,0.8,92.1,93.0,0.4,-4.3999999999999915,0.4,0.38492,0.5797200000000001,30.6,19.0,98.4,0.43784,0.5347999999999999,32.2,18.2,98.2,0.20000000000000284,3.0,-1.0,5.0,8.0,0.625,1,0
104088,2024-25,2024-10-26 16:00:00+00:00,5,Bàsquet Girona,UCAM Murcia,591,12,71.0,87.2,0.2,82.6,80.8,0.6,-11.599999999999994,-0.39999999999999997,78.3,85.1,0.4,82.1,84.5,0.5,-3.799999999999997,-0.09999999999999998,0.29588000000000003,0.4628,30.4,13.8,62.0,0.3287,0.51024,33.4,16.6,82.0,-20.0,-3.0,1.0,2.0,4.0,0.5,1,0
104089,2024-25,2024-10-26 16:00:00+00:00,5,Baskonia,Joventut Badalona,3,8,91.8,94.0,0.4,77.4,85.8,0.2,14.399999999999991,0.2,91.3,90.8,0.5,82.6,88.2,0.3,8.700000000000003,0.2,0.41622000000000003,0.55096,30.2,17.4,94.6,0.36047999999999997,0.53344,31.2,16.2,77.6,17.0,-1.0,-3.0,2.0,8.0,0.25,1,0
104090,2024-25,2024-10-26 18:45:00+00:00,5,MoraBanc Andorra,Coviran Granada,22,592,93.0,85.8,0.6,72.8,76.0,0.4,20.200000000000003,0.19999999999999996,94.3,90.6,0.5,78.4,80.7,0.4,15.899999999999991,0.09999999999999998,0.42982,0.54988,32.2,17.0,101.0,0.33118,0.45548,31.6,13.8,72.2,28.799999999999997,1.0,-1.0,1.0,2.0,0.5,1,1
104091,2024-25,2024-10-26 18:45:00+00:00,5,Leyma Coruña,Casademont Zaragoza,657,16,82.0,91.75,0.25,91.0,90.8,0.6,-9.0,-0.35,82.0,91.75,0.25,84.1,86.2,0.4,-2.0999999999999943,-0.15000000000000002,0.350725,0.47805,34.0,22.25,84.0,0.33976,0.5454800000000001,33.2,16.6,90.4,-6.400000000000006,-2.0,1.0,0.0,0.0,0.5,1,1
104092,2024-25,2024-10-27 11:30:00+00:00,5,Real Madrid,BAXI Manresa,9,10,93.2,86.2,0.6,79.4,76.4,0.4,13.799999999999997,0.19999999999999996,90.6,84.1,0.7,84.9,83.2,0.5,5.699999999999989,0.19999999999999996,0.40763999999999995,0.6250399999999999,31.6,18.0,112.2,0.28076,0.47354,38.0,16.2,79.8,32.400000000000006,1.0,-1.0,6.0,8.0,0.75,1,1
104093,2024-25,2024-10-27 12:00:00+00:00,5,La Laguna Tenerife,Dreamland Gran Canaria,28,5,87.4,85.2,0.6,75.2,72.6,0.6,12.200000000000003,0.0,82.6,83.0,0.6,81.4,78.5,0.6,1.1999999999999886,0.0,0.38304,0.58012,28.0,17.0,97.2,0.30086,0.53854,32.8,15.2,81.2,16.0,1.0,1.0,7.0,8.0,0.875,1,1
104094,2024-25,2024-10-27 16:00:00+00:00,5,Surne Bilbao Basket,Valencia Basket,4,13,78.2,78.4,0.4,80.8,79.8,0.6,-2.5999999999999943,-0.19999999999999996,77.6,83.6,0.2,86.8,82.0,0.7,-9.200000000000003,-0.49999999999999994,0.28306,0.52938,33.8,14.4,81.8,0.30906,0.46602,37.6,19.0,81.6,0.20000000000000284,-1.0,1.0,4.0,8.0,0.5,1,0
104095,2024-25,2024-10-27 16:00:00+00:00,5,Río Breogán,Hiopos Lleida,25,658,76.2,81.4,0.4,77.75,90.25,0.25,-1.5499999999999972,0.15000000000000002,75.9,76.3,0.5,77.75,90.25,0.25,-1.8499999999999943,0.25,0.35302,0.4714600000000001,31.8,15.6,75.2,0.280125,0.4948,31.5,15.75,68.75,6.450000000000003,-1.0,-2.0,0.0,0.0,0.5,1,0
104096,2024-25,2024-10-27 17:30:00+00:00,5,Unicaja,Barça,14,2,91.6,71.2,1.0,85.0,78.2,0.8,6.599999999999994,0.19999999999999996,91.0,76.8,0.9,88.1,84.1,0.7,2.9000000000000057,0.20000000000000007,0.41364,0.59048,33.4,24.0,109.8,0.3754,0.58972,29.8,19.2,95.6,14.200000000000003,5.0,3.0,3.0,8.0,0.375,1,1
104097,2024-25,2024-11-02 17:00:00+00:00,6,Joventut Badalona,Bàsquet Girona,8,591,79.6,82.2,0.4,70.2,85.8,0.2,9.399999999999991,0.2,81.6,86.6,0.4,78.3,85.2,0.4,3.299999999999997,0.0,0.39044,0.5563,30.8,16.2,83.6,0.27715999999999996,0.44764,29.6,11.8,58.0,25.599999999999994,-1.0,-3.0,3.0,4.0,0.75,1,1
104100,2024-25,2024-11-02 18:45:00+00:00,6,Coviran Granada,Surne Bilbao Basket,592,4,72.2,80.0,0.2,84.2,84.6,0.4,-12.0,-0.2,77.4,80.6,0.4,79.0,83.8,0.2,-1.5999999999999943,0.2,0.30968,0.46749999999999997,30.4,15.4,67.8,0.35078,0.52654,31.8,16.8,90.4,-22.60000000000001,-3.0,-1.0,2.0,4.0,0.5,1,0
104098,2024-25,2024-11-02 19:45:00+00:00,6,Casademont Zaragoza,Río Breogán,16,25,90.4,97.0,0.4,72.2,79.2,0.2,18.200000000000003,0.2,85.5,88.9,0.4,76.3,77.9,0.4,9.200000000000003,0.0,0.34548,0.55304,31.4,17.0,86.0,0.34131999999999996,0.4547800000000001,32.4,15.2,70.0,16.0,-1.0,-3.0,4.0,6.0,0.6666666666666666,1,1
104099,2024-25,2024-11-02 19:45:00+00:00,6,BAXI Manresa,Unicaja,10,14,75.6,76.8,0.4,93.6,76.6,1.0,-18.0,-0.6,81.6,83.2,0.4,93.0,79.2,0.9,-11.400000000000006,-0.5,0.23718,0.46646,37.4,14.0,71.0,0.3666,0.62012,32.2,22.4,109.0,-38.0,-1.0,5.0,4.0,8.0,0.5,1,1
104103,2024-25,2024-11-03 11:30:00+00:00,6,Barça,Leyma Coruña,2,657,89.8,85.2,0.6,87.6,90.6,0.4,2.200000000000003,0.19999999999999996,89.6,86.9,0.6,87.6,90.6,0.4,2.0,0.19999999999999996,0.3959,0.62352,29.2,20.4,101.0,0.36946,0.51902,34.6,24.4,96.2,4.799999999999997,1.0,-1.0,0.0,0.0,0.5,1,1
104102,2024-25,2024-11-03 16:00:00+00:00,6,Hiopos Lleida,MoraBanc Andorra,658,22,78.4,87.6,0.4,90.6,85.8,0.6,-12.199999999999989,-0.19999999999999996,78.4,87.6,0.4,93.8,88.0,0.6,-15.399999999999991,-0.19999999999999996,0.30152,0.50552,31.2,17.0,72.2,0.38695999999999997,0.5532199999999999,31.4,17.2,98.2,-26.0,-1.0,1.0,0.0,0.0,0.5,1,1
104104,2024-25,2024-11-03 17:00:00+00:00,6,Dreamland Gran Canaria,Baskonia,5,3,76.6,74.6,0.6,87.6,89.2,0.4,-11.0,0.19999999999999996,79.1,77.7,0.5,91.6,91.6,0.4,-12.5,0.09999999999999998,0.31208,0.5654600000000001,32.2,14.6,83.4,0.41676,0.5370999999999999,31.0,16.4,93.2,-9.799999999999997,1.0,-1.0,5.0,8.0,0.625,1,1
104105,2024-25,2024-11-03 17:30:00+00:00,6,UCAM Murcia,Real Madrid,12,9,85.4,83.6,0.6,89.2,78.4,0.6,-3.799999999999997,0.0,81.3,84.3,0.5,89.7,81.0,0.7,-8.400000000000006,-0.19999999999999996,0.31854,0.54166,33.0,16.6,84.2,0.35848,0.59856,33.0,16.8,106.4,-22.200000000000003,1.0,1.0,1.0,8.0,0.125,1,0
104062,2024-25,2024-11-07 19:30:00+00:00,2,Río Breogán,La Laguna Tenerife,25,28,70.6,87.8,0.2,86.6,80.8,0.8,-16.0,-0.6000000000000001,74.2,81.4,0.4,83.6,84.4,0.6,-9.399999999999991,-0.19999999999999996,0.3255,0.43282,31.0,14.8,63.6,0.36272000000000004,0.5927999999999999,26.0,17.6,99.4,-35.800000000000004,-3.0,3.0,2.0,6.0,0.3333333333333333,1,0
104106,2024-25,2024-11-09 17:00:00+00:00,7,BAXI Manresa,Coviran Granada,10,592,82.0,76.0,0.4,73.6,78.6,0.2,8.400000000000006,0.2,83.5,80.4,0.5,75.5,80.7,0.3,8.0,0.2,0.29348,0.49992000000000003,36.6,16.8,83.2,0.30876000000000003,0.47374,28.6,16.4,71.6,11.600000000000009,-1.0,-3.0,4.0,4.0,1.0,1,1
104107,2024-25,2024-11-09 17:00:00+00:00,7,MoraBanc Andorra,UCAM Murcia,22,12,90.4,83.6,0.6,83.0,82.4,0.6,7.400000000000006,0.0,91.1,87.0,0.5,79.1,83.1,0.5,12.0,0.0,0.36029999999999995,0.5867399999999999,33.0,17.6,102.0,0.33088,0.5088799999999999,32.8,16.6,79.2,22.799999999999997,1.0,1.0,4.0,6.0,0.6666666666666666,1,0
104109,2024-25,2024-11-09 19:45:00+00:00,7,Joventut Badalona,Unicaja,8,14,78.0,80.6,0.4,89.4,83.8,0.8,-11.400000000000006,-0.4,80.3,84.4,0.4,90.4,81.0,0.8,-10.100000000000009,-0.4,0.34108,0.58274,31.0,17.2,82.0,0.3166,0.61222,30.6,20.4,98.2,-16.200000000000003,-1.0,3.0,5.0,8.0,0.625,1,0
104110,2024-25,2024-11-10 11:30:00+00:00,7,Bàsquet Girona,Surne Bilbao Basket,591,4,69.2,84.4,0.2,83.0,84.6,0.4,-13.799999999999997,-0.2,76.1,83.9,0.4,80.2,83.5,0.3,-4.1000000000000085,0.10000000000000003,0.29107999999999995,0.42864,28.2,12.0,57.6,0.36558,0.53056,30.4,16.8,87.0,-29.4,-3.0,-1.0,2.0,4.0,0.5,1,1
104111,2024-25,2024-11-10 11:30:00+00:00,7,Real Madrid,Dreamland Gran Canaria,9,5,89.2,74.0,0.8,76.8,77.6,0.6,12.400000000000006,0.20000000000000007,90.3,80.4,0.7,80.6,79.3,0.5,9.700000000000003,0.19999999999999996,0.37348,0.5830399999999999,36.0,15.8,107.2,0.30466,0.57246,33.2,15.8,83.0,24.200000000000003,3.0,1.0,6.0,8.0,0.75,1,1
104112,2024-25,2024-11-10 16:00:00+00:00,7,Baskonia,Hiopos Lleida,3,658,88.8,90.0,0.4,76.2,81.4,0.6,12.599999999999994,-0.19999999999999996,91.1,91.3,0.4,78.66666666666667,84.66666666666667,0.5,12.433333333333323,-0.09999999999999998,0.39176,0.56012,31.6,15.8,97.2,0.29642,0.51542,29.8,16.2,68.2,29.0,-1.0,1.0,0.0,0.0,0.5,1,1
104113,2024-25,2024-11-10 16:00:00+00:00,7,Leyma Coruña,La Laguna Tenerife,657,28,86.4,94.8,0.2,85.6,80.4,0.8,0.8000000000000114,-0.6000000000000001,86.33333333333333,93.16666666666667,0.3333333333333333,81.4,83.8,0.6,4.933333333333323,-0.26666666666666666,0.35314,0.5244199999999999,34.4,24.2,91.8,0.37228,0.60262,25.6,17.6,94.8,-3.0,-3.0,3.0,0.0,0.0,0.5,1,0
104114,2024-25,2024-11-10 17:30:00+00:00,7,Río Breogán,Barça,25,2,71.8,85.6,0.2,92.8,88.2,0.6,-21.0,-0.39999999999999997,75.0,81.6,0.4,90.5,86.3,0.6,-15.5,-0.19999999999999996,0.32344,0.46891999999999995,30.2,15.6,69.8,0.42089999999999994,0.6037,30.0,20.2,104.8,-35.0,-3.0,1.0,1.0,6.0,0.16666666666666666,1,1
104108,2024-25,2024-11-15 19:45:00+00:00,7,Valencia Basket,Casademont Zaragoza,13,16,87.2,79.6,0.8,92.4,89.4,0.4,-5.200000000000003,0.4,88.3,83.7,0.7,89.6,86.3,0.5,-1.2999999999999972,0.19999999999999996,0.28334000000000004,0.50268,40.8,19.0,91.0,0.39208,0.5924,29.8,18.2,95.6,-4.599999999999994,3.0,-1.0,7.0,8.0,0.875,1,1
104116,2024-25,2024-11-16 16:00:00+00:00,8,Coviran Granada,Leyma Coruña,592,657,77.2,80.4,0.2,84.4,96.2,0.2,-7.200000000000003,0.0,75.7,81.5,0.3,82.85714285714286,92.28571428571429,0.2857142857142857,-7.157142857142858,0.01428571428571429,0.30182000000000003,0.49894,29.6,16.4,73.0,0.33598,0.55874,31.0,24.0,88.6,-15.599999999999994,-3.0,-3.0,0.0,0.0,0.5,1,1
104115,2024-25,2024-11-16 17:00:00+00:00,8,UCAM Murcia,Río Breogán,12,25,81.8,80.0,0.6,72.2,82.2,0.4,9.599999999999994,0.19999999999999996,79.2,82.5,0.5,74.2,80.2,0.4,5.0,0.09999999999999998,0.32374,0.54208,29.4,17.2,81.4,0.34578,0.48308,29.4,15.6,69.2,12.200000000000003,1.0,-1.0,4.0,6.0,0.6666666666666666,1,1
104117,2024-25,2024-11-16 19:45:00+00:00,8,La Laguna Tenerife,BAXI Manresa,28,10,85.4,76.8,0.8,84.6,76.4,0.6,0.8000000000000114,0.20000000000000007,82.8,80.2,0.7,83.0,79.4,0.5,-0.20000000000000284,0.19999999999999996,0.36085999999999996,0.61604,27.6,18.6,95.8,0.31185999999999997,0.53234,37.0,15.6,86.4,9.399999999999991,3.0,1.0,7.0,8.0,0.875,1,1
104119,2024-25,2024-11-17 11:30:00+00:00,8,Real Madrid,Hiopos Lleida,9,658,85.6,70.4,0.8,81.2,85.8,0.6,4.3999999999999915,0.20000000000000007,90.7,81.2,0.7,81.57142857142857,86.85714285714286,0.42857142857142855,9.128571428571433,0.2714285714285714,0.3854,0.5555800000000001,34.6,14.6,101.2,0.35988,0.50876,28.6,17.4,73.2,28.0,3.0,1.0,0.0,0.0,0.5,1,1
104120,2024-25,2024-11-17 12:00:00+00:00,8,Dreamland Gran Canaria,Bàsquet Girona,5,591,76.2,79.8,0.4,72.4,87.2,0.2,3.799999999999997,0.2,78.6,79.7,0.4,78.0,86.5,0.4,0.5999999999999943,0.0,0.33086000000000004,0.5321200000000001,33.8,16.0,80.2,0.30717999999999995,0.42801999999999996,27.6,11.2,60.6,19.6,-1.0,-3.0,2.0,4.0,0.5,1,1
104121,2024-25,2024-11-17 16:00:00+00:00,8,MoraBanc Andorra,Unicaja,22,14,85.6,82.0,0.4,88.4,85.2,0.8,-2.8000000000000114,-0.4,87.4,86.1,0.4,89.7,79.8,0.9,-2.299999999999997,-0.5,0.35268,0.5917399999999999,31.6,15.4,94.6,0.31660000000000005,0.56926,29.0,19.8,95.0,-0.4000000000000057,-1.0,3.0,2.0,6.0,0.3333333333333333,1,0
104122,2024-25,2024-11-17 16:00:00+00:00,8,Surne Bilbao Basket,Joventut Badalona,4,8,85.2,86.8,0.4,81.0,79.6,0.4,4.200000000000003,0.0,82.8,85.4,0.3,79.9,82.6,0.4,2.8999999999999915,-0.10000000000000003,0.36558,0.51252,30.0,16.6,85.6,0.35574000000000006,0.55318,32.6,18.2,89.2,-3.6000000000000085,-1.0,-1.0,3.0,8.0,0.375,1,0
104118,2024-25,2024-11-17 16:00:00+00:00,8,Casademont Zaragoza,Baskonia,16,3,89.8,91.4,0.4,90.6,90.8,0.6,-0.7999999999999972,-0.19999999999999996,90.1,89.2,0.5,91.0,91.8,0.4,-0.9000000000000057,0.09999999999999998,0.36208,0.59432,31.2,17.8,93.6,0.38784,0.56074,32.8,14.8,99.4,-5.800000000000011,-1.0,1.0,1.0,8.0,0.125,1,1
104123,2024-25,2024-11-17 17:30:00+00:00,8,Barça,Valencia Basket,2,13,91.2,88.8,0.4,94.8,80.6,1.0,-3.5999999999999943,-0.6,88.3,83.2,0.6,89.6,84.6,0.7,-1.2999999999999972,-0.09999999999999998,0.43504,0.59328,29.4,19.8,102.6,0.32836,0.5475,40.6,21.0,103.4,-0.8000000000000114,-1.0,5.0,3.0,8.0,0.375,1,1
104124,2024-25,2024-11-30 17:00:00+00:00,9,Unicaja,La Laguna Tenerife,14,28,89.4,90.4,0.8,86.0,75.0,1.0,3.4000000000000057,-0.19999999999999996,90.7,81.6,0.9,83.5,80.2,0.7,7.200000000000003,0.20000000000000007,0.3336,0.56596,26.8,19.8,92.0,0.3548,0.6211800000000001,28.2,18.8,97.4,-5.400000000000006,3.0,5.0,2.0,8.0,0.25,1,1
104125,2024-25,2024-11-30 17:00:00+00:00,9,Río Breogán,Coviran Granada,25,592,69.6,84.0,0.2,76.8,85.4,0.2,-7.200000000000003,0.0,72.9,82.7,0.3,75.7,79.8,0.4,-2.799999999999997,-0.10000000000000003,0.31648,0.48308,29.8,14.6,64.2,0.29372000000000004,0.53214,25.0,16.6,68.6,-4.3999999999999915,-3.0,-3.0,3.0,4.0,0.75,1,0
104126,2024-25,2024-11-30 19:45:00+00:00,9,Casademont Zaragoza,Surne Bilbao Basket,16,4,87.8,89.4,0.4,84.4,90.0,0.2,3.3999999999999915,0.2,89.7,89.7,0.5,82.7,85.2,0.3,7.0,0.2,0.34800000000000003,0.6157999999999999,28.8,17.0,93.2,0.34392,0.53058,29.0,16.0,83.4,9.799999999999997,-1.0,-3.0,4.0,8.0,0.5,1,1
104127,2024-25,2024-11-30 19:45:00+00:00,9,Bàsquet Girona,MoraBanc Andorra,591,22,78.8,88.6,0.2,81.0,85.8,0.2,-2.200000000000003,0.0,76.8,86.2,0.3,87.4,86.6,0.4,-10.600000000000009,-0.10000000000000003,0.36808,0.48574,28.0,12.4,72.6,0.31934,0.5537599999999999,33.2,14.0,87.4,-14.800000000000011,-3.0,-3.0,1.0,2.0,0.5,1,0
104128,2024-25,2024-12-01 11:30:00+00:00,9,BAXI Manresa,Barça,10,2,86.0,83.6,0.4,92.6,90.4,0.4,-6.599999999999994,0.0,83.6,79.8,0.5,89.0,84.2,0.6,-5.400000000000006,-0.09999999999999998,0.32244,0.56062,35.4,17.4,87.8,0.41933999999999994,0.5746400000000002,30.4,19.6,105.2,-17.400000000000006,-1.0,-1.0,2.0,8.0,0.25,1,1
104129,2024-25,2024-12-01 11:30:00+00:00,9,UCAM Murcia,Dreamland Gran Canaria,12,5,79.2,73.6,0.8,82.4,80.8,0.6,-3.200000000000003,0.20000000000000007,80.0,79.2,0.6,78.6,78.6,0.5,1.4000000000000057,0.09999999999999998,0.30052,0.5297799999999999,30.6,18.0,82.4,0.38893999999999995,0.5432600000000001,31.2,17.8,89.0,-6.599999999999994,3.0,1.0,4.0,8.0,0.5,1,0
104130,2024-25,2024-12-01 16:00:00+00:00,9,Hiopos Lleida,Leyma Coruña,658,657,84.2,82.6,0.6,82.4,89.8,0.2,1.7999999999999972,0.39999999999999997,81.125,86.625,0.375,82.125,90.75,0.25,-1.0,0.125,0.35431999999999997,0.5267799999999999,29.0,18.2,80.0,0.33492,0.57874,31.2,23.0,89.8,-9.799999999999997,1.0,-3.0,0.0,0.0,0.5,1,0
104131,2024-25,2024-12-01 16:00:00+00:00,9,Baskonia,Valencia Basket,3,13,88.6,89.6,0.4,97.8,89.0,0.8,-9.200000000000003,-0.4,90.3,90.8,0.4,89.9,85.0,0.7,0.3999999999999915,-0.29999999999999993,0.39742,0.5499,33.6,16.2,96.0,0.3687,0.5725,38.6,21.6,105.4,-9.400000000000006,-1.0,3.0,5.0,8.0,0.625,1,0
104132,2024-25,2024-12-01 17:30:00+00:00,9,Joventut Badalona,Real Madrid,8,9,81.0,76.2,0.6,86.8,69.4,1.0,-5.799999999999997,-0.4,81.8,82.2,0.5,89.8,81.0,0.7,-8.0,-0.19999999999999996,0.35574000000000006,0.5546200000000001,33.8,20.0,93.0,0.38946000000000003,0.5955600000000001,34.2,14.2,104.2,-11.200000000000003,1.0,5.0,0.0,8.0,0.0,1,1
104133,2024-25,2024-12-07 17:00:00+00:00,10,MoraBanc Andorra,Casademont Zaragoza,22,16,83.0,85.0,0.4,89.4,86.0,0.6,-6.400000000000006,-0.19999999999999996,88.0,85.4,0.5,90.2,88.4,0.6,-2.200000000000003,-0.09999999999999998,0.3348,0.54868,33.8,14.4,89.0,0.35422000000000003,0.5964600000000001,31.2,19.0,100.6,-11.599999999999994,-1.0,1.0,3.0,6.0,0.5,1,0
104136,2024-25,2024-12-07 19:45:00+00:00,10,Valencia Basket,Bàsquet Girona,13,591,103.6,92.2,0.8,82.4,89.2,0.2,21.19999999999999,0.6000000000000001,93.2,86.5,0.7,76.7,88.2,0.2,16.5,0.49999999999999994,0.38858000000000004,0.5963,38.4,22.6,116.8,0.34328,0.5202600000000001,29.4,13.2,79.4,37.39999999999999,3.0,-3.0,2.0,4.0,0.5,1,1
104135,2024-25,2024-12-07 19:45:00+00:00,10,La Laguna Tenerife,Hiopos Lleida,28,658,85.0,76.8,0.8,87.8,87.6,0.4,-2.799999999999997,0.4,86.2,81.0,0.7,83.33333333333333,88.77777777777777,0.3333333333333333,2.8666666666666742,0.36666666666666664,0.34814,0.61156,28.8,19.6,96.2,0.37784,0.5085200000000001,27.8,19.0,83.8,12.400000000000006,3.0,-1.0,0.0,0.0,0.5,1,1
104134,2024-25,2024-12-07 20:00:00+00:00,10,Leyma Coruña,BAXI Manresa,657,10,87.0,92.0,0.4,86.8,81.4,0.6,0.20000000000000284,-0.19999999999999996,84.77777777777777,91.88888888888889,0.3333333333333333,83.1,78.9,0.5,1.6777777777777771,-0.16666666666666669,0.37306,0.57232,31.6,22.4,93.8,0.34687999999999997,0.55662,35.4,16.4,86.0,7.799999999999997,-1.0,1.0,0.0,0.0,0.5,1,0
104139,2024-25,2024-12-08 10:30:00+00:00,10,Coviran Granada,Joventut Badalona,592,8,80.2,83.0,0.4,83.0,76.2,0.8,-2.799999999999997,-0.4,76.5,79.5,0.4,80.2,81.0,0.5,-3.700000000000003,-0.09999999999999998,0.2928,0.54518,28.0,17.2,75.8,0.35574000000000006,0.5475199999999999,34.4,19.8,95.0,-19.200000000000003,-1.0,3.0,2.0,4.0,0.5,1,1
104137,2024-25,2024-12-08 11:30:00+00:00,10,Surne Bilbao Basket,Baskonia,4,3,85.2,90.4,0.2,88.2,95.0,0.2,-3.0,0.0,81.7,84.4,0.3,90.0,94.5,0.3,-8.299999999999997,0.0,0.33298,0.53024,29.0,16.2,83.8,0.39796,0.5226200000000001,34.2,16.6,93.0,-9.200000000000003,-3.0,-3.0,1.0,8.0,0.125,1,0
104138,2024-25,2024-12-08 12:00:00+00:00,10,Dreamland Gran Canaria,Río Breogán,5,25,83.0,80.0,0.6,69.0,86.2,0.2,14.0,0.39999999999999997,79.1,76.3,0.6,70.6,82.7,0.2,8.5,0.39999999999999997,0.41324000000000005,0.53954,31.4,17.8,87.0,0.28418,0.47897999999999996,28.4,13.8,60.4,26.6,1.0,-3.0,4.0,6.0,0.6666666666666666,1,0
104140,2024-25,2024-12-08 16:00:00+00:00,10,Barça,UCAM Murcia,2,12,89.2,88.8,0.4,74.2,75.4,0.6,15.0,-0.19999999999999996,87.1,83.5,0.6,78.4,78.1,0.6,8.699999999999989,0.0,0.3841,0.54032,32.4,17.8,101.0,0.28694,0.50566,28.0,16.8,75.6,25.400000000000006,-1.0,1.0,6.0,8.0,0.75,1,1
104141,2024-25,2024-12-08 17:30:00+00:00,10,Real Madrid,Unicaja,9,14,83.0,72.0,0.8,88.2,90.0,0.8,-5.200000000000003,0.0,88.1,79.1,0.7,89.9,80.6,0.9,-1.8000000000000114,-0.20000000000000007,0.38402,0.54156,34.4,14.2,94.8,0.3115,0.5668599999999999,26.4,19.4,91.4,3.3999999999999915,3.0,3.0,7.0,8.0,0.875,1,1
104101,2024-25,2024-12-13 19:00:00+00:00,6,Valencia Basket,La Laguna Tenerife,13,28,105.4,90.2,0.8,86.4,79.6,0.8,19.0,0.0,93.1,85.0,0.7,86.5,80.2,0.8,6.599999999999994,-0.10000000000000009,0.4013400000000001,0.604,37.2,24.0,122.6,0.35014,0.6380999999999999,28.6,19.4,97.4,25.19999999999999,3.0,3.0,5.0,8.0,0.625,1,1
104142,2024-25,2024-12-14 17:00:00+00:00,11,BAXI Manresa,MoraBanc Andorra,10,22,92.4,79.0,0.8,81.4,88.0,0.2,11.0,0.6000000000000001,84.0,77.9,0.6,86.0,86.9,0.4,-2.0,0.19999999999999996,0.38411999999999996,0.5682400000000001,35.6,18.2,97.8,0.371,0.5153399999999999,32.8,13.2,81.4,16.39999999999999,3.0,-3.0,3.0,6.0,0.5,1,0
104145,2024-25,2024-12-14 19:45:00+00:00,11,Unicaja,Dreamland Gran Canaria,14,5,83.0,88.8,0.6,82.8,79.6,0.6,0.20000000000000284,0.0,88.3,82.7,0.8,79.7,77.1,0.6,8.599999999999994,0.20000000000000007,0.2955,0.52132,28.4,19.0,85.8,0.38916,0.5423,31.0,18.2,87.8,-2.0,1.0,1.0,4.0,8.0,0.5,1,0
104144,2024-25,2024-12-14 19:45:00+00:00,11,Bàsquet Girona,Leyma Coruña,591,657,83.0,92.4,0.2,79.8,92.6,0.2,3.200000000000003,0.0,76.6,89.1,0.2,83.7,91.6,0.3,-7.1000000000000085,-0.09999999999999998,0.34024,0.544,30.0,14.4,81.0,0.34344,0.5557399999999999,31.2,18.0,79.6,1.4000000000000057,-3.0,-3.0,0.0,0.0,0.5,1,0
104148,2024-25,2024-12-15 10:30:00+00:00,11,Coviran Granada,Baskonia,592,3,83.4,81.0,0.6,86.2,92.0,0.4,-2.799999999999997,0.19999999999999996,77.8,80.5,0.4,86.9,90.6,0.4,-9.100000000000009,0.0,0.35198,0.5296200000000001,29.2,17.4,83.4,0.36382000000000003,0.5607599999999999,34.6,17.4,92.0,-8.599999999999994,1.0,-1.0,0.0,4.0,0.0,1,0
104147,2024-25,2024-12-15 11:30:00+00:00,11,Real Madrid,Río Breogán,9,25,83.8,75.2,0.8,74.8,78.6,0.4,9.0,0.4,86.5,76.8,0.7,72.7,83.2,0.3,13.799999999999997,0.39999999999999997,0.40884,0.53232,32.4,15.0,91.2,0.32116,0.5185799999999999,30.2,14.8,72.0,19.200000000000003,3.0,-1.0,5.0,6.0,0.8333333333333334,1,1
104149,2024-25,2024-12-15 11:30:00+00:00,11,Hiopos Lleida,Surne Bilbao Basket,658,4,89.2,90.4,0.2,79.0,83.6,0.2,10.200000000000003,0.0,83.8,89.0,0.3,81.6,84.1,0.3,2.200000000000003,0.0,0.3819,0.51776,27.2,19.4,86.2,0.26276,0.54076,30.2,15.2,76.6,9.600000000000009,-3.0,-3.0,0.0,0.0,0.5,1,1
104146,2024-25,2024-12-15 16:00:00+00:00,11,Joventut Badalona,La Laguna Tenerife,8,28,82.0,77.8,0.6,86.8,83.2,0.6,-4.799999999999997,0.0,80.8,80.0,0.5,86.2,81.8,0.7,-5.400000000000006,-0.19999999999999996,0.32846000000000003,0.5484600000000001,34.8,18.0,90.2,0.3652,0.63506,28.0,18.8,98.6,-8.399999999999991,1.0,1.0,4.0,8.0,0.5,1,1
104143,2024-25,2024-12-15 16:00:00+00:00,11,UCAM Murcia,Valencia Basket,12,13,73.6,77.6,0.4,104.0,86.8,0.8,-30.400000000000006,-0.4,79.5,80.6,0.5,95.6,83.2,0.8,-16.099999999999994,-0.30000000000000004,0.28954,0.49583999999999995,27.8,16.8,74.4,0.40104000000000006,0.65076,35.0,24.6,123.6,-49.19999999999999,-1.0,3.0,3.0,8.0,0.375,1,0
104150,2024-25,2024-12-15 17:30:00+00:00,11,Casademont Zaragoza,Barça,16,2,89.4,79.8,0.8,87.2,84.0,0.6,2.200000000000003,0.20000000000000007,89.9,88.4,0.6,88.5,84.6,0.6,1.4000000000000057,0.0,0.34378000000000003,0.5978399999999999,33.6,18.6,106.0,0.39244,0.5155800000000001,34.4,16.8,101.0,5.0,3.0,1.0,3.0,8.0,0.375,1,1
104151,2024-25,2024-12-21 17:00:00+00:00,12,Río Breogán,Bàsquet Girona,25,591,73.0,84.0,0.4,85.6,95.4,0.2,-12.599999999999994,0.2,72.4,84.8,0.3,77.4,89.9,0.2,-5.0,0.09999999999999998,0.28026,0.48676,31.6,12.6,65.6,0.31318,0.57694,30.2,15.4,84.4,-18.80000000000001,-1.0,-3.0,3.0,4.0,0.75,1,1
104153,2024-25,2024-12-21 19:45:00+00:00,12,La Laguna Tenerife,UCAM Murcia,28,12,86.6,89.4,0.4,78.4,79.8,0.4,8.199999999999989,0.0,86.0,83.1,0.6,80.7,81.1,0.5,5.299999999999997,0.09999999999999998,0.38752,0.60992,27.4,19.0,97.2,0.2662,0.5569599999999999,29.4,17.2,82.4,14.799999999999997,-1.0,-1.0,4.0,8.0,0.5,1,1
104152,2024-25,2024-12-21 19:45:00+00:00,12,Hiopos Lleida,Coviran Granada,658,592,90.0,89.6,0.2,83.6,79.2,0.6,6.400000000000006,-0.39999999999999997,83.1,85.5,0.4,78.6,78.9,0.4,4.5,0.0,0.39132,0.52364,27.0,20.4,89.8,0.34484000000000004,0.5478,31.0,17.4,86.2,3.5999999999999943,-3.0,1.0,0.0,0.0,0.5,1,1
104155,2024-25,2024-12-22 11:30:00+00:00,12,Leyma Coruña,Joventut Badalona,657,8,83.4,87.6,0.4,84.0,81.4,0.6,-0.5999999999999943,-0.19999999999999996,84.9,91.2,0.3,81.0,81.0,0.5,3.9000000000000057,-0.2,0.36484,0.58574,32.0,18.8,91.2,0.36242,0.52064,33.6,17.4,91.8,-0.5999999999999943,-1.0,1.0,0.0,0.0,0.5,1,0
104154,2024-25,2024-12-22 11:30:00+00:00,12,Baskonia,Unicaja,3,14,84.0,88.2,0.6,86.8,85.8,0.6,-2.799999999999997,0.0,86.4,89.1,0.5,88.1,84.8,0.7,-1.6999999999999886,-0.19999999999999996,0.33716,0.57326,35.2,17.6,89.4,0.34242,0.50968,30.2,20.0,93.4,-4.0,1.0,1.0,5.0,8.0,0.625,1,0
104156,2024-25,2024-12-22 12:00:00+00:00,12,Dreamland Gran Canaria,Casademont Zaragoza,5,16,83.2,80.0,0.6,88.8,88.2,0.8,-5.599999999999994,-0.20000000000000007,80.0,78.8,0.6,90.6,88.8,0.6,-10.599999999999994,0.0,0.40915999999999997,0.5303,30.2,17.0,86.2,0.3274,0.56212,34.2,17.4,98.4,-12.200000000000003,1.0,3.0,6.0,8.0,0.75,1,1
104157,2024-25,2024-12-22 16:00:00+00:00,12,Barça,MoraBanc Andorra,2,22,85.0,89.6,0.4,89.6,93.4,0.4,-4.599999999999994,0.0,88.9,88.9,0.5,90.0,88.5,0.5,-1.0999999999999943,0.0,0.37956,0.5163400000000001,33.0,17.0,92.0,0.43099999999999994,0.5401199999999999,30.0,15.2,91.0,1.0,-1.0,-1.0,5.0,6.0,0.8333333333333334,1,1
104158,2024-25,2024-12-22 16:00:00+00:00,12,Surne Bilbao Basket,BAXI Manresa,4,10,75.4,86.0,0.0,92.0,87.4,0.6,-16.599999999999994,-0.6,79.2,85.3,0.2,87.0,81.7,0.5,-7.799999999999997,-0.3,0.24316,0.51588,30.0,13.6,70.4,0.36282,0.57016,32.6,16.2,90.0,-19.599999999999994,-5.0,1.0,4.0,8.0,0.5,1,1
104159,2024-25,2024-12-22 17:30:00+00:00,12,Valencia Basket,Real Madrid,13,9,101.0,88.0,0.8,88.0,76.2,0.8,13.0,0.0,97.9,84.3,0.9,88.6,75.1,0.8,9.300000000000011,0.09999999999999998,0.43065999999999993,0.60076,34.0,23.2,118.4,0.42654,0.5563,31.6,18.2,98.8,19.60000000000001,3.0,3.0,3.0,8.0,0.375,1,1
104160,2024-25,2024-12-27 18:00:00+00:00,13,Joventut Badalona,Hiopos Lleida,8,658,87.8,82.6,0.8,87.6,84.4,0.4,0.20000000000000284,0.4,84.4,81.1,0.6,84.4,85.1,0.5,0.0,0.09999999999999998,0.37392000000000003,0.56038,32.4,17.4,92.6,0.35756,0.54906,28.6,20.0,91.0,1.5999999999999943,3.0,-1.0,0.0,0.0,0.5,1,1
104161,2024-25,2024-12-27 20:30:00+00:00,13,Dreamland Gran Canaria,Valencia Basket,5,13,87.0,82.2,0.8,98.2,84.4,1.0,-11.200000000000003,-0.19999999999999996,81.6,81.0,0.6,98.0,86.7,0.9,-16.400000000000006,-0.30000000000000004,0.41154,0.59496,28.8,17.0,93.0,0.43032000000000004,0.58274,34.6,22.0,115.2,-22.200000000000003,3.0,5.0,5.0,8.0,0.625,1,1
104163,2024-25,2024-12-28 17:00:00+00:00,13,Unicaja,Río Breogán,14,25,89.0,88.4,0.6,73.0,84.8,0.4,16.0,0.19999999999999996,88.7,86.8,0.7,72.6,83.5,0.4,16.10000000000001,0.29999999999999993,0.38688,0.51106,29.4,21.4,96.0,0.30047999999999997,0.46052,31.6,13.0,66.8,29.200000000000003,1.0,-1.0,5.0,6.0,0.8333333333333334,1,1
104162,2024-25,2024-12-28 17:00:00+00:00,13,Leyma Coruña,Surne Bilbao Basket,657,4,88.0,89.0,0.4,74.2,80.6,0.2,13.799999999999997,0.2,86.2,92.6,0.3,79.7,83.7,0.3,6.5,0.0,0.38556,0.58056,33.6,19.2,99.4,0.24196,0.5639200000000001,29.2,13.4,72.2,27.200000000000003,-1.0,-3.0,0.0,0.0,0.5,1,0
104165,2024-25,2024-12-28 19:45:00+00:00,13,UCAM Murcia,Coviran Granada,12,592,76.6,82.0,0.2,81.2,78.0,0.6,-4.6000000000000085,-0.39999999999999997,79.2,81.0,0.4,79.2,79.2,0.4,0.0,0.0,0.27862,0.55124,29.4,16.4,78.8,0.36928,0.52708,31.0,17.4,84.8,-6.0,-3.0,1.0,2.0,4.0,0.5,1,1
104164,2024-25,2024-12-28 19:45:00+00:00,13,MoraBanc Andorra,La Laguna Tenerife,22,28,91.2,97.8,0.4,84.2,87.0,0.4,7.0,0.0,88.4,89.9,0.4,85.1,81.0,0.7,3.3000000000000114,-0.29999999999999993,0.44855999999999996,0.54038,30.8,16.4,93.6,0.39705999999999997,0.5948399999999999,28.2,18.2,94.6,-1.0,-1.0,-1.0,0.0,6.0,0.0,1,0
104166,2024-25,2024-12-29 11:30:00+00:00,13,Casademont Zaragoza,Bàsquet Girona,16,591,91.2,85.2,0.8,80.4,92.0,0.0,10.799999999999997,0.8,90.5,88.3,0.6,76.4,89.6,0.1,14.099999999999994,0.5,0.36312,0.5569,32.8,18.2,102.4,0.30376,0.57364,30.4,16.2,78.8,23.60000000000001,3.0,-5.0,2.0,4.0,0.5,1,1
104167,2024-25,2024-12-29 16:00:00+00:00,13,BAXI Manresa,Baskonia,10,3,88.0,87.8,0.4,81.6,86.4,0.4,6.400000000000006,0.0,86.3,82.1,0.5,86.1,88.6,0.5,0.20000000000000284,0.0,0.34615999999999997,0.53852,29.8,16.8,80.6,0.34550000000000003,0.58056,33.4,17.8,85.0,-4.400000000000006,-1.0,-1.0,3.0,8.0,0.375,1,0
104168,2024-25,2024-12-29 19:30:00+00:00,13,Real Madrid,Barça,9,2,88.2,77.8,0.6,92.0,90.0,0.6,-3.799999999999997,0.0,86.9,74.1,0.7,91.6,89.4,0.5,-4.699999999999989,0.19999999999999996,0.4018,0.55476,34.4,18.6,98.6,0.37274,0.53684,31.2,18.8,102.8,-4.200000000000003,1.0,1.0,2.0,8.0,0.25,1,1
104169,2024-25,2024-12-30 17:00:00+00:00,14,Valencia Basket,Hiopos Lleida,13,658,93.8,85.6,0.8,86.4,85.8,0.4,7.3999999999999915,0.4,98.7,88.9,0.8,85.3,84.2,0.5,13.400000000000006,0.30000000000000004,0.41524,0.5694600000000001,33.8,20.6,104.2,0.35756,0.5151800000000001,29.2,19.8,87.8,16.400000000000006,3.0,-1.0,0.0,0.0,0.5,1,1
104170,2024-25,2024-12-30 19:45:00+00:00,14,Joventut Badalona,Dreamland Gran Canaria,8,5,87.2,81.2,0.8,88.6,84.2,0.8,-1.3999999999999915,0.0,84.1,78.7,0.7,85.5,82.5,0.7,-1.4000000000000057,0.0,0.35746,0.56556,33.4,15.0,90.4,0.3703,0.63194,29.6,16.0,94.0,-3.5999999999999943,3.0,3.0,2.0,8.0,0.25,1,1
104171,2024-25,2025-01-02 17:00:00+00:00,14,Surne Bilbao Basket,MoraBanc Andorra,4,22,78.4,77.4,0.4,90.0,95.0,0.4,-11.599999999999994,0.0,81.4,83.7,0.3,85.5,90.4,0.3,-4.099999999999994,0.0,0.28118,0.5497,30.0,16.2,79.0,0.4569,0.56282,28.2,17.2,92.2,-13.200000000000003,-1.0,-1.0,2.0,6.0,0.3333333333333333,1,1
104172,2024-25,2025-01-02 18:00:00+00:00,14,Río Breogán,BAXI Manresa,25,10,75.8,86.2,0.4,86.8,85.4,0.4,-11.0,0.0,72.7,85.1,0.3,86.4,84.5,0.4,-13.700000000000003,-0.10000000000000003,0.31286,0.4900399999999999,29.4,14.8,72.2,0.31428,0.52186,31.6,15.4,78.8,-6.599999999999994,-1.0,-1.0,2.0,6.0,0.3333333333333333,1,0
104173,2024-25,2025-01-02 19:30:00+00:00,14,UCAM Murcia,Unicaja,12,14,77.6,85.6,0.2,85.0,86.0,0.6,-7.400000000000006,-0.39999999999999997,78.4,79.6,0.5,87.2,88.2,0.7,-8.799999999999997,-0.19999999999999996,0.26852,0.57566,28.4,15.6,78.8,0.35522,0.4851,33.2,19.6,90.4,-11.600000000000009,-3.0,1.0,3.0,8.0,0.375,1,0
104174,2024-25,2025-01-02 20:30:00+00:00,14,La Laguna Tenerife,Casademont Zaragoza,28,16,86.4,86.8,0.6,93.2,81.8,0.8,-6.799999999999997,-0.20000000000000007,85.7,81.8,0.7,90.5,85.6,0.6,-4.799999999999997,0.09999999999999998,0.40648,0.6128,27.8,18.4,96.6,0.35385999999999995,0.5579799999999999,36.0,20.4,109.2,-12.600000000000009,1.0,3.0,7.0,8.0,0.875,1,1
104179,2024-25,2025-01-04 17:00:00+00:00,15,Hiopos Lleida,Bàsquet Girona,658,591,84.6,86.0,0.4,77.2,93.4,0.0,7.3999999999999915,0.4,86.2,86.8,0.4,78.0,91.0,0.1,8.200000000000003,0.30000000000000004,0.3546,0.5248600000000001,30.6,19.6,88.0,0.26114000000000004,0.5317000000000001,30.6,15.2,70.6,17.400000000000006,-1.0,-5.0,0.0,0.0,0.5,1,0
104178,2024-25,2025-01-04 17:00:00+00:00,15,BAXI Manresa,UCAM Murcia,10,12,87.4,86.8,0.4,80.4,86.8,0.2,7.0,0.2,87.1,84.1,0.5,77.3,81.1,0.4,9.799999999999997,0.09999999999999998,0.3246,0.51562,31.4,17.4,84.6,0.26095999999999997,0.5982799999999999,31.4,17.2,82.6,2.0,-1.0,-3.0,4.0,8.0,0.5,1,1
104180,2024-25,2025-01-04 19:45:00+00:00,15,MoraBanc Andorra,Río Breogán,22,25,85.2,94.4,0.2,76.8,85.4,0.4,8.400000000000006,-0.2,84.1,89.7,0.3,72.9,85.8,0.3,11.199999999999989,0.0,0.37984,0.56504,29.6,15.4,86.0,0.3221,0.5077999999999999,30.6,15.4,74.8,11.200000000000003,-3.0,-1.0,0.0,4.0,0.0,1,0
104181,2024-25,2025-01-04 19:45:00+00:00,15,Unicaja,Casademont Zaragoza,14,16,86.0,85.2,0.6,96.2,88.8,0.6,-10.200000000000003,0.0,87.1,87.6,0.7,92.8,87.4,0.6,-5.700000000000003,0.09999999999999998,0.37712,0.47722,35.0,19.4,90.0,0.39092000000000005,0.58124,32.0,22.2,109.2,-19.200000000000003,1.0,1.0,5.0,8.0,0.625,1,1
104182,2024-25,2025-01-04 20:30:00+00:00,15,La Laguna Tenerife,Surne Bilbao Basket,28,4,89.4,88.6,0.6,80.6,75.8,0.6,8.800000000000011,0.0,87.9,84.1,0.7,82.9,83.1,0.4,5.0,0.29999999999999993,0.44559999999999994,0.59042,27.0,18.0,100.2,0.27108,0.5566800000000001,32.2,16.6,84.8,15.400000000000006,1.0,1.0,7.0,8.0,0.875,1,1
104185,2024-25,2025-01-05 10:30:00+00:00,15,Coviran Granada,Dreamland Gran Canaria,592,5,81.4,79.4,0.4,87.6,89.4,0.6,-6.199999999999989,-0.19999999999999996,79.1,82.4,0.3,85.3,84.7,0.6,-6.200000000000003,-0.3,0.3899,0.5142599999999999,31.0,15.6,82.2,0.34066,0.61538,27.8,17.0,93.8,-11.599999999999994,-1.0,1.0,2.0,4.0,0.5,1,0
104183,2024-25,2025-01-05 11:30:00+00:00,15,Barça,Joventut Badalona,2,8,85.8,84.8,0.4,89.0,81.6,0.8,-3.200000000000003,-0.4,89.2,87.6,0.4,86.0,78.9,0.8,3.200000000000003,-0.4,0.36332000000000003,0.4929400000000001,34.2,17.0,93.0,0.38079999999999997,0.5933,33.4,16.4,93.4,-0.4000000000000057,-1.0,3.0,6.0,8.0,0.75,1,0
104184,2024-25,2025-01-05 11:30:00+00:00,15,Leyma Coruña,Valencia Basket,657,13,88.4,93.0,0.4,95.6,88.4,0.8,-7.199999999999989,-0.4,85.4,91.4,0.3,100.5,89.3,0.8,-15.099999999999994,-0.5,0.39542,0.59134,34.2,19.0,99.4,0.41096000000000005,0.568,35.0,20.6,104.8,-5.3999999999999915,-1.0,3.0,0.0,0.0,0.5,1,0
104186,2024-25,2025-01-06 19:30:00+00:00,15,Baskonia,Real Madrid,3,9,81.0,85.2,0.6,85.8,76.4,0.6,-4.799999999999997,0.0,84.8,87.4,0.5,86.3,72.9,0.8,-1.5,-0.30000000000000004,0.3168,0.58664,32.8,17.2,85.8,0.38483999999999996,0.5038199999999999,35.2,18.8,96.4,-10.600000000000009,1.0,1.0,3.0,8.0,0.375,1,0
104175,2024-25,2025-01-07 19:30:00+00:00,14,Bàsquet Girona,Barça,591,2,78.2,90.8,0.2,89.4,86.0,0.4,-11.200000000000003,-0.2,80.3,90.0,0.2,89.3,87.4,0.4,-9.0,-0.2,0.28766,0.53522,29.0,15.2,71.8,0.38608000000000003,0.5198200000000001,34.2,18.0,99.6,-27.799999999999997,-3.0,-1.0,0.0,4.0,0.0,1,1
104177,2024-25,2025-01-08 18:30:00+00:00,14,Coviran Granada,Real Madrid,592,9,79.4,84.0,0.2,88.4,76.8,0.8,-9.0,-0.6000000000000001,79.8,83.5,0.3,85.7,74.4,0.8,-5.900000000000006,-0.5,0.35218,0.51628,28.6,14.6,79.4,0.40606,0.53752,34.4,18.6,100.6,-21.19999999999999,-3.0,3.0,0.0,4.0,0.0,1,0
104176,2024-25,2025-01-08 19:00:00+00:00,14,Baskonia,Leyma Coruña,3,657,79.2,79.8,0.6,85.4,92.6,0.2,-6.200000000000003,0.39999999999999997,83.7,87.4,0.4,86.2,92.3,0.3,-2.5,0.10000000000000003,0.28444,0.5909800000000001,32.2,15.2,83.2,0.35136,0.58106,34.4,19.0,97.0,-13.799999999999997,1.0,-3.0,0.0,0.0,0.5,1,1
104188,2024-25,2025-01-11 17:00:00+00:00,16,Valencia Basket,Coviran Granada,13,592,96.2,90.4,0.8,77.8,85.4,0.0,18.400000000000006,0.8,100.1,88.6,0.8,80.6,83.2,0.3,19.5,0.5,0.40392,0.53346,36.8,20.6,103.0,0.31449999999999995,0.5367799999999999,27.4,14.4,75.0,28.0,3.0,-5.0,3.0,4.0,0.75,1,1
104187,2024-25,2025-01-11 17:00:00+00:00,16,Surne Bilbao Basket,Unicaja,4,14,82.2,79.2,0.6,87.6,81.4,0.8,-5.3999999999999915,-0.20000000000000007,80.6,81.4,0.4,85.3,85.1,0.7,-4.700000000000003,-0.29999999999999993,0.295,0.57232,31.2,16.8,85.2,0.39918,0.50736,34.4,21.0,95.0,-9.799999999999997,1.0,3.0,1.0,8.0,0.125,1,0
104189,2024-25,2025-01-11 19:45:00+00:00,16,Casademont Zaragoza,BAXI Manresa,16,10,93.2,90.0,0.4,85.6,86.8,0.4,7.6000000000000085,0.0,91.3,84.9,0.6,89.0,82.9,0.6,2.299999999999997,0.0,0.38082000000000005,0.5748599999999999,31.4,20.8,100.4,0.32068,0.5061,32.0,16.4,82.2,18.200000000000003,-1.0,-1.0,4.0,8.0,0.5,1,0
104190,2024-25,2025-01-11 19:45:00+00:00,16,Joventut Badalona,MoraBanc Andorra,8,22,91.8,82.2,1.0,88.0,97.4,0.2,3.799999999999997,0.8,86.9,80.0,0.8,84.7,92.7,0.2,2.200000000000003,0.6000000000000001,0.41658,0.56284,34.2,18.8,97.8,0.34856000000000004,0.5893599999999999,30.4,16.0,91.6,6.200000000000003,5.0,-3.0,3.0,6.0,0.5,1,1
104192,2024-25,2025-01-12 11:30:00+00:00,16,Río Breogán,Leyma Coruña,25,657,80.6,89.4,0.4,83.8,97.6,0.2,-3.200000000000003,0.2,77.7,84.0,0.4,81.8,95.1,0.2,-4.099999999999994,0.2,0.3879,0.50444,29.4,16.8,81.4,0.35416,0.52772,32.2,19.2,90.4,-9.0,-1.0,-3.0,0.0,0.0,0.5,1,1
104191,2024-25,2025-01-12 11:30:00+00:00,16,UCAM Murcia,Hiopos Lleida,12,658,79.4,85.6,0.2,84.0,85.8,0.4,-4.599999999999994,-0.2,76.5,81.6,0.3,86.6,88.1,0.3,-10.099999999999994,0.0,0.24382,0.6291800000000001,31.4,17.0,82.6,0.3145,0.53026,32.0,18.2,84.6,-2.0,-3.0,-1.0,0.0,0.0,0.5,1,1
104193,2024-25,2025-01-12 12:00:00+00:00,16,Dreamland Gran Canaria,Barça,5,2,92.4,89.4,0.8,90.2,88.4,0.2,2.200000000000003,0.6000000000000001,87.6,84.5,0.7,88.7,86.2,0.4,-1.1000000000000085,0.29999999999999993,0.41066,0.62038,27.8,19.8,101.8,0.39384,0.5187200000000001,33.2,18.8,99.4,2.3999999999999915,3.0,-3.0,1.0,8.0,0.125,1,0
104194,2024-25,2025-01-12 16:00:00+00:00,16,Bàsquet Girona,Baskonia,591,3,80.8,89.2,0.4,88.2,79.6,0.6,-7.400000000000006,-0.19999999999999996,81.9,90.8,0.3,87.2,85.8,0.5,-5.299999999999997,-0.2,0.30854,0.55296,29.0,16.4,77.6,0.34304,0.58316,34.8,16.0,99.0,-21.400000000000006,-1.0,1.0,1.0,4.0,0.25,1,1
104195,2024-25,2025-01-12 16:00:00+00:00,16,Real Madrid,La Laguna Tenerife,9,28,87.2,77.2,0.8,90.4,84.4,0.8,-3.200000000000003,0.0,85.5,76.2,0.8,88.6,83.8,0.7,-3.0999999999999943,0.10000000000000009,0.37222,0.52528,37.2,17.2,102.2,0.43598,0.5887399999999999,28.0,19.2,103.6,-1.3999999999999915,3.0,3.0,7.0,8.0,0.875,1,1
104196,2024-25,2025-01-18 17:00:00+00:00,17,Leyma Coruña,UCAM Murcia,657,12,80.2,98.0,0.0,79.4,82.6,0.4,0.7999999999999972,-0.4,81.8,92.8,0.2,78.9,81.2,0.4,2.8999999999999915,-0.2,0.33684,0.48618000000000006,33.0,18.0,83.4,0.2693,0.6208400000000001,31.2,16.8,82.8,0.6000000000000085,-5.0,-1.0,0.0,0.0,0.5,1,0
104197,2024-25,2025-01-18 17:00:00+00:00,17,BAXI Manresa,Joventut Badalona,10,8,82.8,83.0,0.6,91.8,82.2,1.0,-9.0,-0.4,87.4,85.2,0.6,87.9,81.8,0.8,-0.5,-0.20000000000000007,0.32716,0.47275999999999996,35.0,17.2,82.8,0.4061,0.57218,34.4,17.6,97.2,-14.400000000000006,1.0,5.0,4.0,8.0,0.5,1,1
104198,2024-25,2025-01-18 19:45:00+00:00,17,La Laguna Tenerife,Bàsquet Girona,28,591,90.4,85.0,0.8,83.8,83.0,0.6,6.6000000000000085,0.20000000000000007,88.5,87.2,0.6,84.7,89.2,0.4,3.799999999999997,0.19999999999999996,0.44852,0.5653,27.2,19.4,101.2,0.33492,0.55506,33.2,17.0,86.6,14.600000000000009,3.0,1.0,4.0,4.0,1.0,1,1
104199,2024-25,2025-01-18 19:45:00+00:00,17,Unicaja,Valencia Basket,14,13,87.2,78.8,1.0,101.0,91.6,0.8,-13.799999999999997,0.19999999999999996,87.0,82.3,0.8,101.0,89.8,0.8,-14.0,0.0,0.42225999999999997,0.5284,32.8,22.4,98.4,0.39314,0.57324,38.4,23.8,112.4,-14.0,5.0,3.0,4.0,8.0,0.5,1,1
104201,2024-25,2025-01-19 10:30:00+00:00,17,Coviran Granada,Casademont Zaragoza,592,16,82.0,94.4,0.0,90.0,89.6,0.2,-8.0,-0.2,82.8,86.8,0.3,89.4,88.9,0.5,-6.6000000000000085,-0.2,0.33858,0.54056,26.0,14.4,77.6,0.33224,0.56696,31.8,19.6,95.4,-17.80000000000001,-5.0,-3.0,3.0,4.0,0.75,1,1
104200,2024-25,2025-01-19 11:30:00+00:00,17,Hiopos Lleida,Dreamland Gran Canaria,658,5,83.4,90.2,0.2,88.4,87.2,0.6,-5.0,-0.39999999999999997,86.7,89.9,0.2,85.8,83.6,0.6,0.9000000000000057,-0.39999999999999997,0.31686,0.51536,32.0,18.0,84.0,0.40972,0.6175200000000001,27.6,18.4,97.4,-13.400000000000006,-3.0,1.0,0.0,0.0,0.5,1,1
104203,2024-25,2025-01-19 16:00:00+00:00,17,Baskonia,Río Breogán,3,25,86.6,84.2,0.4,83.4,84.2,0.6,3.1999999999999886,-0.19999999999999996,85.3,86.2,0.5,78.2,84.1,0.5,7.099999999999994,0.0,0.35466,0.5464,33.0,16.0,93.4,0.41925999999999997,0.5423199999999999,29.6,19.0,91.6,1.8000000000000114,-1.0,1.0,5.0,6.0,0.8333333333333334,1,1
104202,2024-25,2025-01-19 17:00:00+00:00,17,Barça,Surne Bilbao Basket,2,4,86.6,81.6,0.4,85.2,79.6,0.6,1.3999999999999915,-0.19999999999999996,85.8,85.6,0.4,80.3,82.8,0.3,5.5,0.10000000000000003,0.41506,0.4734,33.8,17.8,96.8,0.31718,0.5848599999999999,31.8,18.2,88.8,8.0,-1.0,1.0,7.0,8.0,0.875,1,1
104204,2024-25,2025-01-19 17:30:00+00:00,17,MoraBanc Andorra,Real Madrid,22,9,83.0,94.6,0.0,85.2,80.6,0.8,-2.200000000000003,-0.8,86.3,94.0,0.2,86.6,78.4,0.8,-0.29999999999999716,-0.6000000000000001,0.33743999999999996,0.5289999999999999,32.2,15.8,84.0,0.34452,0.50778,37.4,16.8,98.4,-14.400000000000006,-5.0,3.0,1.0,6.0,0.16666666666666666,1,0
104205,2024-25,2025-01-25 17:00:00+00:00,18,Valencia Basket,BAXI Manresa,13,10,101.2,93.6,0.6,85.6,79.8,0.8,15.600000000000009,-0.20000000000000007,99.7,89.0,0.8,86.8,83.8,0.6,12.900000000000006,0.20000000000000007,0.39628,0.5721399999999999,38.6,24.4,113.2,0.37282000000000004,0.49524,35.6,17.8,91.8,21.400000000000006,1.0,3.0,6.0,9.0,0.6666666666666666,1,1
104206,2024-25,2025-01-25 17:00:00+00:00,18,Río Breogán,Surne Bilbao Basket,25,4,86.2,88.8,0.4,84.4,84.4,0.4,1.7999999999999972,0.0,79.6,86.8,0.4,79.3,82.5,0.3,0.29999999999999716,0.10000000000000003,0.40838,0.57396,31.4,18.2,93.0,0.3517,0.5372999999999999,31.0,18.8,87.0,6.0,-1.0,-1.0,2.0,7.0,0.2857142857142857,1,1
104208,2024-25,2025-01-25 19:45:00+00:00,18,Joventut Badalona,Coviran Granada,8,592,87.4,82.6,0.8,86.6,95.2,0.2,0.8000000000000114,0.6000000000000001,87.6,82.6,0.8,83.9,86.6,0.4,3.6999999999999886,0.4,0.39688,0.54254,34.2,17.0,93.2,0.35024,0.5846199999999999,25.4,15.6,86.2,7.0,3.0,-3.0,2.0,5.0,0.4,1,1
104207,2024-25,2025-01-25 19:45:00+00:00,18,Bàsquet Girona,Unicaja,591,14,85.0,87.6,0.6,88.0,78.4,1.0,-3.0,-0.4,82.7,89.8,0.3,88.5,83.4,0.8,-5.799999999999997,-0.5,0.32408000000000003,0.5863400000000001,33.2,17.4,87.2,0.3706,0.52728,35.0,22.0,99.6,-12.399999999999991,1.0,5.0,0.0,5.0,0.0,1,1
104209,2024-25,2025-01-26 11:30:00+00:00,18,Casademont Zaragoza,MoraBanc Andorra,16,22,89.4,89.8,0.2,84.0,93.6,0.0,5.400000000000006,0.2,90.3,87.5,0.5,87.6,95.7,0.2,2.700000000000003,0.3,0.31318,0.58294,32.6,18.8,95.0,0.30616000000000004,0.5408199999999999,32.4,14.8,84.2,10.799999999999997,-3.0,-5.0,4.0,7.0,0.5714285714285714,1,1
104210,2024-25,2025-01-26 12:00:00+00:00,18,Dreamland Gran Canaria,La Laguna Tenerife,5,28,84.8,86.0,0.4,94.0,86.2,0.8,-9.200000000000003,-0.4,85.9,84.1,0.6,89.1,86.6,0.6,-3.1999999999999886,0.0,0.38114,0.591,28.4,18.4,92.6,0.44328,0.61608,27.0,21.4,107.4,-14.800000000000011,-1.0,3.0,1.0,9.0,0.1111111111111111,1,0
104212,2024-25,2025-01-26 16:00:00+00:00,18,Real Madrid,Leyma Coruña,9,657,88.4,80.4,1.0,78.8,96.4,0.0,9.600000000000009,1.0,88.3,79.1,0.8,83.4,92.7,0.2,4.8999999999999915,0.6000000000000001,0.37639999999999996,0.53164,36.4,17.4,102.0,0.3359,0.48056,35.0,17.2,78.8,23.200000000000003,5.0,-5.0,0.0,1.0,0.0,1,1
104211,2024-25,2025-01-26 16:00:00+00:00,18,Hiopos Lleida,Baskonia,658,3,83.6,91.0,0.2,88.4,84.4,0.6,-4.800000000000011,-0.39999999999999997,85.6,87.7,0.3,85.0,85.4,0.5,0.5999999999999943,-0.2,0.33686000000000005,0.50136,31.4,18.4,81.4,0.36683999999999994,0.5072,34.0,17.2,97.8,-16.39999999999999,-3.0,1.0,0.0,1.0,0.0,1,0
104213,2024-25,2025-01-26 17:30:00+00:00,18,UCAM Murcia,Barça,12,2,81.8,81.8,0.6,85.0,82.6,0.4,-3.200000000000003,0.19999999999999996,79.2,81.9,0.4,88.5,86.3,0.5,-9.299999999999997,-0.09999999999999998,0.26224,0.59494,34.4,17.2,87.8,0.43696,0.46021999999999996,36.2,18.2,96.4,-8.600000000000009,1.0,-1.0,2.0,9.0,0.2222222222222222,1,0
104215,2024-25,2025-02-01 16:00:00+00:00,19,Coviran Granada,Bàsquet Girona,592,591,86.8,97.6,0.2,89.6,85.4,0.8,-2.799999999999997,-0.6000000000000001,84.1,88.5,0.3,83.4,89.4,0.4,0.6999999999999886,-0.10000000000000003,0.32589999999999997,0.5783400000000001,27.2,16.6,84.8,0.3318,0.603,33.2,19.2,97.4,-12.600000000000009,-3.0,3.0,1.0,5.0,0.2,1,1
104214,2024-25,2025-02-01 17:00:00+00:00,19,Casademont Zaragoza,UCAM Murcia,16,12,87.4,91.2,0.2,83.0,84.6,0.4,4.400000000000006,-0.2,90.3,86.5,0.5,80.3,85.1,0.3,10.0,0.2,0.3346,0.5655,32.4,18.2,90.8,0.2802,0.58344,34.4,17.2,84.8,6.0,-3.0,-1.0,4.0,9.0,0.4444444444444444,1,0
104217,2024-25,2025-02-01 19:45:00+00:00,19,Leyma Coruña,Dreamland Gran Canaria,657,5,77.8,94.4,0.0,78.8,81.2,0.2,-1.0,-0.2,83.1,93.7,0.2,83.7,82.7,0.5,-0.6000000000000085,-0.3,0.32352000000000003,0.46218000000000004,34.2,18.2,74.6,0.37751999999999997,0.55584,28.2,18.2,85.2,-10.600000000000009,-5.0,-3.0,0.0,1.0,0.0,1,0
104216,2024-25,2025-02-01 19:45:00+00:00,19,MoraBanc Andorra,Valencia Basket,22,13,82.4,92.4,0.0,104.8,93.4,0.8,-22.39999999999999,-0.8,86.2,93.7,0.2,99.3,89.5,0.8,-13.099999999999994,-0.6000000000000001,0.29782000000000003,0.50772,33.2,14.6,80.0,0.37392000000000003,0.6205999999999999,39.6,25.2,124.0,-44.0,-5.0,3.0,2.0,7.0,0.2857142857142857,1,1
104218,2024-25,2025-02-02 11:30:00+00:00,19,Unicaja,Baskonia,14,3,87.8,81.2,0.8,87.6,83.2,0.6,0.20000000000000284,0.20000000000000007,86.4,83.6,0.7,84.3,84.2,0.6,2.1000000000000085,0.09999999999999998,0.3556,0.54148,33.4,20.6,97.6,0.36769999999999997,0.4628,35.2,14.8,93.6,4.0,3.0,1.0,4.0,9.0,0.4444444444444444,1,1
104219,2024-25,2025-02-02 12:00:00+00:00,19,La Laguna Tenerife,Río Breogán,28,25,89.6,83.0,0.8,86.0,85.8,0.6,3.5999999999999943,0.20000000000000007,88.0,84.9,0.7,80.9,86.0,0.5,7.099999999999994,0.19999999999999996,0.44386000000000003,0.5760799999999999,28.4,21.8,105.4,0.42110000000000003,0.5595000000000001,31.6,17.4,91.2,14.200000000000003,3.0,1.0,5.0,7.0,0.7142857142857143,1,1
104221,2024-25,2025-02-02 16:00:00+00:00,19,Barça,BAXI Manresa,2,10,89.8,86.0,0.6,88.8,85.8,0.8,1.0,-0.20000000000000007,87.8,85.4,0.5,87.8,85.6,0.6,0.0,-0.09999999999999998,0.41838,0.4990400000000001,34.4,18.2,103.2,0.41912000000000005,0.50244,32.6,19.2,93.8,9.400000000000006,1.0,3.0,6.0,9.0,0.6666666666666666,1,0
104220,2024-25,2025-02-02 16:00:00+00:00,19,Surne Bilbao Basket,Hiopos Lleida,4,658,78.6,83.8,0.2,84.0,88.2,0.2,-5.400000000000006,0.0,78.5,80.6,0.3,85.2,87.0,0.3,-6.700000000000003,0.0,0.3097,0.53928,30.8,16.6,77.8,0.35524,0.52752,30.8,19.6,85.0,-7.200000000000003,-3.0,-3.0,0.0,1.0,0.0,1,1
104222,2024-25,2025-02-02 17:30:00+00:00,19,Real Madrid,Joventut Badalona,9,8,91.8,81.0,1.0,88.2,84.6,0.8,3.5999999999999943,0.19999999999999996,88.8,78.7,0.8,87.7,82.9,0.8,1.0999999999999943,0.0,0.38774000000000003,0.5923999999999999,35.8,17.8,109.0,0.3661,0.53896,33.0,17.2,95.2,13.799999999999997,5.0,3.0,8.0,9.0,0.8888888888888888,1,1
104224,2024-25,2025-02-08 17:00:00+00:00,20,Río Breogán,Unicaja,25,14,86.8,87.4,0.6,88.8,80.4,0.8,-2.0,-0.20000000000000007,81.8,86.4,0.5,87.4,82.8,0.7,-5.6000000000000085,-0.19999999999999996,0.44151999999999997,0.5753600000000001,30.4,18.2,93.2,0.34516,0.5467599999999999,33.8,21.6,100.4,-7.200000000000003,1.0,3.0,1.0,7.0,0.14285714285714285,1,1
104223,2024-25,2025-02-08 17:00:00+00:00,20,BAXI Manresa,Surne Bilbao Basket,10,4,91.8,88.4,0.8,80.4,84.0,0.2,11.399999999999991,0.6000000000000001,89.6,87.6,0.6,80.5,79.9,0.4,9.099999999999994,0.19999999999999996,0.41116,0.5276,31.4,20.0,95.6,0.33098,0.54122,30.2,17.6,80.4,15.199999999999989,3.0,-3.0,4.0,9.0,0.4444444444444444,1,1
104225,2024-25,2025-02-08 19:45:00+00:00,20,UCAM Murcia,La Laguna Tenerife,12,28,85.2,82.6,0.6,87.6,80.2,0.8,-2.3999999999999915,-0.20000000000000007,82.8,84.7,0.4,88.5,84.4,0.7,-5.700000000000003,-0.29999999999999993,0.31116,0.5718599999999999,33.6,17.0,86.8,0.4265,0.58424,29.8,23.2,105.4,-18.60000000000001,1.0,3.0,4.0,9.0,0.4444444444444444,1,0
104226,2024-25,2025-02-08 19:45:00+00:00,20,Joventut Badalona,Leyma Coruña,8,657,85.0,86.2,0.6,77.6,94.2,0.0,7.400000000000006,0.6,87.0,83.9,0.7,81.5,93.4,0.1,5.5,0.6,0.37848000000000004,0.49544,32.4,15.0,87.8,0.31794,0.47374,32.4,16.8,70.8,17.0,1.0,-5.0,1.0,1.0,1.0,1,1
104227,2024-25,2025-02-09 11:30:00+00:00,20,Hiopos Lleida,Real Madrid,658,9,80.6,85.0,0.2,91.2,79.2,1.0,-10.600000000000009,-0.8,82.6,85.5,0.3,89.8,78.0,0.9,-7.200000000000003,-0.6000000000000001,0.3404,0.5346599999999999,30.8,18.2,82.0,0.36045999999999995,0.5765199999999999,38.0,18.2,112.0,-30.0,-3.0,5.0,0.0,1.0,0.0,1,0
104228,2024-25,2025-02-09 12:00:00+00:00,20,Dreamland Gran Canaria,MoraBanc Andorra,5,22,82.8,81.4,0.4,84.8,92.8,0.2,-2.0,0.2,85.2,85.4,0.5,85.0,93.6,0.2,0.20000000000000284,0.3,0.3921,0.575,29.6,17.0,89.2,0.3167,0.5235,32.0,14.6,79.6,9.600000000000009,-1.0,-3.0,4.0,7.0,0.5714285714285714,1,0
104229,2024-25,2025-02-09 16:00:00+00:00,20,Bàsquet Girona,Casademont Zaragoza,591,16,86.4,84.0,0.6,83.8,87.6,0.2,2.6000000000000085,0.39999999999999997,82.3,87.4,0.4,90.0,88.2,0.4,-7.700000000000003,0.0,0.32484,0.5847,35.0,18.8,90.8,0.28986,0.52098,36.8,15.8,86.6,4.200000000000003,1.0,-3.0,2.0,5.0,0.4,1,0
104230,2024-25,2025-02-09 17:00:00+00:00,20,Baskonia,Coviran Granada,3,592,85.8,84.2,0.6,86.0,93.0,0.4,-0.20000000000000284,0.19999999999999996,82.5,82.0,0.6,82.7,88.5,0.3,-0.20000000000000284,0.3,0.36956,0.46704,35.0,14.6,90.8,0.33716,0.55418,29.2,15.0,84.0,6.799999999999997,1.0,-1.0,5.0,5.0,1.0,1,1
104231,2024-25,2025-02-09 17:30:00+00:00,20,Valencia Basket,Barça,13,2,100.2,92.2,0.6,90.2,88.4,0.6,10.0,0.0,97.9,90.3,0.7,89.8,87.2,0.5,8.100000000000009,0.19999999999999996,0.35692,0.6276999999999999,38.6,22.8,117.8,0.39878,0.5298200000000001,34.4,16.8,102.0,15.799999999999997,1.0,1.0,5.0,9.0,0.5555555555555556,1,0
104233,2024-25,2025-03-01 17:00:00+00:00,21,Leyma Coruña,Hiopos Lleida,657,658,85.2,92.8,0.0,80.4,86.0,0.2,4.799999999999997,-0.2,84.5,95.2,0.1,82.2,85.9,0.3,2.299999999999997,-0.19999999999999998,0.34730000000000005,0.51234,34.8,20.2,84.4,0.3879,0.51034,29.4,18.6,83.0,1.4000000000000057,-5.0,-3.0,1.0,1.0,1.0,1,1
104232,2024-25,2025-03-01 17:00:00+00:00,21,Casademont Zaragoza,Valencia Basket,16,13,89.8,88.4,0.4,97.6,94.0,0.4,-7.799999999999997,0.0,91.5,89.2,0.4,96.9,92.2,0.6,-5.400000000000006,-0.19999999999999996,0.32005999999999996,0.56038,36.4,18.2,96.6,0.38402,0.60892,37.0,22.4,114.2,-17.60000000000001,-1.0,-1.0,1.0,9.0,0.1111111111111111,1,0
104234,2024-25,2025-03-01 18:45:00+00:00,21,Coviran Granada,UCAM Murcia,592,12,86.6,96.8,0.4,85.8,82.2,0.6,0.7999999999999972,-0.19999999999999996,82.2,91.1,0.2,82.6,83.9,0.4,-0.3999999999999915,-0.2,0.34006000000000003,0.5450000000000002,29.0,16.0,86.6,0.35116,0.53556,33.6,17.4,86.0,0.5999999999999943,-1.0,1.0,2.0,5.0,0.4,1,0
104235,2024-25,2025-03-01 19:45:00+00:00,21,La Laguna Tenerife,Joventut Badalona,28,8,86.0,80.6,0.8,88.2,89.0,0.6,-2.200000000000003,0.20000000000000007,88.2,82.5,0.8,90.0,85.6,0.8,-1.7999999999999972,0.0,0.44038000000000005,0.57308,29.4,22.4,102.2,0.37512,0.5119400000000001,30.8,14.4,92.4,9.799999999999997,3.0,1.0,4.0,9.0,0.4444444444444444,1,1
104237,2024-25,2025-03-02 11:30:00+00:00,21,Unicaja,BAXI Manresa,14,10,87.6,82.4,0.6,93.6,88.4,0.8,-6.0,-0.20000000000000007,87.6,81.9,0.7,89.6,87.6,0.6,-2.0,0.09999999999999998,0.35717999999999994,0.5369200000000001,32.8,20.4,93.8,0.40656,0.54764,29.6,20.4,100.2,-6.400000000000006,1.0,3.0,4.0,9.0,0.4444444444444444,1,1
104236,2024-25,2025-03-02 11:30:00+00:00,21,Surne Bilbao Basket,Bàsquet Girona,4,591,80.2,84.6,0.2,86.0,86.2,0.4,-5.799999999999997,-0.2,81.2,81.9,0.4,83.4,87.7,0.4,-2.200000000000003,0.0,0.33316,0.51604,30.4,17.2,79.6,0.29853999999999997,0.5917199999999999,35.4,18.0,88.4,-8.800000000000011,-3.0,-1.0,2.0,5.0,0.4,1,1
104239,2024-25,2025-03-02 16:00:00+00:00,21,MoraBanc Andorra,Baskonia,22,3,87.4,91.4,0.4,83.6,87.4,0.6,3.8000000000000114,-0.19999999999999996,87.7,94.4,0.3,85.9,83.5,0.6,1.7999999999999972,-0.3,0.35898,0.5116799999999999,33.4,13.6,81.6,0.35938,0.47309999999999997,31.4,14.8,84.6,-3.0,-1.0,1.0,2.0,7.0,0.2857142857142857,1,1
104238,2024-25,2025-03-02 16:00:00+00:00,21,Barça,Río Breogán,2,25,92.2,87.4,0.8,82.8,84.6,0.6,9.400000000000006,0.20000000000000007,91.2,87.9,0.5,81.7,87.0,0.5,9.5,0.0,0.38558,0.55708,35.2,15.8,105.4,0.37738,0.57536,31.0,16.8,87.6,17.80000000000001,3.0,1.0,5.0,7.0,0.7142857142857143,1,1
104240,2024-25,2025-03-02 17:30:00+00:00,21,Dreamland Gran Canaria,Real Madrid,5,9,82.2,86.2,0.2,93.4,80.2,1.0,-11.200000000000003,-0.8,87.3,87.8,0.5,90.3,78.7,0.9,-3.0,-0.4,0.36097999999999997,0.57904,28.2,15.2,85.8,0.39706,0.57448,37.4,20.0,116.0,-30.200000000000003,-3.0,5.0,2.0,9.0,0.2222222222222222,1,0
104242,2024-25,2025-03-08 17:00:00+00:00,22,Unicaja,Coviran Granada,14,592,91.4,85.6,0.6,84.2,90.4,0.4,7.200000000000003,0.19999999999999996,89.3,82.2,0.8,83.1,92.4,0.2,6.200000000000003,0.6000000000000001,0.35347999999999996,0.5254800000000001,36.6,20.4,97.0,0.34340000000000004,0.48756000000000005,31.4,14.4,83.2,13.799999999999997,1.0,-1.0,5.0,5.0,1.0,1,1
104241,2024-25,2025-03-08 17:00:00+00:00,22,Valencia Basket,Surne Bilbao Basket,13,4,96.6,89.4,0.4,83.2,84.0,0.4,13.399999999999991,0.0,98.8,90.5,0.6,84.2,81.8,0.5,14.599999999999994,0.09999999999999998,0.38146,0.63336,36.8,21.0,113.0,0.33892,0.5093799999999999,30.0,17.2,87.4,25.599999999999994,-1.0,-1.0,5.0,9.0,0.5555555555555556,1,1
104244,2024-25,2025-03-08 19:45:00+00:00,22,Bàsquet Girona,Joventut Badalona,591,8,83.4,92.0,0.2,85.8,88.2,0.4,-2.3999999999999915,-0.2,83.6,87.5,0.4,88.8,85.2,0.7,-5.200000000000003,-0.29999999999999993,0.30018,0.5599000000000001,34.2,17.4,78.0,0.36829999999999996,0.49528,31.6,14.2,87.8,-9.799999999999997,-3.0,-1.0,1.0,5.0,0.2,1,1
104243,2024-25,2025-03-08 19:45:00+00:00,22,Río Breogán,MoraBanc Andorra,25,22,82.0,89.0,0.4,88.8,90.4,0.6,-6.799999999999997,-0.19999999999999996,82.7,86.6,0.5,85.9,92.5,0.3,-3.200000000000003,0.2,0.38658000000000003,0.57672,30.4,17.0,82.4,0.33676000000000006,0.5467799999999998,34.0,14.2,87.8,-5.3999999999999915,-1.0,1.0,5.0,5.0,1.0,1,1
104245,2024-25,2025-03-09 11:30:00+00:00,22,Real Madrid,UCAM Murcia,9,12,88.0,73.8,1.0,85.8,82.4,0.6,2.200000000000003,0.4,86.6,77.2,0.9,82.6,82.5,0.5,4.0,0.4,0.35456000000000004,0.56358,38.6,17.4,107.0,0.32616,0.5421400000000001,33.8,17.4,87.0,20.0,5.0,1.0,8.0,9.0,0.8888888888888888,1,1
104246,2024-25,2025-03-09 11:30:00+00:00,22,BAXI Manresa,Leyma Coruña,10,657,94.4,91.0,0.6,88.6,93.0,0.2,5.800000000000011,0.39999999999999997,88.6,87.0,0.6,84.4,95.5,0.1,4.199999999999989,0.5,0.39780000000000004,0.5594,28.8,20.2,100.6,0.34016,0.55772,34.4,21.6,90.4,10.199999999999989,1.0,-3.0,1.0,1.0,1.0,1,1
104248,2024-25,2025-03-09 16:00:00+00:00,22,Hiopos Lleida,Casademont Zaragoza,658,16,81.0,87.8,0.2,85.6,92.8,0.4,-4.599999999999994,-0.2,82.2,89.0,0.2,87.8,91.2,0.3,-5.599999999999994,-0.09999999999999998,0.3611,0.52828,29.8,18.0,84.0,0.32654,0.5389999999999999,34.6,19.6,89.2,-5.200000000000003,-3.0,-1.0,0.0,1.0,0.0,1,1
104247,2024-25,2025-03-09 16:00:00+00:00,22,Baskonia,Dreamland Gran Canaria,3,5,87.8,86.8,0.6,78.2,84.6,0.2,9.599999999999994,0.39999999999999997,87.2,85.5,0.5,83.3,85.9,0.4,3.9000000000000057,0.09999999999999998,0.38184,0.49042,32.2,16.4,93.2,0.30974,0.57524,28.4,14.6,78.8,14.400000000000006,1.0,-3.0,3.0,9.0,0.3333333333333333,1,1
104249,2024-25,2025-03-09 17:30:00+00:00,22,Barça,La Laguna Tenerife,2,28,97.2,88.4,0.8,85.2,77.6,1.0,12.0,-0.19999999999999996,91.9,85.0,0.6,87.8,81.3,0.9,4.1000000000000085,-0.30000000000000004,0.37358,0.60812,35.0,18.0,113.8,0.42266000000000004,0.6048399999999999,27.6,20.8,103.2,10.599999999999994,3.0,5.0,9.0,9.0,1.0,1,0
104250,2024-25,2025-03-15 17:00:00+00:00,23,UCAM Murcia,Bàsquet Girona,12,591,83.6,82.8,0.4,84.0,87.2,0.4,-0.4000000000000057,0.0,82.7,82.3,0.5,84.5,87.4,0.5,-1.7999999999999972,0.0,0.33866000000000007,0.55646,31.4,17.4,80.4,0.30724,0.55756,33.2,16.0,80.0,0.4000000000000057,-1.0,-1.0,3.0,5.0,0.6,1,0
104251,2024-25,2025-03-15 17:00:00+00:00,23,Joventut Badalona,Valencia Basket,8,13,86.6,87.4,0.4,97.2,84.6,0.6,-10.600000000000009,-0.19999999999999996,87.0,85.0,0.6,99.2,89.1,0.6,-12.200000000000003,0.0,0.3653,0.5314,30.6,14.4,89.2,0.38982,0.64512,38.8,21.8,115.8,-26.599999999999994,-1.0,1.0,4.0,9.0,0.4444444444444444,1,0
104252,2024-25,2025-03-15 19:45:00+00:00,23,Casademont Zaragoza,Unicaja,16,14,85.6,92.8,0.4,91.6,84.0,0.6,-6.0,-0.19999999999999996,87.5,91.3,0.3,89.8,81.2,0.8,-2.299999999999997,-0.5,0.36273999999999995,0.49268,34.2,19.8,88.2,0.37824,0.52572,35.0,19.8,96.4,-8.200000000000003,-1.0,1.0,3.0,9.0,0.3333333333333333,1,1
104253,2024-25,2025-03-15 19:45:00+00:00,23,Dreamland Gran Canaria,BAXI Manresa,5,10,78.6,83.8,0.2,97.8,94.4,0.6,-19.200000000000003,-0.39999999999999997,81.7,84.9,0.3,91.7,87.1,0.7,-10.0,-0.39999999999999997,0.31926,0.56496,27.2,13.4,76.8,0.38932,0.5468,30.2,22.0,104.2,-27.400000000000006,-3.0,1.0,4.0,9.0,0.4444444444444444,1,1
104254,2024-25,2025-03-16 10:30:00+00:00,23,Coviran Granada,Hiopos Lleida,592,658,80.4,91.2,0.2,82.8,90.4,0.2,-2.3999999999999915,0.0,83.5,93.2,0.2,83.2,90.7,0.2,0.29999999999999716,0.0,0.3184,0.47474000000000005,34.2,13.0,78.4,0.34316,0.55476,30.0,18.8,91.4,-13.0,-3.0,-3.0,0.0,1.0,0.0,1,0
104255,2024-25,2025-03-16 11:30:00+00:00,23,Leyma Coruña,Río Breogán,657,25,90.8,96.6,0.2,82.6,84.4,0.6,8.200000000000003,-0.39999999999999997,84.8,96.5,0.1,84.4,86.6,0.5,0.3999999999999915,-0.4,0.37882,0.54976,33.8,23.2,94.0,0.40356000000000003,0.57362,31.0,19.0,86.6,7.400000000000006,-3.0,1.0,0.0,1.0,0.0,1,0
104256,2024-25,2025-03-16 16:00:00+00:00,23,MoraBanc Andorra,Barça,22,2,86.8,89.2,0.6,96.2,90.6,0.6,-9.400000000000006,0.0,85.4,91.4,0.3,90.6,86.6,0.5,-5.199999999999989,-0.2,0.33836,0.5259999999999999,33.2,15.6,86.8,0.34996,0.642,33.4,15.8,107.6,-20.799999999999997,1.0,1.0,1.0,7.0,0.14285714285714285,1,0
104257,2024-25,2025-03-16 16:00:00+00:00,23,Surne Bilbao Basket,La Laguna Tenerife,4,28,80.4,82.4,0.4,84.2,80.0,1.0,-3.799999999999997,-0.6,82.4,83.4,0.4,89.1,83.1,0.9,-6.699999999999989,-0.5,0.32134,0.48599999999999993,30.2,17.0,84.6,0.4157,0.60008,26.0,19.6,99.4,-14.800000000000011,-1.0,5.0,1.0,9.0,0.1111111111111111,1,0
104258,2024-25,2025-03-16 17:30:00+00:00,23,Real Madrid,Baskonia,9,3,84.0,72.0,1.0,85.2,84.6,0.6,-1.2000000000000028,0.4,86.2,76.2,1.0,86.8,84.5,0.6,-0.5999999999999943,0.4,0.31126,0.51106,40.2,15.8,102.8,0.37928,0.50654,31.6,16.8,91.0,11.799999999999997,5.0,1.0,6.0,9.0,0.6666666666666666,1,1
104259,2024-25,2025-03-22 17:00:00+00:00,24,Bàsquet Girona,Dreamland Gran Canaria,591,5,81.0,83.0,0.4,84.0,87.6,0.4,-3.0,0.0,85.3,84.2,0.6,81.4,84.4,0.3,3.8999999999999915,0.3,0.2979,0.5408999999999999,35.6,15.8,76.6,0.39126000000000005,0.5707800000000001,27.2,13.6,84.8,-8.200000000000003,-1.0,-1.0,2.0,5.0,0.4,1,0
104260,2024-25,2025-03-22 17:00:00+00:00,24,Valencia Basket,Leyma Coruña,13,657,95.6,83.2,0.6,95.6,99.8,0.2,0.0,0.39999999999999997,100.2,88.3,0.7,86.7,97.1,0.1,13.5,0.6,0.42982000000000004,0.6096600000000001,37.4,21.6,110.8,0.36738,0.58422,32.8,23.0,99.6,11.200000000000003,1.0,-3.0,1.0,1.0,1.0,1,1
104262,2024-25,2025-03-22 19:45:00+00:00,24,Río Breogán,UCAM Murcia,25,12,88.6,89.8,0.6,78.4,79.0,0.4,10.199999999999989,0.19999999999999996,87.3,87.8,0.6,80.7,81.8,0.4,6.599999999999994,0.19999999999999996,0.42418000000000006,0.61074,32.0,20.4,97.6,0.30382,0.5311600000000001,32.6,16.2,75.6,22.0,1.0,-1.0,2.0,7.0,0.2857142857142857,1,0
104261,2024-25,2025-03-22 19:45:00+00:00,24,Baskonia,BAXI Manresa,3,10,85.2,86.4,0.4,96.4,90.8,0.6,-11.200000000000003,-0.19999999999999996,86.4,84.8,0.5,92.6,88.3,0.7,-6.199999999999989,-0.19999999999999996,0.37008,0.53142,30.4,18.2,90.8,0.35594,0.58034,31.2,21.2,104.2,-13.400000000000006,-1.0,1.0,6.0,9.0,0.6666666666666666,1,1
104263,2024-25,2025-03-23 11:30:00+00:00,24,Hiopos Lleida,Joventut Badalona,658,8,85.0,91.2,0.4,85.2,91.8,0.2,-0.20000000000000284,0.2,84.5,89.7,0.3,86.7,88.2,0.5,-2.200000000000003,-0.2,0.3065,0.54142,31.0,17.0,90.8,0.40920000000000006,0.49926000000000004,29.0,15.2,84.8,6.0,-1.0,-3.0,0.0,1.0,0.0,1,0
104264,2024-25,2025-03-23 12:00:00+00:00,24,La Laguna Tenerife,MoraBanc Andorra,28,22,85.2,79.6,1.0,90.0,94.6,0.6,-4.799999999999997,0.4,87.4,81.3,0.9,86.2,93.5,0.3,1.2000000000000028,0.6000000000000001,0.37236,0.63106,26.2,18.6,98.4,0.32884,0.56958,32.2,15.8,91.4,7.0,5.0,1.0,7.0,7.0,1.0,1,1
104265,2024-25,2025-03-23 16:00:00+00:00,24,Barça,Casademont Zaragoza,2,16,99.8,90.8,0.6,85.2,91.6,0.4,14.599999999999994,0.19999999999999996,94.8,88.4,0.6,86.3,91.4,0.3,8.5,0.3,0.38996,0.66478,32.2,18.8,113.4,0.34846,0.5080600000000001,33.8,19.0,86.6,26.80000000000001,1.0,-1.0,5.0,9.0,0.5555555555555556,1,1
104266,2024-25,2025-03-23 16:00:00+00:00,24,Surne Bilbao Basket,Coviran Granada,4,592,79.2,82.2,0.4,80.4,89.0,0.2,-1.2000000000000028,0.2,78.9,83.0,0.3,83.6,93.3,0.2,-4.699999999999989,0.09999999999999998,0.3134,0.47942,30.4,16.6,84.8,0.29910000000000003,0.47916,36.8,12.8,81.6,3.200000000000003,-1.0,-3.0,3.0,5.0,0.6,1,1
104267,2024-25,2025-03-23 17:30:00+00:00,24,Unicaja,Real Madrid,14,9,88.4,82.6,0.6,82.6,72.8,1.0,5.800000000000011,-0.4,88.1,81.9,0.7,87.2,76.9,1.0,0.8999999999999915,-0.30000000000000004,0.3611,0.52254,34.8,20.6,92.0,0.30436,0.48002,39.8,15.4,96.4,-4.400000000000006,1.0,5.0,1.0,9.0,0.1111111111111111,1,0
104268,2024-25,2025-03-29 17:00:00+00:00,25,UCAM Murcia,MoraBanc Andorra,12,22,78.0,77.2,0.4,89.6,97.0,0.4,-11.599999999999994,0.0,81.6,79.9,0.5,87.2,94.9,0.3,-5.6000000000000085,0.2,0.31555999999999995,0.49512,34.2,15.0,74.6,0.38268,0.56662,30.2,17.0,96.2,-21.60000000000001,-1.0,-1.0,3.0,7.0,0.42857142857142855,1,0
104269,2024-25,2025-03-29 17:00:00+00:00,25,BAXI Manresa,Hiopos Lleida,10,658,92.6,90.4,0.4,86.2,90.2,0.4,6.3999999999999915,0.0,92.2,89.4,0.6,83.4,87.6,0.3,8.799999999999997,0.3,0.34234,0.55872,31.8,20.0,98.0,0.30746,0.5342800000000001,31.4,17.0,89.8,8.200000000000003,-1.0,-1.0,0.0,1.0,0.0,1,0
104270,2024-25,2025-03-29 19:45:00+00:00,25,Leyma Coruña,Bàsquet Girona,657,591,93.8,105.6,0.2,83.4,86.4,0.4,10.399999999999991,-0.2,85.7,99.9,0.1,84.9,85.2,0.5,0.7999999999999972,-0.4,0.35668,0.59752,31.0,23.4,94.6,0.31248000000000004,0.56616,34.2,16.2,83.0,11.599999999999994,-3.0,-1.0,1.0,1.0,1.0,1,0
104271,2024-25,2025-03-29 19:45:00+00:00,25,Casademont Zaragoza,La Laguna Tenerife,16,28,88.4,93.4,0.4,85.2,79.8,1.0,3.200000000000003,-0.6,86.1,90.5,0.3,86.4,80.0,0.9,-0.30000000000001137,-0.6000000000000001,0.37429999999999997,0.55568,30.4,21.4,91.6,0.3746,0.61776,26.4,18.2,95.8,-4.200000000000003,-1.0,5.0,1.0,9.0,0.1111111111111111,1,0
104272,2024-25,2025-03-30 08:30:00+00:00,25,Coviran Granada,Valencia Basket,592,13,82.4,92.4,0.0,104.2,82.2,0.8,-21.799999999999997,-0.8,84.2,92.7,0.2,102.2,87.2,0.7,-18.0,-0.49999999999999994,0.33006,0.47804,37.6,15.0,81.6,0.46506,0.66298,38.2,26.0,128.4,-46.80000000000001,-5.0,3.0,1.0,5.0,0.2,1,0
104273,2024-25,2025-03-30 11:00:00+00:00,25,Dreamland Gran Canaria,Unicaja,5,14,83.4,86.8,0.4,90.6,89.4,0.4,-7.199999999999989,0.0,83.1,84.1,0.4,89.7,84.9,0.6,-6.6000000000000085,-0.19999999999999996,0.40034000000000003,0.56276,26.0,15.2,84.6,0.40443999999999997,0.51514,32.0,21.2,90.6,-6.0,-1.0,-1.0,5.0,9.0,0.5555555555555556,1,1
104274,2024-25,2025-03-30 15:00:00+00:00,25,Real Madrid,Surne Bilbao Basket,9,4,86.8,79.2,1.0,79.2,84.8,0.4,7.599999999999994,0.6,89.0,79.2,1.0,79.8,84.4,0.3,9.200000000000003,0.7,0.32394,0.49905999999999995,39.0,15.2,101.4,0.30222,0.48672000000000004,31.0,14.8,83.8,17.60000000000001,5.0,-1.0,7.0,9.0,0.7777777777777778,1,1
104275,2024-25,2025-03-30 15:00:00+00:00,25,Río Breogán,Baskonia,25,3,86.0,87.8,0.6,88.6,84.4,0.6,-2.5999999999999943,0.0,86.4,87.6,0.6,87.2,84.3,0.6,-0.7999999999999972,0.0,0.40118,0.5632400000000001,34.6,17.8,90.8,0.38777999999999996,0.54406,30.8,19.4,98.0,-7.200000000000003,1.0,1.0,1.0,7.0,0.14285714285714285,1,1
104276,2024-25,2025-03-30 16:30:00+00:00,25,Joventut Badalona,Barça,8,2,87.8,90.8,0.4,100.8,89.2,0.8,-13.0,-0.4,86.4,88.5,0.5,95.5,88.8,0.7,-9.099999999999994,-0.19999999999999996,0.383,0.54916,29.6,15.8,91.6,0.38834,0.67906,31.0,20.4,115.2,-23.60000000000001,-1.0,3.0,3.0,9.0,0.3333333333333333,1,0
104278,2024-25,2025-04-05 16:00:00+00:00,26,Hiopos Lleida,Río Breogán,658,25,88.4,89.0,0.6,87.4,88.4,0.6,1.0,0.0,84.4,87.5,0.4,85.1,86.5,0.6,-0.6999999999999886,-0.19999999999999996,0.29858,0.5624800000000001,32.4,17.0,94.8,0.4324199999999999,0.53284,35.2,18.8,92.8,2.0,1.0,1.0,1.0,1.0,1.0,1,1
104277,2024-25,2025-04-05 16:00:00+00:00,26,MoraBanc Andorra,Joventut Badalona,22,8,85.4,94.0,0.4,83.6,88.6,0.2,1.8000000000000114,0.2,86.4,92.7,0.4,85.9,88.8,0.4,0.5,0.0,0.39138,0.5460200000000001,28.8,17.2,91.8,0.36269999999999997,0.5421799999999999,30.6,16.6,87.0,4.799999999999997,-1.0,-3.0,3.0,7.0,0.42857142857142855,1,0
104279,2024-25,2025-04-05 18:45:00+00:00,26,Surne Bilbao Basket,Dreamland Gran Canaria,4,5,78.4,84.6,0.4,82.8,83.4,0.6,-4.3999999999999915,-0.19999999999999996,79.3,84.6,0.3,82.5,84.8,0.4,-3.200000000000003,-0.10000000000000003,0.33804,0.4443,31.6,14.6,79.6,0.41146000000000005,0.54484,27.8,14.6,85.2,-5.6000000000000085,-1.0,1.0,3.0,9.0,0.3333333333333333,1,1
104280,2024-25,2025-04-05 18:45:00+00:00,26,Valencia Basket,UCAM Murcia,13,12,106.4,76.0,1.0,78.4,78.6,0.4,28.0,0.6,102.0,85.0,0.7,82.1,80.4,0.5,19.900000000000006,0.19999999999999996,0.47038,0.68546,39.8,27.0,136.4,0.2894,0.5009399999999999,35.4,15.8,77.8,58.60000000000001,5.0,-1.0,6.0,9.0,0.6666666666666666,1,0
104281,2024-25,2025-04-06 10:30:00+00:00,26,BAXI Manresa,Casademont Zaragoza,10,16,92.6,94.6,0.2,86.0,94.2,0.2,6.599999999999994,0.0,93.1,91.5,0.5,87.9,91.3,0.3,5.199999999999989,0.2,0.35208,0.55486,31.8,20.0,93.2,0.35736,0.52326,31.2,19.2,89.0,4.200000000000003,-3.0,-3.0,5.0,9.0,0.5555555555555556,1,1
104282,2024-25,2025-04-06 11:00:00+00:00,26,La Laguna Tenerife,Coviran Granada,28,592,88.2,82.2,1.0,79.8,91.2,0.0,8.400000000000006,1.0,87.1,81.4,0.9,83.2,94.0,0.2,3.8999999999999915,0.7,0.37322,0.61688,27.2,19.2,99.2,0.31932,0.44592,38.4,13.4,75.2,24.0,5.0,-5.0,5.0,5.0,1.0,1,1
104283,2024-25,2025-04-06 15:00:00+00:00,26,Unicaja,Leyma Coruña,14,657,92.6,91.4,0.4,90.8,104.0,0.2,1.7999999999999972,0.2,90.1,86.9,0.5,88.0,98.4,0.1,2.0999999999999943,0.4,0.4152,0.53118,30.8,22.0,94.2,0.33668,0.62368,29.4,21.8,92.4,1.7999999999999972,-1.0,-3.0,1.0,1.0,1.0,1,1
104284,2024-25,2025-04-06 15:00:00+00:00,26,Baskonia,Bàsquet Girona,3,591,84.4,85.6,0.4,85.4,84.0,0.6,-1.0,-0.19999999999999996,84.0,86.5,0.5,85.7,85.1,0.5,-1.7000000000000028,0.0,0.36158,0.5328999999999999,30.6,18.6,90.0,0.33608000000000005,0.55282,33.6,16.6,86.0,4.0,-1.0,1.0,3.0,5.0,0.6,1,1
104285,2024-25,2025-04-06 16:30:00+00:00,26,Barça,Real Madrid,2,9,99.4,89.2,0.8,85.4,76.4,1.0,14.0,-0.19999999999999996,95.8,88.3,0.8,89.4,78.3,1.0,6.3999999999999915,-0.19999999999999996,0.3915,0.6568400000000001,31.6,20.2,112.6,0.31042000000000003,0.5461199999999999,38.4,14.2,101.0,11.599999999999994,3.0,5.0,6.0,9.0,0.6666666666666666,1,0
104286,2024-25,2025-04-12 16:00:00+00:00,27,Bàsquet Girona,Río Breogán,591,25,84.0,83.2,0.6,87.8,86.8,0.6,-3.799999999999997,0.0,83.7,87.6,0.4,84.9,87.9,0.5,-1.2000000000000028,-0.09999999999999998,0.34538,0.51948,33.0,17.6,85.0,0.4202,0.5436,36.0,17.4,92.0,-7.0,1.0,1.0,1.0,5.0,0.2,1,1
104293,2024-25,2025-04-12 17:00:00+00:00,27,MoraBanc Andorra,Surne Bilbao Basket,22,4,84.0,96.2,0.2,78.4,83.6,0.4,5.599999999999994,-0.2,86.4,93.3,0.4,80.8,83.8,0.4,5.6000000000000085,0.0,0.40708,0.55022,25.8,17.0,88.6,0.35336,0.4701000000000001,31.0,15.2,78.0,10.599999999999994,-3.0,-1.0,4.0,7.0,0.5714285714285714,1,1
104288,2024-25,2025-04-12 18:45:00+00:00,27,UCAM Murcia,Baskonia,12,3,78.0,76.4,0.4,85.2,82.2,0.6,-7.200000000000003,-0.19999999999999996,81.9,79.4,0.5,86.5,84.5,0.6,-4.599999999999994,-0.09999999999999998,0.32632,0.47206000000000004,37.4,16.2,79.6,0.3755,0.56928,32.0,19.2,96.2,-16.60000000000001,-1.0,1.0,4.0,9.0,0.4444444444444444,1,0
104290,2024-25,2025-04-13 10:30:00+00:00,27,Joventut Badalona,BAXI Manresa,8,10,87.2,89.4,0.4,92.2,90.2,0.4,-5.0,0.0,86.5,88.8,0.4,93.3,90.6,0.5,-6.799999999999997,-0.09999999999999998,0.36041999999999996,0.5997600000000001,30.8,19.0,94.4,0.34406,0.5728199999999999,31.0,19.0,92.8,1.6000000000000085,-1.0,-1.0,4.0,9.0,0.4444444444444444,1,0
104291,2024-25,2025-04-13 11:00:00+00:00,27,La Laguna Tenerife,Real Madrid,28,9,90.8,83.4,1.0,89.8,83.4,1.0,1.0,0.0,88.0,80.5,1.0,88.9,78.6,1.0,-0.9000000000000057,0.0,0.3355,0.6399,29.4,18.8,102.6,0.34492,0.5549600000000001,37.0,15.6,104.4,-1.8000000000000114,5.0,5.0,1.0,9.0,0.1111111111111111,1,0
104292,2024-25,2025-04-13 13:00:00+00:00,27,Coviran Granada,Barça,592,2,80.8,92.6,0.0,96.8,91.6,0.6,-16.0,-0.6,82.5,91.5,0.2,97.0,90.0,0.7,-14.5,-0.49999999999999994,0.3342,0.49656,36.8,14.0,76.2,0.36063999999999996,0.65424,31.8,17.6,106.2,-30.0,-5.0,1.0,0.0,5.0,0.0,1,0
104294,2024-25,2025-04-13 16:30:00+00:00,27,Valencia Basket,Unicaja,13,14,97.6,79.0,0.8,94.4,93.0,0.4,3.1999999999999886,0.4,97.1,84.2,0.6,92.9,89.3,0.5,4.199999999999989,0.09999999999999998,0.41362,0.63696,38.8,25.4,121.6,0.39784,0.5558799999999999,28.2,23.4,98.4,23.19999999999999,3.0,-1.0,4.0,9.0,0.4444444444444444,1,1
104296,2024-25,2025-04-19 16:00:00+00:00,28,Unicaja,Surne Bilbao Basket,14,4,90.4,94.2,0.2,80.6,82.6,0.4,9.800000000000011,-0.2,91.0,89.1,0.4,80.5,82.5,0.4,10.5,0.0,0.35362,0.5617599999999999,29.0,22.4,92.4,0.35262000000000004,0.50716,31.0,15.4,80.6,11.800000000000011,-3.0,-1.0,8.0,9.0,0.8888888888888888,1,1
104295,2024-25,2025-04-19 16:00:00+00:00,28,BAXI Manresa,Bàsquet Girona,10,591,89.8,89.4,0.4,85.6,85.0,0.6,4.200000000000003,-0.19999999999999996,93.8,91.9,0.5,84.8,86.1,0.5,9.0,0.0,0.3343,0.57312,29.6,17.6,87.6,0.34052,0.5163399999999999,32.6,18.8,88.4,-0.8000000000000114,-1.0,1.0,4.0,5.0,0.8,1,1
104297,2024-25,2025-04-19 18:45:00+00:00,28,Leyma Coruña,Coviran Granada,657,592,92.4,110.0,0.0,82.4,92.2,0.0,10.0,0.0,90.5,101.5,0.1,81.4,91.7,0.1,9.099999999999994,0.0,0.35124,0.61116,28.6,22.0,93.0,0.3039,0.51396,35.4,13.6,76.0,17.0,-5.0,-5.0,0.0,1.0,0.0,1,1
104298,2024-25,2025-04-19 18:45:00+00:00,28,UCAM Murcia,Joventut Badalona,12,8,79.4,78.6,0.4,89.0,91.2,0.4,-9.599999999999994,0.0,81.5,80.7,0.4,87.8,89.3,0.4,-6.299999999999997,0.0,0.32824000000000003,0.46502,37.0,15.2,80.8,0.3406,0.5914200000000001,32.4,19.4,96.8,-16.0,-1.0,-1.0,3.0,9.0,0.3333333333333333,1,1
104300,2024-25,2025-04-20 10:30:00+00:00,28,Hiopos Lleida,Valencia Basket,658,13,90.4,85.8,0.8,96.6,80.0,0.8,-6.199999999999989,0.0,85.7,86.8,0.5,96.9,82.3,0.7,-11.200000000000003,-0.19999999999999996,0.30228,0.562,34.0,16.2,99.0,0.38212,0.6505600000000001,37.4,24.4,120.2,-21.200000000000003,3.0,3.0,0.0,1.0,0.0,1,0
104299,2024-25,2025-04-20 10:30:00+00:00,28,Real Madrid,MoraBanc Andorra,9,22,89.6,82.0,1.0,86.0,93.6,0.4,3.5999999999999943,0.6,86.8,77.0,1.0,86.4,91.4,0.5,0.3999999999999915,0.5,0.3406,0.59668,35.4,15.8,101.8,0.42396,0.5829599999999999,27.0,17.2,94.8,7.0,5.0,-1.0,6.0,7.0,0.8571428571428571,1,1
104301,2024-25,2025-04-20 15:00:00+00:00,28,Baskonia,La Laguna Tenerife,3,28,86.6,82.6,0.6,85.4,80.8,0.8,1.1999999999999886,-0.20000000000000007,85.9,83.6,0.6,84.8,80.4,0.9,1.1000000000000085,-0.30000000000000004,0.36913999999999997,0.5759399999999999,34.6,18.4,99.4,0.34349999999999997,0.5802,30.2,18.0,95.0,4.400000000000006,1.0,3.0,4.0,9.0,0.4444444444444444,1,0
104302,2024-25,2025-04-20 15:00:00+00:00,28,Río Breogán,Casademont Zaragoza,25,16,86.0,90.2,0.4,88.4,90.2,0.2,-2.4000000000000057,0.2,84.3,87.3,0.5,87.0,91.5,0.3,-2.700000000000003,0.2,0.40015999999999996,0.5258200000000001,35.6,16.6,88.4,0.37428,0.5532600000000001,31.8,17.8,93.0,-4.599999999999994,-1.0,-3.0,2.0,7.0,0.2857142857142857,1,1
104303,2024-25,2025-04-20 16:30:00+00:00,28,Barça,Dreamland Gran Canaria,2,5,97.0,89.8,0.8,87.6,88.8,0.6,9.400000000000006,0.20000000000000007,96.6,90.2,0.7,82.9,86.7,0.4,13.699999999999989,0.29999999999999993,0.37322,0.63114,31.6,18.8,107.8,0.44125999999999993,0.5490600000000001,27.2,16.0,92.2,15.599999999999994,3.0,1.0,8.0,9.0,0.8888888888888888,1,1
104305,2024-25,2025-04-26 12:30:00+00:00,29,Coviran Granada,BAXI Manresa,592,10,83.8,93.8,0.0,91.0,87.4,0.6,-7.200000000000003,-0.6,82.1,91.4,0.1,93.7,89.1,0.6,-11.600000000000009,-0.5,0.33748,0.48466,32.2,14.2,77.6,0.37898,0.5418,31.2,17.6,91.0,-13.400000000000006,-5.0,1.0,0.0,5.0,0.0,1,1
104304,2024-25,2025-04-26 15:00:00+00:00,29,Casademont Zaragoza,Dreamland Gran Canaria,16,5,87.2,88.8,0.2,89.6,92.8,0.6,-2.3999999999999915,-0.39999999999999997,86.4,90.8,0.3,84.1,88.3,0.4,2.3000000000000114,-0.10000000000000003,0.35141999999999995,0.57326,33.0,18.2,94.0,0.43888,0.5652999999999999,27.8,17.8,96.4,-2.4000000000000057,-3.0,1.0,2.0,9.0,0.2222222222222222,1,0
104307,2024-25,2025-04-26 17:30:00+00:00,29,La Laguna Tenerife,Leyma Coruña,28,657,89.0,85.6,0.8,93.2,107.0,0.2,-4.200000000000003,0.6000000000000001,87.1,82.6,0.9,92.0,101.8,0.2,-4.900000000000006,0.7,0.4071999999999999,0.57016,28.2,18.8,98.4,0.34052,0.63338,27.0,22.8,96.4,2.0,3.0,-3.0,1.0,1.0,1.0,1,1
104306,2024-25,2025-04-26 17:30:00+00:00,29,Río Breogán,Joventut Badalona,25,8,82.8,87.6,0.4,87.8,90.4,0.4,-5.0,0.0,85.7,88.7,0.5,86.5,91.1,0.3,-0.7999999999999972,0.2,0.38576,0.5445800000000001,34.0,16.8,83.4,0.33442,0.6041200000000001,30.8,18.6,92.2,-8.799999999999997,-1.0,-1.0,2.0,7.0,0.2857142857142857,1,0
104309,2024-25,2025-04-27 10:30:00+00:00,29,Valencia Basket,Baskonia,13,3,91.0,75.6,0.8,88.8,84.6,0.6,2.200000000000003,0.20000000000000007,93.3,79.4,0.7,87.0,85.5,0.5,6.299999999999997,0.19999999999999996,0.34462000000000004,0.6112599999999999,40.6,23.6,115.2,0.39136,0.61498,32.2,20.0,104.6,10.600000000000009,3.0,1.0,4.0,9.0,0.4444444444444444,1,0
104308,2024-25,2025-04-27 10:30:00+00:00,29,Bàsquet Girona,Real Madrid,591,9,87.2,91.2,0.4,92.6,85.8,1.0,-5.3999999999999915,-0.6,84.1,87.1,0.4,87.6,79.3,1.0,-3.5,-0.6,0.37386,0.5101,29.0,18.4,86.6,0.35552,0.6324,34.2,16.6,106.0,-19.400000000000006,-1.0,5.0,0.0,5.0,0.0,1,0
104311,2024-25,2025-04-27 15:00:00+00:00,29,Surne Bilbao Basket,UCAM Murcia,4,12,83.4,86.8,0.4,86.6,80.0,0.6,-3.1999999999999886,-0.19999999999999996,81.3,84.5,0.4,82.5,79.5,0.5,-1.2000000000000028,-0.09999999999999998,0.36500000000000005,0.5425,29.4,16.4,82.6,0.38428000000000007,0.5174,35.8,18.2,94.8,-12.200000000000003,-1.0,1.0,4.0,9.0,0.4444444444444444,1,0
104310,2024-25,2025-04-27 15:00:00+00:00,29,MoraBanc Andorra,Hiopos Lleida,22,658,87.2,90.6,0.4,84.4,82.8,0.6,2.799999999999997,-0.19999999999999996,88.6,92.6,0.5,83.6,86.6,0.4,5.0,0.09999999999999998,0.44958,0.55386,29.4,16.6,96.8,0.29356,0.49458,35.6,13.8,85.2,11.599999999999994,-1.0,1.0,0.0,1.0,0.0,1,1
104312,2024-25,2025-04-27 16:30:00+00:00,29,Barça,Unicaja,2,14,95.2,89.6,0.8,95.8,93.2,0.4,-0.5999999999999943,0.4,97.5,90.2,0.7,92.1,87.9,0.5,5.400000000000006,0.19999999999999996,0.36698,0.61636,31.8,18.4,106.0,0.39224000000000003,0.59258,27.6,23.8,103.0,3.0,3.0,-1.0,5.0,9.0,0.5555555555555556,1,1
104287,2024-25,2025-04-30 18:00:00+00:00,27,Casademont Zaragoza,Leyma Coruña,16,657,87.8,94.4,0.0,90.2,104.2,0.2,-2.4000000000000057,-0.2,86.5,93.0,0.2,92.9,102.0,0.2,-6.400000000000006,0.0,0.3712,0.57754,31.2,18.8,91.6,0.33486000000000005,0.67158,27.0,21.4,95.0,-3.4000000000000057,-5.0,-3.0,0.0,1.0,0.0,1,1
104327,2024-25,2025-05-01 11:30:00+00:00,31,La Laguna Tenerife,Unicaja,28,14,88.2,85.4,0.8,91.0,88.4,0.4,-2.799999999999997,0.4,86.7,82.6,0.9,90.8,88.9,0.4,-4.099999999999994,0.5,0.3862,0.5938800000000001,29.2,18.6,97.8,0.35622,0.58488,28.4,22.4,98.4,-0.6000000000000085,3.0,-1.0,6.0,9.0,0.6666666666666666,1,0
104313,2024-25,2025-05-03 16:00:00+00:00,30,Joventut Badalona,Surne Bilbao Basket,8,4,87.0,87.2,0.4,81.2,85.8,0.2,5.799999999999997,0.2,87.4,89.0,0.4,80.2,85.3,0.3,7.200000000000003,0.10000000000000003,0.31938,0.6098,30.2,19.2,93.8,0.36014,0.51006,30.2,16.8,81.0,12.799999999999997,-1.0,-3.0,6.0,9.0,0.6666666666666666,1,1
104314,2024-25,2025-05-03 16:00:00+00:00,30,Baskonia,Casademont Zaragoza,3,16,96.4,92.8,0.6,85.6,90.2,0.2,10.800000000000011,0.39999999999999997,92.5,88.6,0.6,87.0,91.8,0.3,5.5,0.3,0.40752000000000005,0.61968,33.2,20.4,111.6,0.36896,0.5402,32.2,18.6,89.4,22.19999999999999,1.0,-3.0,7.0,9.0,0.7777777777777778,1,1
104316,2024-25,2025-05-03 18:45:00+00:00,30,Dreamland Gran Canaria,Coviran Granada,5,592,90.2,92.4,0.6,83.4,91.6,0.2,6.799999999999997,0.39999999999999997,87.1,90.0,0.5,82.9,92.0,0.1,4.199999999999989,0.4,0.40372,0.57436,27.8,20.4,100.8,0.30056,0.5189999999999999,32.2,12.6,77.8,23.0,1.0,-3.0,3.0,5.0,0.6,1,1
104315,2024-25,2025-05-03 18:45:00+00:00,30,BAXI Manresa,Río Breogán,10,25,90.2,86.6,0.6,81.8,86.8,0.4,8.400000000000006,0.19999999999999996,91.4,88.5,0.5,83.9,87.3,0.5,7.5,0.0,0.37272,0.56592,30.0,17.0,89.2,0.36672,0.5551,33.0,17.0,82.6,6.6000000000000085,1.0,-1.0,5.0,7.0,0.7142857142857143,1,0
104317,2024-25,2025-05-04 10:30:00+00:00,30,Bàsquet Girona,La Laguna Tenerife,591,28,84.2,88.0,0.4,85.2,85.8,0.6,-1.0,-0.19999999999999996,83.8,87.2,0.4,86.7,84.0,0.8,-2.9000000000000057,-0.4,0.34391999999999995,0.48041999999999996,31.6,18.0,83.6,0.33574,0.6046,28.2,17.0,94.4,-10.800000000000011,-1.0,1.0,0.0,5.0,0.0,1,0
104318,2024-25,2025-05-04 10:30:00+00:00,30,Unicaja,MoraBanc Andorra,14,22,91.4,85.8,0.6,89.6,87.2,0.6,1.8000000000000114,0.0,92.0,88.6,0.5,89.6,92.1,0.5,2.4000000000000057,0.0,0.36424,0.57126,29.6,21.8,97.4,0.42458,0.5584399999999998,30.8,17.2,97.2,0.20000000000000284,1.0,1.0,5.0,7.0,0.7142857142857143,1,1
104319,2024-25,2025-05-04 15:00:00+00:00,30,Hiopos Lleida,UCAM Murcia,658,12,83.2,85.6,0.4,86.0,82.0,0.6,-2.799999999999997,-0.19999999999999996,84.1,88.4,0.4,82.0,79.6,0.5,2.0999999999999943,-0.09999999999999998,0.3174,0.52562,34.8,14.8,86.2,0.34850000000000003,0.5549000000000001,35.8,18.8,93.4,-7.200000000000003,-1.0,1.0,0.0,1.0,0.0,1,1
104321,2024-25,2025-05-04 16:30:00+00:00,30,Real Madrid,Valencia Basket,9,13,87.0,79.0,1.0,90.6,85.0,0.6,-3.5999999999999943,0.4,86.9,79.1,1.0,97.4,83.6,0.7,-10.5,0.30000000000000004,0.34064,0.6342399999999999,34.0,17.4,97.6,0.31562,0.56704,40.0,20.8,105.0,-7.400000000000006,5.0,1.0,5.0,9.0,0.5555555555555556,1,1
104320,2024-25,2025-05-08 18:30:00+00:00,30,Leyma Coruña,Barça,657,2,89.2,95.6,0.2,92.4,86.8,0.8,-3.200000000000003,-0.6000000000000001,91.5,100.6,0.2,96.6,88.0,0.8,-5.099999999999994,-0.6000000000000001,0.33912,0.64944,29.8,21.0,97.6,0.38044,0.57986,32.6,16.8,104.0,-6.400000000000006,-3.0,3.0,0.0,1.0,0.0,1,1
104325,2024-25,2025-05-10 15:00:00+00:00,31,Joventut Badalona,Baskonia,8,3,87.2,84.4,0.6,98.0,92.0,0.8,-10.799999999999997,-0.20000000000000007,85.4,86.5,0.4,91.2,88.8,0.6,-5.799999999999997,-0.19999999999999996,0.32858,0.63202,30.4,18.8,95.6,0.37658,0.6387,34.8,19.6,116.8,-21.200000000000003,1.0,3.0,7.0,9.0,0.7777777777777778,1,1
104323,2024-25,2025-05-10 17:30:00+00:00,31,MoraBanc Andorra,Bàsquet Girona,22,591,88.6,91.0,0.4,81.2,88.8,0.2,7.3999999999999915,0.2,87.0,92.5,0.4,83.3,86.4,0.4,3.700000000000003,0.0,0.39154,0.5443199999999999,31.4,17.2,96.6,0.31029999999999996,0.48238000000000003,31.6,17.6,80.0,16.599999999999994,-1.0,-3.0,2.0,3.0,0.6666666666666666,1,0
104324,2024-25,2025-05-10 18:45:00+00:00,31,Valencia Basket,Dreamland Gran Canaria,13,5,89.0,90.4,0.4,90.8,91.8,0.6,-1.7999999999999972,-0.19999999999999996,97.7,83.2,0.7,87.1,89.3,0.5,10.600000000000009,0.19999999999999996,0.28944000000000003,0.56744,37.6,20.0,99.6,0.40570000000000006,0.58292,27.8,19.8,103.8,-4.200000000000003,-1.0,1.0,3.0,9.0,0.3333333333333333,1,1
104326,2024-25,2025-05-11 10:30:00+00:00,31,Casademont Zaragoza,Coviran Granada,16,592,84.6,89.6,0.2,86.2,91.8,0.2,-1.6000000000000085,0.0,85.3,91.9,0.2,83.0,91.5,0.1,2.299999999999997,0.1,0.36682,0.5483800000000001,31.6,18.8,85.2,0.32174,0.56194,30.2,13.0,81.8,3.4000000000000057,-3.0,-3.0,1.0,5.0,0.2,1,0
104328,2024-25,2025-05-11 10:30:00+00:00,31,Barça,Hiopos Lleida,2,658,92.2,88.2,0.6,82.8,83.8,0.6,9.400000000000006,0.0,95.8,88.7,0.7,84.5,87.0,0.5,11.299999999999997,0.19999999999999996,0.38044,0.6018000000000001,30.8,15.8,101.2,0.30358,0.5418999999999999,33.8,15.6,86.2,15.0,1.0,1.0,1.0,1.0,1.0,1,1
104322,2024-25,2025-05-11 10:30:00+00:00,31,Surne Bilbao Basket,Leyma Coruña,4,657,83.0,85.6,0.2,90.0,94.2,0.4,-7.0,-0.2,80.7,85.1,0.3,90.4,99.1,0.3,-9.700000000000003,0.0,0.33642,0.5490999999999999,29.4,17.6,87.0,0.35157999999999995,0.64706,29.4,20.8,98.8,-11.799999999999997,-3.0,-1.0,1.0,1.0,1.0,1,1
104330,2024-25,2025-05-11 16:30:00+00:00,31,Río Breogán,Real Madrid,25,9,85.0,89.0,0.4,88.6,82.8,1.0,-3.5999999999999943,-0.6,86.2,88.7,0.5,87.0,79.6,1.0,-0.7999999999999972,-0.5,0.3508,0.59122,30.2,16.8,85.0,0.33540000000000003,0.6300399999999999,33.4,17.4,97.2,-12.200000000000003,-1.0,5.0,1.0,7.0,0.14285714285714285,1,0
104329,2024-25,2025-05-11 16:30:00+00:00,31,UCAM Murcia,BAXI Manresa,12,10,85.6,80.8,0.6,91.0,88.4,0.6,-5.400000000000006,0.0,82.0,79.7,0.5,91.8,91.5,0.4,-9.799999999999997,0.09999999999999998,0.348,0.55572,36.6,17.2,91.2,0.3652,0.5665799999999999,31.0,17.2,91.6,-0.3999999999999915,1.0,1.0,4.0,9.0,0.4444444444444444,1,1
104289,2024-25,2025-05-14 19:00:00+00:00,27,Dreamland Gran Canaria,Hiopos Lleida,5,658,88.4,91.2,0.4,78.2,85.6,0.4,10.200000000000003,0.0,85.6,87.3,0.5,83.3,87.3,0.5,2.299999999999997,0.0,0.36284,0.5968,28.0,19.0,99.2,0.27544,0.51158,33.4,14.0,75.6,23.60000000000001,-1.0,-1.0,0.0,1.0,0.0,1,1
104332,2024-25,2025-05-17 14:00:00+00:00,32,Coviran Granada,Río Breogán,592,25,87.8,90.4,0.4,82.6,86.0,0.4,5.200000000000003,0.0,84.3,91.5,0.2,85.2,86.4,0.5,-0.9000000000000057,-0.3,0.31092,0.54678,31.8,13.4,86.4,0.35381999999999997,0.53216,29.8,16.4,82.2,4.200000000000003,-1.0,-1.0,2.0,5.0,0.4,1,1
104331,2024-25,2025-05-17 17:00:00+00:00,32,Leyma Coruña,MoraBanc Andorra,657,22,82.4,87.2,0.4,90.8,92.4,0.4,-8.399999999999991,0.0,87.4,98.6,0.2,87.4,94.3,0.3,0.0,-0.09999999999999998,0.31673999999999997,0.58944,32.6,18.4,89.0,0.39584,0.52584,33.2,16.8,97.8,-8.799999999999997,-1.0,-1.0,0.0,1.0,0.0,1,0
104333,2024-25,2025-05-17 18:45:00+00:00,32,Dreamland Gran Canaria,Joventut Badalona,5,8,91.6,90.0,0.6,85.4,81.4,0.6,6.199999999999989,0.0,89.6,89.4,0.6,86.3,85.4,0.5,3.299999999999997,0.09999999999999998,0.38680000000000003,0.62066,27.8,20.8,106.0,0.35586,0.58664,30.2,17.2,92.0,14.0,1.0,1.0,6.0,9.0,0.6666666666666666,1,1
104334,2024-25,2025-05-17 18:45:00+00:00,32,Bàsquet Girona,Valencia Basket,591,13,87.2,89.8,0.4,92.0,89.0,0.6,-4.799999999999997,-0.19999999999999996,85.6,86.5,0.5,94.8,84.0,0.7,-9.200000000000003,-0.19999999999999996,0.33262,0.5344800000000001,31.8,18.2,91.8,0.29064,0.60268,39.0,19.4,103.4,-11.600000000000009,-1.0,1.0,2.0,5.0,0.4,1,0
104336,2024-25,2025-05-18 10:30:00+00:00,32,Unicaja,UCAM Murcia,14,12,88.2,80.8,0.6,84.6,80.8,0.6,3.6000000000000085,0.0,91.3,86.9,0.5,81.3,78.6,0.5,10.0,0.0,0.37760000000000005,0.57222,30.2,21.6,93.6,0.34768,0.56584,34.8,15.8,86.2,7.3999999999999915,1.0,1.0,6.0,9.0,0.6666666666666666,1,1
104335,2024-25,2025-05-18 10:30:00+00:00,32,BAXI Manresa,Real Madrid,10,9,86.2,88.0,0.4,86.2,78.8,1.0,0.0,-0.6,89.2,89.1,0.4,88.0,81.1,1.0,1.2000000000000028,-0.6,0.3386,0.53972,32.2,17.0,85.2,0.31168,0.6148,35.0,17.4,97.6,-12.399999999999991,-1.0,5.0,2.0,9.0,0.2222222222222222,1,0
104337,2024-25,2025-05-18 15:00:00+00:00,32,Surne Bilbao Basket,Casademont Zaragoza,4,16,79.6,83.4,0.2,85.6,89.6,0.2,-6.0,0.0,79.0,83.5,0.3,87.0,89.9,0.2,-8.0,0.09999999999999998,0.31428,0.52252,30.4,17.6,83.0,0.36998,0.5470200000000001,31.2,19.4,86.0,-3.0,-3.0,-3.0,4.0,9.0,0.4444444444444444,1,0
104339,2024-25,2025-05-18 15:00:00+00:00,32,Baskonia,Barça,3,2,93.8,94.8,0.6,94.0,84.4,0.8,-0.20000000000000284,-0.20000000000000007,89.5,88.5,0.6,95.4,88.0,0.7,-5.900000000000006,-0.09999999999999998,0.33658,0.61798,33.0,16.6,106.2,0.46495999999999993,0.57884,31.8,18.8,109.2,-3.0,1.0,3.0,4.0,9.0,0.4444444444444444,1,1
104338,2024-25,2025-05-18 15:00:00+00:00,32,Hiopos Lleida,La Laguna Tenerife,658,28,77.4,88.2,0.2,84.8,85.2,0.6,-7.3999999999999915,-0.39999999999999997,83.9,87.0,0.5,87.8,84.3,0.8,-3.8999999999999915,-0.30000000000000004,0.30618,0.51902,31.6,15.0,72.8,0.37257999999999997,0.6364799999999999,26.2,18.0,92.6,-19.799999999999997,-3.0,1.0,0.0,1.0,0.0,1,0
104340,2024-25,2025-05-24 16:00:00+00:00,33,Joventut Badalona,Casademont Zaragoza,8,16,82.0,78.8,0.6,90.8,92.4,0.4,-8.799999999999997,0.19999999999999996,85.5,85.0,0.5,89.0,90.6,0.3,-3.5,0.2,0.3883,0.56654,30.2,17.6,89.2,0.36332000000000003,0.58656,32.6,18.6,88.8,0.4000000000000057,1.0,-1.0,6.0,9.0,0.6666666666666666,1,1
104341,2024-25,2025-05-24 16:00:00+00:00,33,MoraBanc Andorra,BAXI Manresa,22,10,94.8,94.4,0.4,80.8,84.4,0.2,14.0,0.2,90.4,94.0,0.4,85.3,86.9,0.3,5.1000000000000085,0.10000000000000003,0.40678000000000003,0.5379799999999999,32.8,16.8,99.8,0.31118,0.50582,33.6,16.2,77.0,22.799999999999997,-1.0,-3.0,4.0,7.0,0.5714285714285714,1,1
104342,2024-25,2025-05-24 16:00:00+00:00,33,Baskonia,Surne Bilbao Basket,3,4,97.6,98.0,0.6,84.2,88.8,0.2,13.399999999999991,0.39999999999999997,92.1,90.3,0.6,82.4,85.7,0.3,9.699999999999989,0.3,0.35462,0.6386000000000001,29.8,18.0,107.2,0.30206,0.5302,29.8,18.4,88.4,18.799999999999997,1.0,-3.0,8.0,9.0,0.8888888888888888,1,1
104343,2024-25,2025-05-24 18:45:00+00:00,33,UCAM Murcia,Leyma Coruña,12,657,86.8,83.4,0.6,82.0,90.2,0.2,4.799999999999997,0.39999999999999997,83.1,81.0,0.5,87.6,98.6,0.2,-4.5,0.3,0.34503999999999996,0.57288,35.6,17.2,91.8,0.29558,0.58388,32.2,16.6,85.2,6.599999999999994,1.0,-3.0,1.0,1.0,1.0,1,1
104344,2024-25,2025-05-25 10:00:00+00:00,33,Hiopos Lleida,Unicaja,658,14,78.4,89.8,0.2,94.0,82.6,0.8,-15.599999999999994,-0.6000000000000001,81.4,86.3,0.4,92.2,88.4,0.5,-10.799999999999997,-0.09999999999999998,0.33284,0.53796,27.8,15.8,75.4,0.41502,0.58334,30.4,23.4,103.0,-27.599999999999994,-3.0,3.0,0.0,1.0,0.0,1,0
104345,2024-25,2025-05-25 11:00:00+00:00,33,La Laguna Tenerife,Valencia Basket,28,13,88.0,83.8,0.8,93.4,91.0,0.6,-5.400000000000006,0.20000000000000007,86.7,82.3,0.8,95.0,85.5,0.7,-8.299999999999997,0.10000000000000009,0.36058,0.7076,26.6,17.8,98.6,0.3135,0.56334,39.6,19.8,103.4,-4.800000000000011,3.0,1.0,3.0,9.0,0.3333333333333333,1,0
104346,2024-25,2025-05-25 15:00:00+00:00,33,Río Breogán,Dreamland Gran Canaria,25,5,82.0,86.0,0.4,89.4,82.8,0.8,-7.400000000000006,-0.4,84.0,88.1,0.4,89.5,87.8,0.7,-5.5,-0.29999999999999993,0.33978,0.55976,28.6,15.8,80.0,0.39176,0.59376,27.2,20.0,104.0,-24.0,-1.0,3.0,3.0,7.0,0.42857142857142855,1,0
104347,2024-25,2025-05-25 15:00:00+00:00,33,Barça,Bàsquet Girona,2,591,95.0,89.2,0.6,86.0,91.0,0.2,9.0,0.39999999999999997,96.0,89.5,0.7,85.8,88.0,0.4,10.200000000000003,0.29999999999999993,0.46647999999999995,0.58528,31.8,18.4,110.0,0.31078,0.5595800000000001,34.2,18.0,89.8,20.200000000000003,1.0,-3.0,4.0,5.0,0.8,1,1
104348,2024-25,2025-05-25 15:00:00+00:00,33,Real Madrid,Coviran Granada,9,592,83.8,78.2,1.0,88.8,88.2,0.6,-5.0,0.4,86.7,80.1,1.0,85.6,90.2,0.3,1.1000000000000085,0.7,0.31802,0.59152,35.2,17.0,93.0,0.34956,0.5422,32.4,14.2,90.4,2.5999999999999943,5.0,1.0,5.0,5.0,1.0,1,1
104350,2024-25,2025-05-29 18:30:00+00:00,34,Bàsquet Girona,Hiopos Lleida,591,658,84.0,91.4,0.2,76.4,90.2,0.2,7.599999999999994,0.0,85.6,91.3,0.3,79.8,87.9,0.3,5.799999999999997,0.0,0.27364,0.57206,35.4,17.6,88.2,0.335,0.4806,28.6,15.4,70.2,18.0,-3.0,-3.0,1.0,1.0,1.0,1,1
104356,2024-25,2025-05-30 14:30:00+00:00,34,Coviran Granada,MoraBanc Andorra,592,22,84.4,85.4,0.6,92.0,91.0,0.6,-7.599999999999994,0.0,84.1,89.6,0.3,89.6,90.8,0.5,-5.5,-0.2,0.31814,0.5579799999999999,33.2,13.8,84.2,0.37588,0.5551199999999998,31.8,17.4,98.0,-13.799999999999997,1.0,1.0,1.0,3.0,0.3333333333333333,1,0
104351,2024-25,2025-05-30 16:30:00+00:00,34,Casademont Zaragoza,Real Madrid,16,9,89.2,90.8,0.4,80.0,72.2,1.0,9.200000000000003,-0.6,88.5,92.6,0.2,86.3,79.0,1.0,2.200000000000003,-0.8,0.35912,0.55382,33.4,18.4,88.2,0.29296,0.5777599999999999,36.0,17.6,91.6,-3.3999999999999915,-1.0,5.0,1.0,9.0,0.1111111111111111,1,0
104352,2024-25,2025-05-30 16:30:00+00:00,34,Surne Bilbao Basket,Barça,4,2,87.8,89.6,0.2,93.6,86.0,0.6,-5.799999999999997,-0.39999999999999997,85.6,88.2,0.3,94.4,87.8,0.7,-8.800000000000011,-0.39999999999999997,0.35634,0.50358,28.8,18.8,92.8,0.48384,0.56528,33.0,18.0,108.2,-15.400000000000006,-3.0,1.0,1.0,9.0,0.1111111111111111,1,0
104354,2024-25,2025-05-30 16:30:00+00:00,34,Leyma Coruña,Baskonia,657,3,84.0,92.8,0.2,99.8,98.8,0.8,-15.799999999999997,-0.6000000000000001,87.1,98.5,0.2,94.3,91.7,0.7,-7.200000000000003,-0.49999999999999994,0.34409999999999996,0.5346,33.6,17.4,87.8,0.35036,0.6467,31.4,17.6,110.4,-22.60000000000001,-3.0,3.0,0.0,1.0,0.0,1,0
104357,2024-25,2025-05-30 19:00:00+00:00,34,Valencia Basket,Río Breogán,13,25,98.6,97.4,0.6,78.8,85.4,0.2,19.799999999999997,0.39999999999999997,94.8,86.5,0.7,80.8,86.5,0.3,14.0,0.39999999999999997,0.34544,0.57386,36.8,20.4,106.2,0.34750000000000003,0.48344,28.2,14.2,71.4,34.8,1.0,-3.0,4.0,7.0,0.5714285714285714,1,1
104349,2024-25,2025-05-30 19:00:00+00:00,34,Dreamland Gran Canaria,UCAM Murcia,5,12,86.4,80.2,0.8,87.8,85.4,0.6,-1.3999999999999915,0.20000000000000007,88.3,86.3,0.7,87.2,82.7,0.6,1.0999999999999943,0.09999999999999998,0.36292,0.616,29.8,18.4,99.8,0.33263999999999994,0.55198,35.8,15.8,89.0,10.799999999999997,3.0,1.0,5.0,9.0,0.5555555555555556,1,0
104353,2024-25,2025-05-30 19:00:00+00:00,34,BAXI Manresa,La Laguna Tenerife,10,28,78.0,84.2,0.0,89.2,86.4,0.6,-11.200000000000003,-0.6,84.5,85.8,0.3,89.1,86.0,0.7,-4.599999999999994,-0.39999999999999997,0.2606,0.51572,32.8,15.8,69.8,0.34354,0.72236,27.2,17.8,101.6,-31.799999999999997,-5.0,1.0,1.0,9.0,0.1111111111111111,1,1
104355,2024-25,2025-05-30 19:00:00+00:00,34,Unicaja,Joventut Badalona,14,8,94.4,80.6,0.8,83.2,74.6,0.8,11.200000000000003,0.0,95.1,86.9,0.6,85.5,82.5,0.6,9.599999999999994,0.0,0.4455400000000001,0.55252,32.6,22.8,104.0,0.37592000000000003,0.59222,34.0,18.6,97.8,6.200000000000003,3.0,3.0,4.0,9.0,0.4444444444444444,1,0
