match_id,temporada,fecha,jornada,round_type,round_id,week_id,equipo_local,equipo_visitante,club_local_id,club_visitante_id,pts_local,pts_visitante,ganador,entrenador_local,entrenador_visitante,loc_asistencias,loc_faltas_cometidas,loc_perdidas,loc_reb_defensivos,loc_reb_ofensivos,loc_reb_totales,loc_recuperaciones,loc_t2_anotados,loc_t2_intentados,loc_t2_pct,loc_t3_anotados,loc_t3_intentados,loc_t3_pct,loc_tapones_contra,loc_tapones_favor,loc_tl_anotados,loc_tl_intentados,loc_tl_pct,loc_valoracion,vis_asistencias,vis_faltas_cometidas,vis_perdidas,vis_reb_defensivos,vis_reb_ofensivos,vis_reb_totales,vis_recuperaciones,vis_t2_anotados,vis_t2_intentados,vis_t2_pct,vis_t3_anotados,vis_t3_intentados,vis_t3_pct,vis_tapones_contra,vis_tapones_favor,vis_tl_anotados,vis_tl_intentados,vis_tl_pct,vis_valoracion
101038,2020-21,2020-09-20T16:30:00Z,1,LR,5126,2,TD Systems Baskonia,Valencia Basket Club,3,13,76,73,local,Dusko Ivanovic,Jaume Ponsarnau,19,17,12,15,9,24,15,19,39,0.4872,9,27,0.3333,0,1,11,12,0.9167,80,17,13,22,27,3,30,8,14,25,0.56,12,28,0.4286,1,0,9,11,0.8182,80
101039,2020-21,2021-03-14T11:30:00Z,26,LR,5131,24,Movistar Estudiantes,RETAbet Bilbao Basket,6,4,95,89,local,Jota Cuspinera,Álex Mumbrú,24,28,10,21,9,30,8,27,54,0.5,11,19,0.5789,2,5,8,13,0.6154,99,10,18,13,22,15,37,2,23,42,0.5476,7,29,0.2414,5,2,22,26,0.8462,85
101040,2020-21,2021-03-14T18:00:00Z,26,LR,5131,24,Coosur Real Betis,MoraBanc Andorra,15,22,69,61,local,Joan Plaza,Ibon Navarro,15,20,12,25,11,36,9,13,33,0.3939,8,21,0.381,6,4,19,26,0.7308,79,12,24,15,19,11,30,5,11,30,0.3667,9,28,0.3214,4,6,12,16,0.75,49
101041,2020-21,2021-03-14T11:30:00Z,26,LR,5131,24,BAXI Manresa,Urbas Fuenlabrada,10,17,90,76,local,Pedro Martínez,Javier Juárez,14,19,13,27,18,45,6,28,50,0.56,7,27,0.2593,5,1,13,18,0.7222,93,16,21,14,22,13,35,10,18,41,0.439,10,28,0.3571,1,5,10,19,0.5263,75
101042,2020-21,2021-03-13T17:00:00Z,26,LR,5131,24,Club Joventut Badalona,Monbus Obradoiro,8,57,91,84,local,Carles Duran,Moncho Fernández,17,24,12,22,7,29,8,26,42,0.619,7,22,0.3182,3,1,18,20,0.9,97,20,23,14,21,5,26,5,16,26,0.6154,12,31,0.3871,1,3,16,20,0.8,90
101043,2020-21,2021-03-13T19:45:00Z,26,LR,5131,24,Unicaja,Herbalife Gran Canaria,14,5,82,76,local,Fotis Katsikaris,Porfirio Fisac,14,23,14,25,5,30,4,25,42,0.5952,7,19,0.3684,3,0,11,17,0.6471,76,16,21,11,24,10,34,7,23,45,0.5111,6,19,0.3158,0,3,12,19,0.6316,85
101044,2020-21,2021-03-20T17:00:00Z,26,LR,5131,25,Lenovo Tenerife,UCAM Murcia CB,28,12,85,78,local,Txus Vidorreta,Sito Alonso,15,20,13,26,3,29,6,19,33,0.5758,7,20,0.35,1,1,26,28,0.9286,99,14,27,12,22,8,30,10,23,44,0.5227,7,22,0.3182,1,1,11,20,0.55,68
101045,2020-21,2021-03-13T19:45:00Z,26,LR,5131,24,Barça,Casademont Zaragoza,2,16,107,88,local,Sarunas Jasikevicius ,Sergio Hernández,16,17,15,25,8,33,6,23,36,0.6389,12,22,0.5455,1,2,25,27,0.9259,130,15,24,12,15,1,16,10,24,38,0.6316,10,24,0.4167,2,1,10,12,0.8333,79
101046,2020-21,2021-03-14T17:30:00Z,26,LR,5131,24,TD Systems Baskonia,Real Madrid,3,9,74,85,visitante,Dusko Ivanovic,Pablo Laso,13,17,6,17,6,23,6,17,38,0.4474,10,29,0.3448,5,1,10,12,0.8333,66,20,19,9,25,10,35,4,23,37,0.6216,9,23,0.3913,1,5,12,14,0.8571,107
101047,2020-21,2021-03-06T19:45:00Z,25,LR,5130,23,Urbas Fuenlabrada,Acunsa GBC,17,7,78,74,local,Javier Juárez,Marcelo Nicola,13,18,11,29,16,45,7,24,49,0.4898,4,19,0.2105,2,3,18,29,0.6207,91,16,27,15,25,7,32,6,17,32,0.5312,9,32,0.2812,3,2,13,18,0.7222,60
101048,2020-21,2021-03-07T11:30:00Z,25,LR,5130,23,UCAM Murcia CB,Real Madrid,12,9,58,74,visitante,Sito Alonso,Pablo Laso,9,23,11,21,13,34,10,18,53,0.3396,2,15,0.1333,3,2,16,23,0.6957,40,11,21,19,32,9,41,7,16,31,0.5161,7,24,0.2917,2,3,21,30,0.7,76
101049,2020-21,2021-03-07T18:00:00Z,25,LR,5130,23,Monbus Obradoiro,TD Systems Baskonia,57,3,78,87,visitante,Moncho Fernández,Dusko Ivanovic,15,21,10,18,9,27,6,18,34,0.5294,12,38,0.3158,5,1,6,6,1.0,63,21,14,10,27,4,31,6,24,42,0.5714,7,16,0.4375,1,5,18,23,0.7826,114
101050,2020-21,2021-03-06T17:00:00Z,25,LR,5130,23,Herbalife Gran Canaria,Movistar Estudiantes,5,6,97,94,local,Porfirio Fisac,Jota Cuspinera,15,20,10,29,12,41,8,31,52,0.5962,6,25,0.24,1,6,17,21,0.8095,114,20,23,11,29,13,42,6,19,45,0.4222,14,34,0.4118,6,1,14,21,0.6667,90
101051,2020-21,2021-03-07T11:30:00Z,25,LR,5130,23,RETAbet Bilbao Basket,Coosur Real Betis,4,15,86,84,local,Álex Mumbrú,Joan Plaza,19,23,10,16,10,26,6,25,44,0.5682,10,25,0.4,2,7,6,7,0.8571,88,14,14,13,21,13,34,7,20,40,0.5,8,22,0.3636,7,2,20,23,0.8696,93
101052,2020-21,2021-03-06T19:45:00Z,25,LR,5130,23,Casademont Zaragoza,Club Joventut Badalona,16,8,95,100,visitante,Sergio Hernández,Carles Duran,18,28,8,21,5,26,4,27,46,0.587,7,20,0.35,1,3,20,26,0.7692,96,16,26,10,25,10,35,5,27,43,0.6279,9,27,0.3333,3,1,19,29,0.6552,100
101053,2020-21,2021-04-08T18:30:00Z,25,LR,5130,28,Hereda San Pablo Burgos,Lenovo Tenerife,549,28,86,98,visitante,Joan Peñarroya,Txus Vidorreta,23,21,9,19,6,25,6,25,32,0.7812,7,26,0.2692,2,1,15,22,0.6818,95,21,19,9,21,4,25,4,20,29,0.6897,15,29,0.5172,1,2,13,16,0.8125,116
101054,2020-21,2021-03-07T19:00:00Z,25,LR,5130,23,Valencia Basket Club,BAXI Manresa,13,10,112,82,local,Jaume Ponsarnau,Pedro Martínez,27,16,12,20,6,26,6,29,40,0.725,11,17,0.6471,1,2,21,25,0.84,144,25,21,10,12,6,18,7,25,40,0.625,9,22,0.4091,2,1,5,10,0.5,83
101055,2020-21,2021-03-16T19:30:00Z,25,LR,5130,25,Barça,Unicaja,2,14,79,55,local,Sarunas Jasikevicius ,Fotis Katsikaris,15,20,12,28,9,37,6,22,42,0.5238,8,18,0.4444,5,1,11,11,1.0,89,4,18,9,17,10,27,10,12,38,0.3158,6,20,0.3,1,5,13,16,0.8125,50
101056,2020-21,2021-03-14T16:00:00Z,26,LR,5131,24,Acunsa GBC,Valencia Basket Club,7,13,78,60,local,Marcelo Nicola,Jaume Ponsarnau,15,17,13,28,8,36,10,24,36,0.6667,8,30,0.2667,1,5,6,9,0.6667,90,14,16,19,22,6,28,5,14,29,0.4828,9,28,0.3214,5,1,5,9,0.5556,47
101057,2020-21,2021-02-27T19:45:00Z,24,LR,5129,22,Acunsa GBC,RETAbet Bilbao Basket,7,4,74,97,visitante,Marcelo Nicola,Álex Mumbrú,13,17,9,15,11,26,5,23,44,0.5227,8,25,0.32,2,2,4,8,0.5,62,15,12,8,25,4,29,7,23,38,0.6053,14,22,0.6364,2,2,9,10,0.9,121
101058,2020-21,2021-03-21T17:30:00Z,27,LR,5132,25,Valencia Basket Club,Barça,13,2,64,80,visitante,Jaume Ponsarnau,Sarunas Jasikevicius ,19,17,19,15,6,21,9,15,33,0.4545,9,22,0.4091,4,3,7,11,0.6364,58,24,18,21,25,9,34,12,21,34,0.6176,12,27,0.4444,3,4,2,5,0.4,97
101059,2020-21,2021-03-21T16:00:00Z,27,LR,5132,25,Real Madrid,Coosur Real Betis,9,15,95,77,local,Pablo Laso,Joan Plaza,20,21,9,28,9,37,5,18,38,0.4737,15,27,0.5556,0,6,14,15,0.9333,118,16,19,9,22,15,37,5,16,46,0.3478,10,24,0.4167,6,0,15,22,0.6818,71
101060,2020-21,2021-04-04T16:30:00Z,29,LR,5134,27,Hereda San Pablo Burgos,Barça,549,2,77,93,visitante,Joan Peñarroya,Sarunas Jasikevicius ,19,24,14,14,10,24,12,16,37,0.4324,10,27,0.3704,3,0,15,20,0.75,71,21,23,18,28,7,35,9,16,28,0.5714,11,20,0.55,0,3,28,32,0.875,119
101061,2020-21,2021-04-04T15:00:00Z,29,LR,5134,27,Valencia Basket Club,Club Joventut Badalona,13,8,89,102,visitante,Jaume Ponsarnau,Carles Duran,20,19,13,11,8,19,8,22,36,0.6111,11,29,0.3793,6,1,12,15,0.8,84,23,20,16,18,7,25,8,27,38,0.7105,11,17,0.6471,1,6,15,18,0.8333,126
101062,2020-21,2021-03-27T19:45:00Z,28,LR,5133,26,Acunsa GBC,Monbus Obradoiro,7,57,66,79,visitante,Marcelo Nicola,Moncho Fernández,12,19,13,19,6,25,9,19,41,0.4634,8,21,0.381,0,1,4,10,0.4,53,11,13,11,30,12,42,7,20,39,0.5128,7,25,0.28,1,0,18,23,0.7826,90
101063,2020-21,2021-03-29T18:30:00Z,28,LR,5133,27,Movistar Estudiantes,MoraBanc Andorra,6,22,97,85,local,Jota Cuspinera,Ibon Navarro,21,21,8,24,12,36,8,25,46,0.5435,12,34,0.3529,1,6,11,16,0.6875,108,18,18,13,29,17,46,3,21,42,0.5,9,33,0.2727,6,1,16,21,0.7619,86
101064,2020-21,2021-03-28T18:00:00Z,28,LR,5133,26,UCAM Murcia CB,RETAbet Bilbao Basket,12,4,82,90,visitante,Sito Alonso,Álex Mumbrú,15,23,12,25,8,33,9,17,46,0.3696,12,28,0.4286,2,3,12,17,0.7059,77,14,22,17,37,7,44,3,22,31,0.7097,11,33,0.3333,3,2,13,21,0.619,94
101065,2020-21,2021-03-27T19:45:00Z,28,LR,5133,26,BAXI Manresa,Real Madrid,10,9,76,77,visitante,Pedro Martínez,Pablo Laso,16,25,15,22,3,25,9,19,36,0.5278,9,21,0.4286,6,1,11,12,0.9167,69,15,18,14,26,10,36,9,19,36,0.5278,5,23,0.2174,1,6,24,28,0.8571,96
101066,2020-21,2021-03-28T15:00:00Z,28,LR,5133,26,Club Joventut Badalona,Coosur Real Betis,8,15,78,88,visitante,Carles Duran,Joan Plaza,21,19,10,17,6,23,2,18,34,0.5294,12,25,0.48,0,2,6,6,1.0,84,16,16,9,17,4,21,3,19,32,0.5938,12,22,0.5455,2,0,14,18,0.7778,93
101067,2020-21,2021-03-27T16:30:00Z,28,LR,5133,26,Unicaja,Hereda San Pablo Burgos,14,549,93,101,visitante,Fotis Katsikaris,Joan Peñarroya,21,18,9,16,4,20,4,21,37,0.5676,16,29,0.5517,3,0,3,4,0.75,94,25,16,10,23,5,28,7,29,37,0.7838,9,20,0.45,0,3,16,24,0.6667,128
101068,2020-21,2021-03-28T16:30:00Z,28,LR,5133,26,Lenovo Tenerife,Valencia Basket Club,28,13,90,86,local,Txus Vidorreta,Jaume Ponsarnau,22,15,15,21,7,28,9,17,26,0.6538,11,24,0.4583,0,2,23,26,0.8846,117,22,23,13,15,8,23,10,18,33,0.5455,13,30,0.4333,2,0,11,15,0.7333,83
101069,2020-21,2021-03-28T10:30:00Z,28,LR,5133,26,Barça,Urbas Fuenlabrada,2,17,81,79,local,Sarunas Jasikevicius ,Josep Mª Raventós,13,21,16,22,17,39,10,21,42,0.5,5,24,0.2083,2,1,24,28,0.8571,90,14,29,16,20,10,30,12,18,36,0.5,10,25,0.4,1,2,13,16,0.8125,76
101070,2020-21,2021-03-28T15:00:00Z,28,LR,5133,26,TD Systems Baskonia,Herbalife Gran Canaria,3,5,78,99,visitante,Dusko Ivanovic,Porfirio Fisac,12,20,18,18,9,27,11,21,35,0.6,5,26,0.1923,3,2,21,27,0.7778,70,19,23,19,20,5,25,8,25,37,0.6757,10,23,0.4348,2,3,19,21,0.9048,102
101071,2020-21,2021-03-24T19:30:00Z,27,LR,5132,26,Urbas Fuenlabrada,UCAM Murcia CB,17,12,70,82,visitante,Javier Juárez,Sito Alonso,11,25,20,18,14,32,10,19,43,0.4419,5,21,0.2381,3,3,17,22,0.7727,52,21,21,18,24,9,33,9,19,40,0.475,9,22,0.4091,3,3,17,24,0.7083,90
101072,2020-21,2021-03-20T17:00:00Z,27,LR,5132,25,Monbus Obradoiro,Unicaja,57,14,83,85,visitante,Moncho Fernández,Fotis Katsikaris,14,19,15,28,10,38,0,13,23,0.5652,11,25,0.44,1,3,24,27,0.8889,105,12,29,2,12,7,19,7,23,41,0.561,10,28,0.3571,3,1,9,10,0.9,72
101073,2020-21,2021-03-21T12:00:00Z,27,LR,5132,25,Herbalife Gran Canaria,Acunsa GBC,5,7,90,81,local,Porfirio Fisac,Marcelo Nicola,14,19,11,20,11,31,7,18,33,0.5455,13,30,0.4333,0,1,15,20,0.75,97,13,21,15,21,6,27,5,20,30,0.6667,8,23,0.3478,1,0,17,22,0.7727,78
101074,2020-21,2021-03-21T11:30:00Z,27,LR,5132,25,MoraBanc Andorra,BAXI Manresa,22,10,92,86,local,Ibon Navarro,Pedro Martínez,20,22,15,22,11,33,8,19,40,0.475,11,28,0.3929,2,3,21,25,0.84,97,21,22,18,25,8,33,5,25,42,0.5952,7,30,0.2333,3,2,15,17,0.8824,84
101075,2020-21,2021-03-21T19:00:00Z,27,LR,5132,25,RETAbet Bilbao Basket,TD Systems Baskonia,4,3,72,85,visitante,Álex Mumbrú,Dusko Ivanovic,15,21,16,19,11,30,6,14,33,0.4242,11,27,0.4074,1,1,11,14,0.7857,63,15,15,12,19,8,27,8,21,37,0.5676,9,20,0.45,1,1,16,20,0.8,98
101076,2020-21,2021-03-20T19:45:00Z,27,LR,5132,25,Casademont Zaragoza,Movistar Estudiantes,16,6,104,113,visitante,Sergio Hernández,Jota Cuspinera,19,20,17,26,7,33,5,23,53,0.434,13,20,0.65,3,5,19,24,0.7917,109,22,25,12,27,17,44,11,35,60,0.5833,11,28,0.3929,5,3,10,18,0.5556,120
101077,2020-21,2021-04-16T16:30:00Z,27,LR,5132,29,Hereda San Pablo Burgos,Club Joventut Badalona,549,8,86,78,local,Joan Peñarroya,Carles Duran,14,22,13,25,9,34,12,26,47,0.5532,7,22,0.3182,5,4,13,19,0.6842,84,20,17,18,24,9,33,5,22,46,0.4783,5,18,0.2778,4,5,19,23,0.8261,83
101078,2020-21,2021-02-28T16:00:00Z,24,LR,5129,22,Coosur Real Betis,Casademont Zaragoza,15,16,82,85,visitante,Joan Plaza,Sergio Hernández,12,26,9,20,11,31,7,21,37,0.5676,7,30,0.2333,1,2,19,24,0.7917,79,15,25,14,27,8,35,4,23,39,0.5897,5,18,0.2778,2,1,24,31,0.7742,89
101079,2020-21,2021-02-28T11:30:00Z,24,LR,5129,22,Monbus Obradoiro,Lenovo Tenerife,57,28,71,97,visitante,Moncho Fernández,Txus Vidorreta,10,19,18,20,6,26,3,16,32,0.5,9,22,0.4091,0,2,12,16,0.75,63,16,21,4,19,10,29,12,29,54,0.537,9,15,0.6,2,0,12,14,0.8571,111
101080,2020-21,2021-02-27T17:00:00Z,24,LR,5129,22,BAXI Manresa,UCAM Murcia CB,10,12,85,84,local,Pedro Martínez,Sito Alonso,19,22,16,23,9,32,7,20,37,0.5405,9,24,0.375,4,2,18,31,0.5806,84,19,27,15,20,15,35,7,25,48,0.5208,6,27,0.2222,2,4,16,21,0.7619,78
101081,2020-21,2021-01-31T16:00:00Z,22,LR,5127,20,TD Systems Baskonia,Casademont Zaragoza,3,16,89,61,local,Dusko Ivanovic,Sergio Hernández,25,19,13,28,9,37,7,24,41,0.5854,9,23,0.3913,1,4,14,18,0.7778,114,9,20,14,21,9,30,8,21,43,0.4884,3,20,0.15,4,1,10,13,0.7692,48
101082,2020-21,2021-01-24T16:00:00Z,21,LR,5142,19,Acunsa GBC,Barça,7,2,68,110,visitante,Marcelo Nicola,Sarunas Jasikevicius ,8,13,13,14,13,27,8,16,41,0.3902,9,33,0.2727,6,1,9,12,0.75,46,27,18,13,26,2,28,8,29,37,0.7838,15,23,0.6522,1,6,7,9,0.7778,142
101083,2020-21,2021-03-17T16:30:00Z,21,LR,5142,25,Movistar Estudiantes,Club Joventut Badalona,6,8,83,90,visitante,Jota Cuspinera,Carles Duran,20,20,13,30,10,40,3,29,46,0.6304,7,29,0.2414,0,4,4,5,0.8,93,20,16,8,24,4,28,7,22,42,0.5238,9,27,0.3333,4,0,19,24,0.7917,94
101084,2020-21,2021-01-23T17:00:00Z,21,LR,5142,19,Urbas Fuenlabrada,Herbalife Gran Canaria,17,5,102,81,local,Javier Juárez,Porfirio Fisac,19,27,12,27,9,36,7,24,39,0.6154,11,24,0.4583,2,2,21,22,0.9545,117,14,21,11,15,11,26,8,16,31,0.5161,12,34,0.3529,2,2,13,25,0.52,75
101085,2020-21,2021-01-23T17:00:00Z,21,LR,5142,19,UCAM Murcia CB,Hereda San Pablo Burgos,12,549,75,81,visitante,Sito Alonso,Joan Peñarroya,13,24,17,23,18,41,7,21,41,0.5122,8,31,0.2581,1,2,9,16,0.5625,66,17,21,17,22,4,26,4,12,25,0.48,13,27,0.4815,2,1,18,26,0.6923,76
101086,2020-21,2021-01-23T19:45:00Z,21,LR,5142,19,Coosur Real Betis,Unicaja,15,14,78,75,local,Joan Plaza,Fotis Katsikaris,7,19,13,25,9,34,5,23,38,0.6053,3,15,0.2,2,2,23,26,0.8846,83,14,22,9,11,13,24,4,19,33,0.5758,10,36,0.2778,2,2,7,11,0.6364,60
101087,2020-21,2021-01-23T19:45:00Z,21,LR,5142,19,RETAbet Bilbao Basket,Casademont Zaragoza,4,16,73,96,visitante,Álex Mumbrú,Sergio Hernández,12,24,14,14,7,21,7,24,38,0.6316,6,25,0.24,1,6,7,17,0.4118,57,17,20,17,24,9,33,6,21,39,0.5385,13,21,0.619,6,1,15,19,0.7895,104
101088,2020-21,2021-01-24T12:00:00Z,21,LR,5142,19,Iberostar Tenerife,BAXI Manresa,28,10,85,70,local,Txus Vidorreta,Pedro Martínez,17,18,13,29,10,39,9,26,50,0.52,3,9,0.3333,1,1,24,30,0.8,114,19,31,13,20,7,27,4,24,40,0.6,2,24,0.0833,1,1,16,20,0.8,52
101089,2020-21,2021-01-24T11:30:00Z,21,LR,5142,19,Real Madrid,MoraBanc Andorra,9,22,86,79,local,Pablo Laso,Ibon Navarro,13,19,11,21,8,29,4,23,38,0.6053,10,24,0.4167,6,2,10,13,0.7692,84,17,19,9,13,8,21,5,18,40,0.45,9,19,0.4737,2,6,16,19,0.8421,82
101090,2020-21,2021-01-24T17:30:00Z,21,LR,5142,19,Valencia Basket Club,TD Systems Baskonia,13,3,83,61,local,Jaume Ponsarnau,Dusko Ivanovic,18,16,11,27,11,38,9,25,38,0.6579,8,28,0.2857,2,1,9,10,0.9,104,16,18,15,20,9,29,9,17,33,0.5152,7,27,0.2593,1,2,6,9,0.6667,60
101091,2020-21,2021-03-23T17:00:00Z,20,LR,5143,26,Monbus Obradoiro,Real Madrid,57,9,71,87,visitante,Moncho Fernández,Pablo Laso,15,15,13,19,10,29,7,19,38,0.5,8,28,0.2857,4,2,9,16,0.5625,65,13,19,9,25,6,31,9,22,36,0.6111,11,29,0.3793,2,4,10,11,0.9091,95
101092,2020-21,2021-01-16T17:00:00Z,20,LR,5143,18,BAXI Manresa,Unicaja,10,14,90,83,local,Pedro Martínez,Luis Casimiro,23,29,17,26,14,40,4,29,46,0.6304,7,23,0.3043,1,2,11,18,0.6111,93,16,22,16,21,8,29,6,13,33,0.3939,13,27,0.4815,2,1,18,25,0.72,83
101093,2020-21,2021-01-16T19:45:00Z,20,LR,5143,18,Club Joventut Badalona,Acunsa GBC,8,7,90,94,visitante,Carles Duran,-,18,18,17,20,8,28,8,22,35,0.6286,12,29,0.4138,2,4,10,13,0.7692,96,15,18,15,20,8,28,11,25,44,0.5682,10,24,0.4167,4,2,14,17,0.8235,95
101094,2020-21,2021-01-16T19:45:00Z,20,LR,5143,18,Herbalife Gran Canaria,Iberostar Tenerife,5,28,87,108,visitante,Porfirio Fisac,Txus Vidorreta,13,17,19,12,12,24,7,22,41,0.5366,10,17,0.5882,1,1,13,15,0.8667,82,22,16,14,15,7,22,12,31,40,0.775,12,23,0.5217,1,1,10,11,0.9091,130
101095,2020-21,2021-01-17T11:30:00Z,20,LR,5143,18,MoraBanc Andorra,RETAbet Bilbao Basket,22,4,72,70,local,Ibon Navarro,Álex Mumbrú,16,16,14,28,8,36,6,13,30,0.4333,10,25,0.4,0,4,16,26,0.6154,86,14,24,13,23,6,29,5,18,37,0.4865,7,28,0.25,4,0,13,14,0.9286,52
101096,2020-21,2021-01-16T17:00:00Z,20,LR,5143,18,Casademont Zaragoza,Urbas Fuenlabrada,16,17,105,85,local,Sergio Hernández,Javier Juárez,22,25,17,21,8,29,6,30,42,0.7143,9,21,0.4286,2,6,18,22,0.8182,115,9,21,17,11,9,20,10,25,47,0.5319,5,17,0.2941,6,2,20,25,0.8,68
101097,2020-21,2021-01-17T17:00:00Z,20,LR,5143,18,Hereda San Pablo Burgos,Valencia Basket Club,549,13,78,83,visitante,Joan Peñarroya,Jaume Ponsarnau,16,23,10,25,8,33,6,22,39,0.5641,8,30,0.2667,2,1,10,15,0.6667,71,19,16,10,23,2,25,3,15,25,0.6,13,30,0.4333,1,2,14,22,0.6364,91
101098,2020-21,2021-01-31T11:30:00Z,22,LR,5127,20,Barça,UCAM Murcia CB,2,12,92,63,local,Sarunas Jasikevicius ,Sito Alonso,15,20,16,21,9,30,11,22,43,0.5116,10,21,0.4762,5,6,18,21,0.8571,100,9,24,21,15,9,24,10,15,39,0.3846,7,20,0.35,6,5,12,14,0.8571,41
101099,2020-21,2021-01-31T19:00:00Z,22,LR,5127,20,Real Madrid,Herbalife Gran Canaria,9,5,81,80,local,Pablo Laso,Porfirio Fisac,15,17,9,20,11,31,4,16,32,0.5,10,27,0.3704,2,5,19,29,0.6552,88,20,23,8,18,12,30,4,21,39,0.5385,11,33,0.3333,5,2,5,6,0.8333,76
101100,2020-21,2021-01-30T19:45:00Z,22,LR,5127,20,MoraBanc Andorra,Iberostar Tenerife,22,28,83,89,visitante,Ibon Navarro,Txus Vidorreta,18,26,9,22,10,32,3,20,35,0.5714,9,25,0.36,2,4,16,20,0.8,87,18,20,7,19,16,35,3,22,43,0.5116,6,24,0.25,4,2,27,33,0.8182,97
101101,2020-21,2021-01-31T17:30:00Z,22,LR,5127,20,Unicaja,Valencia Basket Club,14,13,85,89,visitante,Fotis Katsikaris,Jaume Ponsarnau,20,25,9,22,9,31,5,22,33,0.6667,11,35,0.3143,2,2,8,11,0.7273,82,19,15,11,22,8,30,5,16,30,0.5333,12,28,0.4286,2,2,21,25,0.84,108
101102,2020-21,2021-02-28T17:30:00Z,24,LR,5129,22,Club Joventut Badalona,Barça,8,2,62,80,visitante,Carles Duran,Sarunas Jasikevicius ,13,15,15,19,13,32,8,10,29,0.3448,8,32,0.25,7,4,18,21,0.8571,59,18,24,15,28,8,36,10,23,37,0.6216,9,24,0.375,4,7,7,8,0.875,93
101103,2020-21,2021-02-27T17:00:00Z,24,LR,5129,22,Unicaja,Movistar Estudiantes,14,6,91,77,local,Fotis Katsikaris,Jota Cuspinera,19,20,10,24,8,32,8,17,44,0.3864,15,26,0.5769,4,2,12,13,0.9231,98,10,20,12,28,7,35,5,23,46,0.5,6,18,0.3333,2,4,13,15,0.8667,80
101104,2020-21,2021-02-28T11:30:00Z,24,LR,5129,22,MoraBanc Andorra,Valencia Basket Club,22,13,84,72,local,Ibon Navarro,Jaume Ponsarnau,19,20,13,26,13,39,5,18,30,0.6,14,37,0.3784,0,5,6,6,1.0,97,20,13,8,20,7,27,4,18,37,0.4865,9,26,0.3462,5,0,9,12,0.75,77
101105,2020-21,2021-02-27T19:45:00Z,24,LR,5129,22,Real Madrid,Hereda San Pablo Burgos,9,549,96,81,local,Pablo Laso,Joan Peñarroya,18,10,9,26,11,37,3,25,39,0.641,9,26,0.3462,2,6,19,22,0.8636,124,10,20,11,20,5,25,6,15,31,0.4839,15,34,0.4412,6,2,6,6,1.0,62
101106,2020-21,2021-02-28T19:00:00Z,24,LR,5129,22,TD Systems Baskonia,Urbas Fuenlabrada,3,17,90,74,local,Dusko Ivanovic,Javier Juárez,22,22,18,23,8,31,8,19,32,0.5938,12,25,0.48,3,6,16,19,0.8421,107,13,22,16,16,14,30,8,21,51,0.4118,6,18,0.3333,6,3,14,18,0.7778,59
101107,2020-21,2021-02-07T17:30:00Z,23,LR,5128,21,Movistar Estudiantes,Real Madrid,6,9,65,79,visitante,Javier Zamora,Pablo Laso,11,19,11,27,10,37,2,22,46,0.4783,3,18,0.1667,7,4,12,14,0.8571,53,12,12,7,24,6,30,5,14,35,0.4,12,25,0.48,4,7,15,19,0.7895,91
101108,2020-21,2021-02-07T11:30:00Z,23,LR,5128,21,Urbas Fuenlabrada,Unicaja,17,14,68,85,visitante,Javier Juárez,Fotis Katsikaris,14,21,9,23,6,29,2,17,43,0.3953,6,15,0.4,5,5,16,22,0.7273,68,14,26,5,29,3,32,3,18,32,0.5625,11,31,0.3548,5,5,16,19,0.8421,87
101109,2020-21,2021-02-07T16:00:00Z,23,LR,5128,21,UCAM Murcia CB,Club Joventut Badalona,12,8,84,91,visitante,Sito Alonso,Carles Duran,16,29,14,13,9,22,9,21,39,0.5385,10,23,0.4348,3,4,12,16,0.75,77,18,23,15,19,12,31,7,22,37,0.5946,7,21,0.3333,4,3,26,30,0.8667,103
101110,2020-21,2021-04-04T18:00:00Z,29,LR,5134,27,Real Madrid,Acunsa GBC,9,7,97,71,local,Pablo Laso,Marcelo Nicola,19,16,9,29,9,38,4,20,36,0.5556,14,31,0.4516,1,3,15,18,0.8333,122,12,23,10,21,16,37,4,18,44,0.4091,7,29,0.2414,3,1,14,17,0.8235,53
101111,2020-21,2021-02-06T17:00:00Z,23,LR,5128,21,Herbalife Gran Canaria,BAXI Manresa,5,10,83,77,local,Porfirio Fisac,Pedro Martínez,15,24,14,22,8,30,12,23,41,0.561,8,22,0.3636,0,6,13,23,0.5652,91,16,26,17,28,5,33,4,22,40,0.55,6,17,0.3529,6,0,15,21,0.7143,70
101112,2020-21,2021-02-07T19:00:00Z,23,LR,5128,21,Lenovo Tenerife,TD Systems Baskonia,28,3,79,81,visitante,Txus Vidorreta,Dusko Ivanovic,19,17,9,17,7,24,5,19,34,0.5588,8,25,0.32,3,0,17,20,0.85,86,14,23,13,22,4,26,6,15,29,0.5172,11,21,0.5238,0,3,18,18,1.0,87
101113,2020-21,2021-02-06T17:00:00Z,23,LR,5128,21,Casademont Zaragoza,Monbus Obradoiro,16,57,83,70,local,Sergio Hernández,Moncho Fernández,12,19,12,29,7,36,9,20,40,0.5,8,22,0.3636,4,3,19,21,0.9048,89,15,17,14,24,8,32,9,21,41,0.5122,6,30,0.2,3,4,10,14,0.7143,67
101114,2020-21,2021-03-07T11:30:00Z,23,LR,5128,23,Hereda San Pablo Burgos,MoraBanc Andorra,549,22,82,68,local,Joan Peñarroya,Ibon Navarro,15,23,11,29,17,46,10,18,41,0.439,10,26,0.3846,3,1,16,23,0.6957,93,8,22,11,24,8,32,5,15,31,0.4839,6,29,0.2069,1,3,20,27,0.7407,59
101115,2020-21,2021-02-06T19:45:00Z,23,LR,5128,21,Valencia Basket Club,Coosur Real Betis,13,15,89,81,local,Jaume Ponsarnau,Joan Plaza,17,14,18,24,14,38,7,17,35,0.4857,12,32,0.375,2,4,19,21,0.9048,107,20,26,17,21,11,32,10,24,47,0.5106,8,25,0.32,4,2,9,10,0.9,70
101116,2020-21,2021-02-10T19:30:00Z,22,LR,5127,21,Acunsa GBC,Movistar Estudiantes,7,6,81,79,local,Marcelo Nicola,Javier Zamora,15,18,10,24,9,33,4,18,34,0.5294,11,28,0.3929,2,0,12,18,0.6667,85,11,22,9,22,7,29,8,26,40,0.65,6,27,0.2222,0,2,9,11,0.8182,78
101117,2020-21,2021-01-30T17:00:00Z,22,LR,5127,20,Monbus Obradoiro,RETAbet Bilbao Basket,57,4,80,72,local,Moncho Fernández,Álex Mumbrú,15,17,10,24,8,32,3,18,29,0.6207,9,29,0.3103,1,2,17,18,0.9444,94,12,22,10,19,15,34,6,23,45,0.5111,6,24,0.25,2,1,8,11,0.7273,65
101118,2020-21,2021-01-31T11:30:00Z,22,LR,5127,20,BAXI Manresa,Hereda San Pablo Burgos,10,549,87,101,visitante,Pedro Martínez,Joan Peñarroya,26,19,12,20,10,30,5,27,48,0.5625,5,19,0.2632,1,1,18,21,0.8571,101,18,22,12,22,10,32,6,20,35,0.5714,15,33,0.4545,1,1,16,19,0.8421,106
101119,2020-21,2021-01-30T17:00:00Z,22,LR,5127,20,Club Joventut Badalona,Urbas Fuenlabrada,8,17,80,75,local,Carles Duran,Javier Juárez,19,20,14,24,10,34,7,22,42,0.5238,9,19,0.4737,3,1,9,12,0.75,87,14,17,12,16,18,34,5,20,47,0.4255,8,27,0.2963,1,3,11,15,0.7333,70
101120,2020-21,2021-02-06T19:45:00Z,23,LR,5128,21,RETAbet Bilbao Basket,Barça,4,2,73,90,visitante,Álex Mumbrú,Sarunas Jasikevicius ,15,19,17,14,6,20,8,23,38,0.6053,7,27,0.2593,0,2,6,9,0.6667,62,22,18,15,25,4,29,9,24,40,0.6,9,16,0.5625,2,0,15,21,0.7143,105
101121,2020-21,2021-04-03T16:00:00Z,29,LR,5134,27,RETAbet Bilbao Basket,BAXI Manresa,4,10,96,108,visitante,Álex Mumbrú,Pedro Martínez,16,21,13,18,7,25,2,24,42,0.5714,12,21,0.5714,3,3,12,17,0.7059,93,27,20,7,19,6,25,7,29,43,0.6744,12,22,0.5455,3,3,14,18,0.7778,133
101122,2020-21,2021-04-04T10:30:00Z,29,LR,5134,27,MoraBanc Andorra,TD Systems Baskonia,22,3,68,82,visitante,Ibon Navarro,Dusko Ivanovic,18,24,11,17,17,34,6,17,39,0.4359,8,28,0.2857,5,5,10,14,0.7143,58,19,13,11,20,12,32,5,19,30,0.6333,10,30,0.3333,5,5,14,20,0.7,101
101123,2020-21,2021-04-03T18:45:00Z,29,LR,5134,27,Herbalife Gran Canaria,Casademont Zaragoza,5,16,84,76,local,Porfirio Fisac,Sergio Hernández,14,22,13,28,10,38,11,21,40,0.525,8,29,0.2759,4,3,18,21,0.8571,86,10,18,15,24,3,27,8,21,43,0.4884,7,18,0.3889,3,4,13,17,0.7647,74
101124,2020-21,2021-05-09T16:30:00Z,36,LR,5141,32,Real Madrid,Valencia Basket Club,9,13,69,79,visitante,Pablo Laso,Jaume Ponsarnau,13,19,8,21,12,33,8,13,36,0.3611,12,38,0.3158,5,3,7,7,1.0,61,18,16,14,31,8,39,3,15,32,0.4688,12,28,0.4286,3,5,13,14,0.9286,96
101125,2020-21,2021-04-21T16:30:00Z,36,LR,5141,30,Hereda San Pablo Burgos,Casademont Zaragoza,549,16,95,98,visitante,Joan Peñarroya,Luis Casimiro,17,23,9,15,10,25,8,19,41,0.4634,13,30,0.4333,3,6,18,24,0.75,92,24,22,14,24,10,34,5,19,39,0.4872,13,22,0.5909,6,3,21,23,0.913,114
101126,2020-21,2021-05-11T16:30:00Z,36,LR,5141,33,TD Systems Baskonia,Club Joventut Badalona,3,8,71,79,visitante,Dusko Ivanovic,Carles Duran,13,14,17,22,8,30,13,19,36,0.5278,6,22,0.2727,1,2,15,18,0.8333,78,21,17,18,25,6,31,10,17,35,0.4857,12,25,0.48,2,1,9,11,0.8182,85
101127,2020-21,2021-05-13T18:30:00Z,35,LR,5140,33,Acunsa GBC,TD Systems Baskonia,7,3,63,81,visitante,Marcelo Nicola,Dusko Ivanovic,9,19,9,27,17,44,7,22,52,0.4231,5,26,0.1923,1,2,4,6,0.6667,52,18,9,12,32,9,41,7,23,41,0.561,8,22,0.3636,2,1,11,18,0.6111,105
101128,2020-21,2021-05-02T18:00:00Z,35,LR,5140,31,Urbas Fuenlabrada,Lenovo Tenerife,17,28,98,65,local,Josep Mª Raventós,Txus Vidorreta,23,17,10,21,7,28,7,30,40,0.75,8,20,0.4,1,5,14,21,0.6667,127,14,23,13,15,6,21,6,20,37,0.5405,5,24,0.2083,5,1,10,13,0.7692,43
101129,2020-21,2021-05-02T10:30:00Z,35,LR,5140,31,Coosur Real Betis,BAXI Manresa,15,10,86,70,local,Joan Plaza,Pedro Martínez,16,17,12,23,17,40,10,24,48,0.5,7,25,0.28,0,5,17,19,0.8947,105,18,21,16,17,13,30,5,17,40,0.425,10,25,0.4,5,0,6,11,0.5455,55
101130,2020-21,2021-05-01T16:00:00Z,35,LR,5140,31,Monbus Obradoiro,MoraBanc Andorra,57,22,79,51,local,Moncho Fernández,Ibon Navarro,12,18,11,32,4,36,8,21,32,0.6562,7,22,0.3182,2,3,16,21,0.7619,98,4,22,13,23,3,26,7,15,33,0.4545,4,25,0.16,3,2,9,11,0.8182,29
101131,2020-21,2021-05-02T18:00:00Z,35,LR,5140,31,Herbalife Gran Canaria,UCAM Murcia CB,5,12,91,81,local,Porfirio Fisac,Sito Alonso,15,20,13,22,6,28,9,25,42,0.5952,7,17,0.4118,1,3,20,27,0.7407,102,11,25,17,22,6,28,9,21,41,0.5122,9,21,0.4286,3,1,12,18,0.6667,67
101132,2020-21,2021-05-01T18:45:00Z,35,LR,5140,31,Unicaja,Club Joventut Badalona,14,8,102,93,local,Fotis Katsikaris,Carles Duran,21,28,10,20,10,30,10,26,40,0.65,10,28,0.3571,4,1,20,24,0.8333,110,16,24,15,20,9,29,5,27,49,0.551,6,16,0.375,1,4,21,25,0.84,99
101133,2020-21,2021-05-18T16:30:00Z,35,LR,5140,67,RETAbet Bilbao Basket,Hereda San Pablo Burgos,4,549,98,89,local,Álex Mumbrú,Joan Peñarroya,16,21,20,25,7,32,7,17,28,0.6071,14,32,0.4375,1,3,22,24,0.9167,107,15,25,13,19,5,24,14,26,46,0.5652,7,19,0.3684,3,1,16,20,0.8,87
101134,2020-21,2021-05-02T16:30:00Z,35,LR,5140,31,Casademont Zaragoza,Real Madrid,16,9,89,98,visitante,Luis Casimiro,Pablo Laso,18,16,8,25,8,33,5,24,48,0.5,10,22,0.4545,3,0,11,12,0.9167,97,19,16,9,26,14,40,4,17,33,0.5152,18,42,0.4286,0,3,10,15,0.6667,110
101135,2020-21,2021-05-02T15:30:00Z,35,LR,5140,31,Valencia Basket Club,Movistar Estudiantes,13,6,100,89,local,Jaume Ponsarnau,Jota Cuspinera,25,16,7,21,6,27,6,23,38,0.6053,14,28,0.5,1,0,12,16,0.75,119,21,18,11,21,11,32,3,25,42,0.5952,10,27,0.3704,0,1,9,13,0.6923,95
101136,2020-21,2021-04-30T19:15:00Z,34,LR,5139,31,Movistar Estudiantes,Urbas Fuenlabrada,6,17,86,87,visitante,Jota Cuspinera,Josep Mª Raventós,15,27,19,30,10,40,5,22,38,0.5789,5,22,0.2273,1,5,27,37,0.7297,89,13,29,12,25,3,28,12,20,38,0.5263,9,27,0.3333,5,1,20,27,0.7407,79
101137,2020-21,2021-04-30T16:30:00Z,34,LR,5139,31,UCAM Murcia CB,Valencia Basket Club,12,13,66,80,visitante,Sito Alonso,Jaume Ponsarnau,16,23,14,26,11,37,2,17,40,0.425,7,23,0.3043,2,0,11,14,0.7857,59,16,20,5,26,2,28,5,18,35,0.5143,8,24,0.3333,0,2,20,24,0.8333,91
101138,2020-21,2021-04-28T19:15:00Z,34,LR,5139,31,Club Joventut Badalona,BAXI Manresa,8,10,96,68,local,Carles Duran,Pedro Martínez,17,18,12,28,13,41,8,27,44,0.6136,8,23,0.3478,2,3,18,19,0.9474,122,17,23,13,19,9,28,6,18,36,0.5,6,29,0.2069,3,2,14,17,0.8235,56
101139,2020-21,2021-05-12T16:30:00Z,34,LR,5139,33,RETAbet Bilbao Basket,Herbalife Gran Canaria,4,5,71,92,visitante,Álex Mumbrú,Porfirio Fisac,11,15,11,20,7,27,5,14,33,0.4242,11,27,0.4074,5,3,10,12,0.8333,63,23,14,9,26,4,30,3,28,43,0.6512,10,20,0.5,3,5,6,8,0.75,114
101140,2020-21,2021-04-29T19:15:00Z,34,LR,5139,31,Lenovo Tenerife,Acunsa GBC,28,7,98,69,local,Txus Vidorreta,Marcelo Nicola,29,17,12,24,8,32,12,33,47,0.7021,8,22,0.3636,1,2,8,10,0.8,126,12,14,18,21,7,28,5,17,38,0.4474,8,22,0.3636,2,1,11,14,0.7857,60
101141,2020-21,2021-04-21T19:15:00Z,36,LR,5141,30,Lenovo Tenerife,RETAbet Bilbao Basket,28,4,86,67,local,Txus Vidorreta,Álex Mumbrú,18,16,11,22,8,30,5,25,42,0.5952,7,15,0.4667,3,2,15,19,0.7895,102,11,20,12,15,10,25,6,19,37,0.5135,6,24,0.25,2,3,11,14,0.7857,55
101142,2020-21,2021-05-09T18:00:00Z,36,LR,5141,32,MoraBanc Andorra,Herbalife Gran Canaria,22,5,86,81,local,Ibon Navarro,Porfirio Fisac,15,18,11,21,19,40,2,17,36,0.4722,9,28,0.3214,8,1,25,30,0.8333,85,19,21,7,15,14,29,4,21,37,0.5676,8,29,0.2759,1,8,15,17,0.8824,91
101143,2020-21,2021-05-09T15:00:00Z,36,LR,5141,32,BAXI Manresa,Acunsa GBC,10,7,91,83,local,Pedro Martínez,Marcelo Nicola,24,24,12,34,11,45,7,30,52,0.5769,5,19,0.2632,4,3,16,20,0.8,107,10,18,13,25,11,36,6,19,46,0.413,8,26,0.3077,3,4,21,30,0.7,75
101144,2020-21,2021-05-09T10:30:00Z,36,LR,5141,32,Coosur Real Betis,Barça,15,2,58,109,visitante,Joan Plaza,Sarunas Jasikevicius ,13,19,17,18,5,23,3,16,27,0.5926,4,25,0.16,3,0,14,17,0.8235,38,24,15,6,25,8,33,10,21,36,0.5833,17,29,0.5862,0,3,16,19,0.8421,147
101145,2020-21,2021-05-23T16:30:00Z,38,LR,5163,67,BAXI Manresa,TD Systems Baskonia,10,3,71,68,local,Pedro Martínez,Dusko Ivanovic,21,18,15,24,10,34,11,17,31,0.5484,11,35,0.3143,2,2,4,10,0.4,73,16,13,19,30,11,41,10,24,39,0.6154,1,22,0.0455,2,2,17,23,0.7391,79
101146,2020-21,2021-05-23T16:30:00Z,38,LR,5163,67,Unicaja,Real Madrid,14,9,90,96,visitante,Fotis Katsikaris,Pablo Laso,17,21,10,20,15,35,5,22,49,0.449,8,20,0.4,4,0,22,29,0.7586,92,18,27,10,25,6,31,6,24,35,0.6857,10,27,0.3704,0,4,18,24,0.75,105
101147,2020-21,2021-05-23T16:30:00Z,38,LR,5163,67,MoraBanc Andorra,Acunsa GBC,22,7,102,71,local,Ibon Navarro,Marcelo Nicola,25,16,7,29,14,43,5,21,39,0.5385,17,31,0.5484,3,2,9,11,0.8182,133,14,16,11,15,11,26,3,13,34,0.3824,11,28,0.3929,2,3,12,17,0.7059,61
101148,2020-21,2021-05-23T10:30:00Z,38,LR,5163,67,RETAbet Bilbao Basket,Club Joventut Badalona,4,8,94,73,local,Álex Mumbrú,Carles Duran,15,25,18,26,10,36,7,19,29,0.6552,17,35,0.4857,1,4,5,5,1.0,95,15,13,12,13,9,22,11,18,36,0.5,5,22,0.2273,4,1,22,23,0.9565,82
101149,2020-21,2021-05-22T18:45:00Z,38,LR,5163,67,Lenovo Tenerife,Barça,28,2,72,96,visitante,Txus Vidorreta,Sarunas Jasikevicius ,13,22,21,16,8,24,7,20,38,0.5263,5,15,0.3333,3,1,17,18,0.9444,61,15,19,11,18,7,25,11,27,41,0.6585,8,18,0.4444,1,3,18,24,0.75,110
101150,2020-21,2021-05-23T18:00:00Z,38,LR,5163,67,Hereda San Pablo Burgos,Monbus Obradoiro,549,57,83,77,local,Joan Peñarroya,Moncho Fernández,15,23,9,28,9,37,10,15,39,0.3846,13,31,0.4194,5,2,14,21,0.6667,81,13,20,12,27,5,32,6,17,34,0.5,11,23,0.4783,2,5,10,21,0.4762,81
101151,2020-21,2021-05-22T18:00:00Z,38,LR,5163,67,Valencia Basket Club,Urbas Fuenlabrada,13,17,96,76,local,Jaume Ponsarnau,Josep Mª Raventós,25,17,11,23,7,30,6,27,42,0.6429,10,21,0.4762,4,2,12,16,0.75,120,16,23,12,20,10,30,6,21,35,0.6,8,33,0.2424,2,4,10,10,1.0,73
101152,2020-21,2021-05-18T19:15:00Z,37,LR,5153,67,Acunsa GBC,Unicaja,7,14,75,81,visitante,Marcelo Nicola,Fotis Katsikaris,14,16,11,23,14,37,10,21,49,0.4286,6,22,0.2727,6,2,15,23,0.6522,70,18,17,16,29,8,37,7,19,39,0.4872,11,23,0.4783,2,6,10,14,0.7143,94
101153,2020-21,2021-04-28T16:30:00Z,34,LR,5139,31,Casademont Zaragoza,MoraBanc Andorra,16,22,99,89,local,Luis Casimiro,Ibon Navarro,18,21,14,23,2,25,6,27,39,0.6923,12,21,0.5714,0,0,9,12,0.75,107,18,18,12,17,8,25,7,20,34,0.5882,11,29,0.3793,0,0,16,19,0.8421,93
101154,2020-21,2021-05-21T18:30:00Z,37,LR,5153,67,Movistar Estudiantes,Hereda San Pablo Burgos,6,549,82,88,visitante,Jota Cuspinera,Joan Peñarroya,13,22,12,21,9,30,9,23,39,0.5897,9,29,0.3103,5,3,9,13,0.6923,79,12,21,13,22,4,26,9,18,36,0.5,12,20,0.6,3,5,16,20,0.8,95
101155,2020-21,2021-05-19T16:30:00Z,37,LR,5153,67,Monbus Obradoiro,UCAM Murcia CB,57,12,80,83,visitante,Moncho Fernández,Sito Alonso,19,17,12,35,10,45,8,17,37,0.4595,5,25,0.2,1,4,31,42,0.7381,105,15,30,10,30,6,36,8,21,42,0.5,10,36,0.2778,4,1,11,14,0.7857,66
101156,2020-21,2021-05-20T16:30:00Z,37,LR,5153,67,Club Joventut Badalona,MoraBanc Andorra,8,22,99,92,local,Carles Duran,Ibon Navarro,20,25,14,23,5,28,5,27,39,0.6923,8,17,0.4706,3,6,21,25,0.84,115,14,25,12,16,5,21,9,17,35,0.4857,13,28,0.4643,6,3,19,22,0.8636,85
101157,2020-21,2021-05-19T19:15:00Z,37,LR,5153,67,Herbalife Gran Canaria,Valencia Basket Club,5,13,92,86,local,Porfirio Fisac,Jaume Ponsarnau,19,21,9,20,7,27,4,22,33,0.6667,14,35,0.4,3,1,6,7,0.8571,92,19,15,11,22,5,27,2,20,29,0.6897,11,27,0.4074,1,3,13,19,0.6842,99
101158,2020-21,2021-05-19T16:30:00Z,37,LR,5153,67,Casademont Zaragoza,Lenovo Tenerife,16,28,60,91,visitante,Luis Casimiro,Txus Vidorreta,10,20,15,23,3,26,2,20,42,0.4762,1,13,0.0769,1,1,17,23,0.7391,41,25,18,8,29,8,37,7,17,30,0.5667,12,34,0.3529,1,1,21,25,0.84,114
101159,2020-21,2021-05-20T19:15:00Z,37,LR,5153,67,Real Madrid,RETAbet Bilbao Basket,9,4,70,59,local,Pablo Laso,Álex Mumbrú,12,21,20,33,8,41,10,17,34,0.5,7,29,0.2414,1,3,15,17,0.8824,76,11,23,17,28,4,32,8,11,31,0.3548,7,28,0.25,3,1,16,20,0.8,44
101160,2020-21,2021-05-19T19:15:00Z,37,LR,5153,67,Barça,TD Systems Baskonia,2,3,87,74,local,Sarunas Jasikevicius ,Dusko Ivanovic,19,24,12,20,7,27,6,17,36,0.4722,15,28,0.5357,3,5,8,9,0.8889,86,16,14,14,20,9,29,8,19,35,0.5429,4,21,0.1905,5,3,24,28,0.8571,84
101161,2020-21,2021-05-09T10:30:00Z,36,LR,5141,32,Movistar Estudiantes,Monbus Obradoiro,6,57,83,94,visitante,Jota Cuspinera,Moncho Fernández,12,23,9,23,10,33,5,25,40,0.625,5,20,0.25,1,3,18,33,0.5455,86,16,28,9,22,5,27,4,17,30,0.5667,15,31,0.4839,3,1,15,19,0.7895,92
101162,2020-21,2021-05-08T16:00:00Z,36,LR,5141,32,UCAM Murcia CB,Unicaja,12,14,81,68,local,Sito Alonso,Fotis Katsikaris,13,20,12,25,13,38,3,18,36,0.5,10,28,0.3571,4,4,15,19,0.7895,86,13,23,12,16,9,25,7,19,43,0.4419,8,18,0.4444,4,4,6,10,0.6,60
101163,2020-21,2021-05-19T19:15:00Z,37,LR,5153,67,Urbas Fuenlabrada,Coosur Real Betis,17,15,101,77,local,Josep Mª Raventós,Joan Plaza,23,20,11,21,15,36,6,26,45,0.5778,13,28,0.4643,3,3,10,15,0.6667,116,9,20,16,20,13,33,8,20,39,0.5128,8,27,0.2963,3,3,13,15,0.8667,71
101164,2020-21,2021-03-23T19:30:00Z,20,LR,5143,26,Barça,Movistar Estudiantes,2,6,98,68,local,Sarunas Jasikevicius ,Jota Cuspinera,17,16,14,35,13,48,7,19,36,0.5278,13,27,0.4815,2,4,21,25,0.84,128,13,21,11,17,8,25,7,15,43,0.3488,10,30,0.3333,4,2,8,10,0.8,45
101165,2020-21,2021-04-29T16:30:00Z,34,LR,5139,31,Hereda San Pablo Burgos,Coosur Real Betis,549,15,95,77,local,Joan Peñarroya,Joan Plaza,20,21,9,20,9,29,11,23,40,0.575,13,25,0.52,1,2,10,17,0.5882,109,15,19,17,19,13,32,3,20,45,0.4444,8,18,0.4444,2,1,13,18,0.7222,71
101166,2020-21,2021-05-16T10:30:00Z,34,LR,5139,33,TD Systems Baskonia,Unicaja,3,14,70,79,visitante,Dusko Ivanovic,Fotis Katsikaris,17,14,15,18,10,28,6,20,39,0.5128,7,20,0.35,3,1,9,14,0.6429,70,13,18,11,21,10,31,10,19,35,0.5429,12,28,0.4286,1,3,5,10,0.5,82
101167,2020-21,2021-05-06T16:30:00Z,31,LR,5136,32,MoraBanc Andorra,Urbas Fuenlabrada,22,17,85,71,local,Ibon Navarro,Josep Mª Raventós,14,19,18,29,11,40,9,24,43,0.5581,8,20,0.4,2,4,13,16,0.8125,96,13,18,13,17,8,25,11,20,47,0.4255,6,20,0.3,4,2,13,15,0.8667,63
101168,2020-21,2021-04-13T19:15:00Z,31,LR,5136,29,Real Madrid,Lenovo Tenerife,9,28,84,76,local,Pablo Laso,Txus Vidorreta,20,20,13,26,4,30,4,13,24,0.5417,13,27,0.4815,1,5,19,22,0.8636,98,11,19,9,13,11,24,5,18,42,0.4286,8,28,0.2857,5,1,16,17,0.9412,57
101169,2020-21,2021-04-14T19:15:00Z,31,LR,5136,29,Hereda San Pablo Burgos,Acunsa GBC,549,7,79,90,visitante,Joan Peñarroya,Marcelo Nicola,15,22,14,26,9,35,5,22,39,0.5641,9,29,0.3103,3,4,8,17,0.4706,74,15,21,9,28,10,38,7,21,39,0.5385,10,31,0.3226,4,3,18,24,0.75,95
101170,2020-21,2021-04-16T19:15:00Z,31,LR,5136,29,Valencia Basket Club,Monbus Obradoiro,13,57,97,82,local,Jaume Ponsarnau,Moncho Fernández,20,16,10,20,4,24,9,31,42,0.7381,5,17,0.2941,2,2,20,22,0.9091,122,16,23,14,14,7,21,7,23,34,0.6765,8,26,0.3077,2,2,12,16,0.75,72
101171,2020-21,2021-04-15T16:30:00Z,31,LR,5136,29,TD Systems Baskonia,Movistar Estudiantes,3,6,96,92,local,Dusko Ivanovic,Jota Cuspinera,20,14,12,24,6,30,6,26,39,0.6667,9,20,0.45,2,7,17,29,0.5862,117,22,23,14,20,17,37,10,20,42,0.4762,15,34,0.4412,7,2,7,10,0.7,89
101172,2020-21,2021-04-10T16:00:00Z,30,LR,5135,28,Acunsa GBC,Coosur Real Betis,7,15,68,91,visitante,Marcelo Nicola,Joan Plaza,9,20,19,16,8,24,10,18,34,0.5294,9,31,0.2903,1,0,5,6,0.8333,48,10,16,17,28,9,37,15,27,39,0.6923,6,22,0.2727,0,1,19,21,0.9048,111
101173,2020-21,2021-04-11T15:00:00Z,30,LR,5135,28,Urbas Fuenlabrada,Hereda San Pablo Burgos,17,549,89,83,local,Josep Mª Raventós,Joan Peñarroya,17,27,14,27,18,45,8,16,35,0.4571,10,35,0.2857,2,3,27,34,0.7941,96,18,29,14,22,5,27,6,22,41,0.5366,6,25,0.24,3,2,21,27,0.7778,72
101174,2020-21,2021-04-11T10:30:00Z,30,LR,5135,28,UCAM Murcia CB,TD Systems Baskonia,12,3,92,87,local,Sito Alonso,Dusko Ivanovic,16,27,12,30,7,37,4,25,43,0.5814,8,28,0.2857,3,3,18,24,0.75,87,10,23,15,24,5,29,5,24,46,0.5217,8,21,0.381,3,3,15,20,0.75,79
101175,2020-21,2021-04-10T16:00:00Z,30,LR,5135,28,Monbus Obradoiro,BAXI Manresa,57,10,90,87,local,Moncho Fernández,Pedro Martínez,11,15,7,21,8,29,3,27,39,0.6923,5,19,0.2632,0,7,21,23,0.913,113,12,23,8,13,15,28,4,17,39,0.4359,16,33,0.4848,7,0,5,8,0.625,66
101176,2020-21,2021-04-11T19:00:00Z,30,LR,5135,28,Club Joventut Badalona,Herbalife Gran Canaria,8,5,84,103,visitante,Carles Duran,Porfirio Fisac,17,29,13,19,10,29,5,24,42,0.5714,6,23,0.2609,4,1,18,23,0.7826,70,18,21,9,23,6,29,7,19,29,0.6552,13,29,0.4483,1,4,26,30,0.8667,127
101177,2020-21,2021-05-12T19:15:00Z,30,LR,5135,33,Unicaja,MoraBanc Andorra,14,22,85,92,visitante,Fotis Katsikaris,Ibon Navarro,16,23,9,12,4,16,10,21,40,0.525,9,21,0.4286,7,0,16,17,0.9412,77,18,21,16,25,3,28,2,23,30,0.7667,9,17,0.5294,0,7,19,27,0.7037,107
101178,2020-21,2021-04-11T11:00:00Z,30,LR,5135,28,Lenovo Tenerife,Movistar Estudiantes,28,6,101,77,local,Txus Vidorreta,Jota Cuspinera,21,18,10,22,8,30,8,28,42,0.6667,11,23,0.4783,1,1,12,13,0.9231,121,11,16,13,14,19,33,5,24,48,0.5,6,23,0.2609,1,1,11,17,0.6471,68
101179,2020-21,2021-04-11T18:00:00Z,30,LR,5135,28,Casademont Zaragoza,Valencia Basket Club,16,13,76,85,visitante,Sergio Hernández,Jaume Ponsarnau,14,17,12,26,11,37,8,22,40,0.55,7,27,0.2593,1,4,11,15,0.7333,86,21,19,11,22,5,27,7,21,38,0.5526,11,27,0.4074,4,1,10,15,0.6667,86
101180,2020-21,2021-04-11T16:30:00Z,30,LR,5135,28,Barça,Real Madrid,2,9,85,87,visitante,Sarunas Jasikevicius ,Pablo Laso,11,23,16,21,8,29,5,21,36,0.5833,9,17,0.5294,3,1,16,21,0.7619,87,13,26,11,17,7,24,7,11,25,0.44,15,34,0.4412,1,3,20,26,0.7692,79
101181,2020-21,2021-04-04T10:30:00Z,29,LR,5134,27,Movistar Estudiantes,UCAM Murcia CB,6,12,75,85,visitante,Jota Cuspinera,Sito Alonso,16,17,12,22,11,33,6,18,46,0.3913,8,21,0.381,1,3,15,24,0.625,75,10,22,17,27,12,39,7,29,50,0.58,7,22,0.3182,3,1,6,8,0.75,78
101182,2020-21,2021-04-03T16:00:00Z,29,LR,5134,27,Urbas Fuenlabrada,Monbus Obradoiro,17,57,84,82,local,Josep Mª Raventós,Moncho Fernández,8,24,12,24,7,31,6,23,40,0.575,8,23,0.3478,3,4,14,17,0.8235,79,13,20,13,20,7,27,6,14,37,0.3784,11,22,0.5,4,3,21,26,0.8077,79
101183,2020-21,2021-04-03T18:45:00Z,29,LR,5134,27,Coosur Real Betis,Lenovo Tenerife,15,28,82,93,visitante,Joan Plaza,Txus Vidorreta,15,18,10,20,6,26,6,20,40,0.5,10,24,0.4167,0,3,12,15,0.8,85,23,18,11,27,8,35,3,24,35,0.6857,12,30,0.4,3,0,9,13,0.6923,107
101184,2020-21,2021-04-15T19:15:00Z,31,LR,5136,29,Unicaja,RETAbet Bilbao Basket,14,4,88,74,local,Fotis Katsikaris,Álex Mumbrú,15,18,11,16,8,24,13,24,42,0.5714,8,22,0.3636,1,3,16,17,0.9412,100,10,20,21,20,11,31,7,16,31,0.5161,6,23,0.2609,3,1,24,25,0.96,64
101185,2020-21,2021-04-14T19:15:00Z,31,LR,5136,29,Herbalife Gran Canaria,Barça,5,2,74,92,visitante,Porfirio Fisac,Sarunas Jasikevicius ,16,20,9,15,6,21,8,13,37,0.3514,12,25,0.48,3,5,12,16,0.75,74,27,23,16,24,5,29,6,16,29,0.5517,16,24,0.6667,5,3,12,18,0.6667,106
101186,2020-21,2021-04-15T19:15:00Z,31,LR,5136,29,BAXI Manresa,Casademont Zaragoza,10,16,92,82,local,Pedro Martínez,Sergio Hernández,17,22,16,29,13,42,7,30,48,0.625,4,24,0.1667,3,4,20,25,0.8,102,8,25,18,23,10,33,8,20,39,0.5128,7,31,0.2258,4,3,21,25,0.84,62
101187,2020-21,2021-04-15T16:30:00Z,31,LR,5136,29,Coosur Real Betis,UCAM Murcia CB,15,12,55,84,visitante,Joan Plaza,Sito Alonso,8,9,9,21,12,33,5,20,53,0.3774,1,13,0.0769,5,6,12,15,0.8,54,13,19,9,30,10,40,7,21,39,0.5385,12,29,0.4138,6,5,6,10,0.6,85
101188,2020-21,2021-04-24T16:00:00Z,33,LR,5138,30,Acunsa GBC,UCAM Murcia CB,7,12,78,88,visitante,Marcelo Nicola,Sito Alonso,15,20,10,20,8,28,6,22,43,0.5116,8,22,0.3636,1,1,10,14,0.7143,74,18,16,10,28,9,37,5,22,40,0.55,12,29,0.4138,1,1,8,11,0.7273,104
101189,2020-21,2021-04-25T16:30:00Z,33,LR,5138,30,Urbas Fuenlabrada,Real Madrid,17,9,76,90,visitante,Josep Mª Raventós,Pablo Laso,15,25,16,24,9,33,4,23,45,0.5111,8,24,0.3333,2,4,6,13,0.4615,59,23,18,11,26,9,35,7,22,39,0.5641,8,27,0.2963,4,2,22,26,0.8462,109
101190,2020-21,2021-04-25T15:00:00Z,33,LR,5138,30,Coosur Real Betis,Monbus Obradoiro,15,57,88,87,local,Joan Plaza,Moncho Fernández,12,20,5,18,8,26,5,29,50,0.58,4,15,0.2667,2,2,18,22,0.8182,89,18,19,12,19,12,31,3,20,35,0.5714,9,26,0.3462,2,2,20,21,0.9524,95
101191,2020-21,2021-04-24T16:00:00Z,33,LR,5138,30,BAXI Manresa,Movistar Estudiantes,10,6,102,101,local,Pedro Martínez,Jota Cuspinera,27,21,12,28,13,41,5,28,48,0.5833,12,36,0.3333,6,2,10,12,0.8333,105,18,14,6,24,10,34,7,24,49,0.4898,13,30,0.4333,2,6,14,16,0.875,119
101192,2020-21,2021-04-24T18:45:00Z,33,LR,5138,30,Club Joventut Badalona,Lenovo Tenerife,8,28,90,85,local,Carles Duran,Txus Vidorreta,14,22,11,18,8,26,9,22,36,0.6111,10,28,0.3571,1,2,16,18,0.8889,92,19,20,15,20,3,23,6,19,31,0.6129,10,24,0.4167,2,1,17,21,0.8095,89
101193,2020-21,2021-04-25T11:00:00Z,33,LR,5138,30,Herbalife Gran Canaria,Hereda San Pablo Burgos,5,549,83,74,local,Porfirio Fisac,Joan Peñarroya,18,21,17,20,14,34,3,21,46,0.4565,8,21,0.381,2,4,17,19,0.8947,84,12,24,15,21,11,32,7,24,45,0.5333,5,21,0.2381,4,2,11,17,0.6471,60
101194,2020-21,2021-04-24T18:45:00Z,33,LR,5138,30,Unicaja,Casademont Zaragoza,14,16,78,101,visitante,Fotis Katsikaris,Luis Casimiro,13,28,12,13,12,25,10,21,41,0.5122,6,28,0.2143,3,3,18,21,0.8571,70,23,29,20,26,4,30,5,23,35,0.6571,9,15,0.6,3,3,28,31,0.9032,117
101195,2020-21,2021-04-25T10:30:00Z,33,LR,5138,30,MoraBanc Andorra,Barça,22,2,63,79,visitante,Ibon Navarro,Sarunas Jasikevicius ,10,17,12,18,2,20,10,23,36,0.6389,3,19,0.1579,2,0,8,10,0.8,57,18,16,16,23,11,34,8,21,38,0.5526,9,21,0.4286,0,2,10,11,0.9091,96
101196,2020-21,2021-05-06T19:00:00Z,34,LR,5139,32,Barça,Monbus Obradoiro,2,57,76,70,local,Sarunas Jasikevicius ,Moncho Fernández,15,18,6,23,11,34,5,18,35,0.5143,9,28,0.3214,1,4,13,19,0.6842,88,14,21,6,22,8,30,4,17,31,0.5484,6,31,0.1935,4,1,18,19,0.9474,66
101197,2020-21,2021-04-25T18:00:00Z,33,LR,5138,30,Valencia Basket Club,RETAbet Bilbao Basket,13,4,99,90,local,Jaume Ponsarnau,Álex Mumbrú,20,15,12,13,11,24,6,36,48,0.75,6,19,0.3158,2,3,9,12,0.75,117,11,22,15,15,7,22,3,20,34,0.5882,14,29,0.4828,3,2,8,9,0.8889,73
101198,2020-21,2021-05-15T16:00:00Z,32,LR,5137,33,UCAM Murcia CB,MoraBanc Andorra,12,22,76,79,visitante,Sito Alonso,Ibon Navarro,15,19,7,19,7,26,11,21,42,0.5,9,25,0.36,5,1,7,14,0.5,69,13,15,14,29,9,38,3,19,33,0.5758,8,25,0.32,1,5,17,25,0.68,88
101199,2020-21,2021-04-18T15:00:00Z,32,LR,5137,29,Monbus Obradoiro,Herbalife Gran Canaria,57,5,89,88,local,Moncho Fernández,Porfirio Fisac,17,24,11,20,11,31,7,21,45,0.4667,7,19,0.3684,5,4,26,29,0.8966,91,20,23,14,21,10,31,6,20,36,0.5556,11,29,0.3793,4,5,15,22,0.6818,92
101200,2020-21,2021-05-15T18:45:00Z,32,LR,5137,33,RETAbet Bilbao Basket,Urbas Fuenlabrada,4,17,87,82,local,Álex Mumbrú,Josep Mª Raventós,16,21,14,21,13,34,10,19,37,0.5135,10,28,0.3571,2,2,19,23,0.8261,91,22,19,15,21,15,36,7,23,42,0.5476,9,26,0.3462,2,2,9,17,0.5294,90
101201,2020-21,2021-04-18T19:00:00Z,32,LR,5137,29,Lenovo Tenerife,Unicaja,28,14,79,61,local,Txus Vidorreta,Fotis Katsikaris,15,17,10,27,8,35,6,21,33,0.6364,9,26,0.3462,3,2,10,10,1.0,91,11,15,9,19,6,25,3,15,33,0.4545,9,28,0.3214,2,3,4,6,0.6667,55
101202,2020-21,2021-04-18T18:00:00Z,32,LR,5137,29,Casademont Zaragoza,Acunsa GBC,16,7,99,71,local,-,Marcelo Nicola,24,11,10,28,7,35,11,32,48,0.6667,8,17,0.4706,5,1,11,16,0.6875,135,9,21,15,18,7,25,5,19,31,0.6129,10,36,0.2778,1,5,3,8,0.375,46
101203,2020-21,2021-04-18T16:30:00Z,32,LR,5137,29,Real Madrid,Club Joventut Badalona,9,8,101,92,local,Pablo Laso,Carles Duran,19,21,11,23,11,34,6,15,29,0.5172,16,33,0.4848,2,2,23,26,0.8846,118,18,24,9,20,10,30,2,17,40,0.425,14,29,0.4828,2,2,16,19,0.8421,88
101204,2020-21,2021-04-17T16:00:00Z,32,LR,5137,29,Barça,BAXI Manresa,2,10,97,89,local,Sarunas Jasikevicius ,Pedro Martínez,22,25,12,21,3,24,10,26,36,0.7222,5,15,0.3333,0,2,30,38,0.7895,120,21,30,15,13,12,25,5,24,42,0.5714,8,24,0.3333,2,0,17,22,0.7727,77
101205,2020-21,2021-04-18T15:00:00Z,32,LR,5137,29,TD Systems Baskonia,Hereda San Pablo Burgos,3,549,83,94,visitante,Dusko Ivanovic,Joan Peñarroya,20,17,17,23,4,27,6,21,34,0.6176,9,20,0.45,0,5,14,25,0.56,94,24,22,11,24,6,30,8,25,43,0.5814,11,24,0.4583,5,0,11,13,0.8462,102
101206,2020-21,2021-04-18T10:15:00Z,32,LR,5137,29,Movistar Estudiantes,Coosur Real Betis,6,15,82,96,visitante,Jota Cuspinera,Joan Plaza,18,23,12,22,12,34,4,19,36,0.5278,9,29,0.3103,2,3,17,22,0.7727,83,15,21,10,23,4,27,6,31,48,0.6458,6,16,0.375,3,2,16,17,0.9412,107
101207,2020-21,2021-01-17T11:30:00Z,20,LR,5143,18,TD Systems Baskonia,Coosur Real Betis,3,15,103,76,local,Dusko Ivanovic,Joan Plaza,25,14,11,17,7,24,13,21,31,0.6774,17,33,0.5152,1,1,10,16,0.625,125,15,17,19,16,10,26,8,22,34,0.6471,8,26,0.3077,1,1,8,10,0.8,71
101208,2020-21,2021-01-10T16:00:00Z,19,LR,5144,17,Acunsa GBC,Iberostar Tenerife,7,28,89,87,local,-,Txus Vidorreta,16,22,13,15,8,23,7,21,39,0.5385,12,21,0.5714,0,2,11,13,0.8462,86,25,13,12,17,10,27,8,27,39,0.6923,7,23,0.3043,2,0,12,17,0.7059,108
101209,2020-21,2021-02-03T19:30:00Z,19,LR,5144,21,Movistar Estudiantes,Casademont Zaragoza,6,16,73,79,visitante,Javier Zamora,Sergio Hernández,17,29,14,23,13,36,11,18,38,0.4737,9,31,0.2903,4,2,10,11,0.9091,67,21,18,14,26,6,32,3,23,45,0.5111,5,16,0.3125,2,4,18,27,0.6667,91
101210,2020-21,2020-10-24T18:45:00Z,7,LR,5151,7,Club Joventut Badalona,TD Systems Baskonia,8,3,83,82,local,Carles Duran,Dusko Ivanovic,20,18,13,28,13,41,3,19,39,0.4872,12,26,0.4615,2,3,9,12,0.75,98,10,18,5,21,9,30,6,23,39,0.5897,8,31,0.2581,3,2,12,15,0.8,80
101211,2020-21,2020-10-25T12:00:00Z,7,LR,5151,7,Herbalife Gran Canaria,Monbus Obradoiro,5,57,75,85,visitante,Porfirio Fisac,Moncho Fernández,15,19,6,19,8,27,4,18,42,0.4286,9,27,0.3333,6,1,12,16,0.75,66,15,21,9,29,7,36,3,22,38,0.5789,9,25,0.36,1,6,14,16,0.875,99
101212,2020-21,2020-10-25T11:30:00Z,7,LR,5151,7,Unicaja,Iberostar Tenerife,14,28,79,86,visitante,Luis Casimiro,Txus Vidorreta,19,17,10,15,10,25,9,16,29,0.5517,14,35,0.4,2,4,5,6,0.8333,86,22,14,17,20,6,26,4,23,34,0.6765,10,20,0.5,4,2,10,12,0.8333,99
101213,2020-21,2020-10-25T17:30:00Z,7,LR,5151,7,Real Madrid,Movistar Estudiantes,9,6,93,77,local,Pablo Laso,Javier Zamora,19,16,17,26,11,37,8,16,33,0.4848,14,30,0.4667,3,5,19,23,0.8261,116,10,27,16,23,4,27,10,21,37,0.5676,9,24,0.375,5,3,8,11,0.7273,61
101214,2020-21,2020-11-12T17:30:00Z,7,LR,5151,10,Hereda San Pablo Burgos,UCAM Murcia CB,549,12,89,84,local,Joan Peñarroya,Sito Alonso,16,19,15,24,8,32,4,17,30,0.5667,9,26,0.3462,4,2,28,35,0.8,94,12,30,17,21,14,35,10,22,47,0.4681,9,23,0.3913,2,4,13,16,0.8125,73
101215,2020-21,2020-10-24T16:00:00Z,7,LR,5151,7,Valencia Basket Club,Casademont Zaragoza,13,16,93,84,local,Jaume Ponsarnau,Diego Ocampo,18,23,16,22,6,28,5,21,33,0.6364,11,30,0.3667,5,0,18,20,0.9,91,19,25,16,19,4,23,8,21,30,0.7,8,26,0.3077,0,5,18,23,0.7826,88
101216,2020-21,2020-10-25T19:00:00Z,7,LR,5151,7,Barça,MoraBanc Andorra,2,22,82,71,local,Sarunas Jasikevicius ,Ibon Navarro,27,20,12,22,6,28,7,21,39,0.5385,9,16,0.5625,4,3,13,22,0.5909,97,15,21,13,19,5,24,5,22,39,0.5641,5,20,0.25,3,4,12,16,0.75,66
101217,2020-21,2020-10-17T16:00:00Z,6,LR,5150,6,Urbas Fuenlabrada,BAXI Manresa,17,10,100,102,visitante,Paco García,Pedro Martínez,13,25,25,23,4,27,9,26,41,0.6341,7,15,0.4667,1,6,27,32,0.8438,105,26,29,15,17,7,24,12,20,36,0.5556,13,32,0.4062,6,1,23,28,0.8214,100
101218,2020-21,2020-10-18T10:30:00Z,6,LR,5150,6,Coosur Real Betis,Movistar Estudiantes,15,6,80,81,visitante,Curro Segura,Javier Zamora,17,21,7,20,9,29,8,23,46,0.5,7,23,0.3043,6,3,13,20,0.65,81,14,24,18,22,8,30,2,18,32,0.5625,11,24,0.4583,3,6,12,17,0.7059,77
101219,2020-21,2020-10-17T18:45:00Z,6,LR,5150,6,Monbus Obradoiro,Acunsa GBC,57,7,85,76,local,Moncho Fernández,Marcelo Nicola,20,19,14,29,8,37,6,21,33,0.6364,9,27,0.3333,1,3,16,22,0.7273,102,14,22,12,15,5,20,10,20,40,0.5,7,19,0.3684,3,1,15,20,0.75,66
101220,2020-21,2020-10-18T18:00:00Z,6,LR,5150,6,Herbalife Gran Canaria,Unicaja,5,14,80,84,visitante,Porfirio Fisac,Luis Casimiro,19,15,12,17,10,27,6,18,36,0.5,13,26,0.5,3,1,5,6,0.8333,84,15,13,11,19,9,28,3,22,39,0.5641,12,25,0.48,1,3,4,5,0.8,92
101221,2020-21,2020-10-17T16:00:00Z,6,LR,5150,6,MoraBanc Andorra,Hereda San Pablo Burgos,22,549,87,82,local,Ibon Navarro,Joan Peñarroya,11,25,17,32,6,38,9,23,44,0.5227,7,21,0.3333,2,4,20,25,0.8,90,13,25,13,28,10,38,7,20,43,0.4651,7,33,0.2121,4,2,21,27,0.7778,69
101222,2020-21,2020-11-04T20:15:00Z,6,LR,5150,9,RETAbet Bilbao Basket,Real Madrid,4,9,83,85,visitante,Álex Mumbrú,Pablo Laso,9,23,16,24,10,34,8,20,42,0.4762,11,26,0.4231,7,1,10,12,0.8333,67,17,17,13,24,14,38,8,15,33,0.4545,12,33,0.3636,1,7,19,26,0.7308,101
101223,2020-21,2020-10-17T18:45:00Z,6,LR,5150,6,Iberostar Tenerife,Club Joventut Badalona,28,8,86,82,local,Txus Vidorreta,Carles Duran,15,17,8,16,5,21,3,15,27,0.5556,12,27,0.4444,1,0,20,21,0.9524,94,22,23,9,19,10,29,4,22,35,0.6286,8,25,0.32,0,1,14,17,0.8235,90
101224,2020-21,2020-10-18T15:00:00Z,6,LR,5150,6,Casademont Zaragoza,UCAM Murcia CB,16,12,98,86,local,Diego Ocampo,Sito Alonso,25,18,15,31,7,38,6,15,26,0.5769,16,36,0.4444,1,2,20,28,0.7143,121,15,25,12,21,8,29,9,23,41,0.561,10,31,0.3226,2,1,10,15,0.6667,75
101225,2020-21,2020-10-18T16:30:00Z,6,LR,5150,6,TD Systems Baskonia,Barça,3,2,82,71,local,Dusko Ivanovic,Sarunas Jasikevicius ,19,20,12,23,8,31,10,21,37,0.5676,9,24,0.375,3,2,13,17,0.7647,91,17,17,13,18,13,31,8,16,34,0.4706,8,27,0.2963,2,3,15,19,0.7895,77
101226,2020-21,2020-10-10T16:00:00Z,5,LR,5149,5,Acunsa GBC,Casademont Zaragoza,7,16,70,67,local,Marcelo Nicola,Diego Ocampo,11,23,8,31,5,36,6,20,43,0.4651,6,23,0.2609,1,3,12,17,0.7059,68,14,19,13,27,11,38,1,15,38,0.3947,6,29,0.2069,3,1,19,27,0.7037,55
101227,2020-21,2020-10-24T16:00:00Z,7,LR,5151,7,BAXI Manresa,Coosur Real Betis,10,15,93,81,local,Pedro Martínez,Curro Segura,23,28,19,26,17,43,7,20,40,0.5,14,33,0.4242,5,1,11,14,0.7857,90,17,17,15,16,8,24,11,19,34,0.5588,6,21,0.2857,1,5,25,37,0.6757,91
101228,2020-21,2020-10-24T18:45:00Z,7,LR,5151,7,Acunsa GBC,Urbas Fuenlabrada,7,17,72,100,visitante,Marcelo Nicola,Javier Juárez,12,20,14,15,8,23,8,18,42,0.4286,7,22,0.3182,4,1,15,23,0.6522,52,24,22,15,27,10,37,5,31,50,0.62,8,16,0.5,1,4,14,20,0.7,119
101229,2020-21,2020-10-28T17:30:00Z,8,LR,5152,8,TD Systems Baskonia,BAXI Manresa,3,10,87,68,local,Dusko Ivanovic,Pedro Martínez,21,14,15,23,13,36,12,27,44,0.6136,7,21,0.3333,2,5,12,16,0.75,114,14,19,18,16,10,26,7,21,36,0.5833,5,26,0.1923,5,2,11,12,0.9167,52
101230,2020-21,2020-10-30T17:30:00Z,8,LR,5152,8,Casademont Zaragoza,Unicaja,16,14,63,92,visitante,Diego Ocampo,Luis Casimiro,13,19,15,18,7,25,7,18,30,0.6,5,25,0.2,1,1,12,20,0.6,53,21,19,10,26,8,34,4,26,43,0.6047,11,25,0.44,1,1,7,9,0.7778,108
101231,2020-21,2020-11-08T19:00:00Z,10,LR,5162,9,Valencia Basket Club,Hereda San Pablo Burgos,13,549,81,99,visitante,Jaume Ponsarnau,Joan Peñarroya,16,17,12,18,4,22,5,21,36,0.5833,8,24,0.3333,2,0,15,19,0.7895,81,23,23,14,25,3,28,5,17,28,0.6071,18,30,0.6,0,2,11,16,0.6875,108
101232,2020-21,2020-11-07T19:45:00Z,10,LR,5162,9,TD Systems Baskonia,RETAbet Bilbao Basket,3,4,82,68,local,Dusko Ivanovic,Álex Mumbrú,20,14,10,26,11,37,7,20,41,0.4878,9,22,0.4091,4,3,15,18,0.8333,103,16,19,14,24,8,32,8,23,43,0.5349,5,23,0.2174,3,4,7,10,0.7,65
101233,2020-21,2020-10-31T17:00:00Z,9,LR,5154,8,Coosur Real Betis,Acunsa GBC,15,7,74,62,local,Curro Segura,Marcelo Nicola,15,15,18,27,7,34,10,14,29,0.4828,10,26,0.3846,0,3,16,20,0.8,86,13,18,14,21,11,32,9,15,36,0.4167,9,32,0.2812,3,0,5,9,0.5556,48
101234,2020-21,2020-10-31T19:45:00Z,9,LR,5154,8,BAXI Manresa,RETAbet Bilbao Basket,10,4,94,78,local,Pedro Martínez,Álex Mumbrú,20,28,11,15,11,26,9,16,27,0.5926,13,33,0.3939,5,2,23,30,0.7667,96,10,27,16,16,11,27,5,18,37,0.4865,6,17,0.3529,2,5,24,31,0.7742,71
101235,2020-21,2020-11-01T15:00:00Z,9,LR,5154,8,Club Joventut Badalona,Movistar Estudiantes,8,6,97,70,local,Carles Duran,Javier Zamora,21,19,11,26,15,41,8,30,48,0.625,8,22,0.3636,2,3,13,17,0.7647,124,13,22,11,10,5,15,8,18,37,0.4865,7,19,0.3684,3,2,13,17,0.7647,56
101236,2020-21,2020-11-01T19:00:00Z,9,LR,5154,8,Herbalife Gran Canaria,TD Systems Baskonia,5,3,71,75,visitante,Porfirio Fisac,Dusko Ivanovic,17,27,20,32,8,40,4,20,38,0.5263,8,22,0.3636,0,8,7,13,0.5385,74,10,19,8,21,8,29,14,16,37,0.4324,7,25,0.28,8,0,22,32,0.6875,70
101237,2020-21,2020-11-01T11:30:00Z,9,LR,5154,8,Unicaja,Monbus Obradoiro,14,57,82,76,local,Luis Casimiro,Moncho Fernández,18,18,7,15,6,21,11,22,42,0.5238,10,24,0.4167,0,1,8,11,0.7273,91,18,20,17,21,8,29,3,14,28,0.5,11,23,0.4783,1,0,15,17,0.8824,78
101238,2020-21,2020-12-11T17:30:00Z,9,LR,5154,13,MoraBanc Andorra,Casademont Zaragoza,22,16,83,98,visitante,Ibon Navarro,Sergio Hernández,21,24,16,25,4,29,3,14,33,0.4242,15,30,0.5,4,3,10,12,0.8333,75,19,17,10,29,13,42,10,24,45,0.5333,10,29,0.3448,3,4,20,28,0.7143,119
101239,2020-21,2020-10-15T18:30:00Z,5,LR,5149,6,Movistar Estudiantes,Herbalife Gran Canaria,6,5,94,68,local,Javier Zamora,Porfirio Fisac,18,18,8,24,20,44,7,21,51,0.4118,15,30,0.5,5,3,7,11,0.6364,104,10,18,12,20,1,21,5,18,37,0.4865,7,16,0.4375,3,5,11,20,0.55,57
101240,2020-21,2020-11-01T16:00:00Z,9,LR,5154,8,Hereda San Pablo Burgos,Urbas Fuenlabrada,549,17,78,99,visitante,Joan Peñarroya,Javier Juárez,21,17,16,16,11,27,8,17,34,0.5,11,24,0.4583,2,2,11,22,0.5,82,16,22,12,18,14,32,13,24,44,0.5455,14,31,0.4516,2,2,9,10,0.9,105
101241,2020-21,2020-11-01T19:00:00Z,9,LR,5154,8,Barça,Iberostar Tenerife,2,28,81,74,local,Sarunas Jasikevicius ,Txus Vidorreta,19,23,15,28,7,35,6,24,39,0.6154,7,17,0.4118,3,4,12,20,0.6,89,16,19,10,20,6,26,6,19,43,0.4419,8,22,0.3636,4,3,12,18,0.6667,70
101242,2020-21,2020-10-28T20:15:00Z,8,LR,5152,8,Movistar Estudiantes,Acunsa GBC,6,7,80,61,local,Javier Zamora,Marcelo Nicola,12,20,9,25,9,34,9,27,46,0.587,6,26,0.2308,7,2,8,11,0.7273,72,14,13,13,26,6,32,6,18,36,0.5,5,20,0.25,2,7,10,21,0.4762,68
101243,2020-21,2020-10-30T20:15:00Z,8,LR,5152,8,Urbas Fuenlabrada,Club Joventut Badalona,17,8,93,84,local,Javier Juárez,Carles Duran,16,28,8,20,13,33,12,27,51,0.5294,6,17,0.3529,3,2,21,28,0.75,98,10,24,16,23,8,31,8,15,36,0.4167,7,16,0.4375,2,3,33,39,0.8462,86
101244,2020-21,2020-10-27T20:15:00Z,8,LR,5152,8,UCAM Murcia CB,Barça,12,2,77,73,local,Sito Alonso,Sarunas Jasikevicius ,15,22,13,23,11,34,11,22,37,0.5946,8,28,0.2857,2,1,9,17,0.5294,77,11,20,18,25,9,34,5,20,39,0.5128,5,20,0.25,1,2,18,24,0.75,67
101245,2020-21,2020-10-27T17:30:00Z,8,LR,5152,8,Coosur Real Betis,Real Madrid,15,9,65,84,visitante,Curro Segura,Pablo Laso,16,19,12,24,5,29,7,16,36,0.4444,6,22,0.2727,2,3,15,19,0.7895,68,21,21,11,25,8,33,8,18,34,0.5294,13,35,0.3714,3,2,9,11,0.8182,91
101246,2020-21,2020-10-27T20:15:00Z,8,LR,5152,8,Monbus Obradoiro,Valencia Basket Club,57,13,77,78,visitante,Moncho Fernández,Jaume Ponsarnau,15,16,16,20,11,31,6,17,28,0.6071,12,32,0.375,0,8,7,10,0.7,88,15,17,11,17,17,34,11,20,51,0.3922,9,19,0.4737,8,0,11,13,0.8462,75
101247,2020-21,2020-12-03T17:30:00Z,8,LR,5152,12,RETAbet Bilbao Basket,MoraBanc Andorra,4,22,76,85,visitante,Álex Mumbrú,Ibon Navarro,17,27,14,21,8,29,9,18,39,0.4615,10,28,0.3571,6,2,10,17,0.5882,59,13,19,15,32,11,43,3,24,42,0.5714,5,23,0.2174,2,6,22,32,0.6875,93
101248,2020-21,2020-11-15T17:30:00Z,8,LR,5152,10,Iberostar Tenerife,Herbalife Gran Canaria,28,5,99,80,local,Txus Vidorreta,Porfirio Fisac,26,20,14,17,8,25,9,23,38,0.6053,14,23,0.6087,5,1,11,13,0.8462,110,14,15,11,12,9,21,6,19,35,0.5429,10,28,0.3571,1,5,12,19,0.6316,78
101249,2020-21,2020-11-01T17:30:00Z,9,LR,5154,8,Valencia Basket Club,Real Madrid,13,9,78,86,visitante,Jaume Ponsarnau,Pablo Laso,18,15,12,20,6,26,6,17,35,0.4857,11,26,0.4231,3,2,11,14,0.7857,86,19,22,11,23,4,27,8,12,25,0.48,17,33,0.5152,2,3,11,13,0.8462,91
101250,2020-21,2020-11-08T11:30:00Z,10,LR,5162,9,Real Madrid,Urbas Fuenlabrada,9,17,79,68,local,Pablo Laso,Javier Juárez,19,18,14,27,8,35,10,20,39,0.5128,11,35,0.3143,4,7,6,9,0.6667,85,10,17,18,32,4,36,9,18,45,0.4,6,16,0.375,7,4,14,18,0.7778,60
101251,2020-21,2020-10-10T18:45:00Z,5,LR,5149,5,UCAM Murcia CB,Coosur Real Betis,12,15,74,72,local,Sito Alonso,Curro Segura,16,20,16,24,10,34,9,21,35,0.6,7,24,0.2917,0,3,11,20,0.55,80,6,20,17,20,10,30,10,15,36,0.4167,7,20,0.35,3,0,21,23,0.913,62
101252,2020-21,2020-10-11T10:30:00Z,5,LR,5149,5,Club Joventut Badalona,RETAbet Bilbao Basket,8,4,88,81,local,Carles Duran,Álex Mumbrú,16,17,15,20,9,29,10,22,39,0.5641,11,27,0.4074,2,2,11,11,1.0,94,17,16,18,20,10,30,6,22,39,0.5641,9,25,0.36,2,2,10,14,0.7143,80
101253,2020-21,2020-09-24T19:45:00Z,2,LR,5146,3,Urbas Fuenlabrada,TD Systems Baskonia,17,3,73,89,visitante,Paco García,Dusko Ivanovic,12,19,18,21,10,31,10,20,36,0.5556,7,29,0.2414,3,4,12,17,0.7059,65,23,19,18,22,15,37,8,18,42,0.4286,13,26,0.5,4,3,14,20,0.7,95
101254,2020-21,2020-09-24T17:00:00Z,2,LR,5146,3,UCAM Murcia CB,Movistar Estudiantes,12,6,93,80,local,Sito Alonso,Javier Zamora,19,26,9,23,17,40,8,26,51,0.5098,10,27,0.3704,3,7,11,17,0.6471,106,11,26,16,22,10,32,4,13,29,0.4483,11,29,0.3793,7,3,21,25,0.84,69
101255,2020-21,2020-09-25T17:15:00Z,2,LR,5146,3,Coosur Real Betis,Club Joventut Badalona,15,8,57,78,visitante,Curro Segura,Carles Duran,15,16,12,19,14,33,9,17,42,0.4048,5,22,0.2273,3,4,8,22,0.3636,52,22,22,16,29,7,36,5,14,29,0.4828,13,28,0.4643,4,3,11,13,0.8462,86
101256,2020-21,2020-09-24T17:00:00Z,2,LR,5146,3,BAXI Manresa,Monbus Obradoiro,10,57,76,80,visitante,Pedro Martínez,Moncho Fernández,22,19,16,21,6,27,12,26,41,0.6341,4,23,0.1739,0,3,12,19,0.6316,85,10,21,21,28,5,33,11,25,42,0.5952,6,18,0.3333,3,0,12,15,0.8,76
101257,2020-21,2020-09-24T19:45:00Z,2,LR,5146,3,Unicaja,Barça,14,2,70,79,visitante,Luis Casimiro,Sarunas Jasikevicius ,15,19,18,19,10,29,6,19,43,0.4419,7,22,0.3182,2,4,11,13,0.8462,63,19,19,13,25,9,34,11,19,37,0.5135,8,23,0.3478,4,2,17,22,0.7727,90
101258,2020-21,2020-09-23T19:45:00Z,2,LR,5146,3,RETAbet Bilbao Basket,Iberostar Tenerife,4,28,70,81,visitante,Álex Mumbrú,Txus Vidorreta,11,20,12,21,9,30,3,17,35,0.4857,7,23,0.3043,0,2,15,16,0.9375,70,22,21,6,21,6,27,6,18,34,0.5294,9,26,0.3462,2,0,18,22,0.8182,90
101259,2020-21,2020-09-25T19:45:00Z,2,LR,5146,3,Real Madrid,Casademont Zaragoza,9,16,102,83,local,Pablo Laso,Diego Ocampo,27,18,22,31,9,40,9,17,33,0.5152,19,34,0.5588,0,3,11,17,0.6471,123,18,20,13,25,10,35,12,24,52,0.4615,8,25,0.32,3,0,11,19,0.5789,76
101260,2020-21,2020-09-25T17:45:00Z,2,LR,5146,3,Hereda San Pablo Burgos,Herbalife Gran Canaria,549,5,92,60,local,Joan Peñarroya,Porfirio Fisac,24,21,12,31,14,45,12,23,43,0.5349,13,31,0.4194,6,4,7,14,0.5,108,20,15,16,23,6,29,6,12,38,0.3158,8,26,0.3077,4,6,12,16,0.75,59
101261,2020-21,2020-09-25T15:00:00Z,2,LR,5146,3,Valencia Basket Club,MoraBanc Andorra,13,22,91,76,local,Jaume Ponsarnau,Ibon Navarro,21,14,16,22,8,30,10,19,31,0.6129,12,24,0.5,3,4,17,20,0.85,117,21,21,15,15,13,28,12,17,41,0.4146,12,28,0.4286,4,3,6,8,0.75,72
101262,2020-21,2020-09-19T18:45:00Z,1,LR,5126,2,Acunsa GBC,Real Madrid,7,9,70,86,visitante,Marcelo Nicola,Pablo Laso,13,16,12,21,12,33,6,18,36,0.5,9,33,0.2727,2,5,7,9,0.7778,63,17,10,9,26,9,35,8,23,41,0.561,11,27,0.4074,5,2,7,11,0.6364,102
101263,2020-21,2020-09-20T10:30:00Z,1,LR,5126,2,Movistar Estudiantes,BAXI Manresa,6,10,84,88,visitante,Javier Zamora,Pedro Martínez,14,29,12,18,8,26,7,18,35,0.5143,11,30,0.3667,0,5,15,23,0.6522,74,19,23,16,25,11,36,5,18,36,0.5,9,21,0.4286,5,0,25,37,0.6757,91
101264,2020-21,2020-09-20T20:00:00Z,1,LR,5126,2,Monbus Obradoiro,Urbas Fuenlabrada,57,17,101,82,local,Moncho Fernández,Paco García,24,21,15,22,12,34,6,18,29,0.6207,16,34,0.4706,1,4,17,21,0.8095,121,15,22,15,17,9,26,7,28,48,0.5833,4,15,0.2667,4,1,14,18,0.7778,76
101265,2020-21,2020-09-21T18:30:00Z,1,LR,5126,3,Club Joventut Badalona,Unicaja,8,14,81,73,local,Carles Duran,Luis Casimiro,16,19,12,31,14,45,4,21,40,0.525,7,25,0.28,0,1,18,23,0.7826,97,14,23,5,19,2,21,6,21,42,0.5,6,18,0.3333,1,0,13,16,0.8125,67
101266,2020-21,2020-09-19T18:45:00Z,1,LR,5126,2,Herbalife Gran Canaria,RETAbet Bilbao Basket,5,4,107,102,local,Porfirio Fisac,Álex Mumbrú,21,27,11,21,5,26,10,22,37,0.5946,15,33,0.4545,2,2,18,25,0.72,108,14,22,14,20,11,31,3,23,41,0.561,12,30,0.4,2,2,20,26,0.7692,97
101267,2020-21,2020-09-20T15:00:00Z,1,LR,5126,2,MoraBanc Andorra,UCAM Murcia CB,22,12,84,66,local,Ibon Navarro,Sito Alonso,21,20,11,27,12,39,2,22,33,0.6667,10,30,0.3333,1,2,10,16,0.625,99,10,20,9,19,16,35,5,19,49,0.3878,6,23,0.2609,2,1,10,14,0.7143,55
101268,2020-21,2020-09-21T18:30:00Z,1,LR,5126,3,Iberostar Tenerife,Casademont Zaragoza,28,16,91,86,local,Txus Vidorreta,Diego Ocampo,13,23,16,26,12,38,8,21,38,0.5526,10,33,0.303,3,1,19,21,0.9048,93,16,26,20,23,7,30,8,18,33,0.5455,10,31,0.3226,1,3,20,24,0.8333,79
101269,2020-21,2020-09-20T18:00:00Z,1,LR,5126,2,Barça,Hereda San Pablo Burgos,2,549,89,86,local,Sarunas Jasikevicius ,Joan Peñarroya,23,20,16,23,17,40,6,17,42,0.4048,12,20,0.6,1,1,19,25,0.76,104,23,21,11,16,4,20,13,22,29,0.7586,8,29,0.2759,1,1,18,22,0.8182,98
101270,2020-21,2020-09-27T10:30:00Z,3,LR,5147,3,Barça,RETAbet Bilbao Basket,2,4,82,64,local,Sarunas Jasikevicius ,Álex Mumbrú,21,19,13,27,6,33,10,23,40,0.575,10,22,0.4545,3,4,6,7,0.8571,102,19,17,15,21,10,31,9,12,35,0.3429,10,27,0.3704,4,3,10,13,0.7692,65
101271,2020-21,2020-09-27T18:00:00Z,3,LR,5147,3,Casademont Zaragoza,Herbalife Gran Canaria,16,5,88,71,local,Diego Ocampo,Porfirio Fisac,21,17,19,26,7,33,10,25,40,0.625,9,27,0.3333,1,3,11,15,0.7333,104,10,23,16,27,9,36,10,20,41,0.4878,5,28,0.1786,3,1,16,18,0.8889,56
101272,2020-21,2020-09-27T10:30:00Z,3,LR,5147,3,MoraBanc Andorra,Unicaja,22,14,78,81,visitante,Ibon Navarro,Luis Casimiro,20,21,16,24,15,39,8,17,34,0.5,11,33,0.3333,2,6,11,12,0.9167,86,19,17,11,19,6,25,7,17,36,0.4722,9,25,0.36,6,2,20,27,0.7407,78
101273,2020-21,2020-09-27T16:00:00Z,3,LR,5147,3,Club Joventut Badalona,Real Madrid,8,9,64,87,visitante,Carles Duran,Pablo Laso,12,16,14,22,7,29,6,14,34,0.4118,7,31,0.2258,4,2,15,18,0.8333,50,20,18,14,32,3,35,11,25,33,0.7576,9,27,0.3333,2,4,10,11,0.9091,112
101274,2020-21,2020-10-10T18:45:00Z,5,LR,5149,5,Iberostar Tenerife,Urbas Fuenlabrada,28,17,91,87,local,Txus Vidorreta,Paco García,23,21,19,28,11,39,3,13,23,0.5652,12,27,0.4444,1,4,29,38,0.7632,114,17,30,8,19,14,33,13,20,46,0.4348,11,31,0.3548,4,1,14,20,0.7,78
101275,2020-21,2020-10-20T19:15:00Z,5,LR,5149,7,Real Madrid,Monbus Obradoiro,9,57,84,77,local,Pablo Laso,Moncho Fernández,12,16,9,26,10,36,7,26,45,0.5778,6,21,0.2857,2,6,14,18,0.7778,96,15,16,11,23,4,27,6,15,36,0.4167,13,26,0.5,6,2,8,10,0.8,74
101276,2020-21,2020-10-11T15:00:00Z,5,LR,5149,5,Hereda San Pablo Burgos,TD Systems Baskonia,549,3,91,89,local,Joan Peñarroya,Dusko Ivanovic,21,24,12,20,4,24,11,24,33,0.7273,9,26,0.3462,0,4,16,25,0.64,98,12,19,17,20,7,27,8,19,35,0.5429,9,31,0.2903,4,0,24,28,0.8571,78
101277,2020-21,2020-10-11T18:00:00Z,5,LR,5149,5,Valencia Basket Club,Unicaja,13,14,66,71,visitante,Jaume Ponsarnau,Luis Casimiro,11,14,23,30,6,36,7,18,38,0.4737,5,15,0.3333,5,1,15,17,0.8824,65,17,18,11,19,9,28,14,20,38,0.5263,8,31,0.2581,1,5,7,12,0.5833,72
101278,2020-21,2020-10-04T10:30:00Z,4,LR,5148,4,Urbas Fuenlabrada,Movistar Estudiantes,17,6,81,82,visitante,Paco García,Javier Zamora,15,19,12,21,12,33,7,23,45,0.5111,8,18,0.4444,3,5,11,20,0.55,88,16,22,11,17,9,26,6,24,44,0.5455,6,20,0.3,5,3,16,19,0.8421,77
101279,2020-21,2020-10-04T18:00:00Z,4,LR,5148,4,Coosur Real Betis,Valencia Basket Club,15,13,95,85,local,Curro Segura,Jaume Ponsarnau,15,18,8,22,9,31,6,27,41,0.6585,9,24,0.375,1,1,14,19,0.7368,109,22,22,11,21,10,31,6,25,38,0.6579,6,26,0.2308,1,1,17,19,0.8947,94
101280,2020-21,2020-10-11T16:30:00Z,4,LR,5148,5,Herbalife Gran Canaria,Real Madrid,5,9,65,90,visitante,Porfirio Fisac,Pablo Laso,7,18,14,17,8,25,8,16,37,0.4324,9,28,0.3214,2,1,6,6,1.0,46,20,14,13,29,11,40,10,22,34,0.6471,12,34,0.3529,1,2,10,13,0.7692,115
101281,2020-21,2020-10-03T18:45:00Z,4,LR,5148,4,Unicaja,BAXI Manresa,14,10,86,90,visitante,Luis Casimiro,Pedro Martínez,17,24,13,18,5,23,11,24,40,0.6,8,23,0.3478,3,5,14,18,0.7778,86,19,19,18,22,12,34,9,17,31,0.5484,13,29,0.4483,5,3,17,25,0.68,99
101282,2020-21,2020-10-10T16:00:00Z,5,LR,5149,5,BAXI Manresa,MoraBanc Andorra,10,22,64,69,visitante,Pedro Martínez,Ibon Navarro,14,19,14,18,15,33,6,15,35,0.4286,9,30,0.3,4,0,7,11,0.6364,52,14,17,18,26,9,35,8,16,32,0.5,9,24,0.375,0,4,10,11,0.9091,82
101283,2020-21,2020-10-03T18:45:00Z,4,LR,5148,4,MoraBanc Andorra,Club Joventut Badalona,22,8,87,89,visitante,Ibon Navarro,Carles Duran,12,22,15,16,10,26,9,21,36,0.5833,12,26,0.4615,1,2,9,10,0.9,84,24,16,20,16,6,22,9,22,37,0.5946,11,17,0.6471,2,1,12,18,0.6667,102
101284,2020-21,2020-10-08T18:45:00Z,4,LR,5148,5,Casademont Zaragoza,Hereda San Pablo Burgos,16,549,86,100,visitante,Diego Ocampo,Joan Peñarroya,11,20,17,21,10,31,6,25,38,0.6579,6,25,0.24,1,1,18,23,0.7826,82,24,22,13,18,6,24,10,28,42,0.6667,12,30,0.4,1,1,8,10,0.8,109
101285,2020-21,2020-10-20T17:00:00Z,4,LR,5148,7,Barça,Acunsa GBC,2,7,87,60,local,Sarunas Jasikevicius ,Marcelo Nicola,30,17,17,24,13,37,14,30,51,0.5882,2,13,0.1538,1,4,21,26,0.8077,124,14,24,23,20,12,32,11,17,41,0.4146,7,23,0.3043,4,1,5,8,0.625,41
101286,2020-21,2020-10-04T15:00:00Z,4,LR,5148,4,TD Systems Baskonia,UCAM Murcia CB,3,12,75,83,visitante,Dusko Ivanovic,Sito Alonso,15,17,16,23,12,35,7,24,48,0.5,4,17,0.2353,2,3,15,17,0.8824,80,16,19,13,22,9,31,9,20,40,0.5,10,23,0.4348,3,2,13,20,0.65,83
101287,2020-21,2020-09-27T15:00:00Z,3,LR,5147,3,Acunsa GBC,Hereda San Pablo Burgos,7,549,77,90,visitante,Marcelo Nicola,Joan Peñarroya,18,21,17,24,7,31,9,16,42,0.381,10,25,0.4,1,3,15,17,0.8824,75,17,19,18,28,6,34,12,21,35,0.6,11,30,0.3667,3,1,15,19,0.7895,98
101288,2020-21,2020-09-26T18:45:00Z,3,LR,5147,3,Movistar Estudiantes,TD Systems Baskonia,6,3,84,86,visitante,Javier Zamora,Dusko Ivanovic,13,23,13,19,3,22,8,19,34,0.5588,13,23,0.5652,4,2,7,11,0.6364,76,21,16,10,15,9,24,8,21,36,0.5833,6,22,0.2727,2,4,26,30,0.8667,102
101289,2020-21,2020-09-26T15:00:00Z,3,LR,5147,3,UCAM Murcia CB,Iberostar Tenerife,12,28,82,84,visitante,Sito Alonso,Txus Vidorreta,14,25,17,25,16,41,10,23,39,0.5897,6,25,0.24,0,4,18,33,0.5455,86,16,27,17,20,7,27,9,17,34,0.5,9,26,0.3462,4,0,23,29,0.7931,72
101290,2020-21,2020-09-27T15:00:00Z,3,LR,5147,3,Monbus Obradoiro,Coosur Real Betis,57,15,87,80,local,Moncho Fernández,Curro Segura,16,21,10,20,12,32,6,21,34,0.6176,9,31,0.2903,2,1,18,21,0.8571,93,13,22,12,20,11,31,5,23,42,0.5476,7,22,0.3182,1,2,13,16,0.8125,80
101291,2020-21,2020-09-27T18:00:00Z,3,LR,5147,3,BAXI Manresa,Valencia Basket Club,10,13,74,82,visitante,Pedro Martínez,Jaume Ponsarnau,24,21,12,29,8,37,5,17,32,0.5312,10,31,0.3226,1,2,10,14,0.7143,84,15,16,7,24,3,27,11,24,41,0.5854,5,20,0.25,2,1,19,24,0.7917,95
101292,2020-21,2020-10-03T16:00:00Z,4,LR,5148,4,RETAbet Bilbao Basket,Monbus Obradoiro,4,57,99,81,local,Álex Mumbrú,Moncho Fernández,21,21,14,22,14,36,8,28,45,0.6222,10,22,0.4545,0,2,13,13,1.0,121,15,19,15,12,7,19,9,15,29,0.5172,12,29,0.4138,2,0,15,23,0.6522,70
101293,2020-21,2021-05-23T16:30:00Z,38,LR,5163,67,Coosur Real Betis,Herbalife Gran Canaria,15,5,69,74,visitante,Joan Plaza,Porfirio Fisac,13,17,10,24,6,30,9,17,36,0.4722,8,25,0.32,5,3,11,16,0.6875,72,16,21,10,25,10,35,6,18,36,0.5,10,28,0.3571,3,5,8,10,0.8,81
101294,2020-21,2020-11-08T16:00:00Z,10,LR,5162,9,Casademont Zaragoza,BAXI Manresa,16,10,102,103,visitante,Sergio Hernández,Pedro Martínez,20,23,13,23,5,28,6,17,29,0.5862,13,25,0.52,2,1,29,40,0.725,112,23,28,8,20,5,25,9,22,36,0.6111,11,27,0.4074,1,2,26,30,0.8667,114
101295,2020-21,2020-12-17T19:30:00Z,10,LR,5162,14,Monbus Obradoiro,Club Joventut Badalona,57,8,83,87,visitante,Moncho Fernández,Carles Duran,18,23,12,14,8,22,5,12,29,0.4138,15,31,0.4839,3,0,14,18,0.7778,74,21,21,19,23,8,31,7,19,27,0.7037,11,23,0.4783,0,3,16,24,0.6667,104
101296,2020-21,2020-12-02T20:15:00Z,17,LR,5161,12,Real Madrid,TD Systems Baskonia,9,3,92,83,local,Pablo Laso,Dusko Ivanovic,20,14,7,28,3,31,4,20,26,0.7692,13,30,0.4333,0,3,13,19,0.6842,119,16,20,7,21,7,28,5,20,42,0.4762,11,26,0.4231,3,0,10,10,1.0,79
101297,2020-21,2020-12-29T20:15:00Z,17,LR,5161,16,Hereda San Pablo Burgos,RETAbet Bilbao Basket,549,4,96,86,local,Joan Peñarroya,Álex Mumbrú,25,19,15,22,10,32,5,19,34,0.5588,16,33,0.4848,0,2,10,13,0.7692,111,14,20,11,20,4,24,6,18,35,0.5143,11,22,0.5,2,0,17,20,0.85,85
101298,2020-21,2020-12-01T20:15:00Z,17,LR,5161,12,Barça,Valencia Basket Club,2,13,90,100,visitante,Sarunas Jasikevicius ,Jaume Ponsarnau,22,26,13,20,17,37,10,26,45,0.5778,10,30,0.3333,4,3,8,13,0.6154,95,28,20,11,21,7,28,8,20,32,0.625,12,23,0.5217,3,4,24,31,0.7742,130
101299,2020-21,2020-12-27T11:00:00Z,16,LR,5160,15,UCAM Murcia CB,Monbus Obradoiro,12,57,93,76,local,Sito Alonso,Moncho Fernández,15,25,6,25,12,37,13,25,53,0.4717,6,16,0.375,3,3,25,30,0.8333,107,6,23,15,20,8,28,2,16,29,0.5517,7,29,0.2414,3,3,23,27,0.8519,60
101300,2020-21,2020-12-27T15:30:00Z,16,LR,5160,15,Coosur Real Betis,Urbas Fuenlabrada,15,17,86,79,local,Joan Plaza,Javier Juárez,15,22,10,22,10,32,11,22,39,0.5641,9,28,0.3214,6,4,15,20,0.75,88,10,19,14,18,17,35,5,20,48,0.4167,7,18,0.3889,4,6,18,25,0.72,74
101301,2020-21,2020-12-27T13:15:00Z,16,LR,5160,15,BAXI Manresa,Herbalife Gran Canaria,10,5,64,71,visitante,Pedro Martínez,Porfirio Fisac,14,21,17,29,10,39,4,13,34,0.3824,11,33,0.3333,7,0,5,10,0.5,47,17,19,11,29,6,35,15,17,36,0.4722,8,25,0.32,0,7,13,21,0.619,92
101302,2020-21,2020-12-27T11:00:00Z,16,LR,5160,15,Club Joventut Badalona,Hereda San Pablo Burgos,8,549,78,95,visitante,Carles Duran,Joan Peñarroya,17,20,21,24,9,33,3,18,34,0.5294,9,21,0.4286,1,1,15,20,0.75,77,16,20,5,19,7,26,15,23,39,0.5897,12,31,0.3871,1,1,13,16,0.8125,109
101303,2020-21,2020-12-27T17:45:00Z,16,LR,5160,15,RETAbet Bilbao Basket,Unicaja,4,14,75,91,visitante,Álex Mumbrú,Luis Casimiro,21,17,18,24,5,29,4,20,39,0.5128,10,24,0.4167,3,1,5,5,1.0,73,15,14,9,26,6,32,7,24,40,0.6,13,32,0.4062,1,3,4,6,0.6667,104
101304,2020-21,2020-12-27T13:15:00Z,16,LR,5160,15,Iberostar Tenerife,MoraBanc Andorra,28,22,93,81,local,Txus Vidorreta,Ibon Navarro,18,16,11,20,7,27,12,23,45,0.5111,13,23,0.5652,1,1,8,12,0.6667,108,17,21,16,23,8,31,6,16,30,0.5333,12,27,0.4444,1,1,13,19,0.6842,78
101305,2020-21,2020-12-27T15:30:00Z,16,LR,5160,15,Casademont Zaragoza,TD Systems Baskonia,16,3,89,92,visitante,Sergio Hernández,Dusko Ivanovic,20,24,7,20,12,32,4,25,44,0.5682,11,34,0.3235,3,2,6,11,0.5455,79,16,14,9,28,11,39,5,17,33,0.5152,10,30,0.3333,2,3,28,33,0.8485,112
101306,2020-21,2020-12-27T20:30:00Z,16,LR,5160,15,Real Madrid,Barça,9,2,82,87,visitante,Pablo Laso,Sarunas Jasikevicius ,12,19,6,22,6,28,3,17,36,0.4722,10,27,0.3704,1,1,18,21,0.8571,83,13,22,8,24,10,34,3,27,54,0.5,6,16,0.375,1,1,15,16,0.9375,88
101307,2020-21,2020-12-27T17:45:00Z,16,LR,5160,15,Valencia Basket Club,Acunsa GBC,13,7,101,75,local,Jaume Ponsarnau,Marcelo Nicola,24,12,13,25,6,31,7,24,34,0.7059,13,25,0.52,0,0,14,16,0.875,134,20,20,12,15,18,33,11,18,43,0.4186,11,30,0.3667,0,0,6,11,0.5455,70
101308,2020-21,2020-12-19T19:45:00Z,15,LR,5159,14,Acunsa GBC,Herbalife Gran Canaria,7,5,65,79,visitante,Marcelo Nicola,Porfirio Fisac,13,22,17,27,6,33,5,17,35,0.4857,9,25,0.36,1,1,4,6,0.6667,54,19,14,11,23,3,26,10,18,33,0.5455,11,24,0.4583,1,1,10,18,0.5556,95
101309,2020-21,2020-12-20T19:00:00Z,15,LR,5159,14,Urbas Fuenlabrada,RETAbet Bilbao Basket,17,4,70,74,visitante,Javier Juárez,Álex Mumbrú,15,18,10,24,16,40,5,21,40,0.525,6,31,0.1935,1,6,10,14,0.7143,82,12,23,11,22,7,29,5,15,30,0.5,8,29,0.2759,6,1,20,22,0.9091,61
101310,2020-21,2020-12-20T11:00:00Z,15,LR,5159,14,Monbus Obradoiro,Casademont Zaragoza,57,16,102,91,local,Moncho Fernández,Sergio Hernández,22,20,18,24,9,33,10,16,37,0.4324,16,25,0.64,2,3,22,26,0.8462,120,13,25,15,19,7,26,9,22,39,0.5641,10,29,0.3448,3,2,17,20,0.85,79
101311,2020-21,2020-12-29T17:30:00Z,15,LR,5159,16,Unicaja,Coosur Real Betis,14,15,111,114,visitante,Luis Casimiro,Joan Plaza,21,26,11,16,14,30,3,26,42,0.619,14,30,0.4667,3,2,17,23,0.7391,113,20,24,12,19,12,31,6,25,40,0.625,13,26,0.5,2,3,25,32,0.7812,127
101312,2020-21,2020-12-20T11:30:00Z,15,LR,5159,14,MoraBanc Andorra,Movistar Estudiantes,22,6,81,73,local,Ibon Navarro,Javier Zamora,18,18,8,25,11,36,8,19,34,0.5588,8,28,0.2857,0,4,19,26,0.7308,102,13,23,12,25,10,35,4,12,33,0.3636,12,31,0.3871,4,0,13,19,0.6842,58
101313,2020-21,2021-02-09T19:30:00Z,17,LR,5161,21,MoraBanc Andorra,Monbus Obradoiro,22,57,90,71,local,Ibon Navarro,Moncho Fernández,16,26,10,24,11,35,4,19,37,0.5135,14,28,0.5,3,1,10,13,0.7692,91,15,20,12,18,7,25,4,13,31,0.4194,11,30,0.3667,1,3,12,19,0.6316,67
101314,2020-21,2020-12-22T17:30:00Z,17,LR,5161,15,Unicaja,Urbas Fuenlabrada,14,17,84,90,visitante,Luis Casimiro,Javier Juárez,18,23,16,18,6,24,7,22,33,0.6667,11,31,0.3548,1,2,7,7,1.0,77,17,14,15,23,14,37,10,27,44,0.6136,7,23,0.3043,2,1,15,22,0.6818,107
101315,2020-21,2020-12-22T20:15:00Z,17,LR,5161,15,Herbalife Gran Canaria,Coosur Real Betis,5,15,78,54,local,Porfirio Fisac,Joan Plaza,12,22,14,25,13,38,12,25,49,0.5102,6,17,0.3529,5,1,10,15,0.6667,80,8,20,20,18,12,30,6,15,36,0.4167,2,20,0.1,1,5,18,27,0.6667,36
101316,2020-21,2020-12-23T17:30:00Z,17,LR,5161,15,Club Joventut Badalona,UCAM Murcia CB,8,12,104,93,local,Carles Duran,Sito Alonso,21,21,16,20,2,22,8,25,36,0.6944,14,24,0.5833,2,4,12,14,0.8571,116,19,19,13,17,8,25,12,22,35,0.6286,12,31,0.3871,4,2,13,20,0.65,97
101317,2020-21,2021-03-17T19:30:00Z,19,LR,5144,25,Urbas Fuenlabrada,MoraBanc Andorra,17,22,65,75,visitante,Javier Juárez,Ibon Navarro,16,20,9,19,6,25,10,15,34,0.4412,8,32,0.25,4,2,11,13,0.8462,56,11,16,18,28,7,35,1,14,27,0.5185,11,27,0.4074,2,4,14,17,0.8235,78
101318,2020-21,2021-01-09T17:00:00Z,19,LR,5144,17,Coosur Real Betis,Hereda San Pablo Burgos,15,549,76,85,visitante,Joan Plaza,Joan Peñarroya,11,22,15,19,14,33,8,22,42,0.5238,7,23,0.3043,6,1,11,20,0.55,60,21,19,16,22,11,33,7,20,36,0.5556,11,27,0.4074,1,6,12,16,0.75,102
101319,2020-21,2021-01-09T19:45:00Z,19,LR,5144,17,BAXI Manresa,Barça,10,2,76,99,visitante,Pedro Martínez,Sarunas Jasikevicius ,20,22,20,18,15,33,5,22,44,0.5,6,23,0.2609,1,4,14,20,0.7,72,16,22,7,21,8,29,10,29,47,0.617,7,21,0.3333,4,1,20,21,0.9524,109
101320,2020-21,2021-01-10T12:00:00Z,19,LR,5144,17,Herbalife Gran Canaria,Club Joventut Badalona,5,8,96,85,local,Porfirio Fisac,Carles Duran,18,19,13,20,7,27,9,20,39,0.5128,13,25,0.52,2,1,17,21,0.8095,103,19,21,13,23,9,32,7,22,40,0.55,9,20,0.45,1,2,14,17,0.8235,94
101321,2020-21,2021-01-10T21:00:00Z,19,LR,5144,17,Unicaja,TD Systems Baskonia,14,3,79,91,visitante,Luis Casimiro,Dusko Ivanovic,19,17,17,17,6,23,5,19,34,0.5588,10,19,0.5263,2,2,11,14,0.7857,82,22,17,9,18,8,26,12,22,37,0.5946,10,23,0.4348,2,2,17,19,0.8947,111
101322,2020-21,2021-01-09T17:00:00Z,19,LR,5144,17,RETAbet Bilbao Basket,Valencia Basket Club,4,13,73,106,visitante,Álex Mumbrú,Jaume Ponsarnau,15,22,20,14,7,21,6,20,34,0.5882,9,20,0.45,3,1,6,9,0.6667,54,25,11,9,18,5,23,10,28,36,0.7778,13,26,0.5,1,3,11,14,0.7857,144
101323,2020-21,2021-02-02T19:30:00Z,19,LR,5144,21,Real Madrid,UCAM Murcia CB,9,12,98,87,local,Pablo Laso,Sito Alonso,12,16,10,24,11,35,4,19,37,0.5135,12,26,0.4615,1,2,24,30,0.8,113,18,27,10,21,11,32,9,21,42,0.5,10,29,0.3448,2,1,15,17,0.8824,82
101324,2020-21,2021-01-03T17:30:00Z,18,LR,5145,16,Urbas Fuenlabrada,Barça,17,2,67,83,visitante,Javier Juárez,Sarunas Jasikevicius ,16,20,14,14,8,22,8,21,45,0.4667,2,14,0.1429,4,1,19,26,0.7308,57,16,24,18,27,8,35,7,24,42,0.5714,4,14,0.2857,1,4,23,24,0.9583,91
101325,2020-21,2020-12-19T17:00:00Z,15,LR,5159,14,Hereda San Pablo Burgos,BAXI Manresa,549,10,91,80,local,Joan Peñarroya,Pedro Martínez,20,22,9,29,3,32,9,18,31,0.5806,13,33,0.3939,1,8,16,23,0.6957,107,23,19,14,31,14,45,4,21,45,0.4667,7,29,0.2414,8,1,17,24,0.7083,81
101326,2020-21,2021-01-26T17:00:00Z,18,LR,5145,20,UCAM Murcia CB,BAXI Manresa,12,10,93,103,visitante,Sito Alonso,Pedro Martínez,15,27,24,15,18,33,11,25,41,0.6098,8,26,0.3077,4,3,19,31,0.6129,82,22,28,22,16,8,24,8,23,35,0.6571,13,28,0.4643,3,4,18,25,0.72,100
101327,2020-21,2021-01-02T15:00:00Z,18,LR,5145,16,RETAbet Bilbao Basket,Acunsa GBC,4,7,81,80,local,Álex Mumbrú,Marcelo Nicola,15,23,17,25,6,31,7,18,31,0.5806,9,21,0.4286,1,3,18,24,0.75,85,15,21,14,21,13,34,9,12,31,0.3871,13,36,0.3611,3,1,17,22,0.7727,76
101328,2020-21,2021-01-02T17:00:00Z,18,LR,5145,16,Iberostar Tenerife,Real Madrid,28,9,85,92,visitante,Txus Vidorreta,Pablo Laso,23,22,12,15,8,23,8,20,40,0.5,13,26,0.5,2,0,6,7,0.8571,86,18,17,14,24,15,39,8,24,36,0.6667,11,28,0.3929,0,2,11,16,0.6875,116
101329,2020-21,2021-01-02T19:45:00Z,18,LR,5145,16,Casademont Zaragoza,Coosur Real Betis,16,15,96,95,local,Sergio Hernández,Joan Plaza,17,23,15,26,3,29,5,30,43,0.6977,6,22,0.2727,2,8,18,23,0.7826,103,12,22,14,24,16,40,10,24,54,0.4444,11,30,0.3667,8,2,14,21,0.6667,80
101330,2020-21,2021-01-03T11:30:00Z,18,LR,5145,16,Hereda San Pablo Burgos,Unicaja,549,14,95,83,local,Joan Peñarroya,Luis Casimiro,16,22,12,25,16,41,9,20,44,0.4545,14,35,0.4,3,3,13,19,0.6842,93,13,17,14,27,13,40,7,28,48,0.5833,3,24,0.125,3,3,18,20,0.9,91
101331,2020-21,2021-01-02T19:45:00Z,18,LR,5145,16,Valencia Basket Club,Herbalife Gran Canaria,13,5,101,85,local,Jaume Ponsarnau,Porfirio Fisac,27,18,8,20,10,30,6,28,46,0.6087,11,25,0.44,3,4,12,13,0.9231,123,17,17,12,17,8,25,5,19,33,0.5758,12,29,0.4138,4,3,11,14,0.7857,86
101332,2020-21,2021-01-02T17:30:00Z,18,LR,5145,16,TD Systems Baskonia,MoraBanc Andorra,3,22,84,67,local,Dusko Ivanovic,Ibon Navarro,15,16,18,29,9,38,11,26,36,0.7222,6,25,0.24,0,7,14,16,0.875,107,12,18,13,18,7,25,8,13,37,0.3514,10,28,0.3571,7,0,11,16,0.6875,42
101333,2020-21,2020-12-29T17:30:00Z,17,LR,5161,16,Acunsa GBC,BAXI Manresa,7,10,71,78,visitante,Marcelo Nicola,Pedro Martínez,14,20,17,24,11,35,7,20,45,0.4444,8,23,0.3478,3,1,7,10,0.7,63,20,18,13,26,6,32,6,19,36,0.5278,9,24,0.375,1,3,13,16,0.8125,92
101334,2020-21,2020-12-29T20:15:00Z,17,LR,5161,16,Movistar Estudiantes,Iberostar Tenerife,6,28,64,90,visitante,Javier Zamora,Txus Vidorreta,14,23,10,21,11,32,3,20,38,0.5263,6,27,0.2222,2,2,6,9,0.6667,53,17,15,7,22,9,31,4,20,35,0.5714,13,28,0.4643,2,2,11,19,0.5789,104
101335,2020-21,2021-03-03T17:00:00Z,18,LR,5145,23,Monbus Obradoiro,Movistar Estudiantes,57,6,87,91,visitante,Moncho Fernández,Jota Cuspinera,16,15,12,22,7,29,5,17,27,0.6296,12,31,0.3871,3,2,17,20,0.85,97,20,20,7,19,4,23,8,23,41,0.561,13,29,0.4483,2,3,6,8,0.75,95
101336,2020-21,2020-11-08T12:00:00Z,10,LR,5162,9,Iberostar Tenerife,Coosur Real Betis,28,15,77,73,local,Txus Vidorreta,Curro Segura,11,21,17,20,5,25,8,16,29,0.5517,7,20,0.35,1,2,24,27,0.8889,81,14,26,15,17,12,29,9,17,35,0.4857,9,24,0.375,2,1,12,15,0.8,68
101337,2020-21,2020-12-20T19:00:00Z,15,LR,5159,14,Valencia Basket Club,UCAM Murcia CB,13,12,89,78,local,Jaume Ponsarnau,Sito Alonso,24,17,12,21,11,32,3,18,30,0.6,12,33,0.3636,1,2,17,23,0.7391,103,17,22,11,19,16,35,8,22,49,0.449,8,26,0.3077,2,1,10,15,0.6667,71
101338,2020-21,2020-12-20T15:00:00Z,15,LR,5159,14,TD Systems Baskonia,Iberostar Tenerife,3,28,79,72,local,Dusko Ivanovic,Txus Vidorreta,23,18,11,28,6,34,11,25,42,0.5952,4,17,0.2353,0,3,17,25,0.68,101,16,18,12,23,9,32,6,19,42,0.4524,9,28,0.3214,3,0,7,9,0.7778,67
101339,2020-21,2020-11-21T19:45:00Z,12,LR,5156,11,Monbus Obradoiro,Hereda San Pablo Burgos,57,549,63,78,visitante,Moncho Fernández,Joan Peñarroya,13,16,19,23,12,35,12,13,30,0.4333,10,35,0.2857,2,3,7,8,0.875,66,11,20,18,28,10,38,15,24,41,0.5854,8,22,0.3636,3,2,6,12,0.5,82
101340,2020-21,2020-11-21T19:45:00Z,12,LR,5156,11,Herbalife Gran Canaria,MoraBanc Andorra,5,22,62,79,visitante,Porfirio Fisac,Ibon Navarro,14,18,14,22,16,38,8,12,33,0.3636,8,32,0.25,3,0,14,19,0.7368,63,15,26,14,28,7,35,7,15,28,0.5357,13,28,0.4643,0,3,10,18,0.5556,80
101341,2020-21,2020-11-22T17:30:00Z,12,LR,5156,11,Casademont Zaragoza,Barça,16,2,85,97,visitante,Sergio Hernández,Sarunas Jasikevicius ,17,22,15,27,8,35,7,17,37,0.4595,12,30,0.4,3,2,15,21,0.7143,84,21,23,10,26,10,36,7,30,54,0.5556,8,24,0.3333,2,3,13,19,0.6842,104
101342,2020-21,2020-11-22T19:00:00Z,12,LR,5156,11,Real Madrid,BAXI Manresa,9,10,100,78,local,Pablo Laso,Pedro Martínez,15,15,14,27,6,33,9,27,40,0.675,7,20,0.35,1,6,25,27,0.9259,127,17,22,14,14,12,26,9,25,50,0.5,8,22,0.3636,6,1,4,8,0.5,61
101343,2020-21,2020-11-22T16:00:00Z,12,LR,5156,11,Valencia Basket Club,Iberostar Tenerife,13,28,89,95,visitante,Jaume Ponsarnau,Txus Vidorreta,22,19,9,18,10,28,4,16,35,0.4571,13,30,0.4333,2,3,18,18,1.0,102,18,22,9,22,6,28,3,19,39,0.4872,13,24,0.5417,3,2,18,21,0.8571,97
101344,2020-21,2020-11-14T17:00:00Z,11,LR,5155,10,Urbas Fuenlabrada,Casademont Zaragoza,17,16,82,81,local,Javier Juárez,Sergio Hernández,12,23,13,26,4,30,5,26,46,0.5652,4,13,0.3077,3,1,18,26,0.6923,80,13,26,15,23,9,32,7,17,31,0.5484,12,33,0.3636,1,3,11,17,0.6471,76
101345,2020-21,2020-11-12T20:15:00Z,11,LR,5155,10,BAXI Manresa,Iberostar Tenerife,10,28,80,88,visitante,Pedro Martínez,Txus Vidorreta,18,20,19,18,8,26,7,27,42,0.6429,6,20,0.3,1,0,8,10,0.8,78,17,18,17,16,3,19,16,22,34,0.6471,10,21,0.4762,0,1,14,16,0.875,101
101346,2020-21,2021-01-04T20:15:00Z,11,LR,5155,17,Club Joventut Badalona,Valencia Basket Club,8,13,80,91,visitante,Carles Duran,Jaume Ponsarnau,19,19,14,20,4,24,9,22,38,0.5789,9,25,0.36,2,1,9,16,0.5625,73,18,14,18,25,3,28,6,22,30,0.7333,12,27,0.4444,1,2,11,12,0.9167,107
101347,2020-21,2020-11-15T11:30:00Z,11,LR,5155,10,Unicaja,Acunsa GBC,14,7,104,69,local,Luis Casimiro,Marcelo Nicola,24,12,13,27,9,36,6,23,34,0.6765,16,32,0.5,4,4,10,12,0.8333,134,14,18,15,14,13,27,8,20,48,0.4167,7,21,0.3333,4,4,8,12,0.6667,51
101348,2020-21,2021-01-04T17:30:00Z,11,LR,5155,17,MoraBanc Andorra,Real Madrid,22,9,69,75,visitante,Ibon Navarro,Pablo Laso,17,18,9,24,12,36,6,17,37,0.4595,9,31,0.2903,1,1,8,11,0.7273,73,15,17,13,30,5,35,5,18,30,0.6,10,28,0.3571,1,1,9,12,0.75,85
101349,2020-21,2020-11-15T19:00:00Z,11,LR,5155,10,RETAbet Bilbao Basket,UCAM Murcia CB,4,12,63,73,visitante,Álex Mumbrú,Sito Alonso,14,21,18,17,6,23,5,14,35,0.4,8,22,0.3636,6,4,11,15,0.7333,44,12,19,14,26,8,34,6,24,44,0.5455,5,20,0.25,4,6,10,15,0.6667,74
101350,2020-21,2020-11-15T16:00:00Z,11,LR,5155,10,Hereda San Pablo Burgos,Movistar Estudiantes,549,6,91,71,local,Joan Peñarroya,Javier Zamora,23,18,16,22,7,29,12,22,39,0.5641,10,18,0.5556,3,3,17,26,0.6538,108,13,21,19,19,12,31,8,18,35,0.5143,7,26,0.2692,3,3,14,21,0.6667,58
101351,2020-21,2020-11-14T19:45:00Z,11,LR,5155,10,Barça,Coosur Real Betis,2,15,82,53,local,Sarunas Jasikevicius ,Curro Segura,16,18,16,27,10,37,5,22,42,0.5238,8,19,0.4211,4,6,14,17,0.8235,93,15,19,10,18,11,29,13,7,35,0.2,9,24,0.375,6,4,12,18,0.6667,48
101352,2020-21,2020-11-15T11:30:00Z,11,LR,5155,10,TD Systems Baskonia,Monbus Obradoiro,3,57,80,74,local,Dusko Ivanovic,Moncho Fernández,18,13,7,27,10,37,6,23,41,0.561,8,23,0.3478,0,2,10,17,0.5882,104,17,21,8,22,5,27,3,18,30,0.6,11,32,0.3438,2,0,5,8,0.625,67
101353,2020-21,2020-12-13T16:00:00Z,10,LR,5162,13,Acunsa GBC,MoraBanc Andorra,7,22,86,82,local,Marcelo Nicola,Ibon Navarro,16,24,24,21,11,32,15,20,38,0.5263,12,32,0.375,1,1,10,15,0.6667,78,7,20,21,21,6,27,13,15,32,0.4688,10,29,0.3448,1,1,22,23,0.9565,74
101354,2020-21,2020-11-08T17:30:00Z,10,LR,5162,9,Movistar Estudiantes,Barça,6,2,78,92,visitante,Javier Zamora,Sarunas Jasikevicius ,15,28,14,20,16,36,9,19,43,0.4419,11,31,0.3548,3,3,7,8,0.875,68,22,17,12,22,11,33,7,18,34,0.5294,11,25,0.44,3,3,23,33,0.697,113
101355,2020-21,2020-11-07T17:00:00Z,10,LR,5162,9,UCAM Murcia CB,Herbalife Gran Canaria,12,5,74,78,visitante,Sito Alonso,Porfirio Fisac,14,21,11,24,17,41,5,19,41,0.4634,8,30,0.2667,1,0,12,14,0.8571,73,14,18,7,21,10,31,4,19,35,0.5429,9,29,0.3103,0,1,13,17,0.7647,84
101356,2020-21,2020-11-22T15:00:00Z,12,LR,5156,11,Coosur Real Betis,RETAbet Bilbao Basket,15,4,89,96,visitante,Curro Segura,Álex Mumbrú,14,25,9,16,6,22,8,26,45,0.5778,8,22,0.3636,3,2,13,16,0.8125,82,23,20,13,23,8,31,6,18,33,0.5455,13,26,0.5,2,3,21,26,0.8077,116
101357,2020-21,2020-11-21T17:00:00Z,12,LR,5156,11,UCAM Murcia CB,Urbas Fuenlabrada,12,17,84,81,local,Sito Alonso,Javier Juárez,17,29,16,17,9,26,6,23,44,0.5227,6,20,0.3,3,6,20,27,0.7407,77,14,28,17,23,6,29,8,23,41,0.561,4,17,0.2353,6,3,23,31,0.7419,72
101358,2020-21,2020-11-22T11:30:00Z,12,LR,5156,11,Movistar Estudiantes,Unicaja,6,14,90,92,visitante,Javier Zamora,Luis Casimiro,19,23,18,27,6,33,2,18,27,0.6667,13,30,0.4333,2,7,15,19,0.7895,98,12,20,6,19,5,24,10,27,48,0.5625,6,22,0.2727,7,2,20,26,0.7692,86
101359,2020-21,2020-11-22T11:30:00Z,12,LR,5156,11,Acunsa GBC,Club Joventut Badalona,7,8,68,99,visitante,Marcelo Nicola,Carles Duran,10,25,9,15,9,24,9,20,40,0.5,5,25,0.2,4,1,13,15,0.8667,46,23,14,14,27,8,35,4,19,34,0.5588,14,20,0.7,1,4,19,27,0.7037,132
101360,2020-21,2020-12-13T11:00:00Z,14,LR,5158,13,Movistar Estudiantes,Valencia Basket Club,6,13,81,86,visitante,Javier Zamora,Jaume Ponsarnau,15,28,9,19,8,27,10,24,40,0.6,6,28,0.2143,1,3,15,19,0.7895,75,17,19,14,25,6,31,2,13,25,0.52,12,29,0.4138,3,1,24,30,0.8,93
101361,2020-21,2020-12-09T17:30:00Z,14,LR,5158,13,UCAM Murcia CB,Acunsa GBC,12,7,90,73,local,Sito Alonso,Marcelo Nicola,14,25,13,24,7,31,4,22,37,0.5946,10,23,0.4348,2,5,16,23,0.6957,92,9,23,10,20,19,39,7,17,44,0.3864,7,29,0.2414,5,2,18,26,0.6923,60
101362,2020-21,2020-12-12T19:45:00Z,14,LR,5158,13,Coosur Real Betis,TD Systems Baskonia,15,3,73,77,visitante,Joan Plaza,Dusko Ivanovic,15,21,19,17,16,33,11,17,34,0.5,12,37,0.3243,4,2,3,7,0.4286,59,16,15,18,23,11,34,9,21,38,0.5526,5,18,0.2778,2,4,20,25,0.8,91
101363,2020-21,2020-12-13T19:00:00Z,14,LR,5158,13,Monbus Obradoiro,Barça,57,2,75,78,visitante,Moncho Fernández,Sarunas Jasikevicius ,17,22,13,17,8,25,8,17,27,0.6296,8,26,0.3077,2,1,17,26,0.6538,76,10,24,12,21,3,24,5,23,36,0.6389,6,15,0.4,1,2,14,18,0.7778,78
101364,2020-21,2020-12-12T17:00:00Z,14,LR,5158,13,BAXI Manresa,Club Joventut Badalona,10,8,85,80,local,Pedro Martínez,Carles Duran,22,20,12,19,17,36,10,21,38,0.5526,8,30,0.2667,0,2,19,21,0.9048,104,12,22,15,18,9,27,8,26,41,0.6341,3,15,0.2,2,0,19,23,0.8261,77
101365,2020-21,2020-12-13T19:00:00Z,14,LR,5158,13,Herbalife Gran Canaria,Urbas Fuenlabrada,5,17,87,71,local,Porfirio Fisac,Javier Juárez,12,20,12,22,9,31,5,22,36,0.6111,10,28,0.3571,1,3,13,15,0.8667,92,14,21,13,18,5,23,6,22,38,0.5789,5,19,0.2632,3,1,12,17,0.7059,63
101366,2020-21,2020-12-12T19:45:00Z,14,LR,5158,13,Iberostar Tenerife,Hereda San Pablo Burgos,28,549,85,79,local,Txus Vidorreta,Joan Peñarroya,15,19,16,22,3,25,6,17,38,0.4474,9,15,0.6,2,0,24,27,0.8889,88,15,24,16,21,8,29,12,23,38,0.6053,6,26,0.2308,0,2,15,17,0.8824,79
101367,2020-21,2020-12-13T16:00:00Z,14,LR,5158,13,Casademont Zaragoza,RETAbet Bilbao Basket,16,4,105,76,local,Sergio Hernández,Álex Mumbrú,27,21,12,29,3,32,7,29,40,0.725,10,26,0.3846,2,1,17,26,0.6538,126,10,25,15,23,9,32,5,24,49,0.4898,4,21,0.1905,1,2,16,22,0.7273,57
101368,2020-21,2020-12-20T17:30:00Z,15,LR,5159,14,Barça,Club Joventut Badalona,2,8,88,74,local,Sarunas Jasikevicius ,Carles Duran,22,24,11,22,8,30,6,23,40,0.575,7,18,0.3889,3,6,21,24,0.875,106,9,24,14,17,14,31,7,18,44,0.4091,5,17,0.2941,6,3,23,28,0.8214,61
101369,2020-21,2020-12-13T17:30:00Z,14,LR,5158,13,Real Madrid,Unicaja,9,14,91,84,local,Pablo Laso,Luis Casimiro,16,18,16,22,8,30,6,20,28,0.7143,10,30,0.3333,0,0,21,23,0.913,100,11,21,13,19,11,30,12,17,35,0.4857,12,31,0.3871,0,0,14,15,0.9333,83
101370,2020-21,2020-12-05T19:45:00Z,13,LR,5157,12,Club Joventut Badalona,Casademont Zaragoza,8,16,88,81,local,Carles Duran,Sergio Hernández,17,17,18,25,6,31,7,21,42,0.5,10,22,0.4545,5,4,16,19,0.8421,94,7,23,17,23,6,29,9,24,38,0.6316,7,27,0.2593,4,5,12,14,0.8571,67
101371,2020-21,2020-12-06T16:00:00Z,13,LR,5157,12,Unicaja,UCAM Murcia CB,14,12,102,81,local,Luis Casimiro,Sito Alonso,19,11,10,17,7,24,8,26,36,0.7222,10,22,0.4545,0,4,20,24,0.8333,132,15,22,12,17,17,34,6,29,52,0.5577,6,17,0.3529,4,0,5,10,0.5,70
101372,2020-21,2020-12-06T11:00:00Z,13,LR,5157,12,MoraBanc Andorra,Coosur Real Betis,22,15,72,55,local,Ibon Navarro,Joan Plaza,18,20,12,25,16,41,9,19,38,0.5,6,25,0.24,5,2,16,24,0.6667,82,10,23,17,18,12,30,10,16,35,0.4571,3,27,0.1111,2,5,14,17,0.8235,42
101373,2020-21,2020-12-06T11:30:00Z,13,LR,5157,12,RETAbet Bilbao Basket,Movistar Estudiantes,4,6,77,78,visitante,Álex Mumbrú,Javier Zamora,16,21,11,25,9,34,5,16,37,0.4324,8,21,0.381,5,1,21,28,0.75,81,11,26,11,23,8,31,5,18,40,0.45,9,23,0.3913,1,5,15,18,0.8333,73
101374,2020-21,2020-12-05T17:00:00Z,13,LR,5157,12,Iberostar Tenerife,Monbus Obradoiro,28,57,107,62,local,Txus Vidorreta,Moncho Fernández,25,18,12,26,8,34,11,25,34,0.7353,14,23,0.6087,1,0,15,16,0.9375,143,11,16,14,8,8,16,6,17,31,0.5484,8,29,0.2759,0,1,4,8,0.5,45
101375,2020-21,2020-12-06T17:30:00Z,13,LR,5157,12,Hereda San Pablo Burgos,Real Madrid,549,9,60,74,visitante,Joan Peñarroya,Pablo Laso,16,22,18,23,8,31,7,13,26,0.5,7,38,0.1842,2,1,13,14,0.9286,39,8,12,14,27,7,34,12,18,30,0.6,7,24,0.2917,1,2,17,22,0.7727,90
101376,2020-21,2020-12-06T19:00:00Z,13,LR,5157,12,Barça,Herbalife Gran Canaria,2,5,91,63,local,Sarunas Jasikevicius ,Porfirio Fisac,17,14,10,32,8,40,8,24,36,0.6667,10,22,0.4545,1,0,13,18,0.7222,121,14,19,9,16,10,26,9,16,35,0.4571,7,32,0.2188,0,1,10,10,1.0,55
101377,2020-21,2020-12-06T16:00:00Z,13,LR,5157,12,TD Systems Baskonia,Acunsa GBC,3,7,83,71,local,Dusko Ivanovic,Marcelo Nicola,17,10,19,30,7,37,7,24,39,0.6154,7,18,0.3889,2,3,14,18,0.7778,106,18,20,12,19,7,26,16,21,41,0.5122,8,28,0.2857,3,2,5,6,0.8333,67
101378,2020-21,2020-12-05T19:45:00Z,13,LR,5157,12,Urbas Fuenlabrada,Valencia Basket Club,17,13,61,68,visitante,Javier Juárez,Jaume Ponsarnau,11,16,13,25,10,35,12,19,37,0.5135,4,25,0.16,1,7,11,13,0.8462,73,15,18,17,28,8,36,6,19,40,0.475,8,22,0.3636,7,1,6,7,0.8571,64
101379,2020-21,2021-05-23T15:00:00Z,38,LR,5163,67,UCAM Murcia CB,Casademont Zaragoza,12,16,91,68,local,Sito Alonso,Luis Casimiro,19,19,12,34,13,47,6,27,46,0.587,8,22,0.3636,1,6,13,22,0.5909,112,10,17,10,20,8,28,3,26,52,0.5,0,17,0.0,6,1,16,21,0.7619,47
101456,2020-21,2021-05-31T20:00:00Z,0,PO,5240,69,Real Madrid,Herbalife Gran Canaria,9,5,103,79,local,Pablo Laso,Porfirio Fisac,19,13,12,28,18,46,4,28,47,0.5957,10,23,0.4348,2,4,17,21,0.8095,135,18,23,8,10,7,17,7,20,42,0.4762,10,29,0.3448,4,2,9,10,0.9,59
101457,2020-21,2021-06-02T20:00:00Z,0,PO,5241,69,Herbalife Gran Canaria,Real Madrid,5,9,75,81,visitante,Porfirio Fisac,Pablo Laso,12,17,6,25,9,34,4,17,41,0.4146,7,24,0.2917,4,2,20,25,0.8,74,17,21,10,26,12,38,5,15,40,0.375,14,31,0.4516,2,4,9,12,0.75,84
101459,2020-21,2021-05-31T17:45:00Z,0,PO,5240,69,Valencia Basket Club,TD Systems Baskonia,13,3,87,86,local,Jaume Ponsarnau,Dusko Ivanovic,21,16,12,26,7,33,7,21,35,0.6,10,30,0.3333,2,2,15,17,0.8824,101,13,17,11,25,10,35,7,22,42,0.5238,10,28,0.3571,2,2,12,13,0.9231,90
101460,2020-21,2021-06-02T17:45:00Z,0,PO,5241,69,TD Systems Baskonia,Valencia Basket Club,3,13,76,65,local,Dusko Ivanovic,Jaume Ponsarnau,20,16,8,18,12,30,13,24,43,0.5581,8,28,0.2857,3,2,4,4,1.0,90,11,15,21,24,11,35,5,17,25,0.68,7,29,0.2414,2,3,10,14,0.7143,63
101461,2020-21,2021-06-04T20:00:00Z,0,PO,5242,69,Valencia Basket Club,TD Systems Baskonia,13,3,78,73,local,Jaume Ponsarnau,Dusko Ivanovic,20,16,14,23,5,28,8,23,35,0.6571,8,21,0.381,1,2,8,12,0.6667,93,14,17,14,15,7,22,9,19,34,0.5588,10,26,0.3846,2,1,5,6,0.8333,70
101462,2020-21,2021-06-01T20:00:00Z,0,PO,5240,69,Barça,Club Joventut Badalona,2,8,84,74,local,Sarunas Jasikevicius ,Carles Duran,16,22,9,21,7,28,6,21,35,0.6,8,25,0.32,0,2,18,24,0.75,89,12,22,13,23,6,29,7,21,40,0.525,5,13,0.3846,2,0,17,24,0.7083,73
101463,2020-21,2021-06-03T20:00:00Z,0,PO,5241,69,Club Joventut Badalona,Barça,8,2,72,63,local,Carles Duran,Sarunas Jasikevicius ,16,27,13,25,10,35,5,16,35,0.4571,8,24,0.3333,2,2,16,22,0.7273,70,12,24,15,25,13,38,11,18,39,0.4615,5,21,0.2381,2,2,12,23,0.5217,64
101464,2020-21,2021-06-05T16:30:00Z,0,PO,5242,69,Barça,Club Joventut Badalona,2,8,94,73,local,Sarunas Jasikevicius ,Carles Duran,22,20,9,27,7,34,6,24,38,0.6316,12,32,0.375,1,6,10,10,1.0,115,14,17,12,24,4,28,5,23,42,0.5476,5,23,0.2174,6,1,12,16,0.75,65
101465,2020-21,2021-06-01T17:45:00Z,0,PO,5240,69,Lenovo Tenerife,Hereda San Pablo Burgos,28,549,86,78,local,Txus Vidorreta,Joan Peñarroya,17,20,15,17,5,22,12,18,28,0.6429,12,29,0.4138,0,0,14,17,0.8235,96,16,24,19,16,10,26,10,19,33,0.5758,6,18,0.3333,0,0,22,26,0.8462,77
101466,2020-21,2021-06-03T17:45:00Z,0,PO,5241,69,Hereda San Pablo Burgos,Lenovo Tenerife,549,28,68,92,visitante,Joan Peñarroya,Txus Vidorreta,15,20,12,18,10,28,1,17,33,0.5152,8,27,0.2963,1,0,10,17,0.5882,55,21,18,7,20,2,22,7,16,24,0.6667,15,30,0.5,0,1,15,18,0.8333,112
101489,2020-21,2021-06-06T16:30:00Z,0,PO,5243,69,Real Madrid,Valencia Basket Club,9,13,81,70,local,Pablo Laso,Jaume Ponsarnau,15,16,14,34,17,51,7,17,34,0.5,10,33,0.303,0,6,17,21,0.8095,105,15,19,9,24,6,30,8,17,41,0.4146,8,28,0.2857,6,0,12,14,0.8571,59
101490,2020-21,2021-06-07T19:15:00Z,0,PO,5243,70,Barça,Lenovo Tenerife,2,28,112,69,local,Sarunas Jasikevicius ,Txus Vidorreta,21,25,7,25,7,32,4,21,36,0.5833,17,32,0.5312,2,1,19,21,0.9048,126,14,22,13,16,4,20,4,20,40,0.5,4,16,0.25,1,2,17,22,0.7727,61
101491,2020-21,2021-06-08T19:15:00Z,0,PO,5244,70,Valencia Basket Club,Real Madrid,13,9,85,67,local,Jaume Ponsarnau,Pablo Laso,20,16,10,24,3,27,4,30,45,0.6667,6,16,0.375,3,6,7,10,0.7,100,15,16,13,22,9,31,4,16,35,0.4571,9,27,0.3333,6,3,8,9,0.8889,62
101492,2020-21,2021-06-09T19:15:00Z,0,PO,5244,70,Lenovo Tenerife,Barça,28,2,80,68,local,Txus Vidorreta,Sarunas Jasikevicius ,16,22,14,26,14,40,8,23,40,0.575,6,24,0.25,5,3,16,19,0.8421,89,13,21,13,20,11,31,6,17,38,0.4474,5,24,0.2083,3,5,19,19,1.0,68
101493,2020-21,2021-06-10T20:00:00Z,0,PO,5245,70,Real Madrid,Valencia Basket Club,9,13,80,77,local,Pablo Laso,Jaume Ponsarnau,15,21,10,25,13,38,5,14,31,0.4516,12,34,0.3529,1,3,16,18,0.8889,89,11,21,7,23,5,28,7,15,35,0.4286,10,23,0.4348,3,1,17,20,0.85,78
101494,2020-21,2021-06-11T20:00:00Z,0,PO,5245,70,Barça,Lenovo Tenerife,2,28,89,72,local,Sarunas Jasikevicius ,Txus Vidorreta,17,21,11,20,7,27,10,18,32,0.5625,10,21,0.4762,1,5,23,28,0.8214,109,18,26,15,16,5,21,5,12,28,0.4286,11,27,0.4074,5,1,15,17,0.8824,57
101495,2020-21,2021-06-13T16:30:00Z,0,PO,5246,70,Real Madrid,Barça,9,2,75,89,visitante,Pablo Laso,Sarunas Jasikevicius ,13,29,12,22,19,41,7,18,49,0.3673,8,27,0.2963,6,1,15,21,0.7143,56,11,22,11,27,9,36,6,20,34,0.5882,9,22,0.4091,1,6,22,34,0.6471,102
101497,2020-21,2021-06-15T20:00:00Z,0,PO,5247,71,Barça,Real Madrid,2,9,92,73,local,Sarunas Jasikevicius ,Pablo Laso,15,23,12,24,11,35,5,28,44,0.6364,8,20,0.4,3,2,12,15,0.8,100,12,20,11,17,8,25,8,22,44,0.5,4,16,0.25,2,3,17,25,0.68,69
102722,2021-22,2021-09-18T16:00:00Z,1,LR,5409,135,Joventut Badalona,Surne Bilbao Basket,8,4,85,79,local,Carles Duran,Álex Mumbrú,14,18,10,21,9,30,4,23,36,0.6389,7,18,0.3889,3,3,18,22,0.8182,96,19,19,11,16,12,28,8,17,35,0.4857,13,31,0.4194,3,3,6,11,0.5455,81
102723,2021-22,2022-03-05T19:45:00Z,24,LR,5418,159,BAXI Manresa,Urbas Fuenlabrada,10,17,99,89,local,Pedro Martínez,Josep Mª Raventós,16,17,17,22,6,28,8,26,42,0.619,11,20,0.55,2,4,14,17,0.8235,110,21,19,14,20,11,31,9,25,45,0.5556,9,25,0.36,4,2,12,15,0.8,92
102724,2021-22,2022-03-06T19:00:00Z,23,LR,5419,159,Casademont Zaragoza,Gran Canaria,16,5,76,86,visitante,Jaume Ponsarnau,Porfirio Fisac,13,15,14,19,3,22,7,18,33,0.5455,8,19,0.4211,3,1,16,20,0.8,78,18,21,13,22,13,35,8,24,49,0.4898,11,26,0.4231,1,3,5,6,0.8333,89
102725,2021-22,2022-03-06T17:30:00Z,23,LR,5419,159,Real Madrid,Bitci Baskonia,9,3,72,80,visitante,Pablo Laso,Neven Spahija,16,21,10,23,4,27,7,18,33,0.5455,4,24,0.1667,3,5,24,26,0.9231,75,15,19,9,25,8,33,5,21,43,0.4884,9,23,0.3913,5,3,11,14,0.7857,85
102726,2021-22,2022-03-06T11:30:00Z,23,LR,5419,159,Coosur Real Betis,Hereda San Pablo Burgos,15,549,71,74,visitante,Luis Casimiro,Paco Olmos,20,17,12,23,13,36,8,10,22,0.4545,11,35,0.3143,5,1,18,20,0.9,83,14,19,12,22,10,32,8,18,33,0.5455,10,24,0.4167,1,5,8,15,0.5333,82
102727,2021-22,2022-03-06T12:00:00Z,23,LR,5419,159,Lenovo Tenerife,Monbus Obradoiro,28,57,86,83,local,Txus Vidorreta,Moncho Fernández,12,18,9,21,10,31,3,22,39,0.5641,9,20,0.45,2,0,15,19,0.7895,94,21,23,9,17,12,29,6,20,33,0.6061,9,28,0.3214,0,2,16,23,0.6957,88
102728,2021-22,2022-03-06T16:00:00Z,23,LR,5419,159,Surne Bilbao Basket,Joventut Badalona,4,8,71,77,visitante,Álex Mumbrú,Carles Duran,10,17,7,19,6,25,5,20,44,0.4545,6,21,0.2857,2,2,13,17,0.7647,63,17,19,11,29,5,34,6,22,39,0.5641,7,19,0.3684,2,2,12,15,0.8,89
102729,2021-22,2022-03-08T19:30:00Z,23,LR,5419,160,Urbas Fuenlabrada,Barça,17,2,69,86,visitante,Josep Mª Raventós,Sarunas Jasikevicius ,18,19,12,14,7,21,10,23,45,0.5111,4,16,0.25,2,3,11,17,0.6471,67,23,19,19,24,10,34,7,22,37,0.5946,10,23,0.4348,2,2,12,15,0.8,100
102730,2021-22,2022-03-05T17:00:00Z,23,LR,5419,159,Unicaja,UCAM Murcia,14,12,87,88,visitante,Ibon Navarro,Sito Alonso,14,23,10,18,9,27,6,26,51,0.5098,7,23,0.3043,1,4,14,20,0.7,79,13,22,19,29,14,43,7,24,44,0.5455,9,25,0.36,4,1,13,18,0.7222,88
102731,2021-22,2022-03-14T19:30:00Z,23,LR,5419,161,Valencia Basket,BAXI Manresa,13,10,90,85,local,Joan Peñarroya,Pedro Martínez,18,19,18,22,11,33,6,19,31,0.6129,11,30,0.3667,3,4,19,30,0.6333,99,13,30,13,19,11,30,6,26,45,0.5778,6,26,0.2308,4,3,15,19,0.7895,66
102732,2021-22,2022-03-06T16:00:00Z,23,LR,5419,159,MoraBanc Andorra,Río Breogán,22,25,79,86,visitante,David Eudal,Veljko Mrsic,14,26,12,28,10,38,5,24,36,0.6667,7,28,0.25,1,2,10,16,0.625,79,18,20,9,25,10,35,9,23,43,0.5349,7,23,0.3043,2,1,19,27,0.7037,99
102733,2021-22,2022-02-16T20:30:00Z,22,LR,5420,157,Hereda San Pablo Burgos,Surne Bilbao Basket,549,4,104,97,local,Paco Olmos,Álex Mumbrú,14,23,14,29,15,44,10,23,54,0.4259,10,28,0.3571,4,2,28,37,0.7568,104,16,29,15,30,12,42,6,28,50,0.56,10,28,0.3571,2,4,11,26,0.4231,87
102734,2021-22,2022-03-29T18:30:00Z,22,LR,5420,163,UCAM Murcia,Barça,12,2,87,89,visitante,Sito Alonso,Sarunas Jasikevicius ,9,26,11,18,12,30,9,26,47,0.5532,5,23,0.2174,3,1,20,28,0.7143,72,11,24,17,28,9,37,4,20,36,0.5556,8,24,0.3333,1,4,25,31,0.8065,91
102735,2021-22,2022-02-13T17:30:00Z,22,LR,5420,156,Unicaja,Real Madrid,14,9,91,92,visitante,Ibon Navarro,Pablo Laso,17,26,9,20,7,27,9,19,40,0.475,13,27,0.4815,3,1,14,20,0.7,85,11,19,16,26,7,33,6,21,37,0.5676,9,20,0.45,1,3,23,26,0.8846,105
102736,2021-22,2022-02-13T16:00:00Z,22,LR,5420,156,Río Breogán,Valencia Basket,25,13,99,82,local,Veljko Mrsic,Joan Peñarroya,18,18,12,26,7,33,4,25,34,0.7353,9,21,0.4286,0,4,22,26,0.8462,126,17,23,8,11,10,21,6,18,34,0.5294,12,37,0.3243,4,0,10,11,0.9091,67
102737,2021-22,2022-02-13T12:00:00Z,22,LR,5420,156,Gran Canaria,Urbas Fuenlabrada,5,17,79,60,local,Porfirio Fisac,Josep Mª Raventós,15,13,16,29,8,37,7,21,31,0.6774,7,24,0.2917,2,3,16,19,0.8421,101,11,21,12,19,14,33,8,15,37,0.4054,7,31,0.2258,2,2,9,11,0.8182,44
102738,2021-22,2022-03-12T19:45:00Z,24,LR,5418,160,Gran Canaria,Unicaja,5,14,76,59,local,Porfirio Fisac,Ibon Navarro,17,19,16,24,5,29,7,20,34,0.5882,8,20,0.4,2,3,12,16,0.75,87,12,22,16,17,11,28,11,14,30,0.4667,8,31,0.2581,3,3,7,12,0.5833,47
102739,2021-22,2022-02-13T11:30:00Z,22,LR,5420,156,Bitci Baskonia,Coosur Real Betis,3,15,93,72,local,Neven Spahija,Luis Casimiro,24,17,6,16,6,22,7,21,34,0.6176,12,29,0.4138,1,1,15,15,1.0,113,15,20,14,22,5,27,3,29,42,0.6905,2,12,0.1667,1,1,8,11,0.7273,74
102740,2021-22,2022-03-12T17:00:00Z,24,LR,5418,160,Joventut Badalona,Valencia Basket,8,13,76,68,local,Carles Duran,Joan Peñarroya,14,21,14,28,12,40,4,17,34,0.5,10,32,0.3125,4,2,12,17,0.7059,73,13,22,11,25,10,35,8,20,44,0.4545,4,21,0.1905,2,4,16,19,0.8421,70
102741,2021-22,2022-03-12T17:00:00Z,24,LR,5418,160,Casademont Zaragoza,Lenovo Tenerife,16,28,62,77,visitante,Jaume Ponsarnau,Txus Vidorreta,12,21,9,17,8,25,8,21,40,0.525,3,20,0.15,2,2,11,18,0.6111,53,12,19,11,26,8,34,6,23,37,0.6216,5,20,0.25,2,3,16,17,0.9412,90
102742,2021-22,2022-03-26T17:00:00Z,26,LR,5416,162,Río Breogán,Monbus Obradoiro,25,57,80,78,local,Veljko Mrsic,Moncho Fernández,11,22,10,23,13,36,5,24,51,0.4706,6,19,0.3158,2,4,14,18,0.7778,81,13,23,13,25,7,32,6,20,35,0.5714,9,28,0.3214,4,3,11,12,0.9167,79
102743,2021-22,2022-03-26T17:00:00Z,26,LR,5416,162,Hereda San Pablo Burgos,Casademont Zaragoza,549,16,78,56,local,Paco Olmos,Dragan Sakota,15,22,9,25,15,40,9,17,44,0.3864,10,23,0.4348,6,2,14,18,0.7778,84,9,22,17,24,13,37,5,14,33,0.4242,5,22,0.2273,2,6,13,20,0.65,50
102744,2021-22,2022-03-20T19:00:00Z,25,LR,5417,161,Bitci Baskonia,Río Breogán,3,25,89,84,local,Neven Spahija,Veljko Mrsic,22,19,9,16,11,27,9,24,42,0.5714,9,25,0.36,0,2,14,15,0.9333,105,21,19,18,21,8,29,6,23,39,0.5897,9,18,0.5,2,0,11,15,0.7333,91
102745,2021-22,2022-03-20T17:30:00Z,25,LR,5417,161,Barça,Gran Canaria,2,5,98,80,local,Sarunas Jasikevicius ,Porfirio Fisac,22,21,11,22,4,26,8,25,34,0.7353,13,26,0.5,1,3,9,14,0.6429,116,11,19,13,20,14,34,7,30,58,0.5172,3,13,0.2308,3,1,11,14,0.7857,78
102746,2021-22,2022-03-20T11:30:00Z,25,LR,5417,161,Coosur Real Betis,Joventut Badalona,15,8,66,77,visitante,Luis Casimiro,Carles Duran,14,21,13,14,7,21,11,19,36,0.5278,6,27,0.2222,5,2,10,14,0.7143,51,20,18,18,26,16,42,6,18,37,0.4865,10,22,0.4545,2,6,11,15,0.7333,99
102747,2021-22,2022-03-20T12:00:00Z,25,LR,5417,161,Lenovo Tenerife,Hereda San Pablo Burgos,28,549,91,78,local,Txus Vidorreta,Paco Olmos,20,22,7,11,10,21,6,13,25,0.52,18,38,0.4737,3,5,11,16,0.6875,97,18,23,12,19,10,29,3,21,37,0.5676,7,19,0.3684,4,3,15,22,0.6818,79
102748,2021-22,2022-03-20T11:30:00Z,25,LR,5417,161,Real Madrid,BAXI Manresa,9,10,75,86,visitante,Pablo Laso,Pedro Martínez,12,17,19,31,11,42,4,17,39,0.4359,6,30,0.2,3,3,23,24,0.9583,72,13,22,9,26,13,39,10,25,57,0.4386,7,23,0.3043,3,3,15,21,0.7143,80
102749,2021-22,2022-03-20T16:00:00Z,25,LR,5417,161,Valencia Basket,Casademont Zaragoza,13,16,81,79,local,Joan Peñarroya,Aleix Duran,20,19,8,23,16,39,8,20,43,0.4651,7,25,0.28,1,3,20,33,0.6061,95,14,26,15,20,8,28,4,21,35,0.6,9,28,0.3214,3,2,10,14,0.7143,65
102750,2021-22,2022-03-19T19:45:00Z,25,LR,5417,161,Monbus Obradoiro,Unicaja,57,14,71,85,visitante,Moncho Fernández,Ibon Navarro,11,19,16,24,7,31,5,16,33,0.4848,9,22,0.4091,2,2,12,15,0.8,70,17,20,10,22,9,31,10,21,40,0.525,9,24,0.375,2,2,16,21,0.7619,93
102751,2021-22,2022-03-19T17:00:00Z,25,LR,5417,161,Urbas Fuenlabrada,UCAM Murcia,17,12,105,95,local,Josep Mª Raventós,Sito Alonso,20,22,15,24,10,34,4,25,42,0.5952,8,21,0.381,2,0,31,37,0.8378,115,19,28,12,18,13,31,9,23,41,0.561,9,32,0.2812,0,3,22,28,0.7857,92
102752,2021-22,2022-03-19T17:00:00Z,25,LR,5417,161,MoraBanc Andorra,Surne Bilbao Basket,22,4,82,72,local,David Eudal,Álex Mumbrú,13,20,12,19,12,31,10,24,38,0.6316,10,30,0.3333,1,3,4,7,0.5714,86,13,17,13,17,9,26,6,21,33,0.6364,6,24,0.25,3,1,12,20,0.6,67
102753,2021-22,2022-03-13T19:00:00Z,24,LR,5418,160,Monbus Obradoiro,Bitci Baskonia,57,3,81,76,local,Moncho Fernández,Neven Spahija,19,13,8,21,6,27,6,20,37,0.5405,10,29,0.3448,5,3,11,16,0.6875,86,14,17,13,26,15,41,7,21,50,0.42,8,22,0.3636,3,5,10,13,0.7692,77
102754,2021-22,2022-03-13T17:30:00Z,24,LR,5418,160,Hereda San Pablo Burgos,Real Madrid,549,9,70,85,visitante,Paco Olmos,Pablo Laso,21,18,8,23,8,31,9,19,46,0.413,8,22,0.3636,4,0,8,10,0.8,72,23,14,11,30,9,39,3,15,29,0.5172,13,32,0.4062,0,4,16,19,0.8421,110
102755,2021-22,2022-03-13T16:00:00Z,24,LR,5418,160,Barça,Coosur Real Betis,2,15,83,63,local,Sarunas Jasikevicius ,Luis Casimiro,16,16,11,22,13,35,7,18,36,0.5,12,31,0.3871,3,1,11,12,0.9167,89,9,15,16,21,3,24,5,22,41,0.5366,4,12,0.3333,1,3,7,9,0.7778,59
102756,2021-22,2022-03-13T11:30:00Z,24,LR,5418,160,UCAM Murcia,MoraBanc Andorra,12,22,96,67,local,Sito Alonso,David Eudal,23,21,12,18,19,37,14,21,35,0.6,10,37,0.2703,2,1,24,30,0.8,114,11,25,25,17,10,27,8,16,31,0.5161,8,29,0.2759,1,2,11,15,0.7333,45
102757,2021-22,2022-03-12T19:45:00Z,24,LR,5418,160,Río Breogán,Surne Bilbao Basket,25,4,86,94,visitante,Veljko Mrsic,Álex Mumbrú,12,19,11,21,7,28,8,27,53,0.5094,5,18,0.2778,7,2,17,20,0.85,77,17,22,18,28,6,34,5,20,39,0.5128,14,24,0.5833,2,8,12,15,0.8,103
102758,2021-22,2022-03-26T19:45:00Z,26,LR,5416,162,BAXI Manresa,MoraBanc Andorra,10,22,94,60,local,Pedro Martínez,David Eudal,22,22,11,32,7,39,9,19,36,0.5278,14,38,0.3684,2,1,14,17,0.8235,106,10,21,18,30,9,39,6,14,35,0.4,7,31,0.2258,1,2,11,19,0.5789,45
102759,2021-22,2022-02-12T19:45:00Z,22,LR,5420,156,Monbus Obradoiro,MoraBanc Andorra,57,22,81,73,local,Moncho Fernández,David Eudal,18,20,11,24,9,33,8,18,30,0.6,5,22,0.2273,1,1,30,36,0.8333,103,12,29,12,16,9,25,8,20,38,0.5263,7,26,0.2692,1,1,12,16,0.75,56
102760,2021-22,2022-02-12T17:00:00Z,22,LR,5420,156,BAXI Manresa,Casademont Zaragoza,10,16,94,73,local,Pedro Martínez,Jaume Ponsarnau,20,25,14,22,10,32,12,19,42,0.4524,13,32,0.4062,7,4,17,21,0.8095,88,10,20,21,23,6,29,6,19,31,0.6129,6,22,0.2727,4,7,17,27,0.6296,67
102761,2021-22,2022-04-14T16:00:00Z,19,LR,5423,165,Barça,Unicaja,2,14,63,73,visitante,Sarunas Jasikevicius ,Ibon Navarro,12,17,11,22,12,34,9,18,40,0.45,3,21,0.1429,3,2,18,22,0.8182,67,12,22,12,26,11,37,7,21,41,0.5122,8,22,0.3636,2,4,7,7,1.0,80
102762,2021-22,2022-04-13T17:00:00Z,19,LR,5423,165,Bitci Baskonia,UCAM Murcia,3,12,93,83,local,Neven Spahija,Sito Alonso,20,23,15,26,4,30,5,22,30,0.7333,9,23,0.3913,1,3,22,23,0.9565,110,18,22,9,16,12,28,10,17,41,0.4146,12,35,0.3429,3,2,13,20,0.65,74
102763,2021-22,2022-04-14T16:00:00Z,19,LR,5423,165,Río Breogán,BAXI Manresa,25,10,98,94,local,Veljko Mrsic,Pedro Martínez,23,18,11,31,7,38,4,28,44,0.6364,7,16,0.4375,1,1,21,28,0.75,125,22,23,7,20,7,27,7,14,27,0.5185,17,46,0.3696,1,1,15,19,0.7895,92
102764,2021-22,2022-04-13T17:00:00Z,19,LR,5423,165,Surne Bilbao Basket,Real Madrid,4,9,79,67,local,Álex Mumbrú,Pablo Laso,10,19,7,28,14,42,7,19,42,0.4524,10,28,0.3571,2,4,11,17,0.6471,86,8,19,13,29,12,41,5,14,29,0.4828,9,38,0.2368,4,2,12,16,0.75,58
102765,2021-22,2022-04-14T19:30:00Z,19,LR,5423,165,Lenovo Tenerife,Urbas Fuenlabrada,28,17,87,74,local,Txus Vidorreta,Josep Mª Raventós,20,17,6,19,12,31,8,23,33,0.697,9,34,0.2647,1,1,14,16,0.875,104,15,18,11,21,8,29,3,16,31,0.5161,10,23,0.4348,1,1,12,16,0.75,77
102766,2021-22,2022-04-14T18:30:00Z,19,LR,5423,165,Hereda San Pablo Burgos,Joventut Badalona,549,8,92,76,local,Paco Olmos,Carles Duran,20,22,8,15,14,29,10,19,39,0.4872,15,28,0.5357,4,1,9,11,0.8182,97,15,14,13,16,11,27,3,20,35,0.5714,8,21,0.381,1,4,12,16,0.75,87
102767,2021-22,2022-04-12T17:00:00Z,19,LR,5423,165,Coosur Real Betis,Valencia Basket,15,13,75,68,local,Luis Casimiro,Joan Peñarroya,12,19,11,22,9,31,7,12,32,0.375,11,25,0.44,2,2,18,21,0.8571,76,17,20,14,21,13,34,7,20,38,0.5263,6,26,0.2308,2,2,10,15,0.6667,69
102768,2021-22,2022-04-13T19:30:00Z,19,LR,5423,165,Casademont Zaragoza,Monbus Obradoiro,16,57,80,73,local,Dragan Sakota,Moncho Fernández,12,18,10,23,12,35,6,24,51,0.4706,8,24,0.3333,5,1,8,11,0.7273,74,14,19,14,28,7,35,7,16,27,0.5926,10,32,0.3125,1,5,11,17,0.6471,78
102769,2021-22,2022-01-16T16:30:00Z,18,LR,5424,152,MoraBanc Andorra,Bitci Baskonia,22,3,78,79,visitante,Ibon Navarro,Neven Spahija,15,23,12,25,10,35,5,21,43,0.4884,10,25,0.4,5,6,6,9,0.6667,76,17,18,10,23,9,32,3,16,35,0.4571,12,29,0.4138,6,5,11,14,0.7857,85
102770,2021-22,2022-03-05T17:00:00Z,18,LR,5424,159,Valencia Basket,Barça,13,2,86,76,local,Joan Peñarroya,Sarunas Jasikevicius ,18,21,20,24,14,38,10,26,47,0.5532,4,18,0.2222,3,3,22,28,0.7857,92,17,23,17,12,6,18,8,19,37,0.5135,10,29,0.3448,3,3,8,14,0.5714,56
102771,2021-22,2022-01-16T16:00:00Z,18,LR,5424,152,Real Madrid,Casademont Zaragoza,9,16,94,69,local,Pablo Laso,Jaume Ponsarnau,20,16,6,23,6,29,11,19,34,0.5588,12,31,0.3871,1,5,20,27,0.7407,117,10,22,19,20,7,27,4,22,42,0.5238,3,18,0.1667,4,1,16,18,0.8889,45
102772,2021-22,2022-03-29T19:00:00Z,18,LR,5424,163,Lenovo Tenerife,Coosur Real Betis,28,15,99,97,local,Txus Vidorreta,Luis Casimiro,16,22,12,27,12,39,2,23,33,0.697,10,32,0.3125,1,1,23,26,0.8846,112,25,25,5,17,10,27,11,25,45,0.5556,11,30,0.3667,1,1,14,19,0.7368,108
102773,2021-22,2022-01-16T16:00:00Z,18,LR,5424,152,BAXI Manresa,Gran Canaria,10,5,91,72,local,Pedro Martínez,Porfirio Fisac,26,18,12,24,11,35,14,25,39,0.641,9,32,0.2812,1,3,14,24,0.5833,109,19,18,20,24,7,31,8,20,37,0.5405,6,26,0.2308,2,1,14,16,0.875,70
102774,2021-22,2022-02-16T18:00:00Z,18,LR,5424,157,Urbas Fuenlabrada,Unicaja,17,14,53,73,visitante,Josep Mª Raventós,Ibon Navarro,10,18,18,32,15,47,6,12,39,0.3077,4,25,0.16,7,7,17,24,0.7083,48,18,23,10,28,6,34,12,20,38,0.5263,9,27,0.3333,7,7,6,10,0.6,82
102775,2021-22,2022-03-09T19:30:00Z,18,LR,5424,160,UCAM Murcia,Hereda San Pablo Burgos,12,549,83,89,visitante,Sito Alonso,Paco Olmos,15,23,9,15,16,31,4,21,38,0.5526,8,32,0.25,1,2,17,25,0.68,74,17,21,14,25,12,37,4,22,36,0.6111,8,21,0.381,2,1,21,28,0.75,100
102776,2021-22,2022-04-13T19:30:00Z,19,LR,5423,165,Gran Canaria,MoraBanc Andorra,5,22,84,78,local,Porfirio Fisac,David Eudal,15,18,10,22,6,28,9,22,44,0.5,9,20,0.45,1,4,13,16,0.8125,95,15,20,16,23,13,36,4,17,39,0.4359,10,26,0.3846,3,1,14,19,0.7368,70
102777,2021-22,2022-02-12T19:45:00Z,22,LR,5420,156,Joventut Badalona,Lenovo Tenerife,8,28,58,74,visitante,Carles Duran,Txus Vidorreta,17,27,15,21,8,29,7,21,41,0.5122,3,22,0.1364,1,1,7,9,0.7778,44,14,17,14,28,10,38,4,18,31,0.5806,7,25,0.28,1,1,17,23,0.7391,86
102778,2021-22,2022-03-17T19:30:00Z,20,LR,5422,161,Joventut Badalona,Gran Canaria,8,5,82,75,local,Carles Duran,Porfirio Fisac,14,24,13,25,11,36,4,20,38,0.5263,10,29,0.3448,5,6,12,18,0.6667,78,12,22,10,24,7,31,8,17,37,0.4595,8,24,0.3333,6,5,17,25,0.68,72
102779,2021-22,2022-01-31T19:30:00Z,20,LR,5422,155,Urbas Fuenlabrada,Casademont Zaragoza,17,16,77,55,local,Josep Mª Raventós,Jaume Ponsarnau,18,22,17,27,12,39,5,22,39,0.5641,8,26,0.3077,3,4,9,9,1.0,83,9,18,17,18,11,29,10,17,37,0.4595,3,26,0.1154,3,4,12,15,0.8,45
102780,2021-22,2022-02-06T19:00:00Z,21,LR,5421,155,Surne Bilbao Basket,BAXI Manresa,4,10,89,82,local,Álex Mumbrú,Pedro Martínez,13,20,17,22,9,31,8,26,40,0.65,6,19,0.3158,4,2,19,24,0.7917,92,17,22,12,16,12,28,12,24,45,0.5333,6,26,0.2308,2,5,16,18,0.8889,85
102781,2021-22,2022-02-06T17:30:00Z,21,LR,5421,155,Real Madrid,Valencia Basket,9,13,93,94,visitante,Pablo Laso,Joan Peñarroya,16,25,12,17,10,27,8,19,38,0.5,14,31,0.4516,2,4,13,16,0.8125,93,15,23,12,22,7,29,6,26,41,0.6341,8,21,0.381,4,2,18,24,0.75,97
102782,2021-22,2022-02-06T16:00:00Z,21,LR,5421,155,Urbas Fuenlabrada,Bitci Baskonia,17,3,84,70,local,Josep Mª Raventós,Neven Spahija,19,12,6,26,10,36,5,29,49,0.5918,5,21,0.2381,4,2,11,14,0.7857,97,15,12,11,21,13,34,3,19,40,0.475,7,27,0.2593,2,4,11,12,0.9167,71
102783,2021-22,2022-02-06T12:00:00Z,21,LR,5421,155,Lenovo Tenerife,UCAM Murcia,28,12,87,71,local,Txus Vidorreta,Sito Alonso,18,22,8,32,3,35,4,14,34,0.4118,12,25,0.48,5,1,23,30,0.7667,95,14,26,13,30,11,41,5,18,40,0.45,8,28,0.2857,1,5,11,19,0.5789,68
102784,2021-22,2022-02-06T11:30:00Z,21,LR,5421,155,Barça,Monbus Obradoiro,2,57,83,67,local,Sarunas Jasikevicius ,Moncho Fernández,18,16,10,28,10,38,8,17,39,0.4359,10,24,0.4167,1,1,19,22,0.8636,104,15,22,10,20,4,24,3,19,32,0.5938,5,23,0.2174,1,1,14,19,0.7368,57
102785,2021-22,2022-02-05T19:45:00Z,21,LR,5421,155,MoraBanc Andorra,Joventut Badalona,22,8,91,72,local,David Eudal,Carles Duran,20,21,14,25,9,34,7,25,34,0.7353,10,24,0.4167,1,2,11,16,0.6875,108,16,18,12,13,10,23,9,15,28,0.5357,10,34,0.2941,2,1,12,16,0.75,69
102786,2021-22,2022-03-31T18:30:00Z,21,LR,5421,163,Hereda San Pablo Burgos,Gran Canaria,549,5,77,86,visitante,Paco Olmos,Porfirio Fisac,19,23,15,20,13,33,4,17,37,0.4595,10,26,0.3846,5,2,13,20,0.65,69,24,20,6,15,6,21,6,17,30,0.5667,12,25,0.48,2,5,16,26,0.6154,101
102787,2021-22,2022-02-05T17:00:00Z,21,LR,5421,155,Coosur Real Betis,Río Breogán,15,25,84,81,local,Luis Casimiro,Veljko Mrsic,20,23,15,22,4,26,8,16,28,0.5714,13,28,0.4643,1,5,13,15,0.8667,95,19,21,15,24,8,32,6,18,34,0.5294,10,27,0.3704,5,1,15,19,0.7895,84
102788,2021-22,2022-02-05T17:00:00Z,21,LR,5421,155,Casademont Zaragoza,Unicaja,16,14,93,82,local,Jaume Ponsarnau,Fotis Katsikaris,15,19,11,19,11,30,6,21,35,0.6,9,23,0.3913,2,3,24,28,0.8571,104,14,22,11,17,10,27,6,18,38,0.4737,11,23,0.4783,3,2,13,16,0.8125,79
102789,2021-22,2022-01-30T19:00:00Z,20,LR,5422,154,Real Madrid,MoraBanc Andorra,9,22,83,88,visitante,Pablo Laso,David Eudal,10,16,13,17,12,29,4,20,35,0.5714,11,32,0.3438,5,6,10,12,0.8333,75,15,15,10,22,7,29,5,27,41,0.6585,8,17,0.4706,5,6,10,14,0.7143,101
102790,2021-22,2022-03-16T20:00:00Z,20,LR,5422,161,Bitci Baskonia,Barça,3,2,77,96,visitante,Neven Spahija,Sarunas Jasikevicius ,16,14,10,23,9,32,1,23,42,0.5476,5,22,0.2273,3,2,16,20,0.8,87,24,26,7,25,4,29,6,24,38,0.6316,14,31,0.4516,2,3,6,6,1.0,106
102791,2021-22,2022-01-30T16:00:00Z,20,LR,5422,154,BAXI Manresa,Hereda San Pablo Burgos,10,549,93,68,local,Pedro Martínez,Paco Olmos,19,14,11,24,14,38,9,28,45,0.6222,7,28,0.25,4,4,16,20,0.8,114,17,22,17,21,11,32,7,21,43,0.4884,7,26,0.2692,4,4,5,8,0.625,54
102792,2021-22,2022-03-30T18:30:00Z,20,LR,5422,163,Unicaja,Surne Bilbao Basket,14,4,91,75,local,Ibon Navarro,Álex Mumbrú,15,21,10,25,8,33,4,25,43,0.5814,11,24,0.4583,1,5,8,10,0.8,105,12,23,10,21,13,34,7,24,47,0.5106,6,21,0.2857,5,1,9,15,0.6,67
102793,2021-22,2022-03-23T19:30:00Z,20,LR,5422,162,UCAM Murcia,Río Breogán,12,25,91,72,local,Sito Alonso,Veljko Mrsic,17,19,15,26,11,37,8,26,47,0.5532,9,24,0.375,0,4,12,20,0.6,102,11,23,16,22,9,31,9,17,35,0.4857,8,28,0.2857,4,0,14,19,0.7368,54
102794,2021-22,2022-04-01T19:00:00Z,20,LR,5422,163,Valencia Basket,Lenovo Tenerife,13,28,92,88,local,Joan Peñarroya,Txus Vidorreta,15,18,12,18,3,21,6,18,27,0.6667,13,25,0.52,1,2,17,21,0.8095,96,18,16,12,17,9,26,6,17,23,0.7391,14,37,0.3784,2,1,12,14,0.8571,96
102795,2021-22,2022-02-16T19:30:00Z,20,LR,5422,157,Monbus Obradoiro,Coosur Real Betis,57,15,86,93,visitante,Moncho Fernández,Luis Casimiro,14,20,14,26,12,38,5,18,30,0.6,11,37,0.2973,3,1,17,23,0.7391,85,14,22,10,26,11,37,9,20,43,0.4651,13,32,0.4062,1,3,14,18,0.7778,97
102796,2021-22,2022-03-26T19:45:00Z,26,LR,5416,162,Gran Canaria,Lenovo Tenerife,5,28,89,77,local,Porfirio Fisac,Txus Vidorreta,18,24,13,23,10,33,10,27,45,0.6,3,17,0.1765,0,2,26,31,0.8387,98,17,21,18,18,2,20,7,14,28,0.5,9,19,0.4737,2,0,22,27,0.8148,74
102797,2021-22,2022-03-27T10:30:00Z,26,LR,5416,162,Real Madrid,Urbas Fuenlabrada,9,17,92,77,local,Pablo Laso,Josep Mª Raventós,22,15,7,27,13,40,6,28,46,0.6087,7,26,0.2692,1,6,15,18,0.8333,122,15,19,8,21,11,32,3,22,50,0.44,7,20,0.35,6,1,12,15,0.8,66
102798,2021-22,2022-03-27T10:30:00Z,26,LR,5416,162,UCAM Murcia,Valencia Basket,12,13,71,72,visitante,Sito Alonso,Joan Peñarroya,15,22,14,29,14,43,10,23,45,0.5111,5,23,0.2174,2,4,10,17,0.5882,80,19,22,17,23,12,35,8,15,35,0.4286,8,29,0.2759,4,2,18,25,0.72,67
102799,2021-22,2022-05-08T11:00:00Z,32,LR,5410,168,Gran Canaria,Valencia Basket,5,13,89,83,local,Porfirio Fisac,Joan Peñarroya,17,21,9,17,6,23,7,25,38,0.6579,10,29,0.3448,2,1,9,12,0.75,89,13,19,13,22,5,27,5,18,33,0.5455,11,20,0.55,1,2,14,20,0.7,88
102800,2021-22,2022-04-27T18:30:00Z,32,LR,5410,167,BAXI Manresa,Coosur Real Betis,10,15,96,102,visitante,Pedro Martínez,Luis Casimiro,19,22,16,22,10,32,7,23,40,0.575,12,31,0.3871,1,2,14,21,0.6667,95,16,22,15,23,8,31,6,24,44,0.5455,12,25,0.48,2,1,18,18,1.0,106
102801,2021-22,2022-05-07T18:45:00Z,32,LR,5410,168,Río Breogán,Barça,25,2,72,74,visitante,Veljko Mrsic,Sarunas Jasikevicius ,10,23,13,26,13,39,5,21,48,0.4375,7,24,0.2917,4,1,9,15,0.6,55,12,18,11,29,10,39,7,16,35,0.4571,9,27,0.3333,1,4,15,22,0.6818,85
102802,2021-22,2022-04-27T18:00:00Z,32,LR,5410,167,Surne Bilbao Basket,Lenovo Tenerife,4,28,87,79,local,Álex Mumbrú,Txus Vidorreta,18,24,9,20,10,30,10,25,44,0.5682,6,21,0.2857,3,4,19,24,0.7917,99,20,25,12,15,5,20,4,15,27,0.5556,10,32,0.3125,4,3,19,25,0.76,68
102803,2021-22,2022-05-07T16:00:00Z,32,LR,5410,168,Bitci Baskonia,Casademont Zaragoza,3,16,91,59,local,Neven Spahija,Dragan Sakota,24,18,17,27,11,38,11,22,34,0.6471,12,31,0.3871,1,1,11,14,0.7857,113,12,18,18,17,9,26,8,22,54,0.4074,2,10,0.2,1,1,9,13,0.6923,43
102804,2021-22,2022-05-07T16:00:00Z,32,LR,5410,168,MoraBanc Andorra,Urbas Fuenlabrada,22,17,92,84,local,Oscar Quintana,Josep Mª Raventós,22,21,14,25,9,34,12,20,35,0.5714,12,29,0.4138,2,1,16,22,0.7273,107,22,21,15,18,4,22,5,23,37,0.6216,9,26,0.3462,1,2,11,12,0.9167,87
102805,2021-22,2022-04-30T18:45:00Z,31,LR,5411,167,Urbas Fuenlabrada,Coosur Real Betis,17,15,77,82,visitante,Josep Mª Raventós,Luis Casimiro,14,22,13,25,10,35,10,21,38,0.5526,8,24,0.3333,4,5,11,15,0.7333,82,11,18,15,22,12,34,7,16,38,0.4211,12,25,0.48,5,5,14,18,0.7778,83
102806,2021-22,2022-04-30T18:45:00Z,31,LR,5411,167,Unicaja,Bitci Baskonia,14,3,72,73,visitante,Ibon Navarro,Neven Spahija,10,17,9,27,19,46,5,21,53,0.3962,8,26,0.3077,5,1,6,12,0.5,63,11,16,11,30,10,40,6,20,37,0.5405,8,30,0.2667,1,5,9,12,0.75,82
102807,2021-22,2022-04-30T16:00:00Z,31,LR,5411,167,Valencia Basket,MoraBanc Andorra,13,22,81,76,local,Joan Peñarroya,Oscar Quintana,16,17,11,19,18,37,3,18,34,0.5294,7,27,0.2593,0,3,24,30,0.8,92,16,23,8,18,11,29,4,23,40,0.575,7,27,0.2593,3,0,9,11,0.8182,69
102808,2021-22,2022-04-30T16:00:00Z,31,LR,5411,167,Lenovo Tenerife,BAXI Manresa,28,10,94,83,local,Txus Vidorreta,Pedro Martínez,23,14,11,20,5,25,7,14,27,0.5185,17,31,0.5484,4,3,15,21,0.7143,113,19,23,13,24,11,35,5,27,48,0.5625,5,14,0.3571,3,4,14,20,0.7,85
102809,2021-22,2022-05-01T18:00:00Z,31,LR,5411,167,Casademont Zaragoza,Surne Bilbao Basket,16,4,80,82,visitante,Dragan Sakota,Álex Mumbrú,19,20,12,24,16,40,8,25,46,0.5435,7,27,0.2593,3,1,9,16,0.5625,88,20,23,12,24,8,32,8,22,39,0.5641,8,25,0.32,1,3,14,17,0.8235,92
102810,2021-22,2022-05-01T16:30:00Z,31,LR,5411,167,Real Madrid,Joventut Badalona,9,8,99,89,local,Pablo Laso,Carles Duran,17,16,9,19,6,25,7,25,33,0.7576,11,27,0.4074,1,4,16,20,0.8,117,18,19,10,14,7,21,5,29,45,0.6444,7,20,0.35,4,1,10,12,0.8333,85
102811,2021-22,2022-05-01T15:00:00Z,31,LR,5411,167,UCAM Murcia,Monbus Obradoiro,12,57,98,80,local,Sito Alonso,Moncho Fernández,17,28,11,26,11,37,6,25,42,0.5952,13,31,0.4194,1,2,9,16,0.5625,97,14,19,15,21,10,31,4,17,35,0.4857,7,22,0.3182,2,1,25,35,0.7143,77
102812,2021-22,2022-05-01T11:00:00Z,31,LR,5411,167,Gran Canaria,Río Breogán,5,25,84,86,visitante,Porfirio Fisac,Veljko Mrsic,11,23,18,29,6,35,9,26,43,0.6047,7,20,0.35,0,2,11,15,0.7333,84,22,18,13,26,10,36,11,25,48,0.5208,8,23,0.3478,2,0,12,17,0.7059,102
102813,2021-22,2022-05-01T10:30:00Z,31,LR,5411,167,Barça,Hereda San Pablo Burgos,2,549,84,69,local,Sarunas Jasikevicius ,Paco Olmos,19,23,8,24,12,36,11,19,44,0.4318,11,27,0.4074,5,3,13,23,0.5652,84,12,18,15,31,9,40,4,19,45,0.4222,4,16,0.25,3,5,19,21,0.9048,77
102814,2021-22,2022-05-08T15:00:00Z,32,LR,5410,168,Hereda San Pablo Burgos,Unicaja,549,14,89,74,local,Paco Olmos,Ibon Navarro,16,20,12,25,10,35,7,22,40,0.55,11,26,0.4231,4,2,12,16,0.75,94,16,18,14,21,14,35,6,19,45,0.4222,8,25,0.32,2,4,12,16,0.75,74
102815,2021-22,2022-04-24T18:00:00Z,30,LR,5412,166,Monbus Obradoiro,Gran Canaria,57,5,106,97,local,Moncho Fernández,Porfirio Fisac,21,24,7,17,12,29,9,23,33,0.697,13,30,0.4333,4,3,21,33,0.6364,119,16,26,12,22,15,37,5,22,39,0.5641,13,31,0.4194,3,4,14,21,0.6667,100
102816,2021-22,2022-05-08T16:00:00Z,32,LR,5410,168,Monbus Obradoiro,Real Madrid,57,9,88,89,visitante,Moncho Fernández,Pablo Laso,20,17,10,17,9,26,5,18,35,0.5143,14,28,0.5,5,2,10,16,0.625,90,12,18,9,21,10,31,7,23,40,0.575,10,23,0.4348,2,5,13,18,0.7222,97
102817,2021-22,2022-05-10T17:00:00Z,33,LR,5433,169,Urbas Fuenlabrada,Río Breogán,17,25,88,65,local,Josep Mª Raventós,Veljko Mrsic,22,20,7,26,10,36,6,22,36,0.6111,13,34,0.3824,1,5,5,6,0.8333,107,15,14,11,21,7,28,4,16,32,0.5,8,22,0.3636,4,2,9,16,0.5625,68
102818,2021-22,2022-05-14T16:00:00Z,34,LR,5442,169,Río Breogán,Unicaja,25,14,93,84,local,Veljko Mrsic,Ibon Navarro,19,16,13,22,5,27,9,29,41,0.7073,5,15,0.3333,1,0,20,24,0.8333,118,14,26,11,19,10,29,6,19,37,0.5135,11,30,0.3667,0,2,13,14,0.9286,76
102819,2021-22,2022-05-14T18:45:00Z,34,LR,5442,169,MoraBanc Andorra,Lenovo Tenerife,22,28,75,77,visitante,Oscar Quintana,Marco A. Justo,14,19,3,25,8,33,4,24,43,0.5581,6,24,0.25,3,3,9,14,0.6429,77,20,15,8,23,5,28,3,14,27,0.5185,13,33,0.3939,3,3,10,12,0.8333,89
102820,2021-22,2022-05-14T18:45:00Z,34,LR,5442,169,Monbus Obradoiro,Valencia Basket,57,13,85,89,visitante,Moncho Fernández,Joan Peñarroya,18,20,8,18,4,22,8,20,35,0.5714,9,24,0.375,2,2,18,24,0.75,89,25,20,10,25,8,33,5,24,40,0.6,9,23,0.3913,2,3,14,17,0.8235,110
102821,2021-22,2022-05-14T18:45:00Z,34,LR,5442,169,Hereda San Pablo Burgos,Urbas Fuenlabrada,549,17,66,83,visitante,Paco Olmos,Josep Mª Raventós,16,15,9,22,10,32,7,19,39,0.4872,7,27,0.2593,4,4,7,11,0.6364,70,23,17,9,24,10,34,3,16,33,0.4848,14,32,0.4375,4,4,9,11,0.8182,95
102822,2021-22,2022-05-14T18:45:00Z,34,LR,5442,169,Gran Canaria,Real Madrid,5,9,83,91,visitante,Porfirio Fisac,Pablo Laso,11,25,9,25,5,30,6,22,38,0.5789,4,22,0.1818,3,1,27,33,0.8182,76,15,22,12,23,12,35,8,19,36,0.5278,10,32,0.3125,1,4,23,26,0.8846,101
102823,2021-22,2022-05-14T18:45:00Z,34,LR,5442,169,Surne Bilbao Basket,Coosur Real Betis,4,15,98,99,visitante,Álex Mumbrú,Luis Casimiro,15,22,15,25,14,39,9,27,47,0.5745,8,28,0.2857,1,1,20,35,0.5714,94,17,25,14,30,8,38,7,22,40,0.55,11,32,0.3438,1,1,22,24,0.9167,103
102824,2021-22,2022-05-14T18:45:00Z,34,LR,5442,169,BAXI Manresa,Barça,10,2,80,94,visitante,Pedro Martínez,Sarunas Jasikevicius ,16,21,9,26,13,39,10,30,59,0.5085,2,22,0.0909,3,4,14,22,0.6364,83,20,24,15,34,11,45,6,18,36,0.5,12,30,0.4,4,3,22,26,0.8462,106
102825,2021-22,2022-05-11T19:00:00Z,33,LR,5433,169,Real Madrid,UCAM Murcia,9,12,90,69,local,Pablo Laso,Sito Alonso,14,18,10,29,13,42,2,26,45,0.5778,7,17,0.4118,5,7,17,25,0.68,107,11,23,7,18,12,30,4,16,41,0.3902,10,34,0.2941,7,5,7,8,0.875,50
102826,2021-22,2022-05-11T19:30:00Z,33,LR,5433,169,Lenovo Tenerife,Bitci Baskonia,28,3,78,91,visitante,Txus Vidorreta,Neven Spahija,16,21,11,20,10,30,3,15,28,0.5357,12,36,0.3333,1,4,12,14,0.8571,74,22,17,9,22,15,37,6,16,35,0.4571,15,30,0.5,4,1,14,22,0.6364,106
102827,2021-22,2022-05-11T18:30:00Z,33,LR,5433,169,Unicaja,BAXI Manresa,14,10,95,100,visitante,Ibon Navarro,Pedro Martínez,21,30,11,9,16,25,12,26,52,0.5,11,27,0.4074,4,1,10,18,0.5556,81,19,22,22,25,7,32,3,24,37,0.6486,7,14,0.5,1,4,31,39,0.7949,115
102828,2021-22,2022-05-10T19:00:00Z,33,LR,5433,169,Valencia Basket,Hereda San Pablo Burgos,13,549,84,70,local,Joan Peñarroya,Paco Olmos,17,19,15,22,12,34,6,19,37,0.5135,11,23,0.4783,2,2,13,18,0.7222,96,14,24,14,16,12,28,8,18,40,0.45,9,24,0.375,2,2,7,7,1.0,64
102829,2021-22,2022-05-11T16:00:00Z,33,LR,5433,169,Joventut Badalona,Monbus Obradoiro,8,57,78,84,visitante,Carles Duran,Moncho Fernández,14,21,8,24,13,37,7,23,50,0.46,6,23,0.2609,4,2,14,15,0.9333,78,19,18,12,26,7,33,6,25,36,0.6944,8,23,0.3478,2,4,10,21,0.4762,98
102830,2021-22,2022-05-10T19:30:00Z,33,LR,5433,169,Coosur Real Betis,Gran Canaria,15,5,93,86,local,Luis Casimiro,Porfirio Fisac,24,19,9,27,4,31,5,22,40,0.55,12,23,0.5217,5,2,13,20,0.65,106,16,20,7,20,5,25,5,16,33,0.4848,14,34,0.4118,2,5,12,18,0.6667,84
102831,2021-22,2022-05-10T18:30:00Z,33,LR,5433,169,Casademont Zaragoza,MoraBanc Andorra,16,22,80,83,visitante,Dragan Sakota,Oscar Quintana,14,26,13,35,8,43,3,24,51,0.4706,5,22,0.2273,0,6,17,30,0.5667,77,16,27,13,35,13,48,7,16,41,0.3902,10,39,0.2564,5,2,21,30,0.7,74
102832,2021-22,2022-05-10T17:00:00Z,33,LR,5433,169,Barça,Surne Bilbao Basket,2,4,84,62,local,Sarunas Jasikevicius ,Álex Mumbrú,19,20,11,28,13,41,5,17,39,0.4359,13,31,0.4194,5,4,11,13,0.8462,93,13,18,12,23,7,30,5,19,44,0.4318,4,17,0.2353,4,5,12,16,0.75,59
102833,2021-22,2022-05-08T10:30:00Z,32,LR,5410,168,UCAM Murcia,Joventut Badalona,12,8,71,83,visitante,Sito Alonso,Carles Duran,15,22,16,23,9,32,2,15,32,0.4688,10,29,0.3448,1,1,11,23,0.4783,55,19,22,11,22,8,30,8,17,38,0.4474,10,23,0.4348,1,1,19,23,0.8261,89
102834,2021-22,2022-04-24T16:30:00Z,30,LR,5412,166,Barça,Lenovo Tenerife,2,28,69,65,local,Sarunas Jasikevicius ,Txus Vidorreta,14,21,15,24,6,30,6,19,31,0.6129,8,29,0.2759,3,1,7,9,0.7778,60,14,14,13,22,4,26,7,20,33,0.6061,4,21,0.1905,1,3,13,14,0.9286,77
102835,2021-22,2022-04-24T15:00:00Z,30,LR,5412,166,Bitci Baskonia,BAXI Manresa,3,10,107,85,local,Neven Spahija,Pedro Martínez,22,20,8,24,4,28,11,26,38,0.6842,14,34,0.4118,2,5,13,16,0.8125,124,14,17,15,26,11,37,5,20,47,0.4255,10,23,0.4348,4,2,15,21,0.7143,80
102836,2021-22,2022-04-24T10:30:00Z,30,LR,5412,166,MoraBanc Andorra,Hereda San Pablo Burgos,22,549,73,71,local,Oscar Quintana,Paco Olmos,13,19,12,25,12,37,7,18,41,0.439,9,32,0.2812,6,1,10,11,0.9091,68,15,21,19,27,7,34,7,15,26,0.5769,11,33,0.3333,1,7,8,11,0.7273,75
102837,2021-22,2022-04-09T18:45:00Z,28,LR,5414,164,BAXI Manresa,Joventut Badalona,10,8,95,91,local,Pedro Martínez,Carles Duran,17,19,11,18,11,29,5,17,40,0.425,11,25,0.44,9,3,28,31,0.9032,97,16,28,12,20,7,27,6,28,43,0.6512,7,25,0.28,3,9,14,15,0.9333,91
102838,2021-22,2022-04-09T16:00:00Z,28,LR,5414,164,Urbas Fuenlabrada,Monbus Obradoiro,17,57,93,92,local,Josep Mª Raventós,Moncho Fernández,20,22,12,23,12,35,7,26,50,0.52,9,22,0.4091,1,2,14,19,0.7368,100,13,20,14,23,6,29,7,15,28,0.5357,14,31,0.4516,2,1,20,26,0.7692,91
102839,2021-22,2022-04-09T16:00:00Z,28,LR,5414,164,Coosur Real Betis,Casademont Zaragoza,15,16,79,69,local,Luis Casimiro,Dragan Sakota,17,19,13,25,12,37,8,22,35,0.6286,9,32,0.2812,2,1,8,10,0.8,88,17,19,14,19,5,24,6,15,36,0.4167,8,18,0.4444,1,2,15,23,0.6522,64
102840,2021-22,2022-04-03T18:00:00Z,27,LR,5415,163,Bitci Baskonia,Gran Canaria,3,5,70,86,visitante,Neven Spahija,Porfirio Fisac,16,17,16,23,8,31,5,13,25,0.52,11,33,0.3333,2,5,11,15,0.7333,70,17,17,7,24,8,32,13,24,49,0.4898,9,20,0.45,5,3,11,13,0.8462,100
102841,2021-22,2022-04-03T16:30:00Z,27,LR,5415,163,Lenovo Tenerife,Real Madrid,28,9,72,59,local,Txus Vidorreta,Pablo Laso,17,19,7,25,9,34,5,15,33,0.4545,11,29,0.3793,8,2,9,14,0.6429,71,10,18,12,21,11,32,4,15,32,0.4688,7,28,0.25,2,8,8,16,0.5,54
102842,2021-22,2022-04-03T15:00:00Z,27,LR,5415,163,MoraBanc Andorra,Barça,22,2,74,86,visitante,David Eudal,Sarunas Jasikevicius ,11,28,11,21,11,32,8,22,41,0.5366,6,30,0.2,1,2,12,13,0.9231,64,17,21,14,28,15,43,4,14,38,0.3684,12,27,0.4444,2,1,22,30,0.7333,93
102843,2021-22,2022-04-03T10:30:00Z,27,LR,5415,163,Urbas Fuenlabrada,Surne Bilbao Basket,17,4,87,82,local,Josep Mª Raventós,Álex Mumbrú,16,17,10,17,10,27,4,24,38,0.6316,8,21,0.381,3,1,15,18,0.8333,97,15,22,13,17,16,33,5,20,42,0.4762,12,29,0.4138,1,3,6,12,0.5,74
102844,2021-22,2022-04-03T10:30:00Z,27,LR,5415,163,Río Breogán,Hereda San Pablo Burgos,25,549,105,96,local,Veljko Mrsic,Paco Olmos,19,18,6,21,12,33,5,26,43,0.6047,12,26,0.4615,5,1,17,24,0.7083,119,18,23,9,19,3,22,2,21,32,0.6562,15,30,0.5,1,6,9,11,0.8182,101
102845,2021-22,2022-04-03T15:00:00Z,27,LR,5415,163,Valencia Basket,Unicaja,13,14,90,75,local,Joan Peñarroya,Ibon Navarro,15,14,7,18,10,28,4,18,37,0.4865,11,19,0.5789,4,1,21,25,0.84,107,16,25,14,18,10,28,4,18,28,0.6429,10,31,0.3226,1,4,9,12,0.75,67
102846,2021-22,2022-04-02T18:45:00Z,27,LR,5415,163,Casademont Zaragoza,Joventut Badalona,16,8,63,77,visitante,Dragan Sakota,Carles Duran,14,18,9,21,4,25,7,15,38,0.3947,9,21,0.4286,3,3,6,9,0.6667,62,17,18,11,32,10,42,4,21,42,0.5,9,20,0.45,3,3,8,11,0.7273,94
102847,2021-22,2022-04-02T16:00:00Z,27,LR,5415,163,Monbus Obradoiro,BAXI Manresa,57,10,98,91,local,Moncho Fernández,Pedro Martínez,17,20,9,29,12,41,4,18,45,0.4,14,31,0.4516,3,3,20,25,0.8,105,19,23,8,26,14,40,6,25,49,0.5102,11,33,0.3333,3,4,8,12,0.6667,96
102848,2021-22,2022-04-02T16:00:00Z,27,LR,5415,163,Coosur Real Betis,UCAM Murcia,15,12,84,93,visitante,Luis Casimiro,Sito Alonso,22,26,13,22,7,29,6,29,50,0.58,5,16,0.3125,1,5,11,15,0.7333,87,20,18,11,24,12,36,9,20,41,0.4878,11,29,0.3793,3,1,20,28,0.7143,106
102849,2021-22,2022-03-27T10:30:00Z,26,LR,5416,162,Unicaja,Coosur Real Betis,14,15,96,80,local,Ibon Navarro,Luis Casimiro,23,18,10,26,4,30,11,20,33,0.6061,15,39,0.3846,2,3,11,13,0.8462,111,16,17,17,28,3,31,8,22,42,0.5238,7,19,0.3684,3,3,15,18,0.8333,84
102850,2021-22,2022-03-27T16:30:00Z,26,LR,5416,162,Joventut Badalona,Barça,8,2,83,72,local,Carles Duran,Sarunas Jasikevicius ,20,21,9,26,12,38,7,26,47,0.5532,5,17,0.2941,3,1,16,24,0.6667,95,10,20,13,22,12,34,5,19,38,0.5,6,24,0.25,1,3,16,21,0.7619,69
102851,2021-22,2022-03-27T15:00:00Z,26,LR,5416,162,Surne Bilbao Basket,Bitci Baskonia,4,3,62,90,visitante,Álex Mumbrú,Neven Spahija,12,20,13,25,4,29,4,16,36,0.4444,8,24,0.3333,3,6,6,17,0.3529,49,15,19,6,29,12,41,9,25,51,0.4902,10,23,0.4348,6,3,10,14,0.7143,104
102852,2021-22,2022-04-09T18:45:00Z,28,LR,5414,164,Surne Bilbao Basket,Valencia Basket,4,13,84,78,local,Álex Mumbrú,Joan Peñarroya,20,26,6,23,12,35,5,26,44,0.5909,8,26,0.3077,2,4,8,14,0.5714,93,15,22,13,25,8,33,4,13,32,0.4062,12,27,0.4444,4,2,16,21,0.7619,80
102853,2021-22,2022-04-10T10:30:00Z,28,LR,5414,164,UCAM Murcia,Gran Canaria,12,5,86,75,local,Sito Alonso,Porfirio Fisac,22,25,10,21,9,30,13,21,40,0.525,9,24,0.375,1,0,17,24,0.7083,97,11,23,18,22,10,32,4,17,34,0.5,9,22,0.4091,0,1,14,22,0.6364,69
102854,2021-22,2022-04-09T18:45:00Z,28,LR,5414,164,Lenovo Tenerife,Río Breogán,28,25,96,78,local,Txus Vidorreta,Veljko Mrsic,18,19,6,22,9,31,7,20,29,0.6897,14,36,0.3889,1,6,14,17,0.8235,119,14,21,12,21,13,34,5,19,40,0.475,8,23,0.3478,6,1,16,21,0.7619,71
102855,2021-22,2022-04-10T15:00:00Z,28,LR,5414,164,Unicaja,MoraBanc Andorra,14,22,78,74,local,Ibon Navarro,David Eudal,13,20,11,29,5,34,3,18,37,0.4865,8,24,0.3333,2,5,18,20,0.9,86,11,23,8,26,11,37,7,20,42,0.4762,6,27,0.2222,5,2,16,25,0.64,63
102856,2021-22,2022-04-24T10:30:00Z,30,LR,5412,166,Coosur Real Betis,Real Madrid,15,9,69,71,visitante,Luis Casimiro,Pablo Laso,15,16,11,21,7,28,5,15,35,0.4286,12,29,0.4138,4,3,3,4,0.75,61,14,10,14,27,15,42,8,16,35,0.4571,9,28,0.3214,3,4,12,17,0.7059,85
102857,2021-22,2022-04-23T18:45:00Z,30,LR,5412,166,Río Breogán,Casademont Zaragoza,25,16,82,85,visitante,Veljko Mrsic,Dragan Sakota,15,17,17,18,15,33,5,22,40,0.55,7,21,0.3333,3,1,17,21,0.8095,83,16,20,11,14,7,21,9,17,31,0.5484,13,30,0.4333,1,4,12,14,0.8571,87
102858,2021-22,2022-04-23T18:45:00Z,30,LR,5412,166,Joventut Badalona,Unicaja,8,14,76,70,local,Carles Duran,Ibon Navarro,19,22,9,25,3,28,11,21,37,0.5676,9,23,0.3913,1,4,7,15,0.4667,88,11,20,18,31,10,41,4,20,38,0.5263,6,24,0.25,3,1,12,16,0.75,68
102859,2021-22,2022-04-23T16:00:00Z,30,LR,5412,166,Valencia Basket,Urbas Fuenlabrada,13,17,97,79,local,Joan Peñarroya,Josep Mª Raventós,22,15,14,19,12,31,11,20,32,0.625,14,31,0.4516,1,2,15,18,0.8333,118,12,17,16,15,9,24,11,22,41,0.5366,9,23,0.3913,2,1,8,10,0.8,72
102860,2021-22,2022-04-23T16:00:00Z,30,LR,5412,166,Surne Bilbao Basket,UCAM Murcia,4,12,78,77,local,Álex Mumbrú,Sito Alonso,17,19,12,27,6,33,5,24,41,0.5854,7,20,0.35,1,8,9,16,0.5625,91,15,19,10,23,16,39,6,18,43,0.4186,9,34,0.2647,8,1,14,20,0.7,64
102861,2021-22,2022-04-17T18:00:00Z,29,LR,5413,165,BAXI Manresa,UCAM Murcia,10,12,103,93,local,Pedro Martínez,Sito Alonso,19,23,16,28,16,44,4,28,49,0.5714,6,21,0.2857,3,1,29,38,0.7632,113,17,31,13,18,14,32,9,24,45,0.5333,9,36,0.25,1,3,18,21,0.8571,80
102862,2021-22,2022-04-17T16:30:00Z,29,LR,5413,165,Bitci Baskonia,Valencia Basket,3,13,71,78,visitante,Neven Spahija,Joan Peñarroya,16,19,14,27,8,35,3,15,28,0.5357,9,34,0.2647,2,4,14,15,0.9333,70,18,16,9,29,4,33,7,21,36,0.5833,9,29,0.3103,4,2,9,10,0.9,92
102863,2021-22,2022-01-15T17:00:00Z,18,LR,5424,152,Monbus Obradoiro,Surne Bilbao Basket,57,4,91,96,visitante,Moncho Fernández,Álex Mumbrú,19,22,16,23,11,34,7,22,39,0.5641,13,29,0.4483,2,2,8,12,0.6667,93,13,17,10,20,10,30,11,27,45,0.6,10,26,0.3846,2,2,12,17,0.7059,106
102864,2021-22,2022-04-17T10:30:00Z,29,LR,5413,165,Unicaja,Lenovo Tenerife,14,28,64,97,visitante,Ibon Navarro,Txus Vidorreta,7,18,17,19,14,33,4,25,41,0.6098,3,26,0.1154,2,0,5,5,1.0,48,21,16,6,20,2,22,14,28,40,0.7,10,18,0.5556,0,2,11,13,0.8462,130
102865,2021-22,2022-04-17T10:30:00Z,29,LR,5413,165,Real Madrid,Río Breogán,9,25,90,65,local,Pablo Laso,Veljko Mrsic,24,22,10,27,8,35,9,19,32,0.5938,11,29,0.3793,2,8,19,24,0.7917,117,13,21,15,21,16,37,7,17,40,0.425,5,26,0.1923,8,2,16,24,0.6667,50
102866,2021-22,2022-04-16T18:45:00Z,29,LR,5413,165,Joventut Badalona,Urbas Fuenlabrada,8,17,92,75,local,Carles Duran,Josep Mª Raventós,25,16,10,24,8,32,5,20,34,0.5882,14,30,0.4667,1,4,10,15,0.6667,112,20,17,13,19,5,24,4,15,35,0.4286,11,26,0.4231,4,1,12,14,0.8571,69
102867,2021-22,2022-04-16T18:45:00Z,29,LR,5413,165,Casademont Zaragoza,Barça,16,2,76,71,local,Dragan Sakota,Sarunas Jasikevicius ,14,24,17,19,8,27,6,21,45,0.4667,5,14,0.3571,4,3,19,26,0.7308,67,18,26,17,21,9,30,9,12,27,0.4444,10,26,0.3846,3,4,17,20,0.85,74
102868,2021-22,2022-04-16T16:00:00Z,29,LR,5413,165,MoraBanc Andorra,Coosur Real Betis,22,15,76,93,visitante,David Eudal,Luis Casimiro,14,19,9,21,17,38,5,16,37,0.4324,11,35,0.3143,3,1,11,14,0.7857,75,20,20,11,27,6,33,2,15,29,0.5172,17,28,0.6071,1,3,12,16,0.75,109
102869,2021-22,2022-04-16T16:00:00Z,29,LR,5413,165,Hereda San Pablo Burgos,Monbus Obradoiro,549,57,77,82,visitante,Paco Olmos,Moncho Fernández,13,25,11,24,13,37,6,18,38,0.4737,10,30,0.3333,3,4,11,13,0.8462,73,18,17,9,21,8,29,3,17,32,0.5312,10,27,0.3704,4,3,18,24,0.75,92
102870,2021-22,2022-04-10T18:00:00Z,28,LR,5414,164,Hereda San Pablo Burgos,Bitci Baskonia,549,3,62,78,visitante,Paco Olmos,Neven Spahija,9,18,14,26,17,43,7,16,44,0.3636,6,24,0.25,8,4,12,18,0.6667,48,22,15,9,27,4,31,12,15,29,0.5172,11,31,0.3548,3,8,15,18,0.8333,105
102871,2021-22,2022-04-10T16:30:00Z,28,LR,5414,164,Barça,Real Madrid,2,9,108,97,local,Sarunas Jasikevicius ,Pablo Laso,16,31,14,23,7,30,5,25,39,0.641,13,25,0.52,4,0,19,26,0.7308,102,14,27,11,20,9,29,11,20,40,0.5,7,20,0.35,0,4,36,45,0.8,105
102872,2021-22,2022-04-17T11:00:00Z,29,LR,5413,165,Gran Canaria,Surne Bilbao Basket,5,4,88,86,local,Porfirio Fisac,Álex Mumbrú,13,16,7,21,12,33,15,27,46,0.587,6,23,0.2609,2,2,16,24,0.6667,105,19,23,19,24,7,31,4,16,30,0.5333,15,30,0.5,2,2,9,14,0.6429,79
102873,2021-22,2022-03-04T19:00:00Z,18,LR,5424,159,Joventut Badalona,Río Breogán,8,25,96,87,local,Carles Duran,Veljko Mrsic,21,19,10,21,12,33,11,19,40,0.475,16,37,0.4324,3,0,10,14,0.7143,104,14,21,18,28,10,38,7,27,36,0.75,6,29,0.2069,0,3,15,16,0.9375,96
102874,2021-22,2022-01-09T11:30:00Z,17,LR,5425,151,Unicaja,Valencia Basket,14,13,82,87,visitante,Fotis Katsikaris,Joan Peñarroya,11,25,11,13,7,20,10,25,38,0.6579,7,31,0.2258,3,3,11,15,0.7333,68,17,22,20,28,5,33,4,20,35,0.5714,7,19,0.3684,3,3,26,28,0.9286,94
102875,2021-22,2022-01-30T17:30:00Z,17,LR,5425,154,Barça,Joventut Badalona,2,8,99,84,local,Sarunas Jasikevicius ,Carles Duran,18,19,10,18,5,23,7,16,24,0.6667,15,27,0.5556,2,2,22,27,0.8148,115,16,22,12,13,12,25,3,29,50,0.58,5,16,0.3125,2,2,11,12,0.9167,80
102876,2021-22,2021-10-23T16:00:00Z,7,LR,5432,140,Casademont Zaragoza,Río Breogán,16,25,79,75,local,Jaume Ponsarnau,Paco Olmos,22,17,11,28,7,35,3,21,43,0.4884,10,23,0.4348,4,6,7,12,0.5833,90,14,17,11,26,11,37,8,21,47,0.4468,9,28,0.3214,6,4,6,7,0.8571,75
102877,2021-22,2021-10-05T18:30:00Z,6,LR,5431,138,Barça,Casademont Zaragoza,2,16,76,63,local,Sarunas Jasikevicius ,Jaume Ponsarnau,16,16,8,19,10,29,4,21,39,0.5385,9,23,0.3913,2,1,7,13,0.5385,81,10,19,9,19,6,25,7,22,40,0.55,4,16,0.25,1,2,7,9,0.7778,62
102878,2021-22,2021-10-17T16:30:00Z,6,LR,5431,139,Baskonia,Lenovo Tenerife,3,28,65,71,visitante,Dusko Ivanovic,Txus Vidorreta,18,16,16,27,6,33,5,18,30,0.6,8,29,0.2759,1,7,5,7,0.7143,75,19,15,8,26,4,30,8,8,23,0.3478,15,37,0.4054,7,1,10,14,0.7143,73
102879,2021-22,2021-10-17T15:00:00Z,6,LR,5431,139,Río Breogán,Real Madrid,25,9,71,79,visitante,Paco Olmos,Pablo Laso,14,16,8,21,12,33,6,21,40,0.525,7,24,0.2917,4,4,8,12,0.6667,75,16,15,10,25,8,33,4,15,25,0.6,15,35,0.4286,4,4,4,6,0.6667,91
102880,2021-22,2021-10-17T11:00:00Z,6,LR,5431,139,Gran Canaria,Coosur Real Betis,5,15,94,70,local,Porfirio Fisac,Joan Plaza,18,24,16,21,12,33,8,23,42,0.5476,9,21,0.4286,0,5,21,27,0.7778,106,16,25,16,15,6,21,7,11,22,0.5,10,27,0.3704,5,0,18,25,0.72,56
102881,2021-22,2021-10-17T10:30:00Z,6,LR,5431,139,Surne Bilbao Basket,Urbas Fuenlabrada,4,17,85,80,local,Álex Mumbrú,Josep Mª Raventós,13,17,10,16,14,30,10,20,46,0.4348,10,26,0.3846,3,2,15,19,0.7895,87,19,23,20,23,16,39,3,22,45,0.4889,10,22,0.4545,2,3,6,7,0.8571,80
102882,2021-22,2021-10-16T18:45:00Z,6,LR,5431,139,Hereda San Pablo Burgos,Valencia Basket,549,13,65,69,visitante,Zan Tabak,Joan Peñarroya,16,19,7,30,12,42,2,20,46,0.4348,5,21,0.2381,3,2,10,20,0.5,68,17,22,5,29,10,39,4,15,34,0.4412,9,30,0.3,2,3,12,15,0.8,79
102883,2021-22,2021-10-16T18:45:00Z,6,LR,5431,139,BAXI Manresa,Unicaja,10,14,85,74,local,Pedro Martínez,Fotis Katsikaris,13,21,16,22,10,32,8,23,43,0.5349,7,21,0.3333,4,3,18,23,0.7826,82,16,22,15,19,6,25,9,21,38,0.5526,8,23,0.3478,3,4,8,10,0.8,74
102884,2021-22,2021-10-16T16:00:00Z,6,LR,5431,139,Monbus Obradoiro,UCAM Murcia,57,12,70,104,visitante,Moncho Fernández,Sito Alonso,6,19,11,19,8,27,3,23,45,0.5111,2,14,0.1429,1,2,18,24,0.75,57,13,20,10,25,8,33,8,25,43,0.5814,14,29,0.4828,2,2,12,13,0.9231,113
102885,2021-22,2021-10-16T16:00:00Z,6,LR,5431,139,Joventut Badalona,MoraBanc Andorra,8,22,73,79,visitante,Carles Duran,Ibon Navarro,12,21,15,20,16,36,8,19,41,0.4634,7,27,0.2593,5,4,14,20,0.7,70,16,26,16,21,11,32,6,14,40,0.35,13,19,0.6842,4,5,12,16,0.75,77
102886,2021-22,2021-10-10T18:00:00Z,5,LR,5430,138,Baskonia,Monbus Obradoiro,3,57,91,70,local,Dusko Ivanovic,Moncho Fernández,19,25,12,26,8,34,5,21,32,0.6562,14,26,0.5385,2,3,7,13,0.5385,104,10,20,8,13,11,24,3,18,31,0.5806,5,31,0.1613,3,2,19,26,0.7308,56
102887,2021-22,2021-10-10T16:30:00Z,5,LR,5430,138,Valencia Basket,Real Madrid,13,9,79,93,visitante,Joan Peñarroya,Pablo Laso,18,18,10,18,10,28,4,20,41,0.4878,10,25,0.4,4,1,9,13,0.6923,75,19,18,11,22,7,29,6,25,39,0.641,11,26,0.4231,1,4,10,14,0.7143,106
102888,2021-22,2021-10-10T15:00:00Z,5,LR,5430,138,Coosur Real Betis,Barça,15,2,61,78,visitante,Joan Plaza,Sarunas Jasikevicius ,11,21,13,15,14,29,11,14,37,0.3784,4,18,0.2222,0,4,21,26,0.8077,65,11,25,15,22,10,32,8,20,38,0.5263,8,20,0.4,4,0,14,16,0.875,74
102889,2021-22,2021-10-10T10:30:00Z,5,LR,5430,138,UCAM Murcia,Surne Bilbao Basket,12,4,92,87,local,Sito Alonso,Álex Mumbrú,16,20,12,18,8,26,9,17,33,0.5152,16,34,0.4706,4,3,10,15,0.6667,92,14,22,17,23,9,32,8,19,34,0.5588,11,26,0.4231,3,4,16,21,0.7619,87
102890,2021-22,2021-10-10T10:30:00Z,5,LR,5430,138,MoraBanc Andorra,Gran Canaria,22,5,87,71,local,Ibon Navarro,Porfirio Fisac,23,26,10,26,5,31,2,16,26,0.6154,11,29,0.3793,1,6,22,28,0.7857,100,13,23,10,19,12,31,4,20,44,0.4545,4,20,0.2,6,1,19,27,0.7037,59
102891,2021-22,2021-10-23T16:00:00Z,7,LR,5432,140,Coosur Real Betis,Monbus Obradoiro,15,57,76,87,visitante,Joan Plaza,Moncho Fernández,10,20,15,21,11,32,9,23,44,0.5227,6,19,0.3158,2,5,12,16,0.75,81,17,24,13,22,9,31,6,16,34,0.4706,13,27,0.4815,5,2,16,22,0.7273,83
102892,2021-22,2021-10-09T18:45:00Z,5,LR,5430,138,Urbas Fuenlabrada,Hereda San Pablo Burgos,17,549,91,96,visitante,Josep Mª Raventós,Zan Tabak,21,21,12,17,15,32,6,21,41,0.5122,12,29,0.4138,3,4,13,17,0.7647,93,15,17,12,20,17,37,8,23,41,0.561,12,31,0.3871,4,3,14,19,0.7368,104
102893,2021-22,2021-10-23T18:45:00Z,7,LR,5432,140,Lenovo Tenerife,Joventut Badalona,28,8,72,79,visitante,Txus Vidorreta,Carles Duran,18,20,12,19,10,29,5,16,28,0.5714,9,28,0.3214,2,4,13,16,0.8125,80,16,21,10,20,13,33,9,18,38,0.4737,10,22,0.4545,3,2,13,18,0.7222,87
102894,2021-22,2021-10-24T10:30:00Z,7,LR,5432,140,Real Madrid,Gran Canaria,9,5,70,75,visitante,Pablo Laso,Porfirio Fisac,20,17,16,23,10,33,8,14,28,0.5,9,29,0.3103,3,2,15,19,0.7895,79,16,21,15,20,9,29,11,20,39,0.5128,9,24,0.375,2,3,8,14,0.5714,73
102895,2021-22,2021-11-06T17:00:00Z,9,LR,5441,142,UCAM Murcia,Urbas Fuenlabrada,12,17,99,76,local,Sito Alonso,Josep Mª Raventós,26,20,10,26,14,40,7,29,47,0.617,7,24,0.2917,0,3,20,22,0.9091,128,10,20,14,19,11,30,6,19,36,0.5278,9,29,0.3103,3,0,11,17,0.6471,62
102896,2021-22,2021-11-06T17:00:00Z,9,LR,5441,142,Río Breogán,Gran Canaria,25,5,76,66,local,Paco Olmos,Porfirio Fisac,18,19,12,28,6,34,9,16,39,0.4103,10,21,0.4762,5,5,14,21,0.6667,86,15,21,14,23,10,33,6,15,37,0.4054,7,27,0.2593,4,5,15,20,0.75,58
102897,2021-22,2021-10-31T19:00:00Z,8,LR,5434,141,BAXI Manresa,Surne Bilbao Basket,10,4,87,79,local,Pedro Martínez,Álex Mumbrú,20,20,5,21,13,34,9,15,42,0.3571,14,37,0.3784,3,3,15,19,0.7895,88,13,18,20,36,7,43,1,21,37,0.5676,7,21,0.3333,3,3,16,21,0.7619,83
102898,2021-22,2021-10-31T17:30:00Z,8,LR,5434,141,Bitci Baskonia,Real Madrid,3,9,65,83,visitante,Dusko Ivanovic,Pablo Laso,10,19,12,17,5,22,4,11,30,0.3667,9,20,0.45,3,3,16,20,0.8,56,20,22,14,23,18,41,4,20,35,0.5714,11,33,0.3333,3,3,10,12,0.8333,91
102899,2021-22,2021-10-31T16:00:00Z,8,LR,5434,141,Río Breogán,UCAM Murcia,25,12,94,89,local,Paco Olmos,Sito Alonso,16,25,20,28,6,34,10,29,49,0.5918,4,12,0.3333,6,2,24,37,0.6486,91,20,29,16,20,7,27,9,21,35,0.6,9,29,0.3103,2,6,20,28,0.7143,87
102900,2021-22,2021-10-31T11:30:00Z,8,LR,5434,141,Valencia Basket,Coosur Real Betis,13,15,81,84,visitante,Joan Peñarroya,Joan Plaza,17,16,16,22,7,29,14,26,40,0.65,2,20,0.1,2,0,23,25,0.92,95,15,22,17,20,8,28,11,13,28,0.4643,14,30,0.4667,0,2,16,18,0.8889,84
102901,2021-22,2021-10-31T11:30:00Z,8,LR,5434,141,Barça,Urbas Fuenlabrada,2,17,79,69,local,Sarunas Jasikevicius ,Josep Mª Raventós,14,16,13,28,5,33,4,20,33,0.6061,9,23,0.3913,4,3,12,16,0.75,90,17,21,7,21,9,30,7,20,43,0.4651,8,27,0.2963,3,4,5,8,0.625,67
102902,2021-22,2021-10-30T18:45:00Z,8,LR,5434,141,Joventut Badalona,Hereda San Pablo Burgos,8,549,82,65,local,Carles Duran,Zan Tabak,12,19,8,24,9,33,10,22,46,0.4783,9,20,0.45,3,5,11,12,0.9167,95,9,20,15,19,17,36,3,14,38,0.3684,9,28,0.3214,5,3,10,13,0.7692,49
102903,2021-22,2021-10-30T18:45:00Z,8,LR,5434,141,Gran Canaria,Casademont Zaragoza,5,16,79,76,local,Porfirio Fisac,Jaume Ponsarnau,15,21,15,14,7,21,11,15,29,0.5172,11,25,0.44,2,3,16,20,0.8,77,13,18,17,15,12,27,4,18,33,0.5455,9,24,0.375,3,2,13,20,0.65,68
102904,2021-22,2021-10-30T16:00:00Z,8,LR,5434,141,MoraBanc Andorra,Unicaja,22,14,83,74,local,Ibon Navarro,Fotis Katsikaris,14,18,12,32,6,38,6,19,34,0.5588,10,25,0.4,4,4,15,18,0.8333,97,14,20,11,23,2,25,8,19,39,0.4872,9,23,0.3913,4,4,9,12,0.75,71
102905,2021-22,2021-10-30T16:00:00Z,8,LR,5434,141,Monbus Obradoiro,Lenovo Tenerife,57,28,81,84,visitante,Moncho Fernández,Txus Vidorreta,16,23,13,18,7,25,9,18,38,0.4737,11,23,0.4783,3,3,12,16,0.75,77,15,18,15,22,7,29,8,26,45,0.5778,5,15,0.3333,3,3,17,19,0.8947,94
102906,2021-22,2021-10-24T18:00:00Z,7,LR,5432,140,UCAM Murcia,Bitci Baskonia,12,3,80,79,local,Sito Alonso,Dusko Ivanovic,14,23,9,19,9,28,9,24,41,0.5854,7,29,0.2414,3,4,11,13,0.8462,72,14,15,19,29,6,35,4,20,37,0.5405,6,15,0.4,4,3,21,27,0.7778,87
102907,2021-22,2021-10-24T16:30:00Z,7,LR,5432,140,Unicaja,Barça,14,2,73,75,visitante,Fotis Katsikaris,Sarunas Jasikevicius ,12,22,11,19,7,26,13,22,45,0.4889,5,21,0.2381,3,3,14,17,0.8235,70,15,23,18,23,8,31,4,26,41,0.6341,4,20,0.2,3,3,11,14,0.7857,70
102908,2021-22,2021-10-24T15:00:00Z,7,LR,5432,140,Surne Bilbao Basket,Hereda San Pablo Burgos,4,549,87,81,local,Álex Mumbrú,Zan Tabak,16,19,11,22,6,28,8,16,30,0.5333,13,27,0.4815,0,1,16,22,0.7273,96,11,20,11,23,8,31,5,18,38,0.4737,12,26,0.4615,1,0,9,12,0.75,78
102909,2021-22,2021-10-24T10:30:00Z,7,LR,5432,140,Urbas Fuenlabrada,BAXI Manresa,17,10,90,82,local,Josep Mª Raventós,Pedro Martínez,26,19,10,23,14,37,9,20,37,0.5405,15,40,0.375,2,4,5,7,0.7143,106,15,15,12,25,15,40,4,21,38,0.5526,9,33,0.2727,4,2,13,16,0.8125,87
102910,2021-22,2021-10-23T18:45:00Z,7,LR,5432,140,MoraBanc Andorra,Valencia Basket,22,13,75,76,visitante,Ibon Navarro,Joan Peñarroya,12,20,14,21,8,29,8,20,30,0.6667,9,30,0.3,1,5,8,11,0.7273,75,10,16,14,22,12,34,10,22,44,0.5,7,20,0.35,5,1,11,15,0.7333,77
102911,2021-22,2021-10-09T18:45:00Z,5,LR,5430,138,Lenovo Tenerife,Casademont Zaragoza,28,16,90,65,local,Txus Vidorreta,Jaume Ponsarnau,26,23,8,19,5,24,8,23,30,0.7667,12,29,0.4138,1,3,8,13,0.6154,110,6,20,17,18,10,28,4,17,30,0.5667,5,24,0.2083,3,1,16,21,0.7619,50
102912,2021-22,2021-10-09T16:00:00Z,5,LR,5430,138,Unicaja,Río Breogán,14,25,72,64,local,Fotis Katsikaris,Paco Olmos,11,16,9,28,6,34,4,16,33,0.4848,10,30,0.3333,2,2,10,12,0.8333,78,15,21,9,25,5,30,6,18,40,0.45,6,18,0.3333,2,2,10,15,0.6667,62
102913,2021-22,2021-10-09T16:00:00Z,5,LR,5430,138,Joventut Badalona,BAXI Manresa,8,10,105,61,local,Carles Duran,Pedro Martínez,19,22,12,28,6,34,11,25,43,0.5814,11,18,0.6111,3,5,22,23,0.9565,130,6,21,22,17,10,27,9,15,35,0.4286,5,23,0.2174,5,3,16,22,0.7273,37
102914,2021-22,2021-09-24T17:00:00Z,2,LR,5427,136,UCAM Murcia,Coosur Real Betis,12,15,88,66,local,Sito Alonso,Joan Plaza,15,18,10,25,16,41,9,22,43,0.5116,9,26,0.3462,2,0,17,22,0.7727,102,10,22,17,21,13,34,4,15,34,0.4412,7,27,0.2593,0,2,15,22,0.6818,48
102915,2021-22,2021-09-24T17:00:00Z,2,LR,5427,136,Monbus Obradoiro,Joventut Badalona,57,8,93,91,local,Moncho Fernández,Carles Duran,19,22,7,17,9,26,4,19,31,0.6129,15,33,0.4545,0,2,10,16,0.625,101,14,22,10,17,7,24,3,23,41,0.561,9,18,0.5,2,2,18,20,0.9,93
102916,2021-22,2021-09-24T17:00:00Z,2,LR,5427,136,BAXI Manresa,Valencia Basket,10,13,69,89,visitante,Pedro Martínez,Joan Peñarroya,15,17,15,19,8,27,10,18,37,0.4865,7,30,0.2333,1,5,12,15,0.8,66,22,18,20,31,9,40,9,21,36,0.5833,10,23,0.4348,5,1,17,19,0.8947,105
102917,2021-22,2021-09-23T19:30:00Z,2,LR,5427,136,Lenovo Tenerife,Unicaja,28,14,87,82,local,Txus Vidorreta,Fotis Katsikaris,12,24,12,22,7,29,9,20,39,0.5128,7,24,0.2917,3,2,26,28,0.9286,85,15,23,16,22,9,31,5,20,33,0.6061,10,28,0.3571,2,3,12,17,0.7059,82
102918,2021-22,2021-09-23T19:30:00Z,2,LR,5427,136,Hereda San Pablo Burgos,Río Breogán,549,25,62,87,visitante,Zan Tabak,Paco Olmos,18,18,14,23,7,30,5,20,32,0.625,4,25,0.16,5,2,10,16,0.625,60,16,19,8,23,5,28,5,21,32,0.6562,12,27,0.4444,2,5,9,12,0.75,100
102919,2021-22,2021-09-23T17:00:00Z,2,LR,5427,136,Surne Bilbao Basket,Casademont Zaragoza,4,16,76,100,visitante,Álex Mumbrú,Jaume Ponsarnau,14,16,9,15,6,21,7,17,35,0.4857,10,25,0.4,3,3,12,17,0.7059,71,19,16,11,28,10,38,5,23,37,0.6216,15,31,0.4839,3,3,9,11,0.8182,119
102920,2021-22,2021-09-22T19:30:00Z,2,LR,5427,136,Gran Canaria,Barça,5,2,64,82,visitante,Porfirio Fisac,Sarunas Jasikevicius ,13,20,6,14,8,22,8,16,40,0.4,8,24,0.3333,2,1,8,10,0.8,56,21,18,13,29,7,36,3,16,28,0.5714,13,26,0.5,1,2,11,14,0.7857,104
102921,2021-22,2021-09-19T18:00:00Z,1,LR,5409,135,Unicaja,Monbus Obradoiro,14,57,91,79,local,Fotis Katsikaris,Moncho Fernández,20,11,13,21,6,27,5,26,44,0.5909,11,20,0.55,1,2,6,6,1.0,106,14,13,14,16,8,24,8,23,43,0.5349,8,23,0.3478,2,1,9,10,0.9,72
102922,2021-22,2021-09-19T16:30:00Z,1,LR,5409,135,Real Madrid,Hereda San Pablo Burgos,9,549,70,63,local,Pablo Laso,Zan Tabak,12,18,7,27,9,36,2,17,37,0.4595,8,27,0.2963,1,8,12,19,0.6316,79,12,24,13,33,8,41,4,15,43,0.3488,8,21,0.381,8,1,9,11,0.8182,51
102923,2021-22,2021-09-19T15:00:00Z,1,LR,5409,135,Casademont Zaragoza,BAXI Manresa,16,10,98,91,local,Jaume Ponsarnau,Pedro Martínez,9,22,13,21,12,33,13,23,41,0.561,9,22,0.4091,4,2,25,32,0.7812,104,20,26,16,21,12,33,10,16,31,0.5161,14,33,0.4242,1,4,17,25,0.68,95
102924,2021-22,2021-09-19T10:30:00Z,1,LR,5409,135,Urbas Fuenlabrada,Gran Canaria,17,5,87,92,visitante,Josep Mª Raventós,Porfirio Fisac,20,26,13,25,15,40,7,17,40,0.425,10,33,0.303,9,4,23,29,0.7931,83,15,25,12,27,8,35,7,25,45,0.5556,6,22,0.2727,3,9,24,33,0.7273,99
102925,2021-22,2021-09-19T10:30:00Z,1,LR,5409,135,Barça,UCAM Murcia,2,12,85,78,local,Sarunas Jasikevicius ,Sito Alonso,13,25,14,15,11,26,13,20,35,0.5714,7,20,0.35,1,1,24,28,0.8571,91,17,25,18,15,11,26,7,25,43,0.5814,5,14,0.3571,1,1,13,24,0.5417,72
102926,2021-22,2021-09-18T18:45:00Z,1,LR,5409,135,Valencia Basket,Baskonia,13,3,67,72,visitante,Joan Peñarroya,Dusko Ivanovic,17,20,18,17,13,30,5,14,33,0.4242,8,31,0.2581,5,0,15,15,1.0,52,15,18,20,23,11,34,10,22,43,0.5116,5,15,0.3333,0,5,13,14,0.9286,85
102927,2021-22,2021-09-18T18:45:00Z,1,LR,5409,135,Coosur Real Betis,MoraBanc Andorra,15,22,102,98,local,Joan Plaza,Ibon Navarro,19,20,17,31,8,39,5,24,38,0.6316,11,32,0.3438,3,5,21,26,0.8077,113,20,23,10,20,11,31,13,30,61,0.4918,8,21,0.381,5,3,14,20,0.7,96
102928,2021-22,2021-09-18T16:00:00Z,1,LR,5409,135,Río Breogán,Lenovo Tenerife,25,28,92,73,local,Paco Olmos,Txus Vidorreta,15,22,10,22,15,37,4,21,39,0.5385,14,31,0.4516,2,2,8,11,0.7273,97,17,19,10,19,12,31,9,18,33,0.5455,8,26,0.3077,2,3,13,19,0.6842,85
102929,2021-22,2021-09-24T19:30:00Z,2,LR,5427,136,MoraBanc Andorra,Real Madrid,22,9,58,86,visitante,Ibon Navarro,Pablo Laso,11,16,15,16,9,25,7,10,34,0.2941,8,24,0.3333,7,1,14,18,0.7778,42,23,22,16,29,8,37,9,23,34,0.6765,9,25,0.36,1,7,13,18,0.7222,107
102930,2021-22,2021-09-24T19:30:00Z,2,LR,5427,136,Baskonia,Urbas Fuenlabrada,3,17,95,86,local,Dusko Ivanovic,Josep Mª Raventós,20,17,10,27,17,44,8,29,46,0.6304,10,33,0.303,3,1,7,13,0.5385,108,19,16,11,24,11,35,6,17,39,0.4359,12,28,0.4286,1,3,16,21,0.7619,94
102931,2021-22,2021-09-25T16:00:00Z,3,LR,5428,136,Barça,Río Breogán,2,25,78,69,local,Sarunas Jasikevicius ,Paco Olmos,17,17,10,22,7,29,9,17,28,0.6071,7,22,0.3182,2,5,23,28,0.8214,105,15,27,13,16,14,30,5,23,46,0.5,6,23,0.2609,5,2,5,8,0.625,50
102932,2021-22,2021-09-25T16:00:00Z,3,LR,5428,136,Lenovo Tenerife,Surne Bilbao Basket,28,4,89,79,local,Txus Vidorreta,Álex Mumbrú,21,23,9,18,9,27,7,17,31,0.5484,12,28,0.4286,0,0,19,21,0.9048,102,14,22,10,22,13,35,6,20,38,0.5263,8,23,0.3478,0,0,15,25,0.6,82
102933,2021-22,2021-10-03T18:00:00Z,4,LR,5429,137,BAXI Manresa,Baskonia,10,3,74,67,local,Pedro Martínez,Dusko Ivanovic,16,22,16,19,12,31,10,18,31,0.5806,8,31,0.2581,4,5,14,21,0.6667,70,15,20,21,24,2,26,10,12,27,0.4444,10,21,0.4762,5,4,13,19,0.6842,66
102934,2021-22,2021-10-03T16:30:00Z,4,LR,5429,137,Real Madrid,Lenovo Tenerife,9,28,86,77,local,Pablo Laso,Txus Vidorreta,16,23,13,25,10,35,5,23,39,0.5897,6,23,0.2609,1,6,22,24,0.9167,97,15,21,14,20,9,29,9,14,30,0.4667,13,28,0.4643,6,1,10,18,0.5556,73
102935,2021-22,2021-10-03T15:00:00Z,4,LR,5429,137,Surne Bilbao Basket,Barça,4,2,68,84,visitante,Álex Mumbrú,Sarunas Jasikevicius ,11,20,11,18,10,28,6,18,38,0.4737,7,21,0.3333,1,0,11,15,0.7333,66,11,23,9,21,10,31,7,26,40,0.65,7,23,0.3043,0,1,11,16,0.6875,87
102936,2021-22,2021-10-03T11:00:00Z,4,LR,5429,137,Gran Canaria,Joventut Badalona,5,8,84,71,local,Porfirio Fisac,Carles Duran,21,23,11,27,13,40,4,17,34,0.5,11,27,0.4074,1,4,17,20,0.85,101,13,19,9,18,10,28,5,14,33,0.4242,9,30,0.3,4,1,16,21,0.7619,62
102937,2021-22,2021-10-03T10:30:00Z,4,LR,5429,137,Río Breogán,Coosur Real Betis,25,15,97,65,local,Paco Olmos,Joan Plaza,24,19,12,24,8,32,11,21,36,0.5833,13,24,0.5417,3,0,16,19,0.8421,118,14,17,19,15,9,24,5,17,36,0.4722,6,22,0.2727,0,3,13,17,0.7647,54
102938,2021-22,2021-10-02T18:45:00Z,4,LR,5429,137,Hereda San Pablo Burgos,MoraBanc Andorra,549,22,81,70,local,Zan Tabak,Ibon Navarro,19,22,12,28,8,36,6,15,28,0.5357,10,25,0.4,2,2,21,28,0.75,97,14,24,8,21,17,38,7,20,42,0.4762,7,29,0.2414,2,2,9,20,0.45,64
102939,2021-22,2021-10-02T18:45:00Z,4,LR,5429,137,Casademont Zaragoza,Valencia Basket,16,13,70,76,visitante,Jaume Ponsarnau,Joan Peñarroya,12,22,15,20,16,36,6,20,44,0.4545,4,22,0.1818,1,4,18,20,0.9,67,12,22,12,21,5,26,8,23,38,0.6053,5,21,0.2381,4,1,15,17,0.8824,74
102940,2021-22,2021-11-06T19:45:00Z,9,LR,5441,142,Hereda San Pablo Burgos,BAXI Manresa,549,10,82,90,visitante,Zan Tabak,Pedro Martínez,21,25,14,19,15,34,5,13,30,0.4333,13,36,0.3611,2,2,17,23,0.7391,78,17,21,12,20,11,31,6,24,40,0.6,9,22,0.4091,2,3,15,25,0.6,97
102941,2021-22,2021-10-02T16:00:00Z,4,LR,5429,137,UCAM Murcia,Unicaja,12,14,79,84,visitante,Sito Alonso,Fotis Katsikaris,11,24,15,27,10,37,3,24,47,0.5106,6,18,0.3333,6,3,13,17,0.7647,68,8,22,9,20,9,29,6,23,45,0.5111,7,21,0.3333,3,6,17,22,0.7727,79
102942,2021-22,2021-09-26T18:00:00Z,3,LR,5428,136,Real Madrid,Monbus Obradoiro,9,57,78,68,local,Pablo Laso,Moncho Fernández,9,16,9,22,12,34,5,24,48,0.5,5,19,0.2632,2,3,15,21,0.7143,78,14,20,12,23,14,37,4,17,34,0.5,9,32,0.2812,3,2,7,9,0.7778,64
102943,2021-22,2021-09-26T16:30:00Z,3,LR,5428,136,Joventut Badalona,Baskonia,8,3,72,61,local,Carles Duran,Dusko Ivanovic,14,19,15,28,12,40,10,21,45,0.4667,6,20,0.3,3,2,12,14,0.8571,79,12,19,17,21,5,26,9,16,30,0.5333,7,26,0.2692,2,3,8,13,0.6154,54
102944,2021-22,2021-09-26T15:00:00Z,3,LR,5428,136,Urbas Fuenlabrada,MoraBanc Andorra,17,22,91,78,local,Josep Mª Raventós,Ibon Navarro,19,21,15,25,13,38,4,16,35,0.4571,16,32,0.5,5,4,11,17,0.6471,93,14,19,12,19,11,30,10,28,56,0.5,4,17,0.2353,4,5,10,16,0.625,76
102945,2021-22,2021-09-26T10:30:00Z,3,LR,5428,136,Valencia Basket,UCAM Murcia,13,12,86,91,visitante,Joan Peñarroya,Sito Alonso,20,27,21,17,12,29,5,15,29,0.5172,12,29,0.4138,5,0,20,22,0.9091,78,18,26,13,14,9,23,8,22,43,0.5116,8,16,0.5,0,5,23,29,0.7931,96
102946,2021-22,2021-09-26T10:30:00Z,3,LR,5428,136,Coosur Real Betis,BAXI Manresa,15,10,64,106,visitante,Joan Plaza,Pedro Martínez,11,28,18,14,6,20,9,21,43,0.4884,3,12,0.25,2,3,13,20,0.65,44,24,23,13,21,16,37,13,22,37,0.5946,11,25,0.44,3,2,29,40,0.725,131
102947,2021-22,2021-09-25T18:45:00Z,3,LR,5428,136,Unicaja,Gran Canaria,14,5,79,80,visitante,Fotis Katsikaris,Porfirio Fisac,17,18,13,20,6,26,3,26,44,0.5909,7,15,0.4667,3,1,6,7,0.8571,81,21,16,9,15,7,22,8,25,43,0.5814,4,16,0.25,1,3,18,21,0.8571,92
102948,2021-22,2021-09-25T18:45:00Z,3,LR,5428,136,Casademont Zaragoza,Hereda San Pablo Burgos,16,549,54,75,visitante,Jaume Ponsarnau,Zan Tabak,16,12,17,16,7,23,13,18,43,0.4186,4,17,0.2353,3,4,6,9,0.6667,56,13,19,19,27,14,41,11,20,38,0.5263,10,24,0.4167,4,3,5,12,0.4167,74
102949,2021-22,2021-10-02T16:00:00Z,4,LR,5429,137,Monbus Obradoiro,Urbas Fuenlabrada,57,17,93,81,local,Moncho Fernández,Josep Mª Raventós,19,22,10,26,15,41,5,22,44,0.5,11,29,0.3793,4,7,16,23,0.6957,104,14,22,12,19,8,27,6,16,39,0.4103,10,22,0.4545,7,4,19,23,0.8261,74
102950,2021-22,2022-05-14T18:45:00Z,34,LR,5442,169,Bitci Baskonia,Joventut Badalona,3,8,81,89,visitante,Neven Spahija,Carles Duran,11,19,14,24,9,33,8,17,36,0.4722,10,31,0.3226,1,3,17,22,0.7727,79,22,22,12,28,4,32,5,25,42,0.5952,10,22,0.4545,3,2,9,12,0.75,97
102951,2021-22,2021-11-06T19:45:00Z,9,LR,5441,142,Valencia Basket,Joventut Badalona,13,8,71,70,local,Joan Peñarroya,Carles Duran,12,19,18,25,13,38,4,17,36,0.4722,8,26,0.3077,5,5,13,16,0.8125,72,14,24,14,22,6,28,9,21,45,0.4667,5,15,0.3333,5,5,13,15,0.8667,65
102952,2021-22,2021-11-07T12:00:00Z,9,LR,5441,142,Lenovo Tenerife,MoraBanc Andorra,28,22,79,70,local,Txus Vidorreta,Ibon Navarro,17,20,11,25,9,34,4,21,36,0.5833,10,32,0.3125,2,1,7,10,0.7,78,9,17,12,23,6,29,6,18,36,0.5,6,22,0.2727,1,2,16,18,0.8889,68
102953,2021-22,2021-12-28T20:30:00Z,15,LR,5440,150,Hereda San Pablo Burgos,Coosur Real Betis,549,15,76,84,visitante,Salva Maldonado,Luis Casimiro,16,22,11,24,11,35,7,17,32,0.5312,9,35,0.2571,1,1,15,20,0.75,76,18,21,12,28,16,44,6,23,47,0.4894,8,22,0.3636,1,1,14,22,0.6364,95
102954,2021-22,2022-03-01T20:00:00Z,15,LR,5440,159,Barça,MoraBanc Andorra,2,22,107,88,local,Sarunas Jasikevicius ,David Eudal,21,18,5,24,10,34,4,26,41,0.6341,11,27,0.4074,1,2,22,26,0.8462,130,9,21,10,18,11,29,2,21,39,0.5385,12,32,0.375,2,1,10,13,0.7692,73
102955,2021-22,2021-12-28T21:00:00Z,15,LR,5440,150,Casademont Zaragoza,Bitci Baskonia,16,3,97,79,local,Jaume Ponsarnau,-,22,21,14,23,7,30,7,24,36,0.6667,11,28,0.3929,1,4,16,24,0.6667,106,14,22,18,20,12,32,6,18,36,0.5,10,29,0.3448,4,1,13,21,0.619,63
102956,2021-22,2022-01-09T18:15:00Z,15,LR,5440,151,Joventut Badalona,Real Madrid,8,9,71,90,visitante,Carles Duran,Pablo Laso,13,15,7,18,11,29,4,17,33,0.5152,7,27,0.2593,2,1,16,17,0.9412,76,19,19,8,23,6,29,2,18,27,0.6667,16,34,0.4706,1,2,6,11,0.5455,97
102957,2021-22,2021-12-27T20:30:00Z,15,LR,5440,150,Gran Canaria,UCAM Murcia,5,12,83,100,visitante,Porfirio Fisac,Sito Alonso,13,20,10,18,11,29,6,26,41,0.6341,2,20,0.1,2,4,25,32,0.7812,87,14,25,12,22,6,28,6,20,34,0.5882,15,27,0.5556,4,2,15,19,0.7895,99
102958,2021-22,2021-12-27T18:00:00Z,15,LR,5440,150,Río Breogán,Urbas Fuenlabrada,25,17,97,89,local,Paco Olmos,Josep Mª Raventós,19,17,13,27,9,36,7,28,44,0.6364,7,23,0.3043,6,2,20,24,0.8333,110,23,21,12,20,5,25,7,30,47,0.6383,8,26,0.3077,2,6,5,9,0.5556,93
102959,2021-22,2021-12-19T19:00:00Z,14,LR,5439,148,Valencia Basket,Río Breogán,13,25,97,98,visitante,-,Paco Olmos,17,22,15,21,6,27,6,15,31,0.4839,17,36,0.4722,1,0,16,16,1.0,93,17,19,15,26,8,34,8,23,38,0.6053,11,28,0.3929,0,1,19,22,0.8636,109
102960,2021-22,2021-12-19T17:30:00Z,14,LR,5439,148,UCAM Murcia,Real Madrid,12,9,71,80,visitante,Sito Alonso,-,12,21,11,19,11,30,4,17,45,0.3778,9,23,0.3913,4,0,10,14,0.7143,53,13,19,10,27,6,33,4,27,46,0.587,2,12,0.1667,0,4,20,23,0.8696,93
102961,2021-22,2021-12-19T19:00:00Z,14,LR,5439,148,Coosur Real Betis,Bitci Baskonia,15,3,83,87,visitante,Luis Casimiro,Neven Spahija,18,19,9,21,6,27,6,22,36,0.6111,10,28,0.3571,2,4,9,13,0.6923,88,18,16,10,19,13,32,4,19,41,0.4634,12,28,0.4286,4,2,13,15,0.8667,92
102962,2021-22,2021-12-19T11:30:00Z,14,LR,5439,148,Surne Bilbao Basket,Gran Canaria,4,5,95,80,local,Álex Mumbrú,Porfirio Fisac,17,23,20,26,13,39,6,20,34,0.5882,11,31,0.3548,5,2,22,29,0.7586,96,11,26,15,16,10,26,9,18,40,0.45,8,26,0.3077,2,5,20,26,0.7692,62
102963,2021-22,2022-01-09T16:00:00Z,14,LR,5439,151,Barça,BAXI Manresa,2,10,95,96,visitante,Sarunas Jasikevicius ,Pedro Martínez,14,24,18,29,9,38,3,18,46,0.3913,11,26,0.4231,8,9,26,31,0.8387,86,13,26,16,30,10,40,12,24,54,0.4444,10,28,0.3571,9,8,18,30,0.6,82
102964,2021-22,2021-12-18T17:00:00Z,14,LR,5439,148,Urbas Fuenlabrada,Lenovo Tenerife,17,28,104,96,local,Josep Mª Raventós,Txus Vidorreta,22,21,12,29,7,36,5,23,42,0.5476,13,26,0.5,1,4,19,21,0.9048,124,26,23,12,23,7,30,6,10,21,0.4762,19,48,0.3958,4,1,19,22,0.8636,97
102965,2021-22,2021-12-18T19:45:00Z,14,LR,5439,148,MoraBanc Andorra,Casademont Zaragoza,22,16,83,92,visitante,Ibon Navarro,Jaume Ponsarnau,21,20,12,19,9,28,1,18,32,0.5625,13,34,0.3824,2,3,8,9,0.8889,83,21,17,5,19,7,26,4,29,43,0.6744,5,21,0.2381,3,2,19,23,0.8261,105
102966,2021-22,2021-12-18T19:45:00Z,14,LR,5439,148,Unicaja,Joventut Badalona,14,8,72,76,visitante,Fotis Katsikaris,Carles Duran,11,19,14,18,9,27,10,18,31,0.5806,7,26,0.2692,3,2,15,19,0.7895,69,15,19,17,22,8,30,5,15,32,0.4688,10,22,0.4545,2,3,16,19,0.8421,78
102967,2021-22,2021-12-18T19:45:00Z,14,LR,5439,148,Monbus Obradoiro,Hereda San Pablo Burgos,57,549,101,94,local,Moncho Fernández,Salva Maldonado,17,21,9,21,17,38,8,25,51,0.4902,10,31,0.3226,4,2,21,26,0.8077,107,16,27,12,22,7,29,6,29,46,0.6304,5,19,0.2632,2,4,21,27,0.7778,92
102968,2021-22,2022-01-19T20:30:00Z,15,LR,5440,153,BAXI Manresa,Monbus Obradoiro,10,57,104,84,local,Pedro Martínez,Moncho Fernández,14,24,8,29,10,39,8,31,58,0.5345,5,17,0.2941,2,4,27,34,0.7941,116,18,27,18,27,6,33,5,17,31,0.5484,9,33,0.2727,4,4,23,29,0.7931,75
102969,2021-22,2021-12-12T16:00:00Z,13,LR,5438,147,Real Madrid,Unicaja,9,14,79,74,local,Pablo Laso,Fotis Katsikaris,15,17,9,21,12,33,9,17,38,0.4474,12,26,0.4615,3,0,9,17,0.5294,83,12,19,14,27,5,32,5,21,33,0.6364,6,25,0.24,0,4,14,14,1.0,80
102970,2021-22,2022-01-30T11:30:00Z,15,LR,5440,154,Surne Bilbao Basket,Unicaja,4,14,83,77,local,Álex Mumbrú,Fotis Katsikaris,14,19,16,31,15,46,5,26,49,0.5306,6,13,0.4615,4,0,13,23,0.5652,92,11,23,9,19,9,28,5,16,30,0.5333,12,38,0.3158,0,4,9,13,0.6923,68
102971,2021-22,2022-01-22T17:00:00Z,16,LR,5426,153,MoraBanc Andorra,BAXI Manresa,22,10,79,82,visitante,Ibon Navarro,Pedro Martínez,22,17,12,21,9,30,6,16,30,0.5333,12,27,0.4444,2,6,11,20,0.55,95,18,21,13,22,17,39,6,18,40,0.45,10,29,0.3448,5,3,16,17,0.9412,84
102972,2021-22,2022-01-26T19:30:00Z,17,LR,5425,154,Casademont Zaragoza,UCAM Murcia,16,12,91,78,local,Jaume Ponsarnau,Sito Alonso,17,18,9,19,8,27,10,26,48,0.5417,7,22,0.3182,0,3,18,32,0.5625,95,15,26,25,35,9,44,5,21,35,0.6,6,22,0.2727,1,0,18,23,0.7826,73
102973,2021-22,2022-01-19T18:00:00Z,17,LR,5425,153,Río Breogán,Bitci Baskonia,25,3,89,83,local,Javier Muñoz,Neven Spahija,18,22,9,22,9,31,10,21,34,0.6176,10,29,0.3448,1,2,17,22,0.7727,100,14,19,16,22,11,33,4,9,15,0.6,15,43,0.3488,2,1,20,23,0.8696,83
102974,2021-22,2022-01-08T18:15:00Z,17,LR,5425,151,Surne Bilbao Basket,MoraBanc Andorra,4,22,74,71,local,Álex Mumbrú,Ibon Navarro,16,19,18,23,7,30,11,17,29,0.5862,8,23,0.3478,1,3,16,24,0.6667,83,8,22,18,21,14,35,12,21,43,0.4884,8,26,0.3077,3,1,5,8,0.625,60
102975,2021-22,2022-02-09T19:00:00Z,17,LR,5425,156,Coosur Real Betis,Urbas Fuenlabrada,15,17,99,83,local,Luis Casimiro,Josep Mª Raventós,22,14,13,21,12,33,10,26,36,0.7222,12,32,0.375,1,3,11,15,0.7333,126,15,21,12,17,15,32,5,25,48,0.5208,9,28,0.3214,3,1,6,9,0.6667,69
102976,2021-22,2022-01-04T20:00:00Z,17,LR,5425,151,BAXI Manresa,Real Madrid,10,9,87,92,visitante,Pedro Martínez,Pablo Laso,21,20,14,21,5,26,7,21,37,0.5676,10,29,0.3448,2,4,15,16,0.9375,89,16,16,17,25,12,37,9,17,35,0.4857,13,32,0.4062,3,2,19,21,0.9048,101
102977,2021-22,2022-01-28T17:00:00Z,17,LR,5425,154,Hereda San Pablo Burgos,Lenovo Tenerife,549,28,73,81,visitante,Paco Olmos,Txus Vidorreta,21,20,14,21,8,29,9,23,41,0.561,7,21,0.3333,1,0,6,11,0.5455,75,23,15,12,21,4,25,9,23,29,0.7931,7,27,0.2593,0,1,14,16,0.875,104
102978,2021-22,2022-01-30T21:15:00Z,17,LR,5425,154,Gran Canaria,Monbus Obradoiro,5,57,71,69,local,Porfirio Fisac,Moncho Fernández,11,22,14,19,8,27,11,25,54,0.463,4,14,0.2857,0,5,9,19,0.4737,59,14,19,21,30,13,43,7,19,34,0.5588,6,25,0.24,5,0,13,21,0.619,68
102979,2021-22,2022-01-28T20:00:00Z,16,LR,5426,154,Valencia Basket,Gran Canaria,13,5,91,62,local,Joan Peñarroya,Porfirio Fisac,25,20,9,20,12,32,5,19,32,0.5938,14,37,0.3784,1,1,11,15,0.7333,105,8,23,18,19,13,32,8,14,35,0.4,7,21,0.3333,1,1,13,18,0.7222,49
102980,2021-22,2022-01-23T19:00:00Z,16,LR,5426,153,Monbus Obradoiro,Río Breogán,57,25,100,83,local,Moncho Fernández,-,23,23,11,26,9,35,6,27,43,0.6279,10,28,0.3571,2,3,16,19,0.8421,117,11,23,12,22,9,31,9,18,41,0.439,9,24,0.375,3,2,20,28,0.7143,75
102981,2021-22,2022-01-28T19:30:00Z,16,LR,5426,154,Urbas Fuenlabrada,Joventut Badalona,17,8,82,104,visitante,Josep Mª Raventós,Carles Duran,14,23,17,19,4,23,7,17,32,0.5312,11,25,0.44,3,5,15,24,0.625,71,25,23,14,25,11,36,11,22,36,0.6111,14,29,0.4828,5,3,18,19,0.9474,129
102982,2021-22,2022-01-23T11:30:00Z,16,LR,5426,153,Coosur Real Betis,Surne Bilbao Basket,15,4,71,88,visitante,Luis Casimiro,Álex Mumbrú,18,20,14,24,14,38,10,18,46,0.3913,7,27,0.2593,1,1,14,17,0.8235,72,20,20,16,32,7,39,6,23,39,0.5897,9,21,0.4286,1,1,15,22,0.6818,102
102983,2021-22,2022-01-04T19:30:00Z,16,LR,5426,151,Unicaja,Casademont Zaragoza,14,16,112,72,local,Fotis Katsikaris,Jaume Ponsarnau,31,22,12,27,8,35,4,27,38,0.7105,11,26,0.4231,1,7,25,28,0.8929,145,19,20,12,15,13,28,4,18,43,0.4186,5,26,0.1923,7,1,21,26,0.8077,55
102984,2021-22,2022-01-23T17:30:00Z,16,LR,5426,153,Real Madrid,Barça,9,2,75,85,visitante,Pablo Laso,Sarunas Jasikevicius ,13,23,12,25,7,32,2,19,35,0.5429,8,24,0.3333,0,3,13,18,0.7222,75,18,22,4,23,6,29,4,19,45,0.4222,10,18,0.5556,3,0,17,23,0.7391,89
102985,2021-22,2022-01-23T16:00:00Z,16,LR,5426,153,Bitci Baskonia,Hereda San Pablo Burgos,3,549,80,69,local,Neven Spahija,Paco Olmos,20,14,10,24,8,32,6,21,30,0.7,9,31,0.2903,3,3,11,15,0.7333,96,15,17,10,21,10,31,8,14,35,0.4,11,28,0.3929,3,3,8,9,0.8889,71
102986,2021-22,2022-01-23T11:30:00Z,16,LR,5426,153,UCAM Murcia,Lenovo Tenerife,12,28,88,86,local,Sito Alonso,Txus Vidorreta,15,21,12,25,14,39,12,26,53,0.4906,9,23,0.3913,3,0,9,13,0.6923,90,8,18,16,26,9,35,4,20,43,0.4651,11,20,0.55,0,3,13,16,0.8125,87
102987,2021-22,2022-01-30T19:00:00Z,15,LR,5440,154,Lenovo Tenerife,Valencia Basket,28,13,78,80,visitante,Txus Vidorreta,Joan Peñarroya,15,14,9,16,7,23,5,17,33,0.5152,12,26,0.4615,4,1,8,8,1.0,81,18,16,9,20,13,33,5,26,38,0.6842,6,25,0.24,1,4,10,12,0.8333,95
102988,2021-22,2021-12-12T17:30:00Z,13,LR,5438,147,Lenovo Tenerife,Barça,28,2,60,75,visitante,Txus Vidorreta,Sarunas Jasikevicius ,11,17,8,12,3,15,7,15,28,0.5357,4,25,0.16,3,1,18,20,0.9,52,15,22,13,28,16,44,7,20,36,0.5556,8,25,0.32,1,3,11,15,0.7333,88
102989,2021-22,2021-12-23T19:30:00Z,13,LR,5438,149,Valencia Basket,Monbus Obradoiro,13,57,91,71,local,Joan Peñarroya,Moncho Fernández,15,21,9,24,8,32,9,28,45,0.6222,7,20,0.35,2,4,14,16,0.875,106,18,19,14,19,4,23,5,11,25,0.44,11,26,0.4231,4,2,16,25,0.64,65
102990,2021-22,2021-12-12T11:30:00Z,13,LR,5438,147,Río Breogán,MoraBanc Andorra,25,22,83,74,local,Paco Olmos,Ibon Navarro,14,15,12,23,16,39,8,18,37,0.4865,12,32,0.375,4,5,11,17,0.6471,91,17,18,15,23,7,30,7,22,38,0.5789,7,22,0.3182,5,4,9,13,0.6923,74
102991,2021-22,2021-11-20T19:45:00Z,11,LR,5436,144,Lenovo Tenerife,Gran Canaria,28,5,98,89,local,Txus Vidorreta,Porfirio Fisac,18,22,9,19,11,30,4,14,28,0.5,14,29,0.4828,2,1,28,33,0.8485,113,17,29,10,15,10,25,6,24,42,0.5714,8,16,0.5,1,2,17,23,0.7391,89
102992,2021-22,2021-11-20T17:00:00Z,11,LR,5436,144,Unicaja,Urbas Fuenlabrada,14,17,90,86,local,Fotis Katsikaris,Josep Mª Raventós,17,21,17,24,12,36,8,24,40,0.6,10,27,0.3704,3,2,12,18,0.6667,95,23,22,18,20,11,31,11,21,41,0.5122,12,26,0.4615,2,3,8,15,0.5333,92
102993,2021-22,2021-11-20T17:00:00Z,11,LR,5436,144,Monbus Obradoiro,Casademont Zaragoza,57,16,87,82,local,Moncho Fernández,Jaume Ponsarnau,15,17,7,20,6,26,3,19,35,0.5429,12,32,0.375,2,4,13,16,0.8125,89,15,19,11,22,7,29,6,22,41,0.5366,9,21,0.4286,4,2,11,14,0.7857,83
102994,2021-22,2021-11-14T16:00:00Z,10,LR,5435,143,Coosur Real Betis,Lenovo Tenerife,15,28,72,81,visitante,Joan Plaza,Txus Vidorreta,8,18,15,21,12,33,4,18,32,0.5625,9,30,0.3,1,2,9,13,0.6923,63,17,19,10,19,6,25,8,24,40,0.6,9,21,0.4286,2,1,6,9,0.6667,88
102995,2021-22,2021-11-14T17:30:00Z,10,LR,5435,143,Barça,Valencia Basket,2,13,79,87,visitante,Sarunas Jasikevicius ,Joan Peñarroya,17,25,12,12,7,19,13,16,28,0.5714,10,27,0.3704,0,1,17,22,0.7727,80,20,22,15,18,7,25,6,20,27,0.7407,9,22,0.4091,1,0,20,29,0.6897,96
102996,2021-22,2021-11-14T19:00:00Z,10,LR,5435,143,BAXI Manresa,Río Breogán,10,25,86,75,local,Pedro Martínez,Paco Olmos,26,20,13,23,9,32,6,22,37,0.5946,6,20,0.3,1,1,24,29,0.8276,107,18,24,15,19,11,30,10,18,32,0.5625,10,31,0.3226,1,1,9,17,0.5294,71
102997,2021-22,2021-11-14T11:30:00Z,10,LR,5435,143,Urbas Fuenlabrada,Real Madrid,17,9,85,88,visitante,Josep Mª Raventós,Pablo Laso,21,25,13,19,10,29,6,21,36,0.5833,11,27,0.4074,3,4,10,11,0.9091,85,21,15,14,21,10,31,6,16,28,0.5714,13,33,0.3939,4,3,17,22,0.7727,104
102998,2021-22,2021-11-14T11:30:00Z,10,LR,5435,143,Surne Bilbao Basket,Monbus Obradoiro,4,57,80,76,local,Álex Mumbrú,Moncho Fernández,6,23,8,20,13,33,8,21,51,0.4118,7,17,0.4118,4,1,17,27,0.6296,68,12,25,13,25,13,38,3,22,38,0.5789,4,23,0.1739,1,4,20,25,0.8,77
102999,2021-22,2021-11-13T19:45:00Z,10,LR,5435,143,Unicaja,Hereda San Pablo Burgos,14,549,89,78,local,Fotis Katsikaris,Zan Tabak,20,25,9,19,12,31,7,23,46,0.5,9,18,0.5,2,2,16,17,0.9412,100,16,20,11,14,12,26,3,16,36,0.4444,9,23,0.3913,2,2,19,29,0.6552,73
103000,2021-22,2021-11-13T19:45:00Z,10,LR,5435,143,Gran Canaria,Bitci Baskonia,5,3,83,77,local,Porfirio Fisac,Dusko Ivanovic,14,16,15,26,6,32,5,16,35,0.4571,12,24,0.5,4,1,15,20,0.75,85,15,21,13,20,9,29,5,14,31,0.4516,12,33,0.3636,1,4,13,14,0.9286,72
103001,2021-22,2021-11-13T17:00:00Z,10,LR,5435,143,MoraBanc Andorra,UCAM Murcia,22,12,90,89,local,Ibon Navarro,Sito Alonso,15,20,13,22,9,31,7,27,44,0.6136,8,25,0.32,0,1,12,18,0.6667,91,19,20,17,23,8,31,6,20,32,0.625,13,33,0.3939,1,0,10,14,0.7143,91
103002,2021-22,2021-11-13T17:00:00Z,10,LR,5435,143,Joventut Badalona,Casademont Zaragoza,8,16,84,78,local,Carles Duran,Jaume Ponsarnau,10,16,9,21,6,27,7,26,40,0.65,2,16,0.125,1,5,26,29,0.8966,100,13,24,11,17,10,27,5,25,43,0.5814,6,19,0.3158,5,1,10,16,0.625,63
103003,2021-22,2021-11-07T19:00:00Z,9,LR,5441,142,Real Madrid,Surne Bilbao Basket,9,4,95,61,local,Pablo Laso,Álex Mumbrú,21,16,5,28,5,33,6,21,42,0.5,15,31,0.4839,2,3,8,12,0.6667,111,11,17,11,27,10,37,2,22,46,0.4783,3,20,0.15,3,2,8,11,0.7273,54
103004,2021-22,2021-11-07T17:30:00Z,9,LR,5441,142,Bitci Baskonia,Unicaja,3,14,92,89,local,Dusko Ivanovic,Fotis Katsikaris,18,21,10,17,12,29,6,13,29,0.4483,16,36,0.4444,1,1,18,24,0.75,100,20,28,16,22,8,30,4,16,30,0.5333,14,27,0.5185,1,1,15,19,0.7895,89
103005,2021-22,2021-11-07T16:00:00Z,9,LR,5441,142,Casademont Zaragoza,Coosur Real Betis,16,15,82,72,local,Jaume Ponsarnau,Joan Plaza,12,16,12,20,11,31,8,21,39,0.5385,10,20,0.5,5,1,10,15,0.6667,83,16,15,12,19,9,28,6,17,28,0.6071,9,32,0.2812,1,5,11,16,0.6875,76
103006,2021-22,2021-11-20T19:45:00Z,11,LR,5436,144,Valencia Basket,Surne Bilbao Basket,13,4,100,84,local,Joan Peñarroya,Álex Mumbrú,22,17,13,18,17,35,12,20,37,0.5405,15,35,0.4286,1,4,15,21,0.7143,121,16,22,20,20,4,24,5,21,33,0.6364,12,26,0.4615,4,1,6,9,0.6667,71
103007,2021-22,2021-11-21T11:30:00Z,11,LR,5436,144,Real Madrid,Coosur Real Betis,9,15,71,48,local,Pablo Laso,Joan Plaza,16,22,11,37,15,52,9,19,40,0.475,7,30,0.2333,2,9,12,17,0.7059,91,9,18,15,27,9,36,4,14,40,0.35,4,22,0.1818,9,3,8,18,0.4444,26
103008,2021-22,2022-01-16T11:30:00Z,11,LR,5436,152,Río Breogán,Joventut Badalona,25,8,87,90,visitante,-,Carles Duran,18,23,13,25,4,29,7,20,38,0.5263,12,23,0.5217,3,2,11,13,0.8462,95,14,22,10,23,11,34,9,21,38,0.5526,12,34,0.3529,2,3,12,17,0.7059,94
103009,2021-22,2021-11-21T16:00:00Z,11,LR,5436,144,Bitci Baskonia,MoraBanc Andorra,3,22,83,77,local,Neven Spahija,Ibon Navarro,15,12,12,17,14,31,11,16,32,0.5,14,34,0.4118,2,2,9,14,0.6429,96,16,21,17,20,6,26,4,19,34,0.5588,10,19,0.5263,1,2,9,10,0.9,73
103010,2021-22,2021-12-12T11:30:00Z,13,LR,5438,147,Casademont Zaragoza,Urbas Fuenlabrada,16,17,74,85,visitante,Jaume Ponsarnau,Josep Mª Raventós,16,17,20,25,4,29,8,13,24,0.5417,9,28,0.3214,1,3,21,25,0.84,80,25,22,15,23,13,36,10,17,45,0.3778,14,30,0.4667,3,1,9,9,1.0,89
103011,2021-22,2021-12-11T19:45:00Z,13,LR,5438,147,Bitci Baskonia,Surne Bilbao Basket,3,4,101,86,local,Neven Spahija,Álex Mumbrú,19,14,16,26,10,36,9,22,36,0.6111,12,28,0.4286,0,5,21,22,0.9545,130,14,22,16,21,12,33,10,26,48,0.5417,9,25,0.36,5,0,7,9,0.7778,74
103012,2021-22,2021-12-11T19:45:00Z,13,LR,5438,147,Hereda San Pablo Burgos,UCAM Murcia,549,12,84,102,visitante,Salva Maldonado,Sito Alonso,14,18,23,26,11,37,9,21,47,0.4468,9,20,0.45,5,5,15,22,0.6818,82,19,24,16,27,11,38,14,28,53,0.5283,12,27,0.4444,5,5,10,13,0.7692,108
103013,2021-22,2021-12-11T17:00:00Z,13,LR,5438,147,Joventut Badalona,Coosur Real Betis,8,15,84,82,local,Carles Duran,Luis Casimiro,22,22,15,23,13,36,0,15,29,0.5172,13,29,0.4483,3,3,15,21,0.7143,91,17,22,6,16,12,28,8,16,36,0.4444,12,33,0.3636,3,3,14,20,0.7,80
103014,2021-22,2021-12-11T17:00:00Z,13,LR,5438,147,Gran Canaria,BAXI Manresa,5,10,80,82,visitante,Porfirio Fisac,Pedro Martínez,10,27,18,18,14,32,12,22,43,0.5116,6,27,0.2222,2,4,18,26,0.6923,63,14,22,18,24,18,42,8,20,46,0.4348,5,20,0.25,4,2,27,31,0.871,84
103015,2021-22,2021-12-16T19:00:00Z,12,LR,5437,148,Surne Bilbao Basket,Río Breogán,4,25,83,75,local,Álex Mumbrú,Paco Olmos,20,19,12,26,6,32,9,26,43,0.6047,5,18,0.2778,2,7,16,23,0.6957,101,14,20,12,24,8,32,4,24,38,0.6316,4,28,0.1429,7,2,15,16,0.9375,68
103016,2021-22,2021-12-05T17:30:00Z,12,LR,5437,146,Barça,Bitci Baskonia,2,3,78,91,visitante,Sarunas Jasikevicius ,Neven Spahija,17,21,9,17,8,25,5,24,37,0.6486,7,29,0.2414,3,2,9,13,0.6923,75,20,20,8,22,12,34,4,25,47,0.5319,10,22,0.4545,2,3,11,14,0.7857,106
103017,2021-22,2021-11-07T11:30:00Z,9,LR,5441,142,Monbus Obradoiro,Barça,57,2,64,79,visitante,Moncho Fernández,Sarunas Jasikevicius ,13,25,12,24,9,33,4,17,35,0.4857,5,24,0.2083,4,1,15,21,0.7143,53,15,23,8,32,9,41,7,21,43,0.4884,8,20,0.4,1,4,13,22,0.5909,96
103018,2021-22,2021-12-05T16:00:00Z,12,LR,5437,146,Joventut Badalona,UCAM Murcia,8,12,83,77,local,Carles Duran,Sito Alonso,16,19,10,23,15,38,4,21,50,0.42,6,16,0.375,4,1,23,30,0.7667,94,14,32,12,22,8,30,8,19,36,0.5278,10,24,0.4167,1,4,9,13,0.6923,71
103019,2021-22,2021-12-05T11:30:00Z,12,LR,5437,146,Coosur Real Betis,Unicaja,15,14,73,79,visitante,Luis Casimiro,Fotis Katsikaris,8,26,18,18,11,29,7,18,38,0.4737,7,18,0.3889,4,2,16,16,1.0,57,16,17,12,19,10,29,8,13,30,0.4333,10,25,0.4,2,5,23,26,0.8846,97
103020,2021-22,2021-12-04T19:45:00Z,12,LR,5437,146,Casademont Zaragoza,Real Madrid,16,9,65,86,visitante,Jaume Ponsarnau,Pablo Laso,13,15,13,24,10,34,7,14,35,0.4,7,23,0.3043,2,1,16,28,0.5714,60,20,20,12,29,8,37,8,14,30,0.4667,16,32,0.5,1,2,10,12,0.8333,100
103021,2021-22,2021-12-04T19:45:00Z,12,LR,5437,146,BAXI Manresa,Lenovo Tenerife,10,28,95,93,local,Pedro Martínez,Txus Vidorreta,20,20,16,25,10,35,10,26,42,0.619,10,25,0.4,1,3,13,18,0.7222,106,23,16,14,19,9,28,9,30,48,0.625,6,23,0.2609,3,1,15,19,0.7895,101
103022,2021-22,2021-12-04T17:00:00Z,12,LR,5437,146,Urbas Fuenlabrada,Valencia Basket,17,13,88,87,local,Josep Mª Raventós,Joan Peñarroya,19,24,15,17,5,22,5,28,38,0.7368,6,18,0.3333,1,6,14,18,0.7778,92,17,19,14,18,11,29,7,24,41,0.5854,8,24,0.3333,5,1,15,22,0.6818,87
103023,2021-22,2021-12-04T17:00:00Z,12,LR,5437,146,MoraBanc Andorra,Monbus Obradoiro,22,57,86,73,local,Ibon Navarro,Moncho Fernández,20,21,12,26,10,36,4,30,47,0.6383,7,20,0.35,2,2,5,11,0.4545,92,10,16,12,19,9,28,6,19,37,0.5135,8,26,0.3077,2,2,11,15,0.7333,70
103024,2021-22,2021-11-21T17:30:00Z,11,LR,5436,144,UCAM Murcia,BAXI Manresa,12,10,71,67,local,Sito Alonso,Pedro Martínez,15,21,10,26,9,35,8,23,45,0.5111,4,21,0.1905,3,5,13,19,0.6842,75,16,20,16,30,12,42,3,20,47,0.4255,4,20,0.2,5,3,15,22,0.6818,61
103025,2021-22,2021-11-21T19:00:00Z,11,LR,5436,144,Hereda San Pablo Burgos,Barça,549,2,69,83,visitante,-,Sarunas Jasikevicius ,8,21,17,21,10,31,3,20,40,0.5,7,21,0.3333,1,3,8,12,0.6667,55,16,18,11,19,11,30,11,28,42,0.6667,6,23,0.2609,3,1,9,13,0.6923,95
103026,2021-22,2021-12-05T12:00:00Z,12,LR,5437,146,Gran Canaria,Hereda San Pablo Burgos,5,549,82,89,visitante,Porfirio Fisac,Salva Maldonado,14,16,14,23,11,34,6,22,43,0.5116,10,26,0.3846,1,2,8,12,0.6667,83,21,17,11,24,13,37,9,24,48,0.5,10,25,0.4,2,1,11,13,0.8462,102
103027,2021-22,2022-05-14T18:45:00Z,34,LR,5442,169,UCAM Murcia,Casademont Zaragoza,12,16,72,77,visitante,Sito Alonso,Dragan Sakota,15,20,11,19,12,31,6,18,34,0.5294,7,32,0.2188,2,2,15,17,0.8824,70,14,20,12,25,13,38,7,19,36,0.5278,7,22,0.3182,2,2,18,26,0.6923,84
103106,2021-22,2022-05-24T19:00:00Z,0,PO,5504,233,Valencia Basket,Bitci Baskonia,13,3,79,80,visitante,Joan Peñarroya,Neven Spahija,18,16,16,18,9,27,8,23,39,0.5897,7,22,0.3182,2,3,12,17,0.7059,83,12,18,16,20,9,29,9,21,38,0.5526,8,19,0.4211,2,2,14,16,0.875,82
103107,2021-22,2022-06-17T19:00:00Z,0,PO,5514,236,Real Madrid,Barça,9,2,81,66,local,Chus Mateo,Sarunas Jasikevicius ,11,20,12,17,15,32,12,26,44,0.5909,6,25,0.24,1,5,11,14,0.7857,89,14,21,18,17,4,21,6,18,31,0.5806,7,19,0.3684,5,1,9,13,0.6923,55
103108,2021-22,2022-06-15T19:00:00Z,0,PO,5513,236,Barça,Real Madrid,2,9,71,69,local,Sarunas Jasikevicius ,Chus Mateo,11,20,8,28,6,34,2,18,38,0.4737,6,19,0.3158,6,1,17,24,0.7083,68,9,24,6,27,11,38,8,21,41,0.5122,5,26,0.1923,1,6,12,18,0.6667,72
103109,2021-22,2022-06-13T19:00:00Z,0,PO,5512,236,Barça,Real Madrid,2,9,75,88,visitante,Sarunas Jasikevicius ,Chus Mateo,14,21,15,16,10,26,8,20,38,0.5263,8,23,0.3478,2,2,11,13,0.8462,71,15,19,12,19,17,36,12,22,44,0.5,9,22,0.4091,2,2,17,23,0.7391,100
103112,2021-22,2022-06-10T19:00:00Z,0,PO,5510,235,Joventut Badalona,Barça,8,2,60,63,visitante,Carles Duran,Sarunas Jasikevicius ,16,23,9,30,10,40,5,22,48,0.4583,2,16,0.125,2,4,10,15,0.6667,66,12,20,9,27,14,41,2,16,36,0.4444,6,31,0.1935,3,2,13,19,0.6842,60
103114,2021-22,2022-06-08T19:00:00Z,0,PO,5509,235,Joventut Badalona,Barça,8,2,77,83,visitante,Carles Duran,Sarunas Jasikevicius ,15,23,11,21,6,27,8,20,41,0.4878,8,20,0.4,2,3,13,16,0.8125,79,17,21,11,21,9,30,8,22,34,0.6471,9,26,0.3462,3,2,12,18,0.6667,93
103115,2021-22,2022-06-07T19:00:00Z,0,PO,5509,235,Bitci Baskonia,Real Madrid,3,9,77,85,visitante,Neven Spahija,Chus Mateo,10,21,8,19,12,31,7,18,43,0.4186,10,29,0.3448,4,4,11,16,0.6875,63,14,17,14,34,8,42,4,19,39,0.4872,9,21,0.4286,4,4,20,25,0.8,97
103116,2021-22,2022-06-05T10:30:00Z,0,PO,5508,234,Barça,Joventut Badalona,2,8,81,87,visitante,Sarunas Jasikevicius ,Carles Duran,16,22,15,27,12,39,6,21,39,0.5385,7,21,0.3333,3,2,18,26,0.6923,90,21,26,9,20,7,27,11,27,50,0.54,7,17,0.4118,2,3,12,16,0.75,97
103117,2021-22,2022-06-04T16:00:00Z,0,PO,5508,234,Real Madrid,Bitci Baskonia,9,3,83,71,local,Pablo Laso,Neven Spahija,16,22,9,26,13,39,3,23,45,0.5111,8,25,0.32,1,3,13,17,0.7647,88,12,19,11,23,14,37,4,17,39,0.4359,6,26,0.2308,3,1,19,21,0.9048,70
103118,2021-22,2022-06-19T16:00:00Z,0,PO,5515,236,Real Madrid,Barça,9,2,81,74,local,Chus Mateo,Sarunas Jasikevicius ,13,17,8,23,15,38,5,23,51,0.451,5,19,0.2632,1,3,20,23,0.8696,94,13,25,11,22,5,27,5,14,31,0.4516,11,23,0.4783,3,1,13,16,0.8125,66
103119,2021-22,2022-06-03T19:00:00Z,0,PO,5507,234,Barça,Joventut Badalona,2,8,89,72,local,Sarunas Jasikevicius ,Carles Duran,23,20,10,30,12,42,5,21,36,0.5833,13,28,0.4643,0,5,8,12,0.6667,115,13,15,6,18,4,22,7,18,36,0.5,7,26,0.2692,4,0,15,18,0.8333,69
103121,2021-22,2022-05-31T19:00:00Z,0,PO,5506,234,Joventut Badalona,Lenovo Tenerife,8,28,81,58,local,Carles Duran,Txus Vidorreta,15,19,7,31,17,48,8,27,57,0.4737,7,20,0.35,3,2,6,6,1.0,98,13,16,13,22,7,29,3,8,21,0.381,9,34,0.2647,2,3,15,20,0.75,51
103123,2021-22,2022-05-30T19:00:00Z,0,PO,5506,234,Valencia Basket,Bitci Baskonia,13,3,59,76,visitante,Joan Peñarroya,Neven Spahija,12,22,14,21,14,35,8,15,38,0.3947,3,23,0.1304,3,2,20,30,0.6667,49,12,26,12,27,9,36,4,20,39,0.5128,7,23,0.3043,2,3,15,16,0.9375,77
103124,2021-22,2022-05-29T19:00:00Z,0,PO,5505,233,Gran Canaria,Barça,5,2,86,88,visitante,Porfirio Fisac,Sarunas Jasikevicius ,14,23,7,19,5,24,3,22,39,0.5641,8,22,0.3636,1,1,18,20,0.9,88,16,24,6,23,5,28,3,22,38,0.5789,8,20,0.4,1,1,20,21,0.9524,99
103125,2021-22,2022-05-29T11:00:00Z,0,PO,5505,233,Lenovo Tenerife,Joventut Badalona,28,8,103,76,local,Txus Vidorreta,Carles Duran,26,19,11,29,3,32,6,19,28,0.6786,14,26,0.5385,3,1,23,29,0.7931,133,11,26,9,20,8,28,6,23,47,0.4894,5,19,0.2632,1,3,15,17,0.8824,67
103126,2021-22,2022-05-28T16:30:00Z,0,PO,5505,233,Bitci Baskonia,Valencia Basket,3,13,82,89,visitante,Neven Spahija,Joan Peñarroya,17,22,11,25,6,31,6,12,25,0.48,13,29,0.4483,0,5,19,24,0.7917,99,20,25,9,26,6,32,6,18,33,0.5455,13,30,0.4333,5,0,14,24,0.5833,87
103127,2021-22,2022-05-28T14:30:00Z,0,PO,5505,233,BAXI Manresa,Real Madrid,10,9,74,83,visitante,Pedro Martínez,Pablo Laso,14,20,9,24,9,33,2,19,35,0.5429,7,28,0.25,8,2,15,18,0.8333,67,13,19,6,26,11,37,6,18,36,0.5,11,32,0.3438,2,8,14,15,0.9333,100
103128,2021-22,2022-05-27T19:00:00Z,0,PO,5504,233,Barça,Gran Canaria,2,5,93,82,local,Sarunas Jasikevicius ,Porfirio Fisac,26,19,14,24,14,38,9,20,32,0.625,10,30,0.3333,3,3,23,30,0.7667,119,18,25,11,17,14,31,7,28,48,0.5833,5,24,0.2083,3,3,11,15,0.7333,78
103129,2021-22,2022-05-26T19:00:00Z,0,PO,5504,233,Joventut Badalona,Lenovo Tenerife,8,28,100,68,local,Carles Duran,Txus Vidorreta,23,20,6,25,9,34,8,21,34,0.6176,13,29,0.4483,2,1,19,24,0.7917,124,13,20,12,19,7,26,1,18,34,0.5294,7,26,0.2692,1,2,11,19,0.5789,54
103130,2021-22,2022-05-25T19:00:00Z,0,PO,5504,233,Real Madrid,BAXI Manresa,9,10,93,76,local,Pablo Laso,Pedro Martínez,20,15,12,37,11,48,3,23,37,0.6216,9,25,0.36,2,6,20,24,0.8333,129,16,22,4,18,5,23,5,22,52,0.4231,9,25,0.36,6,2,5,8,0.625,56
103131,2021-22,2022-06-02T20:00:00Z,0,PO,5507,234,Real Madrid,Bitci Baskonia,9,3,94,84,local,Pablo Laso,Neven Spahija,18,16,11,20,16,36,8,16,38,0.4211,17,34,0.5,1,4,11,14,0.7857,106,19,16,15,20,11,31,9,16,35,0.4571,13,32,0.4062,3,1,13,13,1.0,88
103139,2022-23,2022-10-15T16:00:00Z,4,LR,5537,294,Carplus Fuenlabrada,Real Betis Baloncesto,17,15,83,77,local,José Luis Pichel,Luis Casimiro,18,17,17,21,3,24,7,23,38,0.6053,7,22,0.3182,0,5,16,19,0.8421,93,15,23,17,22,12,34,6,20,44,0.4545,8,26,0.3077,5,0,13,18,0.7222,56
103140,2022-23,2023-03-25T17:00:00Z,24,LR,5546,271,Monbus Obradoiro,Río Breogán,57,25,67,74,visitante,Moncho Fernández,Veljko Mrsic,14,18,12,25,5,30,3,8,19,0.4211,14,35,0.4,0,3,9,14,0.6429,67,17,17,7,25,7,32,9,16,34,0.4706,11,29,0.3793,3,0,9,14,0.6429,82
103141,2022-23,2023-03-19T17:00:00Z,23,LR,5547,272,Valencia Basket,Coviran Granada,13,592,80,72,local,Álex Mumbrú,Pablo Pin,18,20,10,20,5,25,13,26,39,0.6667,4,25,0.16,2,1,16,18,0.8889,85,16,16,20,24,10,34,5,22,34,0.6471,4,26,0.1538,1,2,16,20,0.8,74
103142,2022-23,2023-03-19T17:30:00Z,23,LR,5547,272,Real Madrid,Cazoo Baskonia,9,3,88,95,visitante,Chus Mateo,Joan Peñarroya,16,23,16,33,9,42,8,21,40,0.525,8,27,0.2963,7,6,22,28,0.7857,96,16,26,10,29,7,36,12,28,49,0.5714,7,26,0.2692,6,7,18,25,0.72,99
103143,2022-23,2023-03-19T16:00:00Z,23,LR,5547,272,Unicaja,Barça,14,2,81,86,visitante,Ibon Navarro,Sarunas Jasikevicius ,18,19,10,17,7,24,6,19,40,0.475,12,26,0.4615,2,1,7,11,0.6364,78,20,18,15,23,8,31,3,22,35,0.6286,10,23,0.4348,1,2,12,14,0.8571,99
103144,2022-23,2023-03-19T11:30:00Z,23,LR,5547,272,Surne Bilbao Basket,Bàsquet Girona,4,591,84,77,local,Jaume Ponsarnau,Aíto G. Reneses,17,23,14,26,12,38,6,18,36,0.5,11,29,0.3793,1,3,15,21,0.7143,90,12,22,9,22,19,41,8,23,53,0.434,3,17,0.1765,3,1,22,29,0.7586,77
103145,2022-23,2023-03-19T11:30:00Z,23,LR,5547,272,Río Breogán,Casademont Zaragoza,25,16,71,87,visitante,Veljko Mrsic,Porfirio Fisac,11,20,10,20,12,32,3,23,41,0.561,6,25,0.24,6,0,7,14,0.5,56,17,19,7,25,5,30,9,26,34,0.7647,8,25,0.32,0,6,11,18,0.6111,111
103146,2022-23,2023-03-18T20:30:00Z,23,LR,5547,272,Gran Canaria,UCAM Murcia,5,12,107,89,local,Víctor García,Sito Alonso,18,21,8,23,11,34,2,25,43,0.5814,12,25,0.48,3,4,21,29,0.7241,121,16,28,10,20,11,31,5,14,34,0.4118,15,37,0.4054,4,3,16,21,0.7619,76
103147,2022-23,2023-03-18T19:45:00Z,23,LR,5547,272,Joventut Badalona,Carplus Fuenlabrada,8,17,103,86,local,Carles Duran,Oscar Quintana,24,23,12,21,20,41,7,29,52,0.5577,10,25,0.4,4,6,15,21,0.7143,118,21,20,15,19,3,22,8,21,41,0.5122,6,14,0.4286,6,4,26,30,0.8667,91
103148,2022-23,2023-03-18T17:00:00Z,23,LR,5547,272,BAXI Manresa,Real Betis Baloncesto,10,15,91,84,local,Pedro Martínez,Luis Casimiro,18,20,16,31,7,38,8,20,37,0.5405,12,34,0.3529,1,2,15,19,0.7895,98,16,21,15,29,8,37,13,26,46,0.5652,7,28,0.25,2,1,11,15,0.7333,88
103149,2022-23,2023-03-18T17:00:00Z,23,LR,5547,272,Monbus Obradoiro,Lenovo Tenerife,57,28,58,78,visitante,Moncho Fernández,Txus Vidorreta,13,12,9,21,10,31,6,15,35,0.4286,8,29,0.2759,3,0,4,6,0.6667,58,23,17,11,28,2,30,5,20,27,0.7407,9,26,0.3462,0,3,11,14,0.7857,96
103150,2022-23,2023-03-12T19:00:00Z,22,LR,5548,273,Carplus Fuenlabrada,Río Breogán,17,25,73,92,visitante,Oscar Quintana,Veljko Mrsic,20,19,12,20,11,31,11,23,41,0.561,7,29,0.2414,2,4,6,12,0.5,75,22,15,13,30,11,41,6,23,47,0.4894,10,19,0.5263,3,2,16,22,0.7273,112
103151,2022-23,2023-03-12T17:30:00Z,22,LR,5548,273,Barça,BAXI Manresa,2,10,93,72,local,Sarunas Jasikevicius ,Pedro Martínez,18,15,14,27,3,30,8,22,36,0.6111,10,17,0.5882,2,2,19,26,0.7308,114,17,22,14,17,8,25,11,24,48,0.5,5,20,0.25,1,3,9,10,0.9,66
103152,2022-23,2023-03-12T16:00:00Z,22,LR,5548,273,Real Betis Baloncesto,Cazoo Baskonia,15,3,71,83,visitante,Luis Casimiro,Joan Peñarroya,13,16,8,13,11,24,4,17,34,0.5,10,29,0.3448,5,2,7,12,0.5833,61,20,17,11,23,9,32,5,13,23,0.5652,15,31,0.4839,2,5,12,16,0.75,101
103153,2022-23,2023-03-12T11:30:00Z,22,LR,5548,273,Real Madrid,Surne Bilbao Basket,9,4,86,65,local,Chus Mateo,Jaume Ponsarnau,16,17,13,26,12,38,12,24,40,0.6,9,27,0.3333,3,3,11,13,0.8462,104,15,18,16,17,8,25,10,20,40,0.5,6,22,0.2727,3,3,7,7,1.0,62
103154,2022-23,2023-03-12T11:30:00Z,22,LR,5548,273,Bàsquet Girona,Valencia Basket,591,13,75,79,visitante,Aíto G. Reneses,Álex Mumbrú,14,20,13,29,7,36,8,25,45,0.5556,7,24,0.2917,2,2,4,9,0.4444,73,18,15,13,29,8,37,9,16,35,0.4571,11,31,0.3548,2,2,14,16,0.875,94
103155,2022-23,2023-03-25T17:00:00Z,24,LR,5546,271,Bàsquet Girona,BAXI Manresa,591,10,79,86,visitante,Aíto G. Reneses,Pedro Martínez,19,18,12,24,16,40,6,21,44,0.4773,6,28,0.2143,1,4,19,28,0.6786,89,15,26,12,27,12,39,5,25,39,0.641,8,28,0.2857,4,1,12,19,0.6316,81
103156,2022-23,2023-03-11T19:45:00Z,22,LR,5548,273,Lenovo Tenerife,Joventut Badalona,28,8,85,68,local,Txus Vidorreta,Carles Duran,21,24,9,26,8,34,5,17,28,0.6071,11,31,0.3548,1,2,18,23,0.7826,100,12,23,14,23,7,30,6,16,33,0.4848,6,21,0.2857,2,1,18,24,0.75,64
103157,2022-23,2023-03-25T19:45:00Z,24,LR,5546,271,Coviran Granada,UCAM Murcia,592,12,88,67,local,Pablo Pin,Sito Alonso,18,18,11,29,11,40,10,24,49,0.4898,9,23,0.3913,3,2,13,19,0.6842,100,12,19,17,24,3,27,7,15,29,0.5172,8,29,0.2759,2,3,13,19,0.6842,55
103158,2022-23,2023-03-26T10:30:00Z,24,LR,5546,271,Real Betis Baloncesto,Unicaja,15,14,66,79,visitante,Luis Casimiro,Ibon Navarro,5,19,14,14,14,28,9,14,38,0.3684,7,24,0.2917,3,1,17,26,0.6538,44,23,22,18,28,11,39,7,26,37,0.7027,6,26,0.2308,1,3,9,15,0.6,92
103159,2022-23,2023-04-08T16:00:00Z,26,LR,5544,269,Monbus Obradoiro,UCAM Murcia,57,12,81,79,local,Moncho Fernández,Sito Alonso,20,19,14,25,5,30,6,22,32,0.6875,7,24,0.2917,0,4,16,25,0.64,96,15,25,10,21,12,33,11,23,45,0.5111,6,28,0.2143,4,0,15,17,0.8824,71
103160,2022-23,2023-04-08T16:00:00Z,26,LR,5544,269,Coviran Granada,Unicaja,592,14,69,101,visitante,Pablo Pin,Ibon Navarro,10,17,16,23,14,37,4,18,38,0.4737,4,23,0.1739,0,3,21,34,0.6176,66,28,28,11,31,9,40,11,23,40,0.575,15,29,0.5172,3,1,10,18,0.5556,116
103161,2022-23,2023-04-02T15:00:00Z,25,LR,5545,270,BAXI Manresa,Monbus Obradoiro,10,57,80,65,local,Pedro Martínez,Moncho Fernández,21,26,16,27,5,32,11,22,40,0.55,5,21,0.2381,2,3,21,26,0.8077,91,12,27,20,25,9,34,6,16,33,0.4848,6,30,0.2,3,2,15,21,0.7143,48
103162,2022-23,2023-04-02T18:00:00Z,25,LR,5545,270,Valencia Basket,Cazoo Baskonia,13,3,81,85,visitante,Álex Mumbrú,Joan Peñarroya,21,16,15,23,2,25,10,25,39,0.641,6,22,0.2727,2,3,13,19,0.6842,92,18,21,19,25,6,31,5,13,24,0.5417,14,36,0.3889,2,2,17,19,0.8947,79
103163,2022-23,2023-04-02T10:15:00Z,25,LR,5545,270,Real Madrid,Coviran Granada,9,592,108,75,local,Chus Mateo,Pablo Pin,25,17,11,29,11,40,7,27,41,0.6585,14,29,0.4828,3,1,12,19,0.6316,132,17,18,10,19,8,27,7,20,40,0.5,10,31,0.3226,1,4,5,7,0.7143,74
103164,2022-23,2023-04-02T11:00:00Z,25,LR,5545,270,Lenovo Tenerife,Barça,28,2,76,79,visitante,Txus Vidorreta,Sarunas Jasikevicius ,16,18,8,21,9,30,5,23,42,0.5476,5,20,0.25,3,2,15,18,0.8333,83,16,20,9,22,11,33,4,21,36,0.5833,9,24,0.375,2,3,10,14,0.7143,88
103165,2022-23,2023-04-02T10:30:00Z,25,LR,5545,270,UCAM Murcia,Bàsquet Girona,12,591,102,79,local,Sito Alonso,Aíto G. Reneses,26,25,10,30,14,44,3,23,43,0.5349,13,31,0.4194,3,0,17,22,0.7727,115,14,21,12,20,10,30,8,21,40,0.525,6,26,0.2308,0,3,19,30,0.6333,76
103166,2022-23,2023-04-01T18:45:00Z,25,LR,5545,270,Gran Canaria,Real Betis Baloncesto,5,15,87,71,local,Víctor García,Luis Casimiro,24,21,12,24,7,31,10,24,33,0.7273,9,29,0.3103,1,2,12,18,0.6667,107,15,22,17,24,8,32,5,20,35,0.5714,5,24,0.2083,2,1,16,21,0.7619,65
103167,2022-23,2023-04-01T16:00:00Z,25,LR,5545,270,Río Breogán,Joventut Badalona,25,8,65,85,visitante,Veljko Mrsic,Carles Duran,7,16,6,15,14,29,13,21,47,0.4468,5,26,0.1923,2,2,8,13,0.6154,57,21,17,16,30,3,33,3,20,31,0.6452,12,22,0.5455,2,2,9,12,0.75,101
103168,2022-23,2023-04-01T16:00:00Z,25,LR,5545,270,Unicaja,Carplus Fuenlabrada,14,17,100,75,local,Ibon Navarro,Oscar Quintana,23,20,11,27,5,32,17,27,45,0.6,11,27,0.4074,1,3,13,24,0.5417,118,13,20,25,31,7,38,9,18,38,0.4737,5,18,0.2778,3,1,24,28,0.8571,71
103169,2022-23,2023-04-01T18:45:00Z,25,LR,5545,270,Surne Bilbao Basket,Casademont Zaragoza,4,16,81,68,local,Jaume Ponsarnau,Porfirio Fisac,12,21,10,23,9,32,8,17,39,0.4359,12,27,0.4444,2,2,11,17,0.6471,76,17,17,17,22,10,32,8,19,37,0.5135,5,20,0.25,2,2,15,19,0.7895,75
103170,2022-23,2023-03-26T18:00:00Z,24,LR,5546,271,Casademont Zaragoza,Valencia Basket,16,13,86,75,local,Porfirio Fisac,Álex Mumbrú,21,20,12,27,7,34,5,24,39,0.6154,9,21,0.4286,1,3,11,16,0.6875,103,16,20,12,22,9,31,9,16,31,0.5161,10,35,0.2857,3,1,13,20,0.65,70
103171,2022-23,2023-03-26T16:30:00Z,24,LR,5546,271,Carplus Fuenlabrada,Real Madrid,17,9,78,102,visitante,Oscar Quintana,Chus Mateo,17,21,15,22,12,34,6,26,49,0.5306,5,23,0.2174,10,1,11,15,0.7333,61,25,16,14,27,11,38,10,22,33,0.6667,13,35,0.3714,1,10,19,28,0.6786,133
103172,2022-23,2023-03-26T15:00:00Z,24,LR,5546,271,Cazoo Baskonia,Surne Bilbao Basket,3,4,100,78,local,Joan Peñarroya,Jaume Ponsarnau,16,16,9,26,9,35,5,20,35,0.5714,13,25,0.52,0,3,21,25,0.84,125,14,22,7,16,9,25,5,22,37,0.5946,8,26,0.3077,2,1,10,14,0.7143,71
103173,2022-23,2023-03-26T11:00:00Z,24,LR,5546,271,Lenovo Tenerife,Gran Canaria,28,5,81,77,local,Txus Vidorreta,Víctor García,12,22,9,20,7,27,6,17,35,0.4857,8,23,0.3478,3,2,23,30,0.7667,78,17,26,13,24,8,32,1,19,34,0.5588,8,27,0.2963,2,3,15,18,0.8333,73
103174,2022-23,2023-03-25T19:45:00Z,24,LR,5546,271,Barça,Joventut Badalona,2,8,87,71,local,Sarunas Jasikevicius ,Carles Duran,19,19,15,25,6,31,3,20,26,0.7692,11,31,0.3548,4,2,14,15,0.9333,98,12,21,9,19,17,36,9,22,56,0.3929,3,16,0.1875,2,4,18,20,0.9,69
103175,2022-23,2023-04-08T18:45:00Z,26,LR,5544,269,Casademont Zaragoza,Gran Canaria,16,5,76,73,local,Porfirio Fisac,Jaka Lakovic,13,15,10,30,9,39,7,23,43,0.5349,6,22,0.2727,5,9,12,15,0.8,92,17,17,9,24,8,32,6,12,33,0.3636,12,30,0.4,8,5,13,19,0.6842,69
103176,2022-23,2023-03-11T19:45:00Z,22,LR,5548,273,Casademont Zaragoza,Monbus Obradoiro,16,57,78,79,visitante,Porfirio Fisac,Moncho Fernández,12,21,11,20,8,28,6,19,44,0.4318,7,20,0.35,3,6,19,28,0.6786,70,13,22,15,30,9,39,5,14,29,0.4828,10,27,0.3704,6,3,21,26,0.8077,79
103177,2022-23,2023-03-12T11:30:00Z,22,LR,5548,273,UCAM Murcia,Unicaja,12,14,85,80,local,Sito Alonso,Ibon Navarro,21,25,11,28,7,35,4,16,35,0.4571,13,30,0.4333,1,1,14,17,0.8235,92,13,22,9,23,3,26,5,19,30,0.6333,8,28,0.2857,1,1,18,28,0.6429,77
103178,2022-23,2023-02-05T17:30:00Z,19,LR,5551,278,Real Madrid,Lenovo Tenerife,9,28,88,77,local,Chus Mateo,Txus Vidorreta,15,17,10,24,6,30,8,22,38,0.5789,10,22,0.4545,0,6,14,21,0.6667,104,18,20,11,21,8,29,4,14,29,0.4828,12,35,0.3429,6,1,13,16,0.8125,67
103179,2022-23,2023-02-05T16:00:00Z,19,LR,5551,278,Cazoo Baskonia,Casademont Zaragoza,3,16,91,79,local,Joan Peñarroya,Porfirio Fisac,12,20,6,29,6,35,4,16,34,0.4706,14,33,0.4242,3,2,17,18,0.9444,95,16,18,9,27,11,38,4,22,46,0.4783,7,21,0.3333,2,3,14,19,0.7368,88
103180,2022-23,2023-02-05T11:30:00Z,19,LR,5551,278,Barça,Valencia Basket,2,13,81,75,local,Sarunas Jasikevicius ,Álex Mumbrú,18,21,9,27,9,36,7,20,40,0.5,7,22,0.3182,6,0,20,25,0.8,88,17,22,10,24,5,29,8,15,32,0.4688,8,23,0.3478,0,6,21,26,0.8077,87
103181,2022-23,2023-02-05T11:30:00Z,19,LR,5551,278,Río Breogán,Bàsquet Girona,25,591,92,70,local,Veljko Mrsic,Aíto G. Reneses,21,19,10,23,14,37,8,18,35,0.5143,13,32,0.4062,2,3,17,28,0.6071,108,17,25,17,24,10,34,6,18,35,0.5143,6,21,0.2857,2,2,16,23,0.6957,65
103182,2022-23,2023-02-04T17:00:00Z,19,LR,5551,278,Real Betis Baloncesto,UCAM Murcia,15,12,84,71,local,Luis Casimiro,Sito Alonso,15,20,12,32,12,44,10,16,35,0.4571,9,29,0.3103,3,1,25,33,0.7576,95,15,24,16,27,11,38,9,17,42,0.4048,8,29,0.2759,1,3,13,18,0.7222,64
103183,2022-23,2023-02-04T19:45:00Z,19,LR,5551,278,Gran Canaria,Unicaja,5,14,88,70,local,Jaka Lakovic,Ibon Navarro,15,20,15,32,5,37,7,17,30,0.5667,8,20,0.4,0,6,30,37,0.8108,112,15,27,9,22,4,26,11,20,39,0.5128,7,28,0.25,6,0,9,12,0.75,57
103184,2022-23,2023-02-04T17:00:00Z,19,LR,5551,278,Joventut Badalona,BAXI Manresa,8,10,73,65,local,Carles Duran,Pedro Martínez,16,17,14,30,7,37,4,20,37,0.5405,5,16,0.3125,2,5,18,29,0.6207,84,14,21,6,21,10,31,10,20,44,0.4545,5,31,0.1613,5,2,10,10,1.0,57
103185,2022-23,2023-02-04T19:45:00Z,19,LR,5551,278,Monbus Obradoiro,Surne Bilbao Basket,57,4,77,64,local,Moncho Fernández,Jaume Ponsarnau,19,17,9,25,8,33,5,14,34,0.4118,9,25,0.36,5,4,22,25,0.88,89,16,21,12,27,5,32,4,21,41,0.5122,4,19,0.2105,3,5,10,13,0.7692,64
103186,2022-23,2023-01-29T19:00:00Z,18,LR,5552,279,Casademont Zaragoza,Real Betis Baloncesto,16,15,89,82,local,Porfirio Fisac,Luis Casimiro,19,20,11,26,12,38,6,27,44,0.6136,4,19,0.2105,2,2,23,35,0.6571,106,19,29,11,23,11,34,5,14,32,0.4375,11,31,0.3548,1,2,21,25,0.84,79
103187,2022-23,2023-01-29T12:00:00Z,18,LR,5552,279,Unicaja,Valencia Basket,14,13,102,86,local,Ibon Navarro,Álex Mumbrú,16,19,7,28,12,40,4,22,29,0.7586,15,37,0.4054,0,0,13,20,0.65,117,18,17,5,16,2,18,6,21,36,0.5833,9,24,0.375,0,0,17,23,0.7391,89
103188,2022-23,2023-01-29T16:00:00Z,18,LR,5552,279,UCAM Murcia,Cazoo Baskonia,12,3,80,87,visitante,Sito Alonso,Joan Peñarroya,15,21,11,27,8,35,5,18,34,0.5294,11,34,0.3235,1,2,11,17,0.6471,78,14,19,11,27,12,39,6,20,40,0.5,10,30,0.3333,2,1,17,22,0.7727,91
103189,2022-23,2023-01-29T17:30:00Z,18,LR,5552,279,Gran Canaria,Monbus Obradoiro,5,57,75,68,local,Jaka Lakovic,Moncho Fernández,19,16,14,22,4,26,8,22,33,0.6667,8,21,0.381,1,3,7,10,0.7,93,16,20,11,19,7,26,9,21,35,0.6,5,24,0.2083,2,1,11,16,0.6875,65
103190,2022-23,2023-01-29T11:30:00Z,18,LR,5552,279,BAXI Manresa,Real Madrid,10,9,69,94,visitante,Pedro Martínez,Chus Mateo,13,21,13,16,12,28,10,19,44,0.4318,6,23,0.2609,6,0,13,19,0.6842,51,20,19,15,30,6,36,6,28,38,0.7368,8,24,0.3333,0,6,14,17,0.8235,120
103191,2022-23,2023-01-28T19:45:00Z,18,LR,5552,279,Bàsquet Girona,Barça,591,2,73,84,visitante,Aíto G. Reneses,Sarunas Jasikevicius ,13,22,16,25,4,29,8,22,44,0.5,6,20,0.3,0,3,11,16,0.6875,67,16,20,14,29,7,36,11,17,32,0.5312,11,32,0.3438,2,0,17,20,0.85,94
103192,2022-23,2023-01-28T19:45:00Z,18,LR,5552,279,Surne Bilbao Basket,Joventut Badalona,4,8,51,70,visitante,Jaume Ponsarnau,Carles Duran,9,18,13,21,9,30,5,14,36,0.3889,3,23,0.1304,2,5,14,20,0.7,41,14,22,11,30,9,39,5,24,44,0.5455,3,19,0.1579,5,2,13,15,0.8667,71
103193,2022-23,2023-02-05T19:00:00Z,19,LR,5551,278,Coviran Granada,Carplus Fuenlabrada,592,17,83,71,local,Pablo Pin,Oscar Quintana,17,23,19,30,10,40,9,18,35,0.5143,10,25,0.4,2,2,17,24,0.7083,92,15,25,19,23,9,32,9,21,44,0.4773,6,22,0.2727,2,2,11,22,0.5,56
103194,2022-23,2023-03-11T17:00:00Z,22,LR,5548,273,Coviran Granada,Gran Canaria,592,5,80,66,local,Pablo Pin,Jaka Lakovic,26,24,16,27,8,35,7,18,36,0.5,9,20,0.45,4,2,17,31,0.5484,88,15,25,17,27,14,41,10,13,31,0.4194,8,39,0.2051,2,4,16,18,0.8889,65
103195,2022-23,2023-02-11T17:00:00Z,20,LR,5550,277,Carplus Fuenlabrada,Casademont Zaragoza,17,16,71,85,visitante,Oscar Quintana,Porfirio Fisac,10,16,10,22,15,37,8,16,44,0.3636,7,27,0.2593,8,1,18,22,0.8182,59,18,18,14,24,7,31,5,21,37,0.5676,12,26,0.4615,1,8,7,11,0.6364,96
103196,2022-23,2023-02-11T19:45:00Z,20,LR,5550,277,Real Betis Baloncesto,Joventut Badalona,15,8,67,71,visitante,Luis Casimiro,Carles Duran,15,20,12,26,9,35,7,23,44,0.5227,5,27,0.1852,4,3,6,7,0.8571,61,14,15,13,28,12,40,9,16,38,0.4211,8,30,0.2667,3,4,15,19,0.7895,79
103197,2022-23,2023-03-05T19:00:00Z,21,LR,5549,274,Cazoo Baskonia,Coviran Granada,3,592,105,81,local,Joan Peñarroya,Pablo Pin,30,16,13,29,10,39,5,28,40,0.7,13,30,0.4333,2,2,10,12,0.8333,136,19,18,10,13,2,15,6,22,36,0.6111,9,25,0.36,2,2,10,15,0.6667,73
103198,2022-23,2023-03-05T17:30:00Z,21,LR,5549,274,Valencia Basket,Lenovo Tenerife,13,28,77,72,local,Álex Mumbrú,Txus Vidorreta,20,19,13,15,4,19,13,21,35,0.6,8,22,0.3636,2,2,11,15,0.7333,84,17,20,22,19,5,24,6,19,24,0.7917,7,26,0.2692,1,2,13,16,0.8125,70
103199,2022-23,2023-03-05T16:00:00Z,21,LR,5549,274,Monbus Obradoiro,Real Madrid,57,9,78,84,visitante,Moncho Fernández,Chus Mateo,20,21,6,25,9,34,7,23,41,0.561,7,27,0.2593,4,2,11,15,0.7333,85,18,17,9,28,5,33,4,20,39,0.5128,10,20,0.5,1,4,14,19,0.7368,103
103200,2022-23,2023-03-05T12:00:00Z,21,LR,5549,274,Gran Canaria,Surne Bilbao Basket,5,4,94,71,local,Jaka Lakovic,Jaume Ponsarnau,22,19,12,25,5,30,9,25,36,0.6944,10,21,0.4762,1,2,14,20,0.7,118,13,21,12,16,11,27,7,20,43,0.4651,6,23,0.2609,2,1,13,15,0.8667,61
103201,2022-23,2023-03-05T11:30:00Z,21,LR,5549,274,Joventut Badalona,UCAM Murcia,8,12,94,68,local,Carles Duran,Sito Alonso,22,20,9,26,6,32,7,27,39,0.6923,10,21,0.4762,1,3,10,18,0.5556,116,8,19,9,18,10,28,4,21,45,0.4667,7,22,0.3182,3,1,5,13,0.3846,51
103202,2022-23,2023-03-04T19:45:00Z,21,LR,5549,274,Río Breogán,Real Betis Baloncesto,25,15,114,115,visitante,Veljko Mrsic,Luis Casimiro,26,19,12,24,6,30,9,28,45,0.6222,14,28,0.5,4,2,16,24,0.6667,130,24,23,15,20,14,34,6,34,54,0.6296,11,27,0.4074,2,4,14,20,0.7,120
103203,2022-23,2023-03-04T19:45:00Z,21,LR,5549,274,Casademont Zaragoza,Barça,16,2,85,83,local,Porfirio Fisac,Sarunas Jasikevicius ,17,21,13,26,5,31,10,25,40,0.625,5,18,0.2778,0,7,20,29,0.6897,106,20,27,16,21,11,32,9,13,28,0.4643,13,39,0.3333,6,0,18,22,0.8182,71
103204,2022-23,2023-03-04T17:00:00Z,21,LR,5549,274,BAXI Manresa,Carplus Fuenlabrada,10,17,92,78,local,Pedro Martínez,Oscar Quintana,19,23,13,25,10,35,8,33,56,0.5893,4,14,0.2857,1,4,14,21,0.6667,105,16,24,21,21,11,32,7,23,46,0.5,5,17,0.2941,4,1,17,25,0.68,65
103205,2022-23,2023-03-04T17:00:00Z,21,LR,5549,274,Unicaja,Bàsquet Girona,14,591,94,70,local,Ibon Navarro,Aíto G. Reneses,18,19,9,20,14,34,12,27,43,0.6279,9,30,0.3,5,2,13,18,0.7222,104,14,19,16,20,8,28,6,22,40,0.55,4,16,0.25,2,5,14,20,0.7,69
103206,2022-23,2023-03-29T19:00:00Z,20,LR,5550,270,Lenovo Tenerife,BAXI Manresa,28,10,100,87,local,Txus Vidorreta,Pedro Martínez,22,20,12,22,12,34,4,19,31,0.6129,11,33,0.3333,2,1,29,30,0.9667,118,18,26,9,19,16,35,3,21,47,0.4468,12,28,0.4286,1,2,9,13,0.6923,82
103207,2022-23,2023-02-12T19:00:00Z,20,LR,5550,277,Unicaja,Cazoo Baskonia,14,3,81,89,visitante,Ibon Navarro,Joan Peñarroya,19,27,14,30,6,36,7,19,44,0.4318,9,29,0.3103,2,4,16,24,0.6667,73,12,22,14,36,9,45,10,19,42,0.4524,8,25,0.32,3,2,27,38,0.7105,95
103208,2022-23,2023-02-12T17:30:00Z,20,LR,5550,277,UCAM Murcia,Real Madrid,12,9,80,88,visitante,Sito Alonso,Chus Mateo,14,25,11,22,9,31,6,22,47,0.4681,9,31,0.2903,7,4,9,12,0.75,62,10,21,14,32,14,46,5,25,50,0.5,4,16,0.25,4,7,26,33,0.7879,97
103209,2022-23,2023-02-12T16:00:00Z,20,LR,5550,277,Valencia Basket,Gran Canaria,13,5,82,76,local,Álex Mumbrú,Jaka Lakovic,14,16,15,17,4,21,10,22,37,0.5946,10,20,0.5,4,0,8,14,0.5714,81,19,20,14,19,11,30,8,17,26,0.6538,13,35,0.3714,0,5,3,9,0.3333,83
103210,2022-23,2023-02-12T11:30:00Z,20,LR,5550,277,Barça,Río Breogán,2,25,82,54,local,Sarunas Jasikevicius ,Veljko Mrsic,19,11,13,33,15,48,6,20,37,0.5405,11,30,0.3667,1,4,9,10,0.9,115,10,18,8,19,6,25,6,17,45,0.3778,5,20,0.25,4,1,5,6,0.8333,33
103211,2022-23,2023-02-11T19:45:00Z,20,LR,5550,277,Bàsquet Girona,Monbus Obradoiro,591,57,93,76,local,Aíto G. Reneses,Moncho Fernández,19,19,9,22,13,35,9,24,45,0.5333,11,26,0.4231,3,2,12,17,0.7059,103,13,17,16,20,12,32,5,14,33,0.4242,11,32,0.3438,2,3,15,19,0.7895,69
103212,2022-23,2023-02-11T17:00:00Z,20,LR,5550,277,Surne Bilbao Basket,Coviran Granada,4,592,90,73,local,Jaume Ponsarnau,Pablo Pin,17,18,8,19,18,37,7,19,37,0.5135,13,31,0.4194,2,3,13,20,0.65,99,9,16,12,20,10,30,6,18,42,0.4286,8,20,0.4,3,3,13,16,0.8125,69
103213,2022-23,2023-04-08T17:00:00Z,26,LR,5544,269,Río Breogán,Real Madrid,25,9,96,72,local,Veljko Mrsic,Chus Mateo,15,19,7,18,8,26,8,26,44,0.5909,11,22,0.5,2,2,11,19,0.5789,101,15,21,21,21,4,25,6,18,29,0.6207,8,22,0.3636,2,2,12,19,0.6316,63
103214,2022-23,2023-04-09T10:30:00Z,26,LR,5544,269,Bàsquet Girona,Carplus Fuenlabrada,591,17,85,60,local,Aíto G. Reneses,Oscar Quintana,16,16,17,34,12,46,9,19,36,0.5278,11,29,0.3793,3,7,14,19,0.7368,107,10,21,15,21,9,30,10,13,33,0.3939,8,35,0.2286,7,3,10,14,0.7143,35
103215,2022-23,2023-04-09T10:30:00Z,26,LR,5544,269,Real Betis Baloncesto,Lenovo Tenerife,15,28,80,76,local,Luis Casimiro,Txus Vidorreta,16,23,12,22,12,34,10,20,42,0.4762,7,23,0.3043,3,3,19,29,0.6552,80,15,24,17,26,7,33,8,12,29,0.4138,10,27,0.3704,3,3,22,27,0.8148,75
103216,2022-23,2023-05-11T19:00:00Z,32,LR,5538,297,Carplus Fuenlabrada,Gran Canaria,17,5,81,97,visitante,Oscar Quintana,Jaka Lakovic,19,21,12,19,2,21,4,15,34,0.4412,12,21,0.5714,4,4,15,22,0.6818,77,22,20,10,26,9,35,7,26,44,0.5909,9,21,0.4286,4,4,18,26,0.6923,114
103217,2022-23,2023-05-03T19:30:00Z,32,LR,5538,280,Lenovo Tenerife,UCAM Murcia,28,12,109,111,visitante,Txus Vidorreta,Sito Alonso,20,28,11,17,10,27,4,24,44,0.5455,13,27,0.4815,2,0,22,29,0.7586,104,7,27,10,25,8,33,7,22,35,0.6286,14,31,0.4516,0,2,25,31,0.8065,114
103218,2022-23,2023-05-03T17:30:00Z,32,LR,5538,280,Unicaja,BAXI Manresa,14,10,97,88,local,Ibon Navarro,Pedro Martínez,25,16,11,26,6,32,9,25,43,0.5814,14,30,0.4667,2,5,5,9,0.5556,116,13,15,13,25,6,31,4,23,51,0.451,9,22,0.4091,5,2,15,16,0.9375,78
103219,2022-23,2023-05-10T17:00:00Z,32,LR,5538,297,Surne Bilbao Basket,Río Breogán,4,25,83,66,local,Jaume Ponsarnau,Veljko Mrsic,20,21,12,25,9,34,10,20,35,0.5714,8,27,0.2963,1,4,19,26,0.7308,96,12,20,16,23,9,32,8,20,39,0.5128,5,21,0.2381,4,1,11,18,0.6111,58
103220,2022-23,2023-05-09T19:30:00Z,32,LR,5538,297,Coviran Granada,Casademont Zaragoza,592,16,71,68,local,Pablo Pin,Porfirio Fisac,16,21,6,25,17,42,9,21,50,0.42,7,32,0.2188,4,4,8,12,0.6667,68,16,15,14,31,6,37,4,18,36,0.5,7,23,0.3043,4,4,11,18,0.6111,76
103221,2022-23,2023-05-09T17:00:00Z,32,LR,5538,297,Bàsquet Girona,Real Betis Baloncesto,591,15,79,90,visitante,Aíto G. Reneses,Luis Casimiro,21,21,18,22,7,29,7,19,34,0.5588,10,25,0.4,2,0,11,17,0.6471,75,19,16,15,20,10,30,10,17,34,0.5,12,26,0.4615,0,3,20,31,0.6452,100
103222,2022-23,2023-05-07T18:00:00Z,31,LR,5539,280,BAXI Manresa,Valencia Basket,10,13,87,82,local,Pedro Martínez,Álex Mumbrú,16,18,15,25,11,36,4,22,38,0.5789,7,26,0.2692,1,6,22,26,0.8462,99,15,23,12,26,12,38,9,23,39,0.5897,8,35,0.2286,5,1,12,18,0.6667,74
103223,2022-23,2023-05-07T16:30:00Z,31,LR,5539,280,Cazoo Baskonia,Gran Canaria,3,5,101,97,local,Joan Peñarroya,Jaka Lakovic,20,21,9,32,7,39,5,25,40,0.625,11,30,0.3667,5,1,18,23,0.7826,114,16,22,9,27,12,39,7,23,42,0.5476,13,35,0.3714,1,5,12,18,0.6667,106
103224,2022-23,2023-05-07T15:00:00Z,31,LR,5539,280,Barça,Carplus Fuenlabrada,2,17,101,64,local,Sarunas Jasikevicius ,Oscar Quintana,22,16,15,23,10,33,12,28,42,0.6667,12,26,0.4615,6,9,9,14,0.6429,128,12,21,19,19,6,25,9,24,52,0.4615,2,8,0.25,7,6,10,15,0.6667,46
103225,2022-23,2023-05-07T10:30:00Z,31,LR,5539,280,Río Breogán,UCAM Murcia,25,12,60,65,visitante,Veljko Mrsic,Sito Alonso,12,21,6,26,6,32,9,20,46,0.4348,4,22,0.1818,5,2,8,13,0.6154,51,14,17,12,30,13,43,3,17,40,0.425,6,27,0.2222,2,5,13,18,0.7222,71
103226,2022-23,2023-05-07T10:30:00Z,31,LR,5539,280,Real Madrid,Unicaja,9,14,102,90,local,Chus Mateo,Ibon Navarro,14,18,7,23,6,29,5,19,33,0.5758,14,31,0.4516,5,4,22,27,0.8148,113,23,25,9,24,12,36,6,24,43,0.5581,9,30,0.3,4,5,15,17,0.8824,98
103227,2022-23,2023-05-06T16:00:00Z,31,LR,5539,280,Real Betis Baloncesto,Surne Bilbao Basket,15,4,86,78,local,Luis Casimiro,Jaume Ponsarnau,12,20,11,24,15,39,6,17,42,0.4048,11,28,0.3929,3,2,19,22,0.8636,84,18,18,11,14,10,24,8,16,32,0.5,11,33,0.3333,2,4,13,17,0.7647,79
103228,2022-23,2023-05-06T17:30:00Z,31,LR,5539,280,Bàsquet Girona,Lenovo Tenerife,591,28,72,88,visitante,Aíto G. Reneses,Txus Vidorreta,15,21,13,23,11,34,8,25,48,0.5208,5,22,0.2273,2,2,7,9,0.7778,71,24,18,10,27,4,31,8,21,34,0.6176,10,27,0.3704,2,2,16,23,0.6957,107
103229,2022-23,2023-05-06T16:00:00Z,31,LR,5539,280,Casademont Zaragoza,Joventut Badalona,16,8,87,77,local,Porfirio Fisac,Carles Duran,14,17,8,23,7,30,7,18,42,0.4286,11,20,0.55,4,4,18,23,0.7826,94,16,19,12,26,11,37,4,17,36,0.4722,9,29,0.3103,4,4,16,18,0.8889,79
103230,2022-23,2023-05-06T15:00:00Z,31,LR,5539,280,Monbus Obradoiro,Coviran Granada,57,592,88,83,local,Moncho Fernández,Pablo Pin,21,19,14,26,4,30,5,16,35,0.4571,14,21,0.6667,4,2,14,22,0.6364,97,16,23,13,25,6,31,9,19,37,0.5135,11,27,0.4074,2,4,12,19,0.6316,83
103231,2022-23,2023-05-11T16:30:00Z,32,LR,5538,297,Joventut Badalona,Cazoo Baskonia,8,3,77,86,visitante,Carles Duran,Joan Peñarroya,12,20,12,27,8,35,1,19,41,0.4634,8,23,0.3478,7,1,15,19,0.7895,66,15,20,4,26,8,34,8,22,33,0.6667,9,35,0.2571,1,7,15,21,0.7143,102
103232,2022-23,2023-04-30T18:00:00Z,30,LR,5540,266,Cazoo Baskonia,Río Breogán,3,25,97,76,local,Joan Peñarroya,Veljko Mrsic,20,18,9,21,6,27,8,20,29,0.6897,16,38,0.4211,1,5,9,11,0.8182,113,13,17,10,23,16,39,4,28,55,0.5091,4,18,0.2222,5,1,8,15,0.5333,71
103233,2022-23,2023-05-12T17:00:00Z,32,LR,5538,297,Barça,Monbus Obradoiro,2,57,94,77,local,Sarunas Jasikevicius ,Moncho Fernández,18,20,9,24,11,35,7,22,36,0.6111,10,33,0.303,0,4,20,24,0.8333,113,13,25,13,23,4,27,5,19,40,0.475,9,17,0.5294,4,1,12,16,0.75,68
103234,2022-23,2023-05-13T18:45:00Z,33,LR,5561,297,Real Betis Baloncesto,Coviran Granada,15,592,85,91,visitante,Luis Casimiro,Pablo Pin,14,20,9,17,18,35,11,25,49,0.5102,7,27,0.2593,5,1,14,17,0.8235,87,15,22,16,28,13,41,6,22,37,0.5946,11,27,0.4074,1,5,14,19,0.7368,103
103235,2022-23,2023-05-24T18:30:00Z,34,LR,5570,2727,BAXI Manresa,Dreamland Gran Canaria,10,5,105,75,local,Pedro Martínez,Jaka Lakovic,23,24,17,29,10,39,8,24,41,0.5854,14,28,0.5,3,1,15,18,0.8333,117,18,20,13,19,4,23,11,17,32,0.5312,6,28,0.2143,1,3,23,27,0.8519,79
103236,2022-23,2023-05-24T18:30:00Z,34,LR,5570,2727,Bàsquet Girona,Cazoo Baskonia,591,3,70,75,visitante,Aíto G. Reneses,Joan Peñarroya,10,19,6,19,9,28,9,19,40,0.475,6,27,0.2222,3,3,14,23,0.6087,59,19,18,17,28,15,43,1,19,36,0.5278,7,26,0.2692,2,3,16,19,0.8421,84
103237,2022-23,2023-05-24T18:30:00Z,34,LR,5570,2727,Coviran Granada,Joventut Badalona,592,8,73,62,local,Pablo Pin,Carles Duran,11,17,11,30,7,37,10,19,40,0.475,7,24,0.2917,4,2,14,18,0.7778,80,10,21,15,27,8,35,9,15,34,0.4412,7,30,0.2333,2,4,11,16,0.6875,52
103238,2022-23,2023-05-23T19:00:00Z,34,LR,5570,2727,Surne Bilbao Basket,Unicaja,4,14,71,103,visitante,Jaume Ponsarnau,Ibon Navarro,13,18,12,24,6,30,3,18,37,0.4865,6,25,0.24,1,2,17,21,0.8095,65,23,20,8,32,9,41,9,20,33,0.6061,16,35,0.4571,2,1,15,21,0.7143,127
103239,2022-23,2023-05-23T19:00:00Z,34,LR,5570,2727,Lenovo Tenerife,Casademont Zaragoza,28,16,92,69,local,Txus Vidorreta,Porfirio Fisac,25,17,5,21,7,28,8,20,30,0.6667,14,34,0.4118,7,0,10,14,0.7143,106,21,16,11,22,6,28,2,18,39,0.4615,8,20,0.4,0,7,9,10,0.9,83
103240,2022-23,2023-05-24T18:30:00Z,34,LR,5570,2727,Real Madrid,Real Betis Baloncesto,9,15,79,77,local,Chus Mateo,Luis Casimiro,16,19,10,33,13,46,5,19,33,0.5758,6,35,0.1714,2,7,23,28,0.8214,99,17,25,5,24,8,32,7,19,42,0.4524,8,32,0.25,7,2,15,17,0.8824,67
103241,2022-23,2023-05-24T18:30:00Z,34,LR,5570,2727,Barça,UCAM Murcia,2,12,86,57,local,Sarunas Jasikevicius ,Sito Alonso,24,18,11,27,6,33,4,22,34,0.6471,7,22,0.3182,1,3,21,27,0.7778,114,7,28,10,20,10,30,4,14,37,0.3784,7,30,0.2333,3,1,8,10,0.8,27
103242,2022-23,2023-05-14T18:00:00Z,33,LR,5561,297,Carplus Fuenlabrada,Valencia Basket,17,13,75,93,visitante,Oscar Quintana,Álex Mumbrú,17,21,24,18,6,24,3,17,31,0.5484,11,23,0.4783,1,4,8,14,0.5714,62,22,17,12,17,14,31,18,27,47,0.5745,8,23,0.3478,4,3,15,22,0.6818,113
103243,2022-23,2023-05-14T11:30:00Z,33,LR,5561,297,Gran Canaria,Real Madrid,5,9,67,95,visitante,Jaka Lakovic,Chus Mateo,11,18,16,17,9,26,9,13,30,0.4333,9,28,0.3214,2,1,14,16,0.875,57,25,19,14,22,5,27,10,20,28,0.7143,14,30,0.4667,1,2,13,14,0.9286,118
103244,2022-23,2023-05-14T16:30:00Z,33,LR,5561,297,Cazoo Baskonia,Barça,3,2,84,91,visitante,Joan Peñarroya,Sarunas Jasikevicius ,16,21,6,15,7,22,5,21,34,0.6176,8,26,0.3077,3,3,18,23,0.7826,87,21,23,10,22,9,31,3,19,32,0.5938,13,28,0.4643,3,3,14,19,0.7368,101
103245,2022-23,2023-05-14T15:00:00Z,33,LR,5561,297,Joventut Badalona,Monbus Obradoiro,8,57,96,85,local,Carles Duran,Moncho Fernández,16,21,8,24,10,34,4,27,40,0.675,8,26,0.3077,2,4,18,24,0.75,111,15,26,9,18,11,29,1,16,36,0.4444,12,30,0.4,4,2,17,21,0.8095,72
103246,2022-23,2023-05-14T10:30:00Z,33,LR,5561,297,Río Breogán,BAXI Manresa,25,10,81,82,visitante,Veljko Mrsic,Pedro Martínez,16,19,12,21,12,33,9,22,43,0.5116,10,25,0.4,4,2,7,17,0.4118,80,16,20,16,24,16,40,4,25,50,0.5,8,19,0.4211,2,4,8,16,0.5,83
103247,2022-23,2023-05-21T10:30:00Z,33,LR,5561,298,Unicaja,Lenovo Tenerife,14,28,75,71,local,Ibon Navarro,Txus Vidorreta,17,20,14,14,7,21,11,17,36,0.4722,10,23,0.4348,3,0,11,13,0.8462,70,15,17,20,22,8,30,5,18,27,0.6667,7,22,0.3182,0,3,14,20,0.7,77
103248,2022-23,2023-05-14T10:00:00Z,33,LR,5561,297,UCAM Murcia,Surne Bilbao Basket,12,4,67,55,local,Sito Alonso,Jaume Ponsarnau,18,21,10,31,4,35,9,12,29,0.4138,10,32,0.3125,5,3,13,16,0.8125,75,11,21,15,33,7,40,6,17,38,0.4474,4,22,0.1818,3,5,9,16,0.5625,53
103249,2022-23,2023-05-13T16:00:00Z,33,LR,5561,297,Casademont Zaragoza,Bàsquet Girona,16,591,88,95,visitante,Porfirio Fisac,Aíto G. Reneses,16,20,14,27,15,42,10,26,48,0.5417,8,39,0.2051,4,7,12,17,0.7059,86,19,20,16,32,9,41,7,19,39,0.4872,11,37,0.2973,7,4,24,26,0.9231,95
103250,2022-23,2023-05-12T19:00:00Z,32,LR,5538,297,Valencia Basket,Real Madrid,13,9,68,79,visitante,Álex Mumbrú,Chus Mateo,13,20,8,19,7,26,7,21,39,0.5385,6,28,0.2143,5,3,8,14,0.5714,55,21,18,12,29,7,36,5,20,35,0.5714,10,27,0.3704,3,5,9,13,0.6923,97
103251,2022-23,2023-04-30T16:30:00Z,30,LR,5540,266,Unicaja,Joventut Badalona,14,8,78,69,local,Ibon Navarro,Carles Duran,19,21,7,23,7,30,7,22,47,0.4681,7,23,0.3043,2,3,13,16,0.8125,83,10,20,15,29,7,36,5,23,44,0.5227,2,14,0.1429,3,2,17,20,0.85,69
103252,2022-23,2023-04-30T15:00:00Z,30,LR,5540,266,Real Betis Baloncesto,Barça,15,2,77,85,visitante,Luis Casimiro,Sarunas Jasikevicius ,14,13,6,25,14,39,6,25,50,0.5,5,18,0.2778,2,2,12,17,0.7059,91,21,17,8,21,10,31,3,18,36,0.5,14,33,0.4242,2,2,7,9,0.7778,89
103253,2022-23,2023-04-30T11:00:00Z,30,LR,5540,266,Gran Canaria,Bàsquet Girona,5,591,78,73,local,Jaka Lakovic,Aíto G. Reneses,15,14,11,26,12,38,7,16,35,0.4571,11,32,0.3438,2,2,13,18,0.7222,89,15,21,13,26,9,35,6,20,38,0.5263,9,25,0.36,2,3,6,10,0.6,72
103254,2022-23,2023-04-19T17:00:00Z,28,LR,5542,267,Cazoo Baskonia,Monbus Obradoiro,3,57,110,94,local,Joan Peñarroya,Moncho Fernández,25,24,7,20,6,26,7,21,32,0.6562,17,34,0.5,4,4,17,21,0.8095,125,16,20,12,21,11,32,3,16,27,0.5926,15,33,0.4545,4,4,17,24,0.7083,100
103255,2022-23,2023-04-04T19:00:00Z,28,LR,5542,269,Gran Canaria,Joventut Badalona,5,8,100,88,local,Víctor García,Carles Duran,18,22,8,24,12,36,7,20,43,0.4651,14,25,0.56,2,4,18,29,0.6207,113,15,26,10,25,10,35,6,21,44,0.4773,10,23,0.4348,4,2,16,21,0.7619,86
103256,2022-23,2023-04-19T18:00:00Z,28,LR,5542,267,Real Madrid,Bàsquet Girona,9,591,89,70,local,Chus Mateo,Aíto G. Reneses,24,18,14,32,5,37,7,15,26,0.5769,16,34,0.4706,3,4,11,12,0.9167,112,20,16,9,20,6,26,11,23,46,0.5,5,22,0.2273,4,3,9,15,0.6,73
103257,2022-23,2023-04-16T18:00:00Z,27,LR,5543,268,Valencia Basket,Real Betis Baloncesto,13,15,87,81,local,Álex Mumbrú,Luis Casimiro,15,19,10,19,15,34,10,13,34,0.3824,14,33,0.4242,1,3,19,27,0.7037,95,16,24,17,24,10,34,6,21,32,0.6562,9,31,0.2903,3,1,12,12,1.0,80
103258,2022-23,2023-04-16T16:30:00Z,27,LR,5543,268,Barça,Real Madrid,2,9,97,82,local,Sarunas Jasikevicius ,Chus Mateo,21,21,12,25,14,39,5,25,38,0.6579,9,26,0.3462,2,4,20,26,0.7692,122,9,28,10,17,7,24,8,26,43,0.6047,4,17,0.2353,3,2,18,24,0.75,69
103259,2022-23,2023-04-16T15:00:00Z,27,LR,5543,268,BAXI Manresa,Coviran Granada,10,592,86,77,local,Pedro Martínez,Pablo Pin,21,23,16,23,11,34,7,21,40,0.525,8,24,0.3333,2,4,20,29,0.6897,93,14,26,17,24,15,39,10,20,40,0.5,6,28,0.2143,4,2,19,30,0.6333,65
103260,2022-23,2023-04-16T11:00:00Z,27,LR,5543,268,Lenovo Tenerife,Cazoo Baskonia,28,3,83,81,local,Txus Vidorreta,Joan Peñarroya,16,21,11,24,15,39,3,27,51,0.5294,6,19,0.3158,5,0,11,15,0.7333,79,19,16,8,21,13,34,5,19,31,0.6129,8,33,0.2424,0,5,19,25,0.76,98
103261,2022-23,2023-04-16T10:30:00Z,27,LR,5543,268,UCAM Murcia,Casademont Zaragoza,12,16,79,74,local,Sito Alonso,Porfirio Fisac,18,26,11,20,11,31,7,16,38,0.4211,13,34,0.3824,3,5,8,9,0.8889,74,12,18,12,26,10,36,5,20,41,0.4878,5,19,0.2632,4,3,19,26,0.7308,80
103262,2022-23,2023-04-15T18:45:00Z,27,LR,5543,268,Gran Canaria,Río Breogán,5,25,77,66,local,Jaka Lakovic,Veljko Mrsic,17,21,19,21,11,32,3,18,29,0.6207,11,29,0.3793,3,4,8,10,0.8,77,15,18,14,13,8,21,12,16,38,0.4211,8,22,0.3636,4,3,10,15,0.6667,61
103263,2022-23,2023-04-15T18:45:00Z,27,LR,5543,268,Joventut Badalona,Bàsquet Girona,8,591,92,64,local,Carles Duran,Aíto G. Reneses,20,14,14,38,6,44,6,18,26,0.6923,10,27,0.3704,1,2,26,29,0.8966,131,13,25,9,20,7,27,9,21,36,0.5833,6,36,0.1667,2,1,4,7,0.5714,44
103264,2022-23,2023-04-15T16:00:00Z,27,LR,5543,268,Carplus Fuenlabrada,Surne Bilbao Basket,17,4,77,71,local,Oscar Quintana,Jaume Ponsarnau,16,20,15,28,6,34,12,19,36,0.5278,7,26,0.2692,2,0,18,23,0.7826,82,18,21,18,26,12,38,7,19,34,0.5588,9,31,0.2903,0,2,6,16,0.375,70
103265,2022-23,2023-04-15T16:00:00Z,27,LR,5543,268,Unicaja,Monbus Obradoiro,14,57,99,89,local,Ibon Navarro,Moncho Fernández,20,20,12,21,10,31,8,21,37,0.5676,13,27,0.4815,6,5,18,22,0.8182,109,15,18,13,15,4,19,7,18,32,0.5625,13,26,0.5,5,6,14,18,0.7778,89
103266,2022-23,2023-04-09T18:00:00Z,26,LR,5544,269,Cazoo Baskonia,BAXI Manresa,3,10,107,92,local,Joan Peñarroya,Pedro Martínez,24,17,13,20,8,28,8,19,25,0.76,17,42,0.4048,2,3,18,24,0.75,125,14,24,15,24,5,29,5,31,48,0.6458,5,16,0.3125,3,2,15,20,0.75,84
103267,2022-23,2023-04-09T16:30:00Z,26,LR,5544,269,Joventut Badalona,Valencia Basket,8,13,85,70,local,Carles Duran,Álex Mumbrú,15,17,9,30,8,38,9,24,43,0.5581,7,21,0.3333,4,0,16,18,0.8889,101,10,19,10,25,7,32,4,15,32,0.4688,9,30,0.3,0,4,13,18,0.7222,65
103268,2022-23,2023-04-09T15:00:00Z,26,LR,5544,269,Surne Bilbao Basket,Barça,4,2,82,80,local,Jaume Ponsarnau,Sarunas Jasikevicius ,12,19,12,18,10,28,5,18,35,0.5143,9,22,0.4091,0,4,19,27,0.7037,85,20,23,14,19,10,29,4,13,31,0.4194,13,28,0.4643,4,0,15,19,0.7895,74
103269,2022-23,2023-04-26T17:00:00Z,28,LR,5542,266,Surne Bilbao Basket,Lenovo Tenerife,4,28,60,83,visitante,Jaume Ponsarnau,Txus Vidorreta,12,18,14,16,2,18,8,13,30,0.4333,7,24,0.2917,4,0,13,17,0.7647,44,20,20,16,29,10,39,9,27,37,0.7297,4,21,0.1905,0,4,17,21,0.8095,106
103270,2022-23,2023-04-19T19:30:00Z,28,LR,5542,267,Coviran Granada,Barça,592,2,55,70,visitante,Pablo Pin,Sarunas Jasikevicius ,6,17,10,19,10,29,10,14,39,0.359,5,22,0.2273,2,3,12,20,0.6,45,19,22,18,34,10,44,6,21,33,0.6364,7,30,0.2333,3,2,7,13,0.5385,74
103271,2022-23,2023-04-19T18:30:00Z,28,LR,5542,267,UCAM Murcia,Valencia Basket,12,13,90,82,local,Sito Alonso,Álex Mumbrú,20,20,7,26,8,34,3,19,30,0.6333,14,36,0.3889,0,4,10,16,0.625,105,14,20,11,23,16,39,5,16,35,0.4571,11,38,0.2895,4,0,17,17,1.0,79
103272,2022-23,2023-04-20T18:00:00Z,28,LR,5542,267,Real Betis Baloncesto,Carplus Fuenlabrada,15,17,87,77,local,Luis Casimiro,Oscar Quintana,15,17,15,21,19,40,13,27,53,0.5094,7,21,0.3333,3,0,12,22,0.5455,93,16,23,18,21,8,29,9,23,36,0.6389,7,24,0.2917,0,3,10,13,0.7692,77
103273,2022-23,2023-04-30T10:30:00Z,30,LR,5540,266,Real Madrid,Casademont Zaragoza,9,16,93,86,local,Chus Mateo,Porfirio Fisac,15,15,12,20,13,33,13,21,43,0.4884,11,28,0.3929,3,3,18,27,0.6667,101,17,22,17,27,4,31,6,22,37,0.5946,11,26,0.4231,2,3,9,10,0.9,86
103274,2022-23,2023-04-29T18:45:00Z,30,LR,5540,266,Surne Bilbao Basket,BAXI Manresa,4,10,80,76,local,Jaume Ponsarnau,Pedro Martínez,9,19,20,28,12,40,7,16,30,0.5333,11,32,0.3438,0,3,15,17,0.8824,83,16,20,11,19,10,29,12,27,53,0.5094,2,16,0.125,3,1,16,20,0.8,74
103275,2022-23,2023-04-29T18:45:00Z,30,LR,5540,266,Valencia Basket,Monbus Obradoiro,13,57,87,78,local,Álex Mumbrú,Moncho Fernández,14,17,13,18,10,28,14,22,34,0.6471,8,27,0.2963,2,3,19,20,0.95,101,17,19,17,18,7,25,6,18,30,0.6,11,32,0.3438,3,2,9,10,0.9,72
103276,2022-23,2023-04-29T16:00:00Z,30,LR,5540,266,Coviran Granada,Lenovo Tenerife,592,28,73,82,visitante,Pablo Pin,Txus Vidorreta,14,22,13,27,7,34,7,27,46,0.587,4,21,0.1905,2,3,7,8,0.875,70,20,13,10,22,7,29,7,16,29,0.5517,11,31,0.3548,3,2,17,24,0.7083,96
103277,2022-23,2023-04-29T16:00:00Z,30,LR,5540,266,UCAM Murcia,Carplus Fuenlabrada,12,17,83,64,local,Sito Alonso,Oscar Quintana,11,30,18,32,17,49,9,23,43,0.5349,9,35,0.2571,2,2,10,16,0.625,71,15,20,18,28,5,33,10,16,41,0.3902,3,12,0.25,2,2,23,37,0.6216,65
103278,2022-23,2023-04-23T18:00:00Z,29,LR,5541,267,Carplus Fuenlabrada,Cazoo Baskonia,17,3,93,112,visitante,Oscar Quintana,Joan Peñarroya,17,22,16,20,8,28,7,27,44,0.6136,8,17,0.4706,1,6,15,24,0.625,100,26,23,12,23,10,33,8,20,35,0.5714,19,35,0.5429,6,1,15,20,0.75,125
103279,2022-23,2023-04-23T16:00:00Z,29,LR,5541,267,Joventut Badalona,Real Madrid,8,9,76,86,visitante,Carles Duran,Chus Mateo,16,21,15,25,8,33,6,18,43,0.4186,7,17,0.4118,0,1,19,25,0.76,77,14,24,10,27,5,32,10,23,40,0.575,8,25,0.32,1,0,16,18,0.8889,91
103280,2022-23,2023-01-28T16:30:00Z,18,LR,5552,279,Carplus Fuenlabrada,Lenovo Tenerife,17,28,67,95,visitante,Oscar Quintana,Txus Vidorreta,16,21,13,19,8,27,4,16,39,0.4103,7,20,0.35,2,3,14,18,0.7778,56,21,16,5,21,10,31,7,23,34,0.6765,13,35,0.3714,3,2,10,16,0.625,114
103281,2022-23,2023-04-23T15:00:00Z,29,LR,5541,267,Monbus Obradoiro,Real Betis Baloncesto,57,15,67,82,visitante,Moncho Fernández,Luis Casimiro,12,25,14,24,15,39,5,15,31,0.4839,9,34,0.2647,3,2,10,15,0.6667,53,16,16,8,25,11,36,10,14,33,0.4242,10,26,0.3846,2,3,24,31,0.7742,104
103282,2022-23,2023-04-23T11:00:00Z,29,LR,5541,267,Lenovo Tenerife,Río Breogán,28,25,85,67,local,Txus Vidorreta,Veljko Mrsic,22,20,14,25,9,34,6,27,37,0.7297,9,26,0.3462,2,3,4,6,0.6667,101,15,16,8,15,16,31,8,20,57,0.3509,6,13,0.4615,3,2,9,15,0.6,65
103283,2022-23,2023-04-23T10:30:00Z,29,LR,5541,267,BAXI Manresa,UCAM Murcia,10,12,93,83,local,Pedro Martínez,Sito Alonso,22,19,5,26,11,37,4,24,42,0.5714,9,31,0.2903,4,1,18,24,0.75,103,18,21,10,29,8,37,3,21,38,0.5526,10,36,0.2778,1,4,11,14,0.7857,86
103284,2022-23,2023-04-22T18:45:00Z,29,LR,5541,267,Barça,Gran Canaria,2,5,87,79,local,Sarunas Jasikevicius ,Jaka Lakovic,20,19,11,24,12,36,5,19,33,0.5758,10,27,0.3704,2,1,19,20,0.95,107,15,22,9,18,7,25,9,15,33,0.4545,12,23,0.5217,1,2,13,20,0.65,81
103285,2022-23,2023-04-22T18:45:00Z,29,LR,5541,267,Valencia Basket,Surne Bilbao Basket,13,4,95,88,local,Álex Mumbrú,Jaume Ponsarnau,17,17,11,24,12,36,7,20,35,0.5714,13,30,0.4333,2,3,16,17,0.9412,112,19,17,8,16,8,24,6,21,42,0.5,12,23,0.5217,3,2,10,15,0.6667,91
103286,2022-23,2023-04-22T16:00:00Z,29,LR,5541,267,Bàsquet Girona,Coviran Granada,591,592,88,73,local,Aíto G. Reneses,Pablo Pin,19,19,16,28,10,38,7,23,33,0.697,12,33,0.3636,0,7,6,11,0.5455,105,18,17,12,19,10,29,7,13,32,0.4062,9,32,0.2812,7,0,20,28,0.7143,60
103287,2022-23,2023-04-26T19:30:00Z,28,LR,5542,266,Casademont Zaragoza,BAXI Manresa,16,10,99,88,local,Porfirio Fisac,Pedro Martínez,23,17,11,29,4,33,8,29,47,0.617,8,18,0.4444,3,0,17,30,0.5667,117,16,26,18,26,9,35,6,24,43,0.5581,11,33,0.3333,0,3,7,9,0.7778,78
103288,2022-23,2023-04-20T18:30:00Z,28,LR,5542,267,Río Breogán,Unicaja,25,14,74,90,visitante,Veljko Mrsic,Ibon Navarro,11,18,15,18,11,29,5,22,37,0.5946,6,23,0.2609,2,1,12,18,0.6667,66,18,19,8,21,11,32,12,26,47,0.5532,10,22,0.4545,1,2,8,13,0.6154,106
103289,2022-23,2023-04-23T15:00:00Z,29,LR,5541,267,Casademont Zaragoza,Unicaja,16,14,70,74,visitante,Porfirio Fisac,Ibon Navarro,19,15,14,26,5,31,6,19,38,0.5,6,17,0.3529,2,3,14,22,0.6364,81,12,21,13,24,11,35,10,21,37,0.5676,7,30,0.2333,3,2,11,13,0.8462,70
103290,2022-23,2023-01-28T17:00:00Z,18,LR,5552,279,Río Breogán,Coviran Granada,25,592,99,67,local,Veljko Mrsic,Pablo Pin,27,20,6,22,8,30,13,34,49,0.6939,8,26,0.3077,0,2,7,9,0.7778,121,14,12,23,21,5,26,3,19,35,0.5429,5,17,0.2941,2,1,14,18,0.7778,62
103291,2022-23,2023-01-22T16:30:00Z,17,LR,5553,281,Real Madrid,Río Breogán,9,25,91,73,local,Chus Mateo,Veljko Mrsic,17,16,15,24,8,32,10,21,38,0.5526,11,23,0.4783,2,6,16,22,0.7273,111,17,23,15,22,12,34,11,25,50,0.5,6,21,0.2857,6,2,5,8,0.625,65
103292,2022-23,2023-01-22T17:30:00Z,17,LR,5553,281,Joventut Badalona,Gran Canaria,8,5,75,91,visitante,Carles Duran,Jaka Lakovic,9,21,14,22,8,30,4,24,44,0.5455,3,16,0.1875,0,2,18,22,0.8182,70,16,22,12,24,19,43,7,24,41,0.5854,10,36,0.2778,2,0,13,20,0.65,92
103293,2022-23,2022-11-05T17:00:00Z,7,LR,5560,291,Carplus Fuenlabrada,BAXI Manresa,17,10,101,97,local,José Luis Pichel,Pedro Martínez,22,19,10,17,14,31,8,29,47,0.617,6,16,0.375,1,1,25,33,0.7576,123,20,26,12,17,9,26,5,26,42,0.619,11,30,0.3667,1,1,12,13,0.9231,93
103294,2022-23,2022-10-30T20:00:00Z,6,LR,5559,292,Surne Bilbao Basket,Cazoo Baskonia,4,3,70,81,visitante,Jaume Ponsarnau,Joan Peñarroya,14,21,15,25,5,30,7,15,33,0.4545,9,24,0.375,1,4,13,22,0.5909,67,22,24,13,21,10,31,12,17,35,0.4857,11,28,0.3929,3,1,14,20,0.7,87
103295,2022-23,2022-10-30T17:30:00Z,6,LR,5559,292,Valencia Basket,Barça,13,2,80,92,visitante,Álex Mumbrú,Sarunas Jasikevicius ,15,18,15,20,8,28,5,17,31,0.5484,9,29,0.3103,0,2,19,21,0.9048,81,19,20,11,20,11,31,5,21,45,0.4667,13,24,0.5417,1,0,11,14,0.7857,95
103296,2022-23,2022-10-30T18:15:00Z,6,LR,5559,292,Bàsquet Girona,UCAM Murcia,591,12,100,89,local,Aíto G. Reneses,Sito Alonso,18,20,15,28,11,39,5,13,34,0.3824,15,27,0.5556,1,1,29,38,0.7632,112,14,29,13,20,9,29,7,17,32,0.5312,12,35,0.3429,1,1,19,23,0.8261,74
103297,2022-23,2022-10-30T11:30:00Z,6,LR,5559,292,Unicaja,Real Betis Baloncesto,14,15,106,60,local,Ibon Navarro,Luis Casimiro,25,20,13,31,9,40,9,28,37,0.7568,8,22,0.3636,0,4,26,34,0.7647,148,9,28,13,13,8,21,7,17,35,0.4857,6,29,0.2069,4,0,8,13,0.6154,26
103298,2022-23,2022-10-30T11:30:00Z,6,LR,5559,292,Real Madrid,Carplus Fuenlabrada,9,17,91,69,local,Chus Mateo,José Luis Pichel,25,19,14,30,14,44,6,19,39,0.4872,12,27,0.4444,2,5,17,21,0.8095,119,16,22,10,18,8,26,4,20,44,0.4545,6,22,0.2727,5,2,11,12,0.9167,58
103299,2022-23,2022-10-29T18:45:00Z,6,LR,5559,292,Gran Canaria,Lenovo Tenerife,5,28,70,86,visitante,Jaka Lakovic,Txus Vidorreta,10,23,10,13,5,18,4,17,36,0.4722,7,22,0.3182,0,3,15,20,0.75,58,17,25,11,23,8,31,6,26,41,0.6341,4,12,0.3333,3,0,22,29,0.7586,94
103300,2022-23,2022-10-29T18:45:00Z,6,LR,5559,292,Joventut Badalona,Casademont Zaragoza,8,16,89,84,local,Carles Duran,Porfirio Fisac,19,18,13,25,11,36,9,22,44,0.5,7,27,0.2593,2,0,24,26,0.9231,102,17,26,18,26,12,38,6,21,44,0.4773,10,28,0.3571,0,2,12,16,0.75,75
103301,2022-23,2022-10-29T16:00:00Z,6,LR,5559,292,BAXI Manresa,Río Breogán,10,25,70,106,visitante,Pedro Martínez,Veljko Mrsic,21,23,16,15,8,23,4,20,34,0.5882,7,27,0.2593,3,0,9,17,0.5294,54,27,20,9,27,9,36,9,27,40,0.675,10,24,0.4167,0,3,22,26,0.8462,144
103302,2022-23,2022-10-29T16:00:00Z,6,LR,5559,292,Coviran Granada,Monbus Obradoiro,592,57,93,89,local,Pablo Pin,Moncho Fernández,15,14,11,16,10,26,11,21,38,0.5526,12,22,0.5455,7,0,15,23,0.6522,98,19,20,18,18,8,26,5,19,29,0.6552,14,31,0.4516,0,7,9,12,0.75,92
103303,2022-23,2022-10-23T17:15:00Z,5,LR,5558,293,Cazoo Baskonia,Real Madrid,3,9,88,82,local,Joan Peñarroya,Chus Mateo,18,19,8,24,3,27,7,18,29,0.6207,13,34,0.3824,3,2,13,17,0.7647,96,17,21,12,28,10,38,6,25,47,0.5319,7,23,0.3043,2,3,11,13,0.8462,90
103304,2022-23,2022-10-23T16:30:00Z,5,LR,5558,293,Joventut Badalona,Unicaja,8,14,74,65,local,Carles Duran,Ibon Navarro,20,17,11,29,7,36,2,28,40,0.7,3,15,0.2,0,2,9,18,0.5,89,17,16,5,14,9,23,6,16,35,0.4571,8,34,0.2353,2,0,9,12,0.75,57
103305,2022-23,2022-10-23T15:00:00Z,5,LR,5558,293,Monbus Obradoiro,Valencia Basket,57,13,98,103,visitante,Moncho Fernández,Álex Mumbrú,17,22,18,23,9,32,5,22,32,0.6875,11,30,0.3667,1,6,21,29,0.7241,101,20,21,11,23,10,33,11,24,45,0.5333,11,28,0.3929,6,1,22,23,0.9565,113
103306,2022-23,2022-10-23T10:30:00Z,5,LR,5558,293,Barça,Lenovo Tenerife,2,28,67,65,local,Sarunas Jasikevicius ,Txus Vidorreta,14,22,16,34,10,44,5,16,35,0.4571,8,24,0.3333,0,1,11,18,0.6111,73,11,22,10,23,7,30,10,15,32,0.4688,9,33,0.2727,1,0,8,14,0.5714,58
103307,2022-23,2022-10-23T10:30:00Z,5,LR,5558,293,Real Betis Baloncesto,Bàsquet Girona,15,591,71,79,visitante,Luis Casimiro,Aíto G. Reneses,11,19,14,22,8,30,9,11,27,0.4074,14,43,0.3256,6,0,7,13,0.5385,42,20,11,17,31,8,39,6,26,39,0.6667,7,23,0.3043,0,6,6,11,0.5455,106
103308,2022-23,2022-11-05T19:45:00Z,7,LR,5560,291,Monbus Obradoiro,Gran Canaria,57,5,58,85,visitante,Moncho Fernández,Jaka Lakovic,14,20,10,21,6,27,6,12,34,0.3529,6,26,0.2308,2,5,16,21,0.7619,52,25,21,8,34,8,42,3,19,35,0.5429,11,27,0.4074,5,2,14,20,0.7,105
103309,2022-23,2022-10-22T18:45:00Z,5,LR,5558,293,Gran Canaria,Coviran Granada,5,592,94,76,local,Jaka Lakovic,Pablo Pin,24,21,14,20,7,27,7,17,27,0.6296,15,38,0.3947,1,2,15,22,0.6818,98,14,21,24,21,12,33,7,18,36,0.5,7,24,0.2917,2,1,19,23,0.8261,66
103310,2022-23,2022-11-05T19:45:00Z,7,LR,5560,291,UCAM Murcia,Joventut Badalona,12,8,88,76,local,Sito Alonso,Carles Duran,18,22,12,25,11,36,3,20,38,0.5263,10,23,0.4348,0,5,18,22,0.8182,105,15,25,8,16,16,32,6,25,48,0.5208,4,22,0.1818,5,0,14,20,0.7,64
103311,2022-23,2022-11-06T12:00:00Z,7,LR,5560,291,Lenovo Tenerife,Surne Bilbao Basket,28,4,73,57,local,Txus Vidorreta,Jaume Ponsarnau,13,18,10,22,8,30,6,21,40,0.525,7,26,0.2692,4,5,10,13,0.7692,75,11,21,11,25,13,38,5,17,52,0.3269,4,19,0.2105,4,4,11,13,0.8462,45
103312,2022-23,2022-11-26T18:30:00Z,9,LR,5569,288,Río Breogán,Lenovo Tenerife,25,28,61,86,visitante,Veljko Mrsic,Txus Vidorreta,9,20,11,16,12,28,6,18,39,0.4615,5,24,0.2083,3,3,10,15,0.6667,45,16,17,13,23,11,34,5,18,30,0.6,13,29,0.4483,3,4,11,14,0.7857,101
103313,2022-23,2022-11-26T17:00:00Z,9,LR,5569,288,Carplus Fuenlabrada,Joventut Badalona,17,8,81,85,visitante,José Luis Pichel,Carles Duran,24,17,11,19,4,23,7,25,35,0.7143,8,25,0.32,1,2,7,13,0.5385,90,22,15,12,21,5,26,6,20,38,0.5263,12,23,0.5217,2,1,9,12,0.75,96
103314,2022-23,2022-11-20T19:00:00Z,8,LR,5562,289,Coviran Granada,Río Breogán,592,25,80,70,local,Pablo Pin,Veljko Mrsic,21,21,12,21,12,33,9,23,44,0.5227,8,25,0.32,3,5,10,16,0.625,86,14,19,18,21,15,36,8,18,39,0.4615,7,28,0.25,5,3,13,17,0.7647,64
103315,2022-23,2022-11-20T17:30:00Z,8,LR,5562,289,Joventut Badalona,Barça,8,2,82,79,local,Carles Duran,Sarunas Jasikevicius ,19,20,11,17,9,26,8,25,38,0.6579,4,22,0.1818,1,2,20,26,0.7692,92,16,26,15,17,8,25,6,18,27,0.6667,9,30,0.3,2,1,16,16,1.0,74
103316,2022-23,2022-11-20T16:00:00Z,8,LR,5562,289,BAXI Manresa,Cazoo Baskonia,10,3,93,80,local,Pedro Martínez,Joan Peñarroya,16,26,14,17,9,26,12,27,45,0.6,8,22,0.3636,0,3,15,19,0.7895,91,16,17,20,19,20,39,7,17,40,0.425,7,26,0.2692,3,0,25,30,0.8333,81
103317,2022-23,2022-11-20T11:30:00Z,8,LR,5562,289,Surne Bilbao Basket,Carplus Fuenlabrada,4,17,109,82,local,Jaume Ponsarnau,José Luis Pichel,20,25,11,24,8,32,9,24,34,0.7059,12,26,0.4615,0,6,25,30,0.8333,134,18,25,13,16,9,25,3,23,47,0.4894,7,20,0.35,5,1,15,20,0.75,69
103318,2022-23,2022-11-20T11:30:00Z,8,LR,5562,289,Real Madrid,UCAM Murcia,9,12,93,57,local,Chus Mateo,Sito Alonso,20,17,8,30,6,36,7,20,40,0.5,14,30,0.4667,1,7,11,13,0.8462,114,8,15,14,25,8,33,4,19,46,0.413,3,19,0.1579,7,2,10,11,0.9091,41
103319,2022-23,2022-11-19T19:45:00Z,8,LR,5562,289,Bàsquet Girona,Gran Canaria,591,5,69,78,visitante,Aíto G. Reneses,Jaka Lakovic,14,20,14,32,10,42,4,21,47,0.4468,5,25,0.2,6,5,12,17,0.7059,60,14,17,13,33,7,40,9,15,33,0.4545,11,32,0.3438,5,6,15,22,0.6818,85
103320,2022-23,2022-11-19T19:45:00Z,8,LR,5562,289,Lenovo Tenerife,Valencia Basket,28,13,94,78,local,Txus Vidorreta,Álex Mumbrú,18,21,12,20,11,31,6,21,34,0.6176,10,24,0.4167,4,2,22,25,0.88,104,14,20,14,14,10,24,7,14,34,0.4118,11,23,0.4783,2,5,17,19,0.8947,79
103321,2022-23,2022-11-19T17:00:00Z,8,LR,5562,289,Monbus Obradoiro,Unicaja,57,14,86,87,visitante,Moncho Fernández,Ibon Navarro,20,29,19,19,7,26,4,14,30,0.4667,14,31,0.4516,3,2,16,18,0.8889,74,10,23,13,18,8,26,10,25,38,0.6579,3,22,0.1364,2,3,28,32,0.875,90
103322,2022-23,2022-11-19T17:00:00Z,8,LR,5562,289,Real Betis Baloncesto,Casademont Zaragoza,15,16,67,83,visitante,Luis Casimiro,Porfirio Fisac,14,17,12,19,12,31,8,10,25,0.4,14,40,0.35,5,2,5,7,0.7143,61,19,16,13,27,8,35,8,15,27,0.5556,14,29,0.4828,2,6,11,16,0.6875,105
103323,2022-23,2022-11-06T16:00:00Z,7,LR,5560,291,Cazoo Baskonia,Real Betis Baloncesto,3,15,107,103,local,Joan Peñarroya,Luis Casimiro,25,21,11,27,9,36,8,20,37,0.5405,14,28,0.5,5,2,25,37,0.6757,128,21,30,11,22,9,31,7,19,36,0.5278,16,37,0.4324,2,5,17,22,0.7727,102
103324,2022-23,2022-11-06T17:30:00Z,7,LR,5560,291,Casademont Zaragoza,Real Madrid,16,9,94,89,local,Porfirio Fisac,Chus Mateo,22,26,14,23,11,34,13,24,44,0.5455,8,23,0.3478,2,3,22,27,0.8148,109,8,25,17,26,12,38,10,15,31,0.4839,10,34,0.2941,3,2,29,31,0.9355,86
103325,2022-23,2022-11-06T19:00:00Z,7,LR,5560,291,Río Breogán,Valencia Basket,25,13,83,88,visitante,Veljko Mrsic,Álex Mumbrú,18,19,11,17,6,23,7,20,34,0.5882,12,23,0.5217,2,1,7,16,0.4375,86,18,21,13,19,13,32,3,20,33,0.6061,13,34,0.3824,1,2,9,12,0.75,90
103326,2022-23,2022-11-06T16:00:00Z,7,LR,5560,291,Barça,Bàsquet Girona,2,591,72,69,local,Sarunas Jasikevicius ,Aíto G. Reneses,19,17,16,22,14,36,9,20,38,0.5263,8,26,0.3077,5,2,8,15,0.5333,72,15,16,17,24,9,33,8,19,40,0.475,7,19,0.3684,2,5,10,15,0.6667,73
103327,2022-23,2022-11-06T11:30:00Z,7,LR,5560,291,Unicaja,Coviran Granada,14,592,94,68,local,Ibon Navarro,Pablo Pin,18,18,10,25,8,33,10,23,37,0.6216,11,34,0.3235,3,1,15,21,0.7143,101,13,19,20,26,8,34,4,20,37,0.5405,7,27,0.2593,1,3,7,10,0.7,60
103328,2022-23,2022-10-22T18:45:00Z,5,LR,5558,293,Casademont Zaragoza,Carplus Fuenlabrada,16,17,79,82,visitante,Porfirio Fisac,José Luis Pichel,15,18,8,20,13,33,1,22,42,0.5238,6,21,0.2857,3,5,17,24,0.7083,82,15,20,7,21,8,29,6,27,45,0.6,6,18,0.3333,5,3,10,18,0.5556,83
103329,2022-23,2022-10-22T16:00:00Z,5,LR,5558,293,Río Breogán,Surne Bilbao Basket,25,4,86,70,local,Veljko Mrsic,Jaume Ponsarnau,19,22,9,29,10,39,4,25,41,0.6098,8,27,0.2963,1,6,12,14,0.8571,101,20,16,9,21,13,34,6,18,44,0.4091,5,22,0.2273,6,1,19,26,0.7308,72
103330,2022-23,2022-10-22T16:00:00Z,5,LR,5558,293,UCAM Murcia,BAXI Manresa,12,10,96,83,local,Sito Alonso,Pedro Martínez,13,27,15,18,14,32,11,20,36,0.5556,11,32,0.3438,1,3,23,26,0.8846,101,11,29,21,18,10,28,9,18,35,0.5143,8,19,0.4211,3,1,23,31,0.7419,70
103331,2022-23,2022-10-08T18:45:00Z,3,LR,5555,295,Joventut Badalona,Río Breogán,8,25,85,66,local,Carles Duran,Veljko Mrsic,13,17,6,28,18,46,9,22,49,0.449,9,27,0.3333,1,1,14,19,0.7368,105,15,25,13,23,11,34,5,15,33,0.4545,7,28,0.25,1,1,15,18,0.8333,57
103332,2022-23,2022-10-08T18:45:00Z,3,LR,5555,295,Gran Canaria,Casademont Zaragoza,5,16,88,72,local,Jaka Lakovic,Martin Schiller,13,25,14,19,8,27,8,19,31,0.6129,11,25,0.44,3,2,17,25,0.68,86,11,26,19,15,9,24,7,18,32,0.5625,7,20,0.35,2,3,15,28,0.5357,55
103333,2022-23,2022-10-09T10:30:00Z,3,LR,5555,295,UCAM Murcia,Coviran Granada,12,592,82,89,visitante,Sito Alonso,Pablo Pin,13,25,8,24,15,39,9,15,41,0.3659,13,38,0.3421,3,4,13,18,0.7222,73,16,18,12,32,12,44,6,23,46,0.5,6,22,0.2727,4,3,25,30,0.8333,105
103334,2022-23,2022-10-09T10:30:00Z,3,LR,5555,295,Unicaja,Real Madrid,14,9,71,76,visitante,Ibon Navarro,Chus Mateo,18,28,9,22,9,31,10,25,45,0.5556,4,25,0.16,2,2,9,11,0.8182,67,14,18,17,28,11,39,5,19,37,0.5135,4,20,0.2,2,2,26,32,0.8125,87
103335,2022-23,2022-10-09T15:00:00Z,3,LR,5555,295,Surne Bilbao Basket,Valencia Basket,4,13,71,65,local,Jaume Ponsarnau,Álex Mumbrú,11,19,11,30,7,37,5,13,33,0.3939,9,26,0.3462,1,4,18,22,0.8182,79,13,23,12,27,7,34,3,14,32,0.4375,8,28,0.2857,3,1,13,20,0.65,52
103336,2022-23,2022-10-09T16:30:00Z,3,LR,5555,295,Cazoo Baskonia,Lenovo Tenerife,3,28,79,85,visitante,Joan Peñarroya,Txus Vidorreta,20,23,9,22,6,28,5,15,30,0.5,13,30,0.4333,3,2,10,11,0.9091,83,18,17,8,25,6,31,4,13,30,0.4333,11,26,0.4231,2,3,26,29,0.8966,101
103337,2022-23,2022-10-09T17:15:00Z,3,LR,5555,295,Carplus Fuenlabrada,Barça,17,2,56,84,visitante,Josep Mª Raventós,Sarunas Jasikevicius ,6,26,18,23,6,29,4,17,41,0.4146,5,18,0.2778,5,1,7,10,0.7,25,17,18,9,26,16,42,10,22,38,0.5789,8,29,0.2759,1,5,16,27,0.5926,108
103338,2022-23,2022-10-16T18:00:00Z,4,LR,5537,294,Casademont Zaragoza,Cazoo Baskonia,16,3,83,97,visitante,Martin Schiller,Joan Peñarroya,14,18,10,17,5,22,10,25,49,0.5102,5,16,0.3125,5,4,18,26,0.6923,81,24,24,17,22,9,31,5,17,33,0.5152,16,30,0.5333,4,5,15,18,0.8333,101
103339,2022-23,2022-10-16T17:30:00Z,4,LR,5537,294,Real Madrid,Joventut Badalona,9,8,96,79,local,Chus Mateo,Carles Duran,19,19,3,22,9,31,3,25,42,0.5952,8,24,0.3333,3,4,22,27,0.8148,113,17,23,7,24,8,32,2,25,44,0.5682,5,22,0.2273,4,3,14,16,0.875,80
103340,2022-23,2022-10-16T16:30:00Z,4,LR,5537,294,Valencia Basket,UCAM Murcia,13,12,74,75,visitante,Álex Mumbrú,Sito Alonso,15,20,12,24,7,31,5,20,36,0.5556,9,28,0.3214,1,3,7,10,0.7,79,15,22,10,27,12,39,7,20,41,0.4878,8,25,0.32,3,1,11,16,0.6875,79
103341,2022-23,2022-10-16T10:30:00Z,4,LR,5537,294,Río Breogán,Gran Canaria,25,5,53,71,visitante,Veljko Mrsic,Jaka Lakovic,8,24,14,23,12,35,9,17,37,0.4595,3,29,0.1034,5,3,10,14,0.7143,34,19,19,12,26,10,36,9,15,32,0.4688,9,24,0.375,3,5,14,26,0.5385,86
103342,2022-23,2022-10-16T10:30:00Z,4,LR,5537,294,Bàsquet Girona,Unicaja,591,14,59,73,visitante,Aíto G. Reneses,Ibon Navarro,10,16,13,23,2,25,10,16,43,0.3721,4,14,0.2857,4,1,15,18,0.8333,54,17,22,19,33,13,46,9,18,35,0.5143,10,29,0.3448,1,4,7,11,0.6364,83
103343,2022-23,2022-10-15T18:45:00Z,4,LR,5537,294,BAXI Manresa,Barça,10,2,78,101,visitante,Pedro Martínez,Sarunas Jasikevicius ,17,22,16,18,15,33,5,20,42,0.4762,8,29,0.2759,2,4,14,16,0.875,70,25,18,10,24,3,27,9,25,41,0.6098,11,20,0.55,4,2,18,25,0.72,121
103344,2022-23,2022-10-15T18:45:00Z,4,LR,5537,294,Lenovo Tenerife,Monbus Obradoiro,28,57,86,67,local,Txus Vidorreta,Moncho Fernández,15,20,16,25,4,29,9,20,29,0.6897,10,26,0.3846,4,1,16,19,0.8421,93,20,21,17,17,9,26,9,17,30,0.5667,7,27,0.2593,1,4,12,21,0.5714,65
103345,2022-23,2022-10-15T16:00:00Z,4,LR,5537,294,Coviran Granada,Surne Bilbao Basket,592,4,99,84,local,Pablo Pin,Jaume Ponsarnau,22,24,18,30,12,42,5,17,31,0.5484,16,37,0.4324,2,5,17,22,0.7727,111,20,23,8,17,13,30,6,22,46,0.4783,7,30,0.2333,5,2,19,27,0.7037,75
103346,2022-23,2022-10-08T16:00:00Z,3,LR,5555,295,Real Betis Baloncesto,BAXI Manresa,15,10,87,83,local,Luis Casimiro,Pedro Martínez,15,21,11,27,8,35,11,21,43,0.4884,9,27,0.3333,5,1,18,21,0.8571,90,16,21,15,31,10,41,7,19,36,0.5278,11,29,0.3793,1,5,12,19,0.6316,94
103347,2022-23,2022-10-08T16:00:00Z,3,LR,5555,295,Monbus Obradoiro,Bàsquet Girona,57,591,89,63,local,Moncho Fernández,Aíto G. Reneses,25,16,18,28,13,41,10,19,35,0.5429,15,32,0.4688,3,3,6,6,1.0,111,17,13,12,15,8,23,11,19,46,0.413,6,24,0.25,3,3,7,10,0.7,57
103348,2022-23,2022-10-02T18:00:00Z,2,LR,5556,265,Barça,Cazoo Baskonia,2,3,89,74,local,Sarunas Jasikevicius ,Joan Peñarroya,19,20,13,21,15,36,7,20,41,0.4878,7,20,0.35,4,3,28,35,0.8,102,13,26,14,17,9,26,9,21,35,0.6,7,28,0.25,3,4,11,13,0.8462,66
103349,2022-23,2022-10-02T16:30:00Z,2,LR,5556,265,Valencia Basket,Joventut Badalona,13,8,101,97,local,Álex Mumbrú,Carles Duran,17,20,11,19,17,36,8,18,36,0.5,14,38,0.3684,4,2,23,32,0.7188,106,21,28,16,24,3,27,10,19,35,0.5429,14,23,0.6087,2,4,17,17,1.0,108
103350,2022-23,2022-09-28T19:00:00Z,1,LR,5557,265,Bàsquet Girona,Real Madrid,591,9,88,94,visitante,Aíto G. Reneses,Chus Mateo,21,14,11,22,10,32,9,19,42,0.4524,9,24,0.375,6,4,23,27,0.8519,102,20,22,17,24,6,30,4,17,31,0.5484,18,32,0.5625,4,6,6,10,0.6,93
103351,2022-23,2022-09-29T17:00:00Z,1,LR,5557,265,Carplus Fuenlabrada,Coviran Granada,17,592,81,83,visitante,Josep Mª Raventós,Pablo Pin,15,14,11,17,8,25,8,25,42,0.5952,8,26,0.3077,1,0,7,10,0.7,80,16,15,11,25,5,30,7,22,38,0.5789,9,20,0.45,0,1,12,15,0.8,95
103352,2022-23,2022-09-29T17:00:00Z,1,LR,5557,265,Monbus Obradoiro,Casademont Zaragoza,57,16,76,73,local,Moncho Fernández,Martin Schiller,12,24,16,33,7,40,2,17,36,0.4722,7,21,0.3333,2,2,21,26,0.8077,75,14,23,7,20,14,34,11,22,45,0.4889,5,27,0.1852,2,2,14,27,0.5185,68
103353,2022-23,2022-09-29T19:30:00Z,1,LR,5557,265,BAXI Manresa,Lenovo Tenerife,10,28,70,89,visitante,Pedro Martínez,Txus Vidorreta,19,27,15,18,8,26,8,23,40,0.575,7,24,0.2917,0,4,3,6,0.5,63,22,17,15,22,7,29,10,18,30,0.6,11,26,0.4231,4,0,20,28,0.7143,106
103354,2022-23,2022-09-29T19:30:00Z,1,LR,5557,265,UCAM Murcia,Río Breogán,12,25,70,84,visitante,Sito Alonso,Veljko Mrsic,9,24,14,17,9,26,9,17,38,0.4474,9,24,0.375,1,0,9,13,0.6923,53,12,19,14,27,13,40,8,21,37,0.5676,8,25,0.32,0,1,18,24,0.75,97
103355,2022-23,2022-09-30T17:00:00Z,1,LR,5557,265,Cazoo Baskonia,Unicaja,3,14,103,89,local,Joan Peñarroya,Ibon Navarro,20,19,18,17,7,24,12,22,31,0.7097,16,29,0.5517,2,5,11,12,0.9167,124,19,22,17,13,10,23,14,23,40,0.575,11,22,0.5,5,2,10,15,0.6667,89
103356,2022-23,2022-09-30T17:00:00Z,1,LR,5557,265,Real Betis Baloncesto,Valencia Basket,15,13,78,83,visitante,Luis Casimiro,Álex Mumbrú,18,22,13,17,9,26,10,17,35,0.4857,11,29,0.3793,2,5,11,20,0.55,75,14,20,18,29,11,40,11,21,40,0.525,8,20,0.4,4,2,17,22,0.7727,94
103357,2022-23,2022-11-26T19:45:00Z,9,LR,5569,288,Casademont Zaragoza,Surne Bilbao Basket,16,4,67,74,visitante,Porfirio Fisac,Jaume Ponsarnau,12,20,14,28,13,41,10,16,45,0.3556,5,23,0.2174,5,8,20,27,0.7407,67,16,23,12,31,9,40,10,23,48,0.4792,5,24,0.2083,8,5,13,15,0.8667,76
103358,2022-23,2022-09-30T19:30:00Z,1,LR,5557,265,Gran Canaria,Barça,5,2,88,85,local,Jaka Lakovic,Sarunas Jasikevicius ,19,19,11,22,10,32,10,19,36,0.5278,9,27,0.3333,2,3,23,27,0.8519,103,21,22,16,23,14,37,7,18,40,0.45,12,26,0.4615,3,2,13,16,0.8125,91
103359,2022-23,2022-10-01T16:00:00Z,2,LR,5556,265,Casademont Zaragoza,UCAM Murcia,16,12,64,81,visitante,Martin Schiller,Sito Alonso,13,20,17,23,8,31,8,15,41,0.3659,7,21,0.3333,2,4,13,18,0.7222,59,12,24,15,28,14,42,11,21,48,0.4375,8,24,0.3333,3,2,15,20,0.75,77
103360,2022-23,2022-10-01T18:45:00Z,2,LR,5556,265,Coviran Granada,BAXI Manresa,592,10,84,87,visitante,Pablo Pin,Pedro Martínez,19,25,18,26,7,33,6,20,32,0.625,11,28,0.3929,4,1,11,21,0.5238,79,13,22,12,19,10,29,10,18,37,0.4865,12,32,0.375,1,5,15,26,0.5769,83
103361,2022-23,2022-10-01T18:45:00Z,2,LR,5556,265,Lenovo Tenerife,Bàsquet Girona,28,591,76,67,local,Txus Vidorreta,Aíto G. Reneses,17,16,12,18,6,24,14,20,33,0.6061,10,26,0.3846,1,3,6,9,0.6667,91,13,18,19,23,10,33,11,20,39,0.5128,7,20,0.35,3,1,6,12,0.5,63
103362,2022-23,2022-10-02T10:30:00Z,2,LR,5556,265,Río Breogán,Carplus Fuenlabrada,25,17,78,70,local,Veljko Mrsic,Josep Mª Raventós,14,16,16,25,15,40,5,23,44,0.5227,7,21,0.3333,3,2,11,17,0.6471,85,15,22,12,18,8,26,9,18,37,0.4865,7,23,0.3043,2,3,13,18,0.7222,63
103363,2022-23,2022-10-02T10:30:00Z,2,LR,5556,265,Real Madrid,Monbus Obradoiro,9,57,93,79,local,Chus Mateo,Moncho Fernández,22,18,12,27,9,36,9,24,44,0.5455,9,22,0.4091,2,2,18,22,0.8182,113,10,20,12,19,7,26,9,18,40,0.45,9,22,0.4091,2,2,16,18,0.8889,73
103364,2022-23,2022-10-02T15:00:00Z,2,LR,5556,265,Unicaja,Gran Canaria,14,5,70,63,local,Ibon Navarro,Jaka Lakovic,18,27,20,23,12,35,11,15,28,0.5357,9,30,0.3,0,2,13,22,0.5909,66,11,22,24,20,8,28,7,14,28,0.5,4,18,0.2222,1,0,23,29,0.7931,54
103365,2022-23,2022-10-02T15:00:00Z,2,LR,5556,265,Surne Bilbao Basket,Real Betis Baloncesto,4,15,85,70,local,Jaume Ponsarnau,Luis Casimiro,15,21,10,21,12,33,6,15,37,0.4054,12,30,0.4,0,4,19,22,0.8636,91,9,22,15,27,11,38,7,18,37,0.4865,6,25,0.24,3,0,16,21,0.7619,62
103366,2022-23,2022-09-30T19:30:00Z,1,LR,5557,265,Joventut Badalona,Surne Bilbao Basket,8,4,76,81,visitante,Carles Duran,Jaume Ponsarnau,16,17,14,22,9,31,2,19,40,0.475,9,24,0.375,3,5,11,16,0.6875,74,16,19,5,23,7,30,11,23,42,0.5476,5,18,0.2778,5,3,20,27,0.7407,90
103367,2022-23,2023-05-24T18:30:00Z,34,LR,5570,2727,Valencia Basket,Río Breogán,13,25,77,80,visitante,Álex Mumbrú,Veljko Mrsic,15,18,11,20,10,30,5,19,31,0.6129,9,31,0.2903,1,3,12,12,1.0,85,8,19,10,21,14,35,4,19,37,0.5135,10,28,0.3571,3,1,12,15,0.8,75
103368,2022-23,2022-11-26T17:00:00Z,9,LR,5569,288,Gran Canaria,BAXI Manresa,5,10,99,88,local,Jaka Lakovic,Pedro Martínez,17,24,9,26,9,35,12,18,30,0.6,14,30,0.4667,0,4,21,32,0.6562,120,17,25,15,21,4,25,4,16,34,0.4706,14,28,0.5,4,0,14,18,0.7778,76
103369,2022-23,2022-11-27T11:30:00Z,9,LR,5569,288,Real Betis Baloncesto,Real Madrid,15,9,55,73,visitante,Luis Casimiro,Chus Mateo,9,14,14,22,6,28,7,14,32,0.4375,8,24,0.3333,1,1,3,4,0.75,50,19,14,13,24,9,33,7,21,38,0.5526,8,27,0.2963,1,1,7,7,1.0,83
103370,2022-23,2023-01-07T17:00:00Z,15,LR,5568,282,Río Breogán,Monbus Obradoiro,25,57,64,59,local,Veljko Mrsic,Moncho Fernández,14,21,14,27,9,36,9,19,41,0.4634,5,18,0.2778,6,3,11,18,0.6111,65,6,22,16,25,8,33,7,18,35,0.5143,5,29,0.1724,3,6,8,9,0.8889,49
103371,2022-23,2023-01-08T16:00:00Z,15,LR,5568,282,BAXI Manresa,Casademont Zaragoza,10,16,65,72,visitante,Pedro Martínez,Porfirio Fisac,15,19,19,13,11,24,10,18,38,0.4737,7,24,0.2917,6,2,8,12,0.6667,49,14,18,21,26,14,40,13,23,42,0.5476,6,21,0.2857,1,6,8,14,0.5714,84
103372,2022-23,2023-01-08T11:30:00Z,15,LR,5568,282,Real Madrid,Gran Canaria,9,5,105,85,local,Chus Mateo,Jaka Lakovic,30,18,11,22,11,33,5,24,38,0.6316,12,27,0.4444,4,6,21,26,0.8077,134,19,22,9,18,13,31,7,23,42,0.5476,9,28,0.3214,6,4,12,16,0.75,83
103373,2022-23,2023-01-07T19:45:00Z,15,LR,5568,282,Barça,Real Betis Baloncesto,2,15,104,70,local,Sarunas Jasikevicius ,Luis Casimiro,24,20,7,21,8,29,3,25,29,0.8621,14,35,0.4,0,2,12,16,0.75,124,14,18,11,17,8,25,5,13,23,0.5652,9,30,0.3,2,0,17,24,0.7083,65
103374,2022-23,2023-01-07T19:45:00Z,15,LR,5568,282,Joventut Badalona,Coviran Granada,8,592,90,72,local,Carles Duran,Pablo Pin,22,17,12,25,12,37,7,22,45,0.4889,12,27,0.4444,4,1,10,13,0.7692,100,12,17,13,22,9,31,8,20,37,0.5405,6,30,0.2,1,4,14,16,0.875,70
103375,2022-23,2023-01-07T17:00:00Z,15,LR,5568,282,Carplus Fuenlabrada,Bàsquet Girona,17,591,75,83,visitante,José Luis Pichel,Aíto G. Reneses,14,14,9,25,10,35,5,21,43,0.4884,6,26,0.2308,4,1,15,23,0.6522,71,24,18,9,30,5,35,5,23,39,0.5897,10,26,0.3846,1,4,7,10,0.7,102
103376,2022-23,2023-01-04T18:00:00Z,14,LR,5567,282,Casademont Zaragoza,Río Breogán,16,25,88,90,visitante,Porfirio Fisac,Veljko Mrsic,18,20,20,30,7,37,6,25,41,0.6098,6,25,0.24,3,4,20,23,0.8696,97,18,25,13,24,16,40,14,23,44,0.5227,11,37,0.2973,4,3,11,20,0.55,87
103377,2022-23,2023-01-04T20:30:00Z,14,LR,5567,282,Unicaja,Surne Bilbao Basket,14,4,92,79,local,Ibon Navarro,Jaume Ponsarnau,21,22,9,15,10,25,15,21,31,0.6774,10,30,0.3333,4,1,20,26,0.7692,106,15,23,17,19,11,30,6,21,34,0.6176,8,23,0.3478,1,4,13,19,0.6842,81
103378,2022-23,2023-01-04T19:30:00Z,14,LR,5567,282,Monbus Obradoiro,BAXI Manresa,57,10,104,99,local,Moncho Fernández,Pedro Martínez,14,26,14,29,10,39,5,19,38,0.5,9,27,0.3333,2,3,39,46,0.8478,112,26,33,11,24,7,31,7,24,45,0.5333,9,26,0.3462,3,3,24,28,0.8571,103
103379,2022-23,2023-01-06T11:30:00Z,14,LR,5567,282,UCAM Murcia,Lenovo Tenerife,12,28,85,64,local,Sito Alonso,Txus Vidorreta,15,27,9,28,19,47,5,23,53,0.434,5,23,0.2174,1,3,24,27,0.8889,92,13,27,15,29,6,35,6,18,38,0.4737,3,19,0.1579,3,1,19,25,0.76,58
103380,2022-23,2023-01-03T19:30:00Z,14,LR,5567,282,Bàsquet Girona,Joventut Badalona,591,8,79,66,local,Aíto G. Reneses,Carles Duran,21,16,16,31,4,35,6,23,35,0.6571,6,20,0.3,1,2,15,24,0.625,97,15,22,10,16,12,28,7,18,39,0.4615,8,33,0.2424,2,1,6,8,0.75,50
103381,2022-23,2023-01-03T18:45:00Z,14,LR,5567,282,Real Betis Baloncesto,Gran Canaria,15,5,88,82,local,Luis Casimiro,Jaka Lakovic,18,17,11,24,9,33,4,15,33,0.4545,15,30,0.5,6,2,13,17,0.7647,91,15,18,8,19,6,25,7,15,33,0.4545,13,24,0.5417,2,6,13,21,0.619,87
103382,2022-23,2023-01-03T20:30:00Z,14,LR,5567,282,Coviran Granada,Cazoo Baskonia,592,3,84,95,visitante,Pablo Pin,Joan Peñarroya,15,16,11,18,15,33,5,21,40,0.525,9,27,0.3333,1,4,15,24,0.625,87,20,20,11,24,13,37,7,26,40,0.65,11,31,0.3548,4,2,10,16,0.625,102
103383,2022-23,2023-01-03T18:00:00Z,14,LR,5567,282,Valencia Basket,Carplus Fuenlabrada,13,17,92,86,local,Álex Mumbrú,José Luis Pichel,21,16,16,20,10,30,7,20,30,0.6667,12,36,0.3333,2,4,16,22,0.7273,102,15,22,14,21,11,32,8,18,42,0.4286,13,27,0.4815,4,2,11,15,0.7333,77
103384,2022-23,2023-01-02T20:00:00Z,14,LR,5567,282,Real Madrid,Barça,9,2,78,87,visitante,Chus Mateo,Sarunas Jasikevicius ,16,18,10,18,10,28,2,23,46,0.5,5,14,0.3571,0,5,17,25,0.68,86,19,25,9,20,13,33,6,24,43,0.5581,9,27,0.3333,5,0,12,17,0.7059,82
103385,2022-23,2023-01-08T17:30:00Z,15,LR,5568,282,Cazoo Baskonia,Valencia Basket,3,13,85,79,local,Joan Peñarroya,Álex Mumbrú,19,22,13,23,10,33,10,17,36,0.4722,12,30,0.4,2,5,15,25,0.6,89,17,21,17,27,10,37,3,19,38,0.5,8,27,0.2963,5,2,17,18,0.9444,78
103386,2022-23,2022-12-30T20:00:00Z,13,LR,5566,283,BAXI Manresa,Bàsquet Girona,10,591,82,79,local,Pedro Martínez,Aíto G. Reneses,23,22,11,27,15,42,6,17,45,0.3778,10,29,0.3448,4,0,18,25,0.72,80,11,18,12,29,6,35,3,19,36,0.5278,9,27,0.3333,0,4,14,23,0.6087,80
103387,2022-23,2023-01-08T19:00:00Z,15,LR,5568,282,Lenovo Tenerife,Unicaja,28,14,91,84,local,Txus Vidorreta,Ibon Navarro,17,20,13,23,9,32,8,21,40,0.525,8,17,0.4706,3,3,25,26,0.9615,109,18,23,12,16,11,27,8,18,35,0.5143,11,29,0.3793,3,3,15,17,0.8824,85
103388,2022-23,2023-01-14T17:00:00Z,16,LR,5554,296,Unicaja,Río Breogán,14,25,100,66,local,Ibon Navarro,Veljko Mrsic,21,22,6,33,7,40,6,23,35,0.6571,12,27,0.4444,1,2,18,33,0.5455,123,14,25,8,23,4,27,4,20,43,0.4651,6,19,0.3158,2,2,8,17,0.4706,55
103389,2022-23,2023-01-22T16:00:00Z,17,LR,5553,281,Valencia Basket,Casademont Zaragoza,13,16,88,76,local,Álex Mumbrú,Porfirio Fisac,19,15,16,17,8,25,12,13,20,0.65,17,40,0.425,2,1,11,13,0.8462,98,20,18,21,19,6,25,8,25,40,0.625,7,15,0.4667,1,2,5,10,0.5,78
103390,2022-23,2023-01-22T11:30:00Z,17,LR,5553,281,Barça,Surne Bilbao Basket,2,4,88,78,local,Sarunas Jasikevicius ,Jaume Ponsarnau,23,17,12,23,7,30,12,20,36,0.5556,11,25,0.44,1,4,15,17,0.8824,115,17,20,18,24,10,34,6,16,36,0.4444,12,23,0.5217,4,1,10,14,0.7143,76
103391,2022-23,2023-01-22T11:30:00Z,17,LR,5553,281,Monbus Obradoiro,Cazoo Baskonia,57,3,91,86,local,Moncho Fernández,Joan Peñarroya,12,20,12,24,7,31,4,18,34,0.5294,12,30,0.4,0,3,19,23,0.8261,90,19,20,17,25,9,34,9,24,42,0.5714,9,24,0.375,3,1,11,17,0.6471,90
103392,2022-23,2023-01-21T19:45:00Z,17,LR,5553,281,Lenovo Tenerife,Real Betis Baloncesto,28,15,88,64,local,Txus Vidorreta,Luis Casimiro,24,16,11,20,5,25,6,25,34,0.7353,8,17,0.4706,2,1,14,24,0.5833,108,8,21,10,13,14,27,8,19,41,0.4634,4,21,0.1905,1,2,14,16,0.875,52
103393,2022-23,2023-01-21T19:45:00Z,17,LR,5553,281,BAXI Manresa,Unicaja,10,14,94,98,visitante,Pedro Martínez,Ibon Navarro,22,23,19,36,6,42,8,26,46,0.5652,8,20,0.4,4,5,18,25,0.72,109,16,23,15,25,9,34,13,21,42,0.5,13,37,0.3514,4,4,17,22,0.7727,95
103394,2022-23,2023-01-22T11:30:00Z,17,LR,5553,281,Coviran Granada,Bàsquet Girona,592,591,78,92,visitante,Pablo Pin,Aíto G. Reneses,11,17,21,21,7,28,7,19,38,0.5,8,22,0.3636,4,1,16,20,0.8,67,25,21,14,21,11,32,13,27,45,0.6,7,23,0.3043,1,4,17,21,0.8095,109
103395,2022-23,2023-01-21T17:00:00Z,17,LR,5553,281,Carplus Fuenlabrada,UCAM Murcia,17,12,72,88,visitante,José Luis Pichel,Sito Alonso,13,18,21,28,13,41,6,19,47,0.4043,7,18,0.3889,6,4,13,22,0.5909,62,18,19,8,21,13,34,11,24,48,0.5,10,31,0.3226,3,6,10,15,0.6667,94
103396,2022-23,2023-01-15T16:00:00Z,16,LR,5554,296,Cazoo Baskonia,Joventut Badalona,3,8,84,83,local,Joan Peñarroya,Carles Duran,22,21,5,23,8,31,5,18,35,0.5143,12,31,0.3871,2,2,12,14,0.8571,99,18,21,9,28,10,38,1,25,43,0.5814,7,20,0.35,2,2,12,16,0.75,95
103397,2022-23,2023-01-15T16:00:00Z,16,LR,5554,296,UCAM Murcia,Barça,12,2,72,86,visitante,Sito Alonso,Sarunas Jasikevicius ,15,26,7,13,14,27,6,18,45,0.4,7,22,0.3182,3,3,15,20,0.75,61,15,21,10,26,15,41,3,23,47,0.4894,7,17,0.4118,3,3,19,25,0.76,99
103398,2022-23,2023-01-15T16:00:00Z,16,LR,5554,296,Valencia Basket,BAXI Manresa,13,10,103,92,local,Álex Mumbrú,Pedro Martínez,22,18,17,23,15,38,7,29,41,0.7073,10,33,0.303,1,2,15,20,0.75,119,24,23,14,16,5,21,12,29,43,0.6744,8,24,0.3333,2,1,10,12,0.8333,97
103399,2022-23,2023-01-15T11:30:00Z,16,LR,5554,296,Coviran Granada,Real Madrid,592,9,62,82,visitante,Pablo Pin,Chus Mateo,8,20,16,21,12,33,9,22,46,0.4783,3,19,0.1579,6,3,9,14,0.6429,43,18,15,14,29,20,49,13,25,44,0.5682,6,31,0.1935,3,6,14,22,0.6364,104
103400,2022-23,2023-01-15T11:30:00Z,16,LR,5554,296,Real Betis Baloncesto,Monbus Obradoiro,15,57,71,73,visitante,Luis Casimiro,Moncho Fernández,11,15,12,22,16,38,6,21,35,0.6,6,28,0.2143,1,3,11,19,0.5789,73,17,16,11,17,13,30,5,16,36,0.4444,12,28,0.4286,3,1,5,12,0.4167,68
103401,2022-23,2023-01-14T19:45:00Z,16,LR,5554,296,Gran Canaria,Carplus Fuenlabrada,5,17,110,65,local,Jaka Lakovic,José Luis Pichel,23,18,7,15,7,22,14,23,36,0.6389,16,31,0.5161,1,0,16,19,0.8421,131,8,19,22,19,9,28,4,19,32,0.5938,5,22,0.2273,0,1,12,16,0.75,49
103402,2022-23,2023-01-14T19:45:00Z,16,LR,5554,296,Casademont Zaragoza,Lenovo Tenerife,16,28,83,87,visitante,Porfirio Fisac,Txus Vidorreta,18,22,12,20,9,29,6,29,53,0.5472,5,19,0.2632,3,4,10,16,0.625,79,21,20,19,26,10,36,6,16,33,0.4848,12,30,0.4,4,3,19,20,0.95,96
103403,2022-23,2023-01-14T18:00:00Z,16,LR,5554,296,Bàsquet Girona,Surne Bilbao Basket,591,4,84,59,local,Aíto G. Reneses,Jaume Ponsarnau,20,17,11,27,7,34,9,28,44,0.6364,5,17,0.2941,2,5,13,16,0.8125,109,10,18,14,18,10,28,8,13,27,0.4815,9,34,0.2647,5,2,6,8,0.75,46
103404,2022-23,2023-01-08T19:00:00Z,15,LR,5568,282,Surne Bilbao Basket,UCAM Murcia,4,12,99,81,local,Jaume Ponsarnau,Sito Alonso,20,18,11,30,9,39,3,21,36,0.5833,14,32,0.4375,4,3,15,19,0.7895,114,16,21,10,18,9,27,4,22,42,0.5238,8,29,0.2759,3,4,13,16,0.8125,72
103405,2022-23,2022-12-30T17:30:00Z,13,LR,5566,283,Carplus Fuenlabrada,Monbus Obradoiro,17,57,79,82,visitante,José Luis Pichel,Moncho Fernández,16,22,11,24,5,29,6,21,36,0.5833,4,16,0.25,1,2,25,33,0.7576,87,17,24,12,21,6,27,3,17,35,0.4857,12,28,0.4286,2,1,12,16,0.75,76
103406,2022-23,2022-12-29T20:30:00Z,13,LR,5566,283,Lenovo Tenerife,Coviran Granada,28,592,98,66,local,Txus Vidorreta,Pablo Pin,22,13,11,21,9,30,10,22,35,0.6286,12,26,0.4615,1,1,18,21,0.8571,125,9,19,16,16,14,30,7,19,38,0.5,7,31,0.2258,1,1,7,10,0.7,44
103407,2022-23,2022-12-29T19:30:00Z,13,LR,5566,283,Joventut Badalona,Real Betis Baloncesto,8,15,93,81,local,Carles Duran,Luis Casimiro,24,23,8,31,11,42,4,24,43,0.5581,9,25,0.36,1,2,18,21,0.8571,111,15,18,10,23,5,28,2,14,26,0.5385,10,32,0.3125,1,1,23,30,0.7667,80
103408,2022-23,2022-12-10T19:45:00Z,11,LR,5564,286,Joventut Badalona,Lenovo Tenerife,8,28,78,69,local,Carles Duran,Txus Vidorreta,15,21,10,26,7,33,3,19,30,0.6333,10,29,0.3448,0,5,10,13,0.7692,87,16,18,8,22,15,37,7,13,28,0.4643,9,36,0.25,5,0,16,22,0.7273,70
103409,2022-23,2022-12-10T17:00:00Z,11,LR,5564,286,UCAM Murcia,Real Betis Baloncesto,12,15,76,72,local,Sito Alonso,Luis Casimiro,16,18,16,24,14,38,9,20,39,0.5128,7,26,0.2692,3,3,15,21,0.7143,80,14,19,17,24,5,29,10,21,36,0.5833,6,24,0.25,3,3,12,16,0.75,70
103410,2022-23,2022-12-10T17:00:00Z,11,LR,5564,286,Carplus Fuenlabrada,Unicaja,17,14,85,117,visitante,José Luis Pichel,Ibon Navarro,18,18,11,15,10,25,7,27,49,0.551,4,19,0.2105,5,2,19,22,0.8636,79,33,17,10,19,7,26,8,29,44,0.6591,16,26,0.6154,2,5,11,12,0.9167,152
103411,2022-23,2022-12-04T19:00:00Z,10,LR,5563,287,Coviran Granada,Real Betis Baloncesto,592,15,66,76,visitante,Pablo Pin,Luis Casimiro,12,23,18,30,15,45,6,17,38,0.4474,6,35,0.1714,3,3,14,23,0.6087,55,16,27,14,28,15,43,9,14,37,0.3784,10,37,0.2703,3,3,18,25,0.72,69
103412,2022-23,2022-12-04T17:00:00Z,10,LR,5563,287,Real Madrid,Valencia Basket,9,13,79,62,local,Chus Mateo,Álex Mumbrú,17,16,14,25,11,36,6,16,34,0.4706,8,24,0.3333,1,7,23,25,0.92,102,10,24,10,20,11,31,7,17,42,0.4048,6,31,0.1935,7,1,10,10,1.0,36
103413,2022-23,2022-12-04T16:00:00Z,10,LR,5563,287,Cazoo Baskonia,UCAM Murcia,3,12,102,73,local,Joan Peñarroya,Sito Alonso,28,19,10,28,7,35,10,26,37,0.7027,13,27,0.4815,1,6,11,17,0.6471,139,12,20,11,21,5,26,7,22,42,0.5238,5,20,0.25,5,1,14,19,0.7368,62
103414,2022-23,2022-12-04T12:00:00Z,10,LR,5563,287,Lenovo Tenerife,Carplus Fuenlabrada,28,17,97,72,local,Txus Vidorreta,José Luis Pichel,23,15,12,21,8,29,9,24,39,0.6154,13,26,0.5,2,2,10,12,0.8333,120,18,19,14,18,10,28,10,21,40,0.525,8,24,0.3333,1,2,6,10,0.6,72
103415,2022-23,2022-12-04T11:30:00Z,10,LR,5563,287,Bàsquet Girona,Río Breogán,591,25,66,73,visitante,Aíto G. Reneses,Veljko Mrsic,16,22,15,21,9,30,10,22,41,0.5366,4,22,0.1818,1,0,10,14,0.7143,63,15,20,18,24,6,30,8,16,26,0.6154,8,25,0.32,0,1,17,22,0.7727,79
103416,2022-23,2022-12-03T19:45:00Z,10,LR,5563,287,Monbus Obradoiro,Barça,57,2,76,74,local,Moncho Fernández,Sarunas Jasikevicius ,13,20,5,16,6,22,2,22,37,0.5946,6,25,0.24,1,0,14,17,0.8235,70,11,20,9,24,8,32,4,23,36,0.6389,5,28,0.1786,0,1,13,14,0.9286,76
103417,2022-23,2022-12-03T19:45:00Z,10,LR,5563,287,Unicaja,Casademont Zaragoza,14,16,104,78,local,Ibon Navarro,Porfirio Fisac,22,24,12,19,7,26,10,19,34,0.5588,19,38,0.5,1,1,9,9,1.0,109,14,17,21,24,10,34,7,24,45,0.5333,4,13,0.3077,1,1,18,22,0.8182,85
103418,2022-23,2022-12-03T17:00:00Z,10,LR,5563,287,Surne Bilbao Basket,Gran Canaria,4,5,76,72,local,Jaume Ponsarnau,Jaka Lakovic,13,16,12,23,5,28,9,11,26,0.4231,13,30,0.4333,2,3,15,18,0.8333,82,9,18,12,27,12,39,6,21,38,0.5526,8,31,0.2581,2,3,6,11,0.5455,68
103419,2022-23,2022-12-03T17:00:00Z,10,LR,5563,287,BAXI Manresa,Joventut Badalona,10,8,68,90,visitante,Pedro Martínez,Carles Duran,16,20,13,17,9,26,4,19,41,0.4634,8,28,0.2857,1,2,6,10,0.6,56,11,20,13,30,11,41,7,22,39,0.5641,10,25,0.4,2,1,16,18,0.8889,100
103420,2022-23,2022-11-27T16:00:00Z,9,LR,5569,288,Valencia Basket,Unicaja,13,14,67,83,visitante,Álex Mumbrú,Ibon Navarro,10,22,13,22,11,33,2,16,37,0.4324,5,21,0.2381,3,1,20,28,0.7143,56,16,26,8,23,11,34,6,22,41,0.5366,10,29,0.3448,1,3,9,11,0.8182,88
103421,2022-23,2022-11-27T16:00:00Z,9,LR,5569,288,Cazoo Baskonia,Bàsquet Girona,3,591,95,68,local,Joan Peñarroya,Aíto G. Reneses,24,17,16,28,4,32,10,15,28,0.5357,19,36,0.5278,1,2,8,10,0.8,112,20,15,16,24,8,32,12,22,41,0.5366,5,24,0.2083,2,1,9,12,0.75,76
103422,2022-23,2022-11-27T16:00:00Z,9,LR,5569,288,Barça,Coviran Granada,2,592,100,82,local,Sarunas Jasikevicius ,Pablo Pin,23,19,10,15,10,25,8,29,46,0.6304,11,21,0.5238,2,3,9,10,0.9,119,14,19,13,15,8,23,6,28,42,0.6667,5,16,0.3125,3,2,11,15,0.7333,82
103423,2022-23,2022-12-10T19:45:00Z,11,LR,5564,286,Casademont Zaragoza,Coviran Granada,16,592,73,57,local,Porfirio Fisac,Pablo Pin,13,20,14,30,14,44,11,22,44,0.5,6,24,0.25,5,6,11,17,0.6471,82,14,20,15,23,9,32,7,17,41,0.4146,5,24,0.2083,6,5,8,14,0.5714,45
103424,2022-23,2022-12-11T11:30:00Z,11,LR,5564,286,Real Madrid,BAXI Manresa,9,10,103,89,local,Chus Mateo,Pedro Martínez,19,20,14,25,8,33,11,23,40,0.575,10,25,0.4,0,2,27,35,0.7714,122,20,28,18,25,9,34,8,24,48,0.5,10,25,0.4,2,1,11,16,0.6875,80
103425,2022-23,2022-12-11T11:30:00Z,11,LR,5564,286,Valencia Basket,Bàsquet Girona,13,591,104,69,local,Álex Mumbrú,Aíto G. Reneses,30,19,14,28,6,34,14,16,25,0.64,20,38,0.5263,2,6,12,19,0.6316,138,13,19,18,23,8,31,9,20,43,0.4651,4,22,0.1818,6,2,17,21,0.8095,55
103426,2022-23,2022-12-11T16:00:00Z,11,LR,5564,286,Río Breogán,Barça,25,2,74,78,visitante,Veljko Mrsic,Sarunas Jasikevicius ,12,25,10,20,8,28,10,23,43,0.5349,6,21,0.2857,1,1,10,16,0.625,64,21,18,16,25,3,28,9,18,29,0.6207,8,23,0.3478,1,1,18,27,0.6667,92
103427,2022-23,2022-12-28T20:30:00Z,13,LR,5566,283,Unicaja,UCAM Murcia,14,12,82,66,local,Ibon Navarro,Sito Alonso,17,23,16,37,9,46,5,29,48,0.6042,5,21,0.2381,2,2,9,15,0.6,90,18,20,11,25,6,31,7,17,36,0.4722,7,33,0.2121,2,2,11,16,0.6875,62
103428,2022-23,2022-12-28T18:00:00Z,13,LR,5566,283,Barça,Casademont Zaragoza,2,16,68,63,local,Sarunas Jasikevicius ,Porfirio Fisac,21,17,13,27,8,35,8,17,38,0.4474,8,30,0.2667,9,1,10,15,0.6667,63,12,17,15,27,10,37,7,22,46,0.4783,3,18,0.1667,1,9,10,17,0.5882,66
103429,2022-23,2022-12-27T20:30:00Z,13,LR,5566,283,Gran Canaria,Valencia Basket,5,13,95,89,local,Jaka Lakovic,Álex Mumbrú,23,20,8,18,5,23,10,21,33,0.6364,14,30,0.4667,2,2,11,15,0.7333,111,18,20,13,20,4,24,5,15,26,0.5769,15,28,0.5357,2,2,14,17,0.8235,96
103430,2022-23,2022-12-27T20:00:00Z,13,LR,5566,283,Surne Bilbao Basket,Real Madrid,4,9,80,85,visitante,Jaume Ponsarnau,Chus Mateo,10,22,14,19,9,28,9,22,43,0.5116,10,25,0.4,3,8,6,7,0.8571,72,15,14,17,22,16,38,10,21,39,0.5385,11,30,0.3667,7,3,10,19,0.5263,89
103431,2022-23,2022-12-27T18:00:00Z,13,LR,5566,283,Río Breogán,Cazoo Baskonia,25,3,77,86,visitante,Veljko Mrsic,Joan Peñarroya,15,21,6,20,7,27,7,18,36,0.5,10,30,0.3333,2,2,11,13,0.8462,75,17,19,11,27,8,35,3,17,29,0.5862,12,31,0.3871,2,2,16,20,0.8,96
103432,2022-23,2022-12-18T11:30:00Z,12,LR,5565,285,Bàsquet Girona,Casademont Zaragoza,591,16,78,69,local,Aíto G. Reneses,Porfirio Fisac,18,17,11,22,6,28,12,17,37,0.4595,9,26,0.3462,6,4,17,17,1.0,85,17,16,20,23,11,34,5,13,29,0.4483,10,27,0.3704,4,6,13,23,0.5652,65
103433,2022-23,2022-12-18T19:00:00Z,12,LR,5565,285,Barça,Unicaja,2,14,75,60,local,Sarunas Jasikevicius ,Ibon Navarro,12,16,10,28,13,41,6,21,43,0.4884,4,18,0.2222,2,0,21,26,0.8077,86,11,23,9,19,8,27,4,17,35,0.4857,8,30,0.2667,0,3,2,3,0.6667,48
103434,2022-23,2022-11-27T11:30:00Z,9,LR,5569,288,UCAM Murcia,Monbus Obradoiro,12,57,80,84,visitante,Sito Alonso,Moncho Fernández,8,32,16,26,11,37,5,17,35,0.4857,9,34,0.2647,4,4,19,22,0.8636,59,13,23,14,26,14,40,6,16,37,0.4324,9,29,0.3103,3,4,25,34,0.7353,88
103435,2022-23,2022-12-18T19:00:00Z,12,LR,5565,285,Cazoo Baskonia,Carplus Fuenlabrada,3,17,102,88,local,Joan Peñarroya,José Luis Pichel,27,21,7,13,10,23,12,27,47,0.5745,11,22,0.5,2,2,15,22,0.6818,118,20,21,19,22,5,27,5,20,30,0.6667,11,22,0.5,2,2,15,23,0.6522,92
103436,2022-23,2022-12-18T17:30:00Z,12,LR,5565,285,Coviran Granada,Valencia Basket,592,13,81,110,visitante,Pablo Pin,Álex Mumbrú,17,20,16,15,10,25,8,17,36,0.4722,9,22,0.4091,1,3,20,30,0.6667,78,31,23,12,20,10,30,9,25,37,0.6757,14,29,0.4828,3,1,18,25,0.72,129
103437,2022-23,2022-12-17T19:45:00Z,12,LR,5565,285,BAXI Manresa,Surne Bilbao Basket,10,4,76,86,visitante,Pedro Martínez,Jaume Ponsarnau,17,19,11,20,6,26,7,18,36,0.5,11,31,0.3548,3,5,7,10,0.7,75,16,18,15,25,10,35,7,26,44,0.5909,6,22,0.2727,4,4,16,19,0.8421,92
103438,2022-23,2022-12-17T19:45:00Z,12,LR,5565,285,UCAM Murcia,Gran Canaria,12,5,99,85,local,Sito Alonso,Jaka Lakovic,17,24,11,25,11,36,5,17,36,0.4722,13,30,0.4333,2,5,26,31,0.8387,106,14,22,12,21,8,29,4,19,37,0.5135,10,24,0.4167,5,3,17,22,0.7727,82
103439,2022-23,2022-12-17T17:00:00Z,12,LR,5565,285,Monbus Obradoiro,Joventut Badalona,57,8,74,91,visitante,Moncho Fernández,Carles Duran,16,22,8,21,8,29,2,16,37,0.4324,6,23,0.2609,0,0,24,32,0.75,67,23,22,7,25,6,31,2,25,39,0.641,10,25,0.4,0,0,11,16,0.6875,105
103440,2022-23,2022-12-17T17:00:00Z,12,LR,5565,285,Real Betis Baloncesto,Río Breogán,15,25,84,89,visitante,Luis Casimiro,Veljko Mrsic,19,20,15,23,4,27,3,15,26,0.5769,15,32,0.4688,1,0,9,15,0.6,81,16,19,9,18,8,26,6,21,36,0.5833,11,26,0.4231,0,1,14,22,0.6364,91
103441,2022-23,2022-12-11T19:00:00Z,11,LR,5564,286,Surne Bilbao Basket,Monbus Obradoiro,4,57,77,80,visitante,Jaume Ponsarnau,Moncho Fernández,17,19,12,19,7,26,11,19,36,0.5278,8,22,0.3636,1,5,15,23,0.6522,89,14,24,16,24,13,37,8,14,34,0.4118,13,31,0.4194,5,1,13,15,0.8667,74
103442,2022-23,2022-12-11T17:30:00Z,11,LR,5564,286,Gran Canaria,Cazoo Baskonia,5,3,68,96,visitante,Jaka Lakovic,Joan Peñarroya,11,12,11,20,7,27,3,17,34,0.5,6,27,0.2222,0,1,16,20,0.8,62,26,17,13,27,9,36,4,20,34,0.5882,17,30,0.5667,1,0,5,12,0.4167,109
103443,2022-23,2022-12-18T12:00:00Z,12,LR,5565,285,Lenovo Tenerife,Real Madrid,28,9,67,80,visitante,Txus Vidorreta,Chus Mateo,13,18,11,18,9,27,5,19,42,0.4524,8,24,0.3333,3,1,5,5,1.0,56,15,15,12,28,9,37,6,17,36,0.4722,12,29,0.4138,1,3,10,17,0.5882,87
103444,2022-23,2023-05-23T18:30:00Z,34,LR,5570,2727,Monbus Obradoiro,Carplus Fuenlabrada,57,17,102,72,local,Moncho Fernández,Oscar Quintana,28,20,15,24,12,36,11,15,32,0.4688,18,37,0.4865,3,5,18,22,0.8182,123,14,19,21,23,8,31,13,20,44,0.4545,4,15,0.2667,5,3,20,24,0.8333,69
103535,2022-23,2023-05-30T19:00:00Z,0,PO,5636,2728,Joventut Badalona,Cazoo Baskonia,8,3,83,76,local,Carles Duran,Joan Peñarroya,15,16,8,25,13,38,4,22,41,0.5366,9,26,0.3462,2,1,12,18,0.6667,93,19,20,9,21,8,29,6,18,31,0.5806,11,32,0.3438,1,2,7,11,0.6364,80
103536,2022-23,2023-06-20T19:00:00Z,0,PO,5646,2731,Real Madrid,Barça,9,2,82,93,visitante,Chus Mateo,Sarunas Jasikevicius ,17,21,8,17,10,27,8,25,37,0.6757,5,21,0.2381,1,2,17,26,0.6538,90,21,21,9,20,7,27,2,25,39,0.641,11,22,0.5,2,1,10,11,0.9091,107
103537,2022-23,2023-06-18T16:30:00Z,0,PO,5645,2730,Barça,Real Madrid,2,9,86,85,local,Sarunas Jasikevicius ,Chus Mateo,19,25,11,15,7,22,4,19,36,0.5278,10,21,0.4762,1,2,18,20,0.9,89,17,23,12,18,5,23,4,20,34,0.5882,8,17,0.4706,2,1,21,26,0.8077,90
103538,2022-23,2023-06-16T19:00:00Z,0,PO,5644,2730,Barça,Real Madrid,2,9,97,88,local,Sarunas Jasikevicius ,Chus Mateo,22,22,5,21,8,29,3,22,36,0.6111,12,29,0.4138,1,2,17,20,0.85,112,11,21,10,19,5,24,4,19,39,0.4872,12,19,0.6316,2,1,14,18,0.7778,85
103541,2022-23,2023-06-13T19:00:00Z,0,PO,5642,2730,Unicaja,Barça,14,2,75,87,visitante,Ibon Navarro,Sarunas Jasikevicius ,13,18,12,15,8,23,11,19,39,0.4872,9,26,0.3462,1,3,10,14,0.7143,70,18,18,17,27,4,31,6,21,30,0.7,11,25,0.44,3,1,12,13,0.9231,98
103542,2022-23,2023-06-12T19:00:00Z,0,PO,5642,2730,Joventut Badalona,Real Madrid,8,9,73,94,visitante,Carles Duran,Chus Mateo,14,19,11,22,14,36,0,15,35,0.4286,10,31,0.3226,6,1,13,20,0.65,58,19,18,5,25,9,34,7,26,41,0.6341,11,31,0.3548,1,6,9,10,0.9,119
103543,2022-23,2023-06-11T16:30:00Z,0,PO,5641,2729,Unicaja,Barça,14,2,79,90,visitante,Ibon Navarro,Sarunas Jasikevicius ,16,26,8,17,12,29,7,20,44,0.4545,7,25,0.28,5,1,18,23,0.7826,69,16,23,9,26,6,32,2,20,34,0.5882,9,21,0.4286,1,5,23,25,0.92,110
103544,2022-23,2023-06-10T16:30:00Z,0,PO,5641,2729,Joventut Badalona,Real Madrid,8,9,73,83,visitante,Carles Duran,Chus Mateo,13,25,15,23,12,35,3,19,40,0.475,7,26,0.2692,3,3,14,19,0.7368,60,19,21,7,29,5,34,10,23,35,0.6571,6,27,0.2222,3,3,19,25,0.76,104
103545,2022-23,2023-06-09T19:00:00Z,0,PO,5640,2729,Barça,Unicaja,2,14,79,88,visitante,Sarunas Jasikevicius ,Ibon Navarro,15,22,14,19,6,25,8,17,32,0.5312,9,25,0.36,2,3,18,23,0.7826,76,12,20,10,24,9,33,7,23,39,0.5897,7,22,0.3182,2,3,21,25,0.84,97
103546,2022-23,2023-06-08T19:00:00Z,0,PO,5640,2729,Real Madrid,Joventut Badalona,9,8,90,73,local,Chus Mateo,Carles Duran,13,20,18,27,12,39,10,27,38,0.7105,7,27,0.2593,1,8,15,17,0.8824,106,14,19,16,17,8,25,9,19,39,0.4872,9,27,0.3333,8,1,8,10,0.8,58
103548,2022-23,2023-06-07T19:00:00Z,0,PO,5639,2729,Barça,Unicaja,2,14,84,81,local,Sarunas Jasikevicius ,Ibon Navarro,18,22,8,15,9,24,8,19,40,0.475,10,22,0.4545,3,1,16,19,0.8421,88,16,24,16,22,18,40,7,25,38,0.6579,6,31,0.1935,1,3,13,18,0.7222,84
103553,2022-23,2023-05-27T16:30:00Z,0,PO,5637,2727,Cazoo Baskonia,Joventut Badalona,3,8,91,99,visitante,Joan Peñarroya,Carles Duran,17,24,10,19,8,27,5,20,31,0.6452,14,36,0.3889,4,5,9,14,0.6429,91,19,23,10,26,5,31,5,16,33,0.4848,15,27,0.5556,5,4,22,26,0.8462,109
103554,2022-23,2023-05-28T10:30:00Z,0,PO,5637,2727,Real Madrid,Dreamland Gran Canaria,9,5,95,68,local,Chus Mateo,Jaka Lakovic,16,16,12,25,5,30,7,19,28,0.6786,13,28,0.4643,2,1,18,24,0.75,111,13,22,12,19,10,29,8,16,34,0.4706,10,31,0.3226,1,2,6,9,0.6667,59
103555,2022-23,2023-05-28T19:00:00Z,0,PO,5637,2727,Lenovo Tenerife,Unicaja,28,14,59,72,visitante,Txus Vidorreta,Ibon Navarro,12,19,11,20,5,25,9,12,33,0.3636,7,22,0.3182,2,2,14,18,0.7778,55,18,20,15,28,9,37,6,19,32,0.5938,9,25,0.36,2,2,7,16,0.4375,79
103556,2022-23,2023-05-29T19:00:00Z,0,PO,5637,2728,Barça,Valencia Basket,2,13,84,74,local,Sarunas Jasikevicius ,Álex Mumbrú,19,18,14,22,6,28,9,22,32,0.6875,12,28,0.4286,1,2,4,5,0.8,98,16,16,16,18,8,26,9,17,31,0.5484,9,23,0.3913,2,1,13,18,0.7222,77
103557,2022-23,2023-06-02T19:00:00Z,0,PO,5636,2728,Valencia Basket,Barça,13,2,64,87,visitante,Álex Mumbrú,Sarunas Jasikevicius ,10,17,11,15,11,26,16,24,49,0.4898,1,18,0.0556,6,1,13,14,0.9286,59,26,19,21,28,7,35,6,12,20,0.6,18,31,0.5806,1,6,9,14,0.6429,110
103558,2022-23,2023-06-01T19:00:00Z,0,PO,5636,2728,Unicaja,Lenovo Tenerife,14,28,97,74,local,Ibon Navarro,Txus Vidorreta,19,23,9,23,10,33,7,20,30,0.6667,14,32,0.4375,2,2,15,19,0.7895,108,16,17,8,19,9,28,7,15,31,0.4839,10,29,0.3448,2,2,14,22,0.6364,80
103559,2022-23,2023-05-31T19:00:00Z,0,PO,5636,2728,Dreamland Gran Canaria,Real Madrid,5,9,81,89,visitante,Jaka Lakovic,Chus Mateo,16,22,10,23,8,31,4,20,39,0.5128,12,31,0.3871,2,4,5,8,0.625,74,13,13,9,31,6,37,6,18,35,0.5143,12,28,0.4286,4,2,17,19,0.8947,108
103560,2022-23,2023-06-06T19:00:00Z,0,PO,5639,2729,Real Madrid,Joventut Badalona,9,8,83,93,visitante,Chus Mateo,Carles Duran,17,17,10,29,6,35,2,20,27,0.7407,8,32,0.25,0,6,19,25,0.76,102,20,23,4,26,6,32,5,21,44,0.4773,15,26,0.5769,5,0,6,10,0.6,97
103562,2023-24,2023-10-08T10:30:00Z,4,LR,5649,2753,Surne Bilbao Basket,UCAM Murcia,4,12,77,68,local,Jaume Ponsarnau,Sito Alonso,14,18,11,28,13,41,5,24,51,0.4706,5,17,0.2941,5,2,14,20,0.7,79,10,19,10,22,13,35,8,21,46,0.4565,4,23,0.1739,2,6,14,17,0.8235,67
103563,2023-24,2024-03-09T17:00:00Z,24,LR,5658,2742,Río Breogán,Unicaja,25,14,65,76,visitante,Veljko Mrsic,Ibon Navarro,13,16,18,23,12,35,4,15,30,0.5,6,24,0.25,1,2,17,20,0.85,67,16,20,12,18,13,31,12,18,35,0.5143,10,29,0.3448,2,1,10,11,0.9091,81
103564,2023-24,2024-03-03T17:30:00Z,23,LR,5659,2743,Dreamland Gran Canaria,Baskonia,5,3,98,80,local,Jaka Lakovic,Dusko Ivanovic,17,21,4,19,9,28,7,23,39,0.5897,11,24,0.4583,1,1,19,22,0.8636,115,16,22,12,18,8,26,0,17,28,0.6071,11,26,0.4231,0,1,13,21,0.619,76
103565,2023-24,2024-03-03T17:30:00Z,23,LR,5659,2743,Barça,Casademont Zaragoza,2,16,109,68,local,Roger Grimau,Porfirio Fisac,27,15,10,28,9,37,7,25,36,0.6944,14,29,0.4828,0,1,17,24,0.7083,142,14,19,9,20,12,32,7,26,49,0.5306,2,22,0.0909,1,0,10,14,0.7143,60
103566,2023-24,2024-03-03T16:00:00Z,23,LR,5659,2743,Valencia Basket,Zunder Palencia,13,624,111,93,local,Álex Mumbrú,Luis Guil,31,18,5,24,8,32,8,34,51,0.6667,10,19,0.5263,1,2,13,23,0.5652,145,20,21,14,22,4,26,2,20,34,0.5882,16,28,0.5714,2,1,5,9,0.5556,93
103567,2023-24,2023-11-26T11:30:00Z,11,LR,5676,2760,Real Madrid,MoraBanc Andorra,9,22,85,76,local,Chus Mateo,Natxo Lezkano,25,16,8,28,13,41,2,19,39,0.4872,11,36,0.3056,0,7,14,19,0.7368,110,14,24,9,31,6,37,6,22,44,0.5,8,25,0.32,6,0,8,15,0.5333,64
103568,2023-24,2024-03-03T11:30:00Z,23,LR,5659,2743,Bàsquet Girona,Monbus Obradoiro,591,57,78,77,local,Fotis Katsikaris,Moncho Fernández,12,21,8,23,11,34,9,20,41,0.4878,7,24,0.2917,5,0,17,26,0.6538,74,16,22,14,26,8,34,4,18,31,0.5806,8,27,0.2963,0,5,17,24,0.7083,82
103569,2023-24,2024-03-02T19:45:00Z,23,LR,5659,2743,Lenovo Tenerife,Coviran Granada,28,592,89,83,local,Txus Vidorreta,Pablo Pin,17,16,10,16,9,25,8,25,42,0.5952,9,21,0.4286,2,2,12,15,0.8,101,18,20,13,19,16,35,7,24,40,0.6,7,26,0.2692,2,2,14,15,0.9333,90
103570,2023-24,2024-03-02T19:45:00Z,23,LR,5659,2743,Joventut Badalona,Río Breogán,8,25,78,70,local,Carles Duran,Veljko Mrsic,19,19,19,31,10,41,7,26,40,0.65,6,18,0.3333,1,1,8,15,0.5333,92,14,18,11,20,9,29,11,10,29,0.3448,11,31,0.3548,1,1,17,22,0.7727,70
103571,2023-24,2024-03-02T17:00:00Z,23,LR,5659,2743,Unicaja,Surne Bilbao Basket,14,4,101,84,local,Ibon Navarro,Jaume Ponsarnau,20,20,13,21,9,30,10,27,39,0.6923,10,22,0.4545,3,0,17,19,0.8947,117,13,18,12,13,6,19,5,22,31,0.7097,10,27,0.3704,0,3,10,18,0.5556,80
103572,2023-24,2024-03-02T17:00:00Z,23,LR,5659,2743,BAXI Manresa,UCAM Murcia,10,12,83,88,visitante,Pedro Martínez,Sito Alonso,16,27,18,23,9,32,6,18,37,0.4865,8,28,0.2857,2,4,23,32,0.7188,72,16,27,17,23,14,37,9,22,46,0.4783,7,22,0.3182,3,2,23,33,0.697,83
103573,2023-24,2024-02-11T11:30:00Z,22,LR,5660,2746,Río Breogán,Real Madrid,25,9,73,80,visitante,Veljko Mrsic,Chus Mateo,17,23,13,18,7,25,5,20,33,0.6061,8,27,0.2963,1,1,9,16,0.5625,61,14,16,8,21,15,36,7,18,33,0.5455,8,31,0.2581,1,1,20,23,0.8696,95
103574,2023-24,2024-02-11T17:30:00Z,22,LR,5660,2746,BAXI Manresa,Barça,10,2,77,87,visitante,Pedro Martínez,Roger Grimau,17,21,11,22,10,32,11,21,45,0.4667,8,32,0.25,4,6,11,13,0.8462,73,16,18,19,32,5,37,7,18,36,0.5,11,21,0.5238,6,4,18,20,0.9,99
103575,2023-24,2024-02-11T16:00:00Z,22,LR,5660,2746,UCAM Murcia,Coviran Granada,12,592,91,78,local,Sito Alonso,Pablo Pin,19,27,12,25,3,28,8,23,35,0.6571,10,19,0.5263,1,2,15,22,0.6818,100,15,20,12,20,10,30,5,22,44,0.5,5,17,0.2941,1,1,19,25,0.76,82
103576,2023-24,2024-02-11T16:00:00Z,22,LR,5660,2746,Baskonia,Joventut Badalona,3,8,78,81,visitante,Dusko Ivanovic,Carles Duran,16,14,7,21,10,31,7,22,34,0.6471,7,32,0.2188,3,1,13,20,0.65,85,19,20,10,27,10,37,5,23,46,0.5,9,17,0.5294,1,3,8,11,0.7273,94
103577,2023-24,2024-02-11T11:30:00Z,22,LR,5660,2746,Surne Bilbao Basket,Valencia Basket,4,13,93,78,local,Jaume Ponsarnau,Álex Mumbrú,25,22,9,22,7,29,8,27,39,0.6923,11,25,0.44,1,4,6,15,0.4,111,18,19,12,18,4,22,4,13,28,0.4643,9,19,0.4737,3,1,25,32,0.7812,79
103578,2023-24,2024-03-09T17:00:00Z,24,LR,5658,2742,Joventut Badalona,BAXI Manresa,8,10,81,83,visitante,Carles Duran,Pedro Martínez,10,26,7,21,13,34,5,20,40,0.5,6,30,0.2,3,2,23,30,0.7667,71,19,26,12,28,4,32,3,23,37,0.6216,6,28,0.2143,2,3,19,23,0.8261,85
103579,2023-24,2024-02-10T19:45:00Z,22,LR,5660,2746,Casademont Zaragoza,Lenovo Tenerife,16,28,100,106,visitante,Porfirio Fisac,Txus Vidorreta,22,23,6,17,14,31,8,26,46,0.5652,9,22,0.4091,4,5,21,27,0.7778,115,20,22,10,21,4,25,3,16,32,0.5,18,28,0.6429,4,4,20,22,0.9091,117
103580,2023-24,2024-03-09T19:45:00Z,24,LR,5658,2742,UCAM Murcia,Bàsquet Girona,12,591,81,73,local,Sito Alonso,Fotis Katsikaris,16,19,12,28,11,39,7,19,38,0.5,9,28,0.3214,3,6,16,21,0.7619,96,16,24,14,27,7,34,6,17,41,0.4146,10,21,0.4762,6,3,9,13,0.6923,68
103581,2023-24,2024-03-10T11:30:00Z,24,LR,5658,2742,Monbus Obradoiro,Valencia Basket,57,13,75,97,visitante,Moncho Fernández,Álex Mumbrú,15,13,14,22,12,34,7,20,38,0.5263,8,25,0.32,2,2,11,19,0.5789,83,23,22,9,25,5,30,11,24,39,0.6154,13,25,0.52,2,2,10,13,0.7692,113
103582,2023-24,2024-03-23T17:00:00Z,26,LR,5656,2740,Coviran Granada,Unicaja,592,14,62,90,visitante,Pablo Pin,Ibon Navarro,6,22,20,24,12,36,7,16,31,0.5161,7,28,0.25,3,6,9,17,0.5294,46,24,18,11,25,9,34,9,18,32,0.5625,13,33,0.3939,4,3,15,22,0.6818,108
103583,2023-24,2024-03-23T17:00:00Z,26,LR,5656,2740,Bàsquet Girona,BAXI Manresa,591,10,83,84,visitante,Fotis Katsikaris,Pedro Martínez,16,23,14,20,8,28,10,17,31,0.5484,12,33,0.3636,3,3,13,14,0.9286,86,13,22,17,23,16,39,7,23,49,0.4694,7,23,0.3043,3,3,17,25,0.68,77
103584,2023-24,2024-03-17T17:30:00Z,25,LR,5657,2741,Unicaja,Real Madrid,14,9,81,87,visitante,Ibon Navarro,Chus Mateo,19,21,8,18,8,26,9,20,37,0.5405,10,32,0.3125,0,0,11,11,1.0,79,20,12,15,26,11,37,6,23,40,0.575,9,23,0.3913,0,0,14,19,0.7368,108
103585,2023-24,2024-03-17T16:00:00Z,25,LR,5657,2741,Bàsquet Girona,Valencia Basket,591,13,92,88,local,Fotis Katsikaris,Álex Mumbrú,14,19,7,22,5,27,6,17,29,0.5862,15,33,0.4545,1,6,13,16,0.8125,104,18,19,7,24,11,35,3,24,46,0.5217,9,25,0.36,6,1,13,15,0.8667,92
103586,2023-24,2024-03-17T16:00:00Z,25,LR,5657,2741,Casademont Zaragoza,Zunder Palencia,16,624,103,96,local,Porfirio Fisac,Luis Guil,20,23,19,25,8,33,5,28,38,0.7368,7,20,0.35,1,4,26,30,0.8667,119,18,24,12,17,12,29,11,18,40,0.45,15,31,0.4839,4,1,15,22,0.6818,93
103587,2023-24,2024-03-17T11:30:00Z,25,LR,5657,2741,Surne Bilbao Basket,Joventut Badalona,4,8,92,71,local,Jaume Ponsarnau,Carles Duran,27,24,16,30,10,40,7,22,40,0.55,12,27,0.4444,1,5,12,22,0.5455,107,16,20,17,24,16,40,7,21,47,0.4468,5,26,0.1923,5,1,14,20,0.7,64
103588,2023-24,2024-03-17T11:30:00Z,25,LR,5657,2741,Barça,Río Breogán,2,25,85,88,visitante,Roger Grimau,Veljko Mrsic,21,16,14,17,10,27,8,26,43,0.6047,8,19,0.4211,3,0,9,14,0.6429,90,21,15,11,17,9,26,6,19,34,0.5588,14,30,0.4667,0,3,8,12,0.6667,99
103589,2023-24,2024-03-16T19:45:00Z,25,LR,5657,2741,MoraBanc Andorra,Lenovo Tenerife,22,28,66,79,visitante,Natxo Lezkano,Txus Vidorreta,14,20,6,20,13,33,11,19,56,0.3393,4,17,0.2353,6,5,16,17,0.9412,64,18,18,13,28,7,35,4,22,32,0.6875,8,26,0.3077,4,6,11,13,0.8462,97
103590,2023-24,2024-03-16T19:45:00Z,25,LR,5657,2741,BAXI Manresa,Dreamland Gran Canaria,10,5,78,71,local,Pedro Martínez,Jaka Lakovic,17,23,20,31,10,41,9,16,34,0.4706,10,28,0.3571,2,3,16,20,0.8,83,12,20,11,22,7,29,15,19,39,0.4872,4,24,0.1667,2,2,21,30,0.7,70
103591,2023-24,2024-03-16T17:00:00Z,25,LR,5657,2741,UCAM Murcia,Monbus Obradoiro,12,57,94,81,local,Sito Alonso,Moncho Fernández,24,21,16,25,7,32,8,26,37,0.7027,9,22,0.4091,1,3,15,18,0.8333,116,21,20,13,17,6,23,8,22,39,0.5641,8,29,0.2759,3,1,13,13,1.0,81
103592,2023-24,2024-03-16T17:00:00Z,25,LR,5657,2741,Baskonia,Coviran Granada,3,592,104,88,local,Dusko Ivanovic,Pablo Pin,24,19,12,22,1,23,4,14,22,0.6364,19,33,0.5758,0,2,19,21,0.9048,122,23,20,10,17,13,30,9,22,42,0.5238,10,30,0.3333,2,2,14,20,0.7,93
103593,2023-24,2024-03-10T17:30:00Z,24,LR,5658,2742,Baskonia,Barça,3,2,103,96,local,Dusko Ivanovic,Roger Grimau,20,25,8,18,17,35,6,23,33,0.697,15,45,0.3333,1,1,12,15,0.8,107,18,20,8,21,10,31,4,27,40,0.675,7,22,0.3182,1,2,21,28,0.75,112
103594,2023-24,2024-03-10T16:00:00Z,24,LR,5658,2742,Zunder Palencia,MoraBanc Andorra,624,22,77,70,local,Luis Guil,Natxo Lezkano,8,21,15,27,12,39,4,21,42,0.5,7,25,0.28,0,5,14,18,0.7778,73,16,19,11,25,14,39,12,23,52,0.4423,2,15,0.1333,5,0,18,23,0.7826,76
103595,2023-24,2024-03-10T16:00:00Z,24,LR,5658,2742,Coviran Granada,Surne Bilbao Basket,592,4,87,79,local,Pablo Pin,Jaume Ponsarnau,21,24,14,22,11,33,9,19,37,0.5135,11,25,0.44,7,5,16,21,0.7619,95,20,22,12,18,6,24,10,16,32,0.5,10,21,0.4762,5,7,17,22,0.7727,93
103596,2023-24,2024-03-10T11:30:00Z,24,LR,5658,2742,Real Madrid,Lenovo Tenerife,9,28,80,78,local,Chus Mateo,Txus Vidorreta,21,18,15,27,10,37,6,21,37,0.5676,6,22,0.2727,4,4,20,25,0.8,96,11,22,10,23,11,34,10,22,39,0.5641,7,34,0.2059,4,4,13,15,0.8667,73
103597,2023-24,2024-03-09T19:45:00Z,24,LR,5658,2742,Dreamland Gran Canaria,Casademont Zaragoza,5,16,111,85,local,Jaka Lakovic,Porfirio Fisac,32,16,10,25,15,40,10,19,37,0.5135,20,40,0.5,4,6,13,18,0.7222,144,17,18,14,23,7,30,7,23,39,0.5897,9,24,0.375,5,4,12,15,0.8,88
103598,2023-24,2024-03-23T19:45:00Z,26,LR,5656,2740,MoraBanc Andorra,Casademont Zaragoza,22,16,85,80,local,Natxo Lezkano,Porfirio Fisac,20,20,13,23,14,37,5,18,39,0.4615,9,23,0.3913,5,5,22,31,0.7097,94,17,24,14,21,8,29,3,19,32,0.5938,9,28,0.3214,4,5,15,18,0.8333,77
103599,2023-24,2024-02-10T19:45:00Z,22,LR,5660,2746,MoraBanc Andorra,Bàsquet Girona,22,591,93,66,local,Natxo Lezkano,Fotis Katsikaris,16,24,10,26,9,35,7,21,38,0.5526,11,24,0.4583,1,2,18,26,0.6923,101,11,21,13,19,3,22,6,12,26,0.4615,8,27,0.2963,1,1,18,25,0.72,55
103600,2023-24,2024-02-10T17:00:00Z,22,LR,5660,2746,Zunder Palencia,Dreamland Gran Canaria,624,5,82,58,local,Luis Guil,Jaka Lakovic,23,23,5,32,7,39,7,22,44,0.5,6,18,0.3333,4,1,20,27,0.7407,100,10,21,12,25,10,35,3,17,34,0.5,3,28,0.1071,1,4,15,24,0.625,48
103601,2023-24,2024-01-21T16:00:00Z,19,LR,5663,2749,Casademont Zaragoza,Valencia Basket,16,13,75,85,visitante,Porfirio Fisac,Álex Mumbrú,10,26,18,32,9,41,4,21,40,0.525,4,15,0.2667,1,1,21,27,0.7778,71,17,21,7,18,10,28,14,19,35,0.5429,10,33,0.303,1,1,17,29,0.5862,91
103602,2023-24,2024-01-21T16:00:00Z,19,LR,5663,2749,Baskonia,MoraBanc Andorra,3,22,108,95,local,Dusko Ivanovic,Natxo Lezkano,19,23,10,19,10,29,4,22,32,0.6875,15,35,0.4286,1,1,19,22,0.8636,116,26,22,10,17,6,23,8,25,43,0.5814,9,19,0.4737,1,1,18,24,0.75,108
103603,2023-24,2024-01-21T17:30:00Z,19,LR,5663,2749,Real Madrid,Surne Bilbao Basket,9,4,95,80,local,Chus Mateo,Jaume Ponsarnau,25,16,17,22,3,25,14,24,34,0.7059,12,22,0.5455,2,8,11,15,0.7333,129,17,21,18,17,15,32,14,25,50,0.5,9,21,0.4286,8,3,3,6,0.5,75
103604,2023-24,2024-01-21T11:30:00Z,19,LR,5663,2749,Río Breogán,Bàsquet Girona,25,591,93,75,local,Veljko Mrsic,Salva Camps,21,18,9,20,9,29,6,23,43,0.5349,11,23,0.4783,1,3,14,19,0.7368,108,13,22,16,23,17,40,9,13,33,0.3939,10,30,0.3333,2,1,19,25,0.76,70
103605,2023-24,2024-01-20T19:45:00Z,19,LR,5663,2749,Joventut Badalona,Unicaja,8,14,85,81,local,Carles Duran,Ibon Navarro,19,19,10,20,6,26,12,25,45,0.5556,4,16,0.25,4,2,23,30,0.7667,96,20,24,17,22,3,25,5,25,42,0.5952,5,17,0.2941,2,4,16,17,0.9412,81
103606,2023-24,2024-01-20T19:45:00Z,19,LR,5663,2749,Zunder Palencia,BAXI Manresa,624,10,88,95,visitante,Luis Guil,Pedro Martínez,19,23,12,24,6,30,5,24,34,0.7059,6,26,0.2308,1,4,22,30,0.7333,100,20,29,10,23,11,34,6,18,38,0.4737,13,34,0.3824,4,1,20,24,0.8333,91
103607,2023-24,2024-01-20T17:00:00Z,19,LR,5663,2749,Dreamland Gran Canaria,UCAM Murcia,5,12,91,80,local,Jaka Lakovic,Sito Alonso,17,21,12,16,5,21,8,20,33,0.6061,10,21,0.4762,4,3,21,28,0.75,99,13,27,17,22,10,32,10,17,32,0.5312,9,22,0.4091,2,4,19,27,0.7037,78
103608,2023-24,2024-01-20T17:00:00Z,19,LR,5663,2749,Monbus Obradoiro,Lenovo Tenerife,57,28,86,97,visitante,Moncho Fernández,Txus Vidorreta,12,20,9,18,7,25,5,29,42,0.6905,3,17,0.1765,3,5,19,23,0.8261,94,19,24,11,21,9,30,5,18,32,0.5625,16,32,0.5,5,3,13,16,0.8125,101
103609,2023-24,2024-01-14T17:00:00Z,18,LR,5664,2750,Lenovo Tenerife,Barça,28,2,80,83,visitante,Txus Vidorreta,Roger Grimau,19,16,10,16,9,25,6,24,36,0.6667,8,25,0.32,1,0,8,12,0.6667,88,17,18,8,18,4,22,4,26,38,0.6842,8,18,0.4444,0,1,7,11,0.6364,91
103610,2023-24,2024-01-14T16:00:00Z,18,LR,5664,2750,BAXI Manresa,Baskonia,10,3,82,90,visitante,Pedro Martínez,Dusko Ivanovic,20,20,15,25,8,33,3,20,38,0.5263,10,30,0.3333,0,6,12,14,0.8571,83,22,14,11,25,11,36,11,20,37,0.5405,13,38,0.3421,6,0,11,16,0.6875,101
103611,2023-24,2024-01-14T16:00:00Z,18,LR,5664,2750,Valencia Basket,Río Breogán,13,25,88,80,local,Álex Mumbrú,Veljko Mrsic,18,18,7,21,15,36,6,21,42,0.5,8,26,0.3077,2,1,22,29,0.7586,100,19,25,10,23,6,29,5,15,28,0.5357,13,32,0.4062,1,3,11,21,0.5238,76
103612,2023-24,2024-01-14T11:30:00Z,18,LR,5664,2750,UCAM Murcia,Real Madrid,12,9,73,61,local,Sito Alonso,Chus Mateo,14,16,7,26,9,35,14,24,46,0.5217,4,24,0.1667,3,0,13,17,0.7647,80,14,19,19,32,8,40,4,11,26,0.4231,8,31,0.2581,0,3,15,16,0.9375,61
103613,2023-24,2024-01-14T11:30:00Z,18,LR,5664,2750,Coviran Granada,Monbus Obradoiro,592,57,77,74,local,Pablo Pin,Moncho Fernández,12,25,13,19,12,31,7,17,31,0.5484,11,28,0.3929,1,0,10,20,0.5,71,15,24,14,22,10,32,7,16,33,0.4848,7,25,0.28,0,1,21,27,0.7778,75
103614,2023-24,2024-01-13T19:45:00Z,18,LR,5664,2750,MoraBanc Andorra,Surne Bilbao Basket,22,4,87,78,local,Natxo Lezkano,Jaume Ponsarnau,21,18,7,20,12,32,9,19,38,0.5,11,28,0.3929,6,3,16,21,0.7619,98,15,18,13,26,10,36,4,19,34,0.5588,10,31,0.3226,3,6,10,15,0.6667,82
103615,2023-24,2024-01-13T19:45:00Z,18,LR,5664,2750,Joventut Badalona,Casademont Zaragoza,8,16,95,84,local,Carles Duran,Porfirio Fisac,22,20,11,31,13,44,4,22,41,0.5366,13,31,0.4194,7,2,12,19,0.6316,103,18,18,6,23,3,26,7,19,38,0.5,11,32,0.3438,2,7,13,17,0.7647,91
103616,2023-24,2024-01-21T11:30:00Z,19,LR,5663,2749,Coviran Granada,Barça,592,2,61,94,visitante,Pablo Pin,Roger Grimau,14,21,13,16,6,22,7,17,30,0.5667,6,29,0.2069,2,1,9,12,0.75,45,19,15,13,27,10,37,7,25,37,0.6757,10,23,0.4348,1,2,14,18,0.7778,122
103617,2023-24,2024-02-10T17:00:00Z,22,LR,5660,2746,Monbus Obradoiro,Unicaja,57,14,78,90,visitante,Moncho Fernández,Ibon Navarro,16,15,11,22,5,27,9,22,39,0.5641,6,25,0.24,5,4,16,23,0.6957,79,23,20,14,31,6,37,8,26,44,0.5909,9,23,0.3913,4,5,11,15,0.7333,104
103618,2023-24,2024-01-27T17:00:00Z,20,LR,5662,2748,Surne Bilbao Basket,Casademont Zaragoza,4,16,86,83,local,Jaume Ponsarnau,Porfirio Fisac,18,22,9,19,13,32,3,25,43,0.5814,9,27,0.3333,3,4,9,12,0.75,88,17,18,12,23,11,34,6,16,42,0.381,11,21,0.5238,4,3,18,22,0.8182,91
103619,2023-24,2024-01-27T19:45:00Z,20,LR,5662,2748,BAXI Manresa,Río Breogán,10,25,83,68,local,Pedro Martínez,Veljko Mrsic,18,23,14,28,10,38,7,19,34,0.5588,10,31,0.3226,1,4,15,18,0.8333,90,16,17,13,23,10,33,8,18,37,0.4865,6,25,0.24,4,1,14,23,0.6087,68
103620,2023-24,2024-02-04T17:30:00Z,21,LR,5661,2747,Barça,Valencia Basket,2,13,76,79,visitante,Roger Grimau,Álex Mumbrú,16,17,14,24,6,30,5,26,45,0.5778,4,16,0.25,4,4,12,15,0.8,80,15,18,10,22,11,33,9,22,46,0.4783,5,18,0.2778,4,5,20,22,0.9091,87
103621,2023-24,2024-02-04T16:00:00Z,21,LR,5661,2747,Monbus Obradoiro,Dreamland Gran Canaria,57,5,72,81,visitante,Moncho Fernández,Jaka Lakovic,9,20,18,22,10,32,7,19,42,0.4524,4,19,0.2105,3,2,22,25,0.88,60,19,21,15,23,6,29,14,22,36,0.6111,8,21,0.381,2,4,13,23,0.5652,92
103622,2023-24,2024-02-04T17:30:00Z,21,LR,5661,2747,Coviran Granada,BAXI Manresa,592,10,93,94,visitante,Pablo Pin,Pedro Martínez,17,26,10,25,10,35,4,23,36,0.6389,8,25,0.32,3,1,23,30,0.7667,100,21,26,8,20,11,31,8,19,31,0.6129,13,38,0.3421,1,3,17,28,0.6071,100
103623,2023-24,2024-02-04T12:00:00Z,21,LR,5661,2747,Lenovo Tenerife,Baskonia,28,3,95,78,local,Txus Vidorreta,Dusko Ivanovic,15,21,8,19,9,28,4,21,32,0.6562,11,29,0.3793,1,2,20,22,0.9091,104,15,22,9,14,9,23,6,20,37,0.5405,7,18,0.3889,1,1,17,25,0.68,76
103624,2023-24,2024-02-04T11:30:00Z,21,LR,5661,2747,Real Madrid,Bàsquet Girona,9,591,92,79,local,Chus Mateo,Fotis Katsikaris,25,16,10,22,4,26,9,22,36,0.6111,8,22,0.3636,1,4,24,27,0.8889,121,16,23,12,22,10,32,4,19,41,0.4634,11,25,0.44,4,1,8,11,0.7273,70
103625,2023-24,2024-02-03T19:45:00Z,21,LR,5661,2747,UCAM Murcia,Surne Bilbao Basket,12,4,96,76,local,Sito Alonso,Jaume Ponsarnau,21,21,6,21,8,29,7,20,37,0.5405,12,27,0.4444,4,6,20,29,0.6897,111,15,24,13,23,8,31,4,25,45,0.5556,3,15,0.2,5,6,17,21,0.8095,75
103626,2023-24,2024-02-03T19:45:00Z,21,LR,5661,2747,Unicaja,MoraBanc Andorra,14,22,92,86,local,Ibon Navarro,Natxo Lezkano,22,23,16,22,10,32,7,21,32,0.6562,12,32,0.375,1,2,14,18,0.7778,103,14,23,14,20,9,29,12,26,41,0.6341,4,17,0.2353,1,1,22,36,0.6111,85
103627,2023-24,2024-02-03T17:00:00Z,21,LR,5661,2747,Joventut Badalona,Zunder Palencia,8,624,89,77,local,Carles Duran,Luis Guil,20,23,8,21,7,28,8,20,42,0.4762,10,25,0.4,6,5,19,21,0.9048,100,11,26,17,24,8,32,4,18,29,0.6207,8,30,0.2667,5,6,17,24,0.7083,64
103628,2023-24,2024-02-03T17:00:00Z,21,LR,5661,2747,Casademont Zaragoza,Río Breogán,16,25,63,61,local,Porfirio Fisac,Veljko Mrsic,10,21,23,31,14,45,7,15,38,0.3947,7,21,0.3333,1,6,12,17,0.7059,64,12,21,16,23,10,33,15,10,27,0.3704,8,35,0.2286,6,1,17,22,0.7727,51
103629,2023-24,2024-01-28T17:30:00Z,20,LR,5662,2748,Valencia Basket,Unicaja,13,14,63,83,visitante,Álex Mumbrú,Ibon Navarro,11,16,15,21,12,33,5,14,34,0.4118,7,31,0.2258,4,2,14,15,0.9333,51,25,17,13,26,10,36,10,22,41,0.5366,9,26,0.3462,2,4,12,14,0.8571,104
103630,2023-24,2024-01-28T16:00:00Z,20,LR,5662,2748,Baskonia,Monbus Obradoiro,3,57,89,79,local,Dusko Ivanovic,Moncho Fernández,16,20,6,24,4,28,7,20,32,0.625,10,31,0.3226,3,3,19,24,0.7917,98,19,23,17,28,12,40,2,19,38,0.5,9,26,0.3462,3,3,14,20,0.7,78
103631,2023-24,2024-01-28T16:00:00Z,20,LR,5662,2748,Barça,Zunder Palencia,2,624,102,94,local,Roger Grimau,Luis Guil,21,17,9,24,11,35,0,20,34,0.5882,12,25,0.48,1,1,26,32,0.8125,127,28,28,5,17,11,28,3,29,49,0.5918,10,26,0.3846,1,2,6,10,0.6,98
103632,2023-24,2024-01-28T12:00:00Z,20,LR,5662,2748,Dreamland Gran Canaria,Real Madrid,5,9,100,77,local,Jaka Lakovic,Chus Mateo,17,19,8,24,6,30,6,23,37,0.6216,15,27,0.5556,3,5,9,14,0.6429,113,14,17,9,22,9,31,3,13,32,0.4062,13,34,0.3824,5,3,12,13,0.9231,75
103633,2023-24,2024-01-28T11:30:00Z,20,LR,5662,2748,Bàsquet Girona,Coviran Granada,591,592,80,61,local,Fotis Katsikaris,Pablo Pin,16,21,13,24,12,36,5,17,38,0.4474,10,27,0.3704,6,4,16,20,0.8,79,10,22,14,21,9,30,7,15,30,0.5,7,31,0.2258,4,7,10,14,0.7143,53
103634,2023-24,2024-01-27T19:45:00Z,20,LR,5662,2748,MoraBanc Andorra,Joventut Badalona,22,8,79,86,visitante,Natxo Lezkano,Carles Duran,14,20,9,25,7,32,6,21,35,0.6,8,27,0.2963,1,3,13,15,0.8667,87,13,18,9,26,13,39,7,23,45,0.5111,11,26,0.4231,3,1,7,13,0.5385,93
103635,2023-24,2024-01-27T17:00:00Z,20,LR,5662,2748,Lenovo Tenerife,UCAM Murcia,28,12,75,73,local,Txus Vidorreta,Sito Alonso,14,19,14,20,9,29,8,19,34,0.5588,8,26,0.3077,3,2,13,16,0.8125,72,17,16,14,20,8,28,8,19,36,0.5278,8,21,0.381,2,3,11,17,0.6471,79
103636,2023-24,2024-03-23T19:45:00Z,26,LR,5656,2740,Monbus Obradoiro,Río Breogán,57,25,83,72,local,Moncho Fernández,Veljko Mrsic,22,21,9,26,7,33,5,19,36,0.5278,10,22,0.4545,1,6,15,16,0.9375,105,15,18,9,18,7,25,5,13,31,0.4194,12,30,0.4,6,1,10,15,0.6667,65
103637,2023-24,2024-03-24T11:30:00Z,26,LR,5656,2740,Zunder Palencia,Real Madrid,624,9,78,86,visitante,Luis Guil,Chus Mateo,15,24,11,18,10,28,4,19,34,0.5588,7,23,0.3043,2,3,19,22,0.8636,73,23,17,9,21,9,30,7,19,29,0.6552,10,29,0.3448,2,2,18,21,0.8571,112
103638,2023-24,2024-03-24T12:00:00Z,26,LR,5656,2740,Lenovo Tenerife,Dreamland Gran Canaria,28,5,93,92,local,Txus Vidorreta,Jaka Lakovic,17,20,11,23,7,30,2,25,33,0.7576,6,27,0.2222,1,5,25,30,0.8333,106,17,26,4,18,10,28,6,27,50,0.54,8,23,0.3478,5,1,14,18,0.7778,87
103639,2023-24,2024-05-05T10:30:00Z,32,LR,5650,2758,Real Madrid,Coviran Granada,9,592,94,80,local,Chus Mateo,Pablo Pin,23,17,14,28,3,31,5,20,28,0.7143,11,26,0.4231,1,7,21,22,0.9545,123,23,19,9,16,9,25,9,20,39,0.5128,10,32,0.3125,7,2,10,12,0.8333,78
103640,2023-24,2024-05-05T15:00:00Z,32,LR,5650,2758,Baskonia,Bàsquet Girona,3,591,92,96,visitante,Dusko Ivanovic,Fotis Katsikaris,18,23,13,23,3,26,5,15,24,0.625,13,36,0.3611,0,2,23,28,0.8214,93,22,23,12,25,14,39,10,19,40,0.475,11,28,0.3929,2,0,25,32,0.7812,108
103641,2023-24,2024-05-05T16:30:00Z,32,LR,5650,2758,Unicaja,UCAM Murcia,14,12,96,71,local,Ibon Navarro,Sito Alonso,23,19,11,23,13,36,18,30,49,0.6122,6,27,0.2222,2,2,18,25,0.72,117,17,22,23,23,2,25,4,19,32,0.5938,7,24,0.2917,2,2,12,17,0.7059,55
103642,2023-24,2024-05-04T18:45:00Z,32,LR,5650,2758,Monbus Obradoiro,MoraBanc Andorra,57,22,101,89,local,Moncho Fernández,Natxo Lezkano,18,20,7,24,17,41,6,21,38,0.5526,13,31,0.4194,1,6,20,24,0.8333,125,15,20,9,16,8,24,3,24,37,0.6486,9,27,0.3333,6,1,14,20,0.7,80
103643,2023-24,2024-05-05T10:30:00Z,32,LR,5650,2758,Casademont Zaragoza,BAXI Manresa,16,10,90,80,local,Porfirio Fisac,Pedro Martínez,18,19,15,27,12,39,8,18,39,0.4615,9,15,0.6,0,3,27,48,0.5625,110,18,35,12,19,9,28,10,16,35,0.4571,12,39,0.3077,3,1,12,17,0.7059,53
103644,2023-24,2024-05-04T16:00:00Z,32,LR,5650,2758,Surne Bilbao Basket,Zunder Palencia,4,624,80,97,visitante,Jaume Ponsarnau,Luis Guil,11,18,12,20,16,36,5,26,44,0.5909,3,26,0.1154,2,2,19,23,0.8261,82,21,25,10,24,8,32,7,27,47,0.5745,11,20,0.55,2,2,10,13,0.7692,108
103645,2023-24,2024-04-28T16:30:00Z,31,LR,5651,2735,MoraBanc Andorra,Barça,22,2,108,92,local,Natxo Lezkano,Roger Grimau,23,24,7,22,4,26,10,31,51,0.6078,12,21,0.5714,3,2,10,11,0.9091,120,21,16,16,19,7,26,1,19,30,0.6333,13,30,0.4333,2,3,15,24,0.625,95
103646,2023-24,2024-04-28T15:00:00Z,31,LR,5651,2735,BAXI Manresa,Valencia Basket,10,13,98,96,local,Pedro Martínez,Xavier Albert,20,20,9,24,16,40,7,28,46,0.6087,11,38,0.2895,1,1,9,12,0.75,107,17,21,15,28,6,34,6,24,38,0.6316,11,30,0.3667,1,1,15,20,0.75,99
103647,2023-24,2024-05-01T16:00:00Z,31,LR,5651,2758,UCAM Murcia,Casademont Zaragoza,12,16,82,77,local,Sito Alonso,Porfirio Fisac,18,20,10,21,8,29,8,17,26,0.6538,12,38,0.3158,0,4,12,15,0.8,94,15,21,16,28,6,34,6,22,38,0.5789,6,20,0.3,4,0,15,20,0.75,76
103648,2023-24,2024-05-01T18:45:00Z,31,LR,5651,2758,Lenovo Tenerife,Unicaja,28,14,87,86,local,Txus Vidorreta,Ibon Navarro,20,21,13,30,8,38,3,25,37,0.6757,5,18,0.2778,3,2,22,28,0.7857,105,19,24,6,17,3,20,7,20,31,0.6452,10,33,0.303,2,4,16,17,0.9412,90
103649,2023-24,2024-04-28T10:30:00Z,31,LR,5651,2735,Real Madrid,Monbus Obradoiro,9,57,79,69,local,Chus Mateo,Moncho Fernández,17,16,11,23,9,32,6,16,27,0.5926,9,27,0.3333,1,1,20,28,0.7143,94,8,24,10,19,12,31,6,19,43,0.4419,7,23,0.3043,1,1,10,14,0.7143,52
103650,2023-24,2024-04-27T18:45:00Z,31,LR,5651,2735,Dreamland Gran Canaria,Joventut Badalona,5,8,97,79,local,Jaka Lakovic,Daniel Miret,17,25,10,29,9,38,10,22,40,0.55,11,26,0.4231,2,3,20,29,0.6897,113,19,29,15,25,8,33,3,19,34,0.5588,7,25,0.28,3,2,20,31,0.6452,70
103651,2023-24,2024-04-27T18:45:00Z,31,LR,5651,2735,Bàsquet Girona,Surne Bilbao Basket,591,4,81,68,local,Fotis Katsikaris,Jaume Ponsarnau,16,23,7,20,12,32,15,16,41,0.3902,10,30,0.3333,4,3,19,24,0.7917,82,13,19,21,28,9,37,2,16,35,0.4571,6,21,0.2857,2,4,18,21,0.8571,68
103652,2023-24,2024-04-27T16:00:00Z,31,LR,5651,2735,Coviran Granada,Río Breogán,592,25,84,85,visitante,Pablo Pin,Veljko Mrsic,14,26,12,20,11,31,6,22,40,0.55,9,27,0.3333,1,3,13,15,0.8667,78,14,17,14,22,5,27,7,16,28,0.5714,10,24,0.4167,3,1,23,29,0.7931,94
103653,2023-24,2024-04-27T18:45:00Z,31,LR,5651,2735,Zunder Palencia,Baskonia,624,3,94,101,visitante,Luis Guil,Dusko Ivanovic,26,21,9,26,10,36,6,26,39,0.6667,8,30,0.2667,2,2,18,23,0.7826,114,21,22,11,25,7,32,4,14,26,0.5385,17,39,0.4359,2,2,22,26,0.8462,108
103654,2023-24,2024-05-05T15:00:00Z,32,LR,5650,2758,Barça,Dreamland Gran Canaria,2,5,95,89,local,Roger Grimau,Jaka Lakovic,18,22,18,24,14,38,6,23,37,0.6216,10,29,0.3448,3,0,19,23,0.8261,101,20,24,13,20,9,29,8,21,39,0.5385,11,30,0.3667,0,3,14,17,0.8235,94
103655,2023-24,2024-04-21T16:30:00Z,30,LR,5652,2736,Unicaja,Baskonia,14,3,95,91,local,Ibon Navarro,Dusko Ivanovic,17,17,12,21,17,38,10,26,42,0.619,9,33,0.2727,2,3,16,22,0.7273,105,24,20,19,22,6,28,6,16,28,0.5714,16,31,0.5161,3,2,11,13,0.8462,97
103656,2023-24,2024-05-05T15:00:00Z,32,LR,5650,2758,Río Breogán,Lenovo Tenerife,25,28,76,54,local,Veljko Mrsic,Txus Vidorreta,14,24,12,26,9,35,4,19,32,0.5938,11,28,0.3929,1,5,5,11,0.4545,80,10,20,14,22,9,31,7,12,33,0.3636,5,20,0.25,5,1,15,18,0.8333,47
103657,2023-24,2024-05-09T17:00:00Z,33,LR,5673,2767,Zunder Palencia,Monbus Obradoiro,624,57,75,81,visitante,Luis Guil,Moncho Fernández,16,28,9,19,5,24,4,15,32,0.4688,11,30,0.3667,2,1,12,20,0.6,59,14,22,13,27,13,40,4,12,30,0.4,11,30,0.3667,1,2,24,26,0.9231,93
103658,2023-24,2024-05-12T16:30:00Z,34,LR,5682,2767,Coviran Granada,Dreamland Gran Canaria,592,5,74,67,local,Pablo Pin,Jaka Lakovic,8,20,15,27,10,37,4,14,29,0.4828,8,24,0.3333,3,3,22,26,0.8462,79,15,26,9,24,7,31,9,14,31,0.4516,11,35,0.3143,3,3,6,10,0.6,62
103659,2023-24,2024-05-12T16:30:00Z,34,LR,5682,2767,Real Madrid,Baskonia,9,3,106,100,local,Chus Mateo,Dusko Ivanovic,23,18,11,26,5,31,3,27,36,0.75,12,23,0.5217,0,6,16,20,0.8,137,19,22,6,12,17,29,6,22,42,0.5238,16,41,0.3902,6,0,8,13,0.6154,88
103660,2023-24,2024-05-12T16:30:00Z,34,LR,5682,2767,Monbus Obradoiro,Joventut Badalona,57,8,97,71,local,Moncho Fernández,Daniel Miret,13,20,8,21,14,35,9,27,38,0.7105,10,31,0.3226,3,6,13,16,0.8125,114,19,20,13,17,16,33,3,17,35,0.4857,7,27,0.2593,5,3,16,21,0.7619,67
103661,2023-24,2024-05-12T16:30:00Z,34,LR,5682,2767,Surne Bilbao Basket,Barça,4,2,68,72,visitante,Jaume Ponsarnau,Roger Grimau,8,20,14,28,8,36,9,20,37,0.5405,3,21,0.1429,2,0,19,25,0.76,64,16,20,13,25,7,32,8,20,39,0.5128,6,26,0.2308,0,2,14,18,0.7778,74
103662,2023-24,2024-05-12T16:30:00Z,34,LR,5682,2767,MoraBanc Andorra,Valencia Basket,22,13,99,71,local,Natxo Lezkano,Xavier Albert,20,20,10,27,6,33,11,26,40,0.65,10,20,0.5,1,2,17,26,0.6538,124,19,24,17,19,7,26,6,11,30,0.3667,12,27,0.4444,2,1,13,18,0.7222,61
103663,2023-24,2024-05-12T16:30:00Z,34,LR,5682,2767,Bàsquet Girona,Casademont Zaragoza,591,16,79,89,visitante,Fotis Katsikaris,Porfirio Fisac,20,20,16,24,7,31,5,11,22,0.5,14,34,0.4118,5,5,15,16,0.9375,85,21,18,8,20,13,33,12,19,39,0.4872,13,35,0.3714,5,5,12,15,0.8,104
103664,2023-24,2024-05-12T16:30:00Z,34,LR,5682,2767,Lenovo Tenerife,BAXI Manresa,28,10,84,80,local,Txus Vidorreta,Pedro Martínez,16,17,6,18,9,27,9,20,33,0.6061,9,30,0.3,2,6,17,23,0.7391,101,22,24,14,23,17,40,3,21,44,0.4773,10,26,0.3846,6,3,8,14,0.5714,76
103665,2023-24,2024-05-10T19:30:00Z,33,LR,5673,2767,Dreamland Gran Canaria,Bàsquet Girona,5,591,78,86,visitante,Jaka Lakovic,Fotis Katsikaris,16,20,12,21,7,28,6,15,32,0.4688,12,31,0.3871,3,5,12,16,0.75,78,18,20,12,25,8,33,5,27,39,0.6923,7,24,0.2917,4,3,11,16,0.6875,95
103666,2023-24,2024-05-10T19:00:00Z,33,LR,5673,2767,Valencia Basket,Real Madrid,13,9,99,93,local,Xavier Albert,Chus Mateo,22,24,14,26,8,34,3,17,43,0.3953,15,21,0.7143,4,0,20,26,0.7692,95,18,18,9,21,13,34,9,20,36,0.5556,12,39,0.3077,0,4,17,26,0.6538,102
103667,2023-24,2024-05-10T18:30:00Z,33,LR,5673,2767,Casademont Zaragoza,Coviran Granada,16,592,77,84,visitante,Porfirio Fisac,Pablo Pin,12,22,16,30,8,38,4,22,39,0.5641,5,19,0.2632,2,1,18,24,0.75,82,18,27,8,20,15,35,6,20,43,0.4651,8,31,0.2581,1,2,20,26,0.7692,79
103668,2023-24,2024-05-10T18:00:00Z,33,LR,5673,2767,Río Breogán,MoraBanc Andorra,25,22,97,92,local,Veljko Mrsic,Natxo Lezkano,20,23,10,22,8,30,8,19,35,0.5429,13,25,0.52,6,5,20,27,0.7407,110,19,24,11,17,13,30,7,22,43,0.5116,9,23,0.3913,6,6,21,26,0.8077,96
103669,2023-24,2024-05-10T16:15:00Z,33,LR,5673,2767,Baskonia,UCAM Murcia,3,12,94,79,local,Dusko Ivanovic,Sito Alonso,23,13,8,31,7,38,3,20,36,0.5556,15,29,0.5172,2,3,9,17,0.5294,122,18,22,6,19,7,26,8,19,38,0.5,11,33,0.3333,3,2,8,11,0.7273,71
103670,2023-24,2024-05-09T19:30:00Z,33,LR,5673,2767,Joventut Badalona,Lenovo Tenerife,8,28,96,88,local,Daniel Miret,Txus Vidorreta,23,18,7,24,9,33,8,21,34,0.6176,11,29,0.3793,1,3,21,35,0.6,118,18,27,13,29,6,35,6,17,32,0.5312,14,31,0.4516,3,2,12,15,0.8,89
103671,2023-24,2024-05-10T17:00:00Z,33,LR,5673,2767,Barça,Unicaja,2,14,91,92,visitante,Roger Grimau,Ibon Navarro,22,17,10,22,6,28,6,19,38,0.5,11,21,0.5238,2,1,20,24,0.8333,109,25,23,8,24,14,38,7,32,54,0.5926,8,26,0.3077,1,3,4,7,0.5714,107
103672,2023-24,2024-05-09T18:00:00Z,33,LR,5673,2767,BAXI Manresa,Surne Bilbao Basket,10,4,90,81,local,Pedro Martínez,Jaume Ponsarnau,21,20,14,26,15,41,8,19,33,0.5758,11,37,0.2973,3,3,19,24,0.7917,106,15,25,16,15,1,16,10,21,33,0.6364,7,23,0.3043,3,3,18,23,0.7826,68
103673,2023-24,2024-05-04T18:45:00Z,32,LR,5650,2758,Valencia Basket,Joventut Badalona,13,8,83,76,local,Xavier Albert,Daniel Miret,20,22,17,25,11,36,11,25,43,0.5814,5,24,0.2083,1,1,18,24,0.75,94,11,26,18,25,10,35,7,12,31,0.3871,13,34,0.3824,1,1,13,18,0.7222,62
103674,2023-24,2024-04-21T15:00:00Z,30,LR,5652,2736,Valencia Basket,Lenovo Tenerife,13,28,98,73,local,Xavier Albert,Txus Vidorreta,24,20,14,27,10,37,14,32,48,0.6667,7,20,0.35,1,4,13,21,0.619,125,17,20,16,21,3,24,10,19,32,0.5938,7,26,0.2692,3,1,14,19,0.7368,69
103675,2023-24,2024-04-21T15:00:00Z,30,LR,5652,2736,Surne Bilbao Basket,Monbus Obradoiro,4,57,72,75,visitante,Jaume Ponsarnau,Moncho Fernández,15,18,11,24,12,36,5,19,39,0.4872,8,30,0.2667,2,4,10,11,0.9091,76,13,18,11,24,15,39,6,24,52,0.4615,4,18,0.2222,4,2,15,17,0.8824,76
103676,2023-24,2024-04-21T10:30:00Z,30,LR,5652,2736,Casademont Zaragoza,Real Madrid,16,9,70,79,visitante,Porfirio Fisac,Chus Mateo,12,20,15,22,11,33,7,24,51,0.4706,4,18,0.2222,8,2,10,13,0.7692,54,16,17,14,24,11,35,12,12,25,0.48,12,37,0.3243,2,8,19,21,0.9048,97
103677,2023-24,2024-04-06T17:30:00Z,28,LR,5654,2738,Joventut Badalona,UCAM Murcia,8,12,75,82,visitante,Carles Duran,Sito Alonso,12,26,12,22,12,34,9,21,47,0.4468,3,18,0.1667,3,3,24,28,0.8571,68,15,22,12,26,13,39,7,18,35,0.5143,8,28,0.2857,3,3,22,32,0.6875,87
103678,2023-24,2024-04-06T17:30:00Z,28,LR,5654,2738,Río Breogán,Zunder Palencia,25,624,73,65,local,Veljko Mrsic,Luis Guil,15,20,12,27,13,40,10,18,37,0.4865,7,28,0.25,7,2,16,22,0.7273,78,17,23,17,22,4,26,4,17,34,0.5,6,21,0.2857,2,7,13,16,0.8125,62
103679,2023-24,2024-04-06T15:00:00Z,28,LR,5654,2738,Casademont Zaragoza,Monbus Obradoiro,16,57,98,79,local,Porfirio Fisac,Moncho Fernández,24,20,14,23,9,32,7,23,37,0.6216,9,24,0.375,2,2,25,35,0.7143,116,19,28,15,19,2,21,11,21,36,0.5833,7,22,0.3182,2,3,16,19,0.8421,75
103680,2023-24,2024-03-31T16:30:00Z,27,LR,5655,2739,Monbus Obradoiro,Barça,57,2,84,89,visitante,Moncho Fernández,Roger Grimau,20,23,10,27,6,33,1,24,35,0.6857,9,29,0.3103,2,1,9,15,0.6,84,18,18,7,21,12,33,7,26,49,0.5306,8,23,0.3478,1,2,13,21,0.619,100
103681,2023-24,2024-03-31T15:00:00Z,27,LR,5655,2739,Coviran Granada,Joventut Badalona,592,8,86,83,local,Pablo Pin,Carles Duran,16,28,15,25,5,30,7,26,36,0.7222,6,25,0.24,0,0,16,24,0.6667,86,16,27,15,23,4,27,7,16,26,0.6154,8,26,0.3077,0,0,27,40,0.675,77
103682,2023-24,2024-03-31T15:00:00Z,27,LR,5655,2739,UCAM Murcia,MoraBanc Andorra,12,22,99,86,local,Sito Alonso,Natxo Lezkano,13,23,12,17,7,24,8,19,30,0.6333,14,30,0.4667,2,3,19,28,0.6786,99,19,25,16,16,12,28,5,24,43,0.5581,7,19,0.3684,3,2,17,24,0.7083,81
103683,2023-24,2024-03-31T11:00:00Z,27,LR,5655,2739,Dreamland Gran Canaria,Valencia Basket,5,13,79,71,local,Jaka Lakovic,Álex Mumbrú,13,19,13,23,8,31,10,21,35,0.6,7,31,0.2258,6,3,16,20,0.8,80,15,24,20,25,9,34,8,15,29,0.5172,11,30,0.3667,3,6,8,13,0.6154,68
103684,2023-24,2024-03-31T10:30:00Z,27,LR,5655,2739,Real Madrid,BAXI Manresa,9,10,72,83,visitante,Chus Mateo,Pedro Martínez,19,19,12,28,12,40,5,19,38,0.5,3,25,0.12,5,6,25,35,0.7143,81,15,26,11,34,7,41,5,22,44,0.5,8,26,0.3077,5,6,15,21,0.7143,78
103685,2023-24,2024-03-30T19:45:00Z,27,LR,5655,2739,Baskonia,Casademont Zaragoza,3,16,102,94,local,Dusko Ivanovic,Porfirio Fisac,24,18,11,19,8,27,6,25,39,0.641,13,28,0.4643,1,1,13,16,0.8125,117,25,19,12,19,10,29,4,32,46,0.6957,6,22,0.2727,1,2,12,15,0.8,107
103686,2023-24,2024-03-30T19:45:00Z,27,LR,5655,2739,Unicaja,Bàsquet Girona,14,591,111,80,local,Ibon Navarro,Fotis Katsikaris,28,18,4,29,3,32,7,28,42,0.6667,13,26,0.5,2,3,16,23,0.6957,140,14,17,9,22,15,37,4,23,43,0.5349,5,29,0.1724,3,2,19,24,0.7917,77
103687,2023-24,2024-03-30T17:00:00Z,27,LR,5655,2739,Río Breogán,Surne Bilbao Basket,25,4,68,80,visitante,Veljko Mrsic,Jaume Ponsarnau,16,24,12,21,12,33,7,15,31,0.4839,5,29,0.1724,8,2,23,29,0.7931,62,16,26,13,25,6,31,7,15,28,0.5357,9,26,0.3462,2,8,23,25,0.92,93
103688,2023-24,2024-03-30T17:00:00Z,27,LR,5655,2739,Zunder Palencia,Lenovo Tenerife,624,28,68,89,visitante,Luis Guil,Txus Vidorreta,17,16,8,23,6,29,3,20,41,0.4878,6,20,0.3,5,3,10,14,0.7143,70,28,18,8,27,6,33,7,18,35,0.5143,15,30,0.5,3,5,8,10,0.8,115
103689,2023-24,2024-03-24T17:30:00Z,26,LR,5656,2740,Joventut Badalona,Barça,8,2,75,93,visitante,Carles Duran,Roger Grimau,6,22,13,25,15,40,3,23,48,0.4792,5,21,0.2381,3,3,14,17,0.8235,64,19,19,9,25,12,37,10,24,45,0.5333,10,26,0.3846,3,3,15,21,0.7143,110
103690,2023-24,2024-03-24T16:00:00Z,26,LR,5656,2740,Valencia Basket,UCAM Murcia,13,12,83,82,local,Álex Mumbrú,Sito Alonso,19,20,10,21,4,25,7,17,33,0.5152,12,24,0.5,2,2,13,14,0.9286,96,15,21,12,21,12,33,6,20,39,0.5128,9,27,0.3333,2,2,15,19,0.7895,82
103691,2023-24,2024-03-24T16:00:00Z,26,LR,5656,2740,Surne Bilbao Basket,Baskonia,4,3,82,80,local,Jaume Ponsarnau,Dusko Ivanovic,15,20,16,25,11,36,8,17,34,0.5,13,31,0.4194,2,3,9,11,0.8182,86,15,17,10,22,8,30,13,24,39,0.6154,5,25,0.2,3,2,17,23,0.7391,89
103692,2023-24,2024-04-06T15:00:00Z,28,LR,5654,2738,Surne Bilbao Basket,Dreamland Gran Canaria,4,5,81,71,local,Jaume Ponsarnau,Jaka Lakovic,18,20,13,24,6,30,9,18,29,0.6207,9,28,0.3214,1,0,18,20,0.9,88,10,16,12,19,13,32,6,16,34,0.4706,11,35,0.3143,0,1,6,11,0.5455,65
103693,2023-24,2024-04-07T10:30:00Z,28,LR,5654,2738,BAXI Manresa,Unicaja,10,14,77,88,visitante,Pedro Martínez,Ibon Navarro,12,20,14,24,11,35,2,16,34,0.4706,9,28,0.3214,2,3,18,21,0.8571,73,19,20,7,25,7,32,9,20,38,0.5263,11,30,0.3667,3,2,15,17,0.8824,101
103694,2023-24,2024-04-07T11:00:00Z,28,LR,5654,2738,Lenovo Tenerife,Bàsquet Girona,28,591,74,60,local,Txus Vidorreta,Fotis Katsikaris,12,18,5,22,7,29,6,22,38,0.5789,7,22,0.3182,3,1,9,14,0.6429,78,14,18,11,23,11,34,4,13,33,0.3939,8,24,0.3333,1,3,10,12,0.8333,65
103695,2023-24,2024-04-07T15:00:00Z,28,LR,5654,2738,MoraBanc Andorra,Coviran Granada,22,592,88,62,local,Natxo Lezkano,Pablo Pin,16,18,7,24,11,35,4,30,39,0.7692,6,27,0.2222,1,1,10,10,1.0,107,14,19,8,16,11,27,1,17,42,0.4048,8,25,0.32,1,2,4,9,0.4444,48
103696,2023-24,2024-04-21T10:30:00Z,30,LR,5652,2736,Joventut Badalona,Bàsquet Girona,8,591,96,90,local,Daniel Miret,Fotis Katsikaris,19,18,8,26,7,33,5,27,43,0.6279,8,23,0.3478,1,2,18,22,0.8182,114,17,22,11,22,12,34,6,18,39,0.4615,16,36,0.4444,2,1,6,8,0.75,88
103697,2023-24,2024-04-20T18:45:00Z,30,LR,5652,2736,Barça,UCAM Murcia,2,12,97,86,local,Roger Grimau,Sito Alonso,22,22,14,21,10,31,7,24,44,0.5455,10,22,0.4545,4,3,19,26,0.7308,105,15,25,10,16,12,28,9,19,41,0.4634,10,29,0.3448,3,4,18,21,0.8571,82
103698,2023-24,2024-04-20T18:45:00Z,30,LR,5652,2736,Zunder Palencia,Coviran Granada,624,592,83,91,visitante,Luis Guil,Pablo Pin,16,24,12,19,12,31,3,21,35,0.6,7,25,0.28,1,2,20,27,0.7407,84,23,25,9,18,9,27,7,13,25,0.52,15,34,0.4412,1,1,20,27,0.7407,100
103699,2023-24,2024-04-20T16:00:00Z,30,LR,5652,2736,Río Breogán,Dreamland Gran Canaria,25,5,70,77,visitante,Veljko Mrsic,Jaka Lakovic,13,24,14,17,8,25,10,20,39,0.5128,6,23,0.2609,8,4,12,19,0.6316,54,12,21,17,25,12,37,5,24,41,0.5854,5,24,0.2083,4,8,14,18,0.7778,79
103700,2023-24,2024-04-20T16:00:00Z,30,LR,5652,2736,BAXI Manresa,MoraBanc Andorra,10,22,90,97,visitante,Pedro Martínez,Natxo Lezkano,17,23,15,21,12,33,8,22,39,0.5641,9,36,0.25,1,2,19,21,0.9048,87,14,22,18,27,8,35,8,22,36,0.6111,11,30,0.3667,2,1,20,24,0.8333,99
103701,2023-24,2024-04-14T16:30:00Z,29,LR,5653,2737,Real Madrid,Joventut Badalona,9,8,95,92,local,Chus Mateo,Daniel Miret,20,21,8,25,11,36,5,19,36,0.5278,14,32,0.4375,1,5,15,23,0.6522,113,21,25,9,21,10,31,6,17,37,0.4595,14,30,0.4667,4,1,16,20,0.8,94
103702,2023-24,2024-04-14T15:00:00Z,29,LR,5653,2737,Bàsquet Girona,Barça,591,2,75,81,visitante,Fotis Katsikaris,Roger Grimau,15,25,13,20,11,31,10,22,37,0.5946,9,33,0.2727,2,8,4,4,1.0,74,12,14,14,25,11,36,6,20,41,0.4878,6,22,0.2727,7,4,23,27,0.8519,88
103703,2023-24,2024-01-13T17:00:00Z,18,LR,5664,2750,Bàsquet Girona,Zunder Palencia,591,624,84,86,visitante,Salva Camps,Luis Guil,18,22,14,22,6,28,5,14,28,0.5,15,35,0.4286,2,2,11,15,0.7333,82,20,21,16,22,15,37,8,20,41,0.4878,9,24,0.375,1,2,19,24,0.7917,96
103704,2023-24,2024-04-14T16:30:00Z,29,LR,5653,2737,Coviran Granada,Valencia Basket,592,13,81,88,visitante,Pablo Pin,Xavier Albert,17,17,16,17,11,28,7,23,41,0.561,8,26,0.3077,1,3,11,12,0.9167,83,18,18,18,24,9,33,11,23,40,0.575,11,24,0.4583,3,1,9,13,0.6923,95
103705,2023-24,2024-04-14T10:30:00Z,29,LR,5653,2737,Baskonia,Río Breogán,3,25,76,74,local,Dusko Ivanovic,Veljko Mrsic,12,22,9,23,12,35,6,18,34,0.5294,9,33,0.2727,2,2,13,19,0.6842,72,19,20,13,26,9,35,6,17,29,0.5862,8,26,0.3077,2,2,16,25,0.64,84
103706,2023-24,2024-04-13T19:00:00Z,29,LR,5653,2737,Unicaja,Casademont Zaragoza,14,16,83,72,local,Ibon Navarro,Porfirio Fisac,18,19,17,28,8,36,10,24,36,0.6667,9,29,0.3103,2,3,8,13,0.6154,92,14,17,16,22,8,30,11,19,41,0.4634,7,24,0.2917,3,2,13,19,0.6842,67
103707,2023-24,2024-04-13T18:45:00Z,29,LR,5653,2737,Lenovo Tenerife,Surne Bilbao Basket,28,4,101,84,local,Txus Vidorreta,Jaume Ponsarnau,28,16,2,14,4,18,10,21,36,0.5833,12,20,0.6,2,2,23,28,0.8214,131,21,20,14,17,9,26,2,20,33,0.6061,12,25,0.48,2,2,8,11,0.7273,86
103708,2023-24,2024-04-13T16:00:00Z,29,LR,5653,2737,Monbus Obradoiro,BAXI Manresa,57,10,86,94,visitante,Moncho Fernández,Pedro Martínez,12,23,14,28,10,38,2,21,41,0.5122,9,22,0.4091,3,6,17,18,0.9444,90,20,20,7,17,10,27,5,19,38,0.5,12,36,0.3333,6,3,20,25,0.8,91
103709,2023-24,2024-04-13T16:00:00Z,29,LR,5653,2737,UCAM Murcia,Zunder Palencia,12,624,90,77,local,Sito Alonso,Luis Guil,20,23,10,25,12,37,6,20,29,0.6897,8,33,0.2424,0,1,26,27,0.963,110,16,24,9,15,9,24,7,24,47,0.5106,6,21,0.2857,1,0,11,15,0.7333,71
103710,2023-24,2024-04-07T16:30:00Z,28,LR,5654,2738,Barça,Real Madrid,2,9,85,79,local,Roger Grimau,Chus Mateo,23,21,9,28,8,36,8,22,44,0.5,9,25,0.36,2,3,14,20,0.7,98,20,20,11,24,11,35,4,18,41,0.439,11,29,0.3793,3,2,10,12,0.8333,84
103711,2023-24,2024-04-07T15:00:00Z,28,LR,5654,2738,Valencia Basket,Baskonia,13,3,111,101,local,Xavier Albert,Dusko Ivanovic,19,22,6,22,10,32,11,29,50,0.58,11,26,0.4231,2,3,20,29,0.6897,122,17,21,16,24,3,27,6,22,34,0.6471,12,26,0.4615,2,2,21,28,0.75,103
103712,2023-24,2024-04-14T16:00:00Z,29,LR,5653,2737,Dreamland Gran Canaria,MoraBanc Andorra,5,22,97,92,local,Jaka Lakovic,Natxo Lezkano,20,22,6,19,12,31,5,21,35,0.6,12,30,0.4,1,1,19,27,0.7037,106,16,21,10,19,9,28,3,32,47,0.6809,6,17,0.3529,1,1,10,17,0.5882,97
103713,2023-24,2024-01-13T17:00:00Z,18,LR,5664,2750,Unicaja,Dreamland Gran Canaria,14,5,80,77,local,Ibon Navarro,Jaka Lakovic,15,19,10,24,6,30,9,21,38,0.5526,8,23,0.3478,3,0,14,22,0.6364,84,16,22,12,23,8,31,7,21,37,0.5676,5,25,0.2,0,3,20,23,0.8696,80
103714,2023-24,2024-01-07T17:30:00Z,17,LR,5665,2751,Baskonia,Real Madrid,3,9,85,99,visitante,Dusko Ivanovic,Chus Mateo,10,21,8,22,10,32,9,16,32,0.5,12,39,0.3077,8,1,17,19,0.8947,70,21,16,12,30,5,35,7,16,30,0.5333,17,31,0.5484,1,9,16,20,0.8,131
103715,2023-24,2024-01-07T16:00:00Z,17,LR,5665,2751,Barça,Monbus Obradoiro,2,57,92,90,local,Roger Grimau,Moncho Fernández,20,17,20,35,13,48,6,24,46,0.5217,8,24,0.3333,1,2,20,35,0.5714,106,11,29,12,28,7,35,15,24,48,0.5,9,26,0.3462,2,1,15,20,0.75,80
103716,2023-24,2023-10-28T16:30:00Z,7,LR,5672,2756,Unicaja,Río Breogán,14,25,87,70,local,Ibon Navarro,Veljko Mrsic,19,23,8,29,5,34,11,22,47,0.4681,10,24,0.4167,4,1,13,15,0.8667,97,16,21,14,28,5,33,3,12,33,0.3636,9,26,0.3462,1,4,19,22,0.8636,72
103717,2023-24,2023-10-22T16:30:00Z,6,LR,5671,2755,Baskonia,Unicaja,3,14,84,93,visitante,Joan Peñarroya,Ibon Navarro,20,20,10,23,7,30,3,17,35,0.4857,12,34,0.3529,4,3,14,17,0.8235,82,21,20,9,28,12,40,6,24,49,0.4898,9,23,0.3913,3,4,18,21,0.8571,110
103718,2023-24,2023-10-22T15:00:00Z,6,LR,5671,2755,Coviran Granada,Casademont Zaragoza,592,16,78,70,local,Pablo Pin,Porfirio Fisac,15,21,17,31,5,36,9,18,28,0.6429,8,26,0.3077,0,3,18,23,0.7826,93,15,24,14,19,4,23,11,18,39,0.4615,7,23,0.3043,3,0,13,14,0.9286,61
103719,2023-24,2023-10-22T15:00:00Z,6,LR,5671,2755,Valencia Basket,BAXI Manresa,13,10,84,79,local,Álex Mumbrú,Pedro Martínez,21,19,12,20,14,34,12,19,42,0.4524,9,23,0.3913,7,10,19,22,0.8636,105,14,23,17,21,14,35,7,22,41,0.5366,6,26,0.2308,10,7,17,22,0.7727,66
103720,2023-24,2023-10-22T11:00:00Z,6,LR,5671,2755,Lenovo Tenerife,Real Madrid,28,9,76,82,visitante,Txus Vidorreta,Chus Mateo,15,22,10,16,11,27,13,16,38,0.4211,12,32,0.375,6,2,8,8,1.0,68,16,17,16,24,7,31,4,14,22,0.6364,10,27,0.3704,2,6,24,26,0.9231,99
103721,2023-24,2023-10-22T10:30:00Z,6,LR,5671,2755,Barça,Surne Bilbao Basket,2,4,91,82,local,Roger Grimau,Jaume Ponsarnau,24,15,13,27,10,37,4,24,42,0.5714,11,28,0.3929,2,1,10,14,0.7143,102,14,14,9,24,5,29,10,26,48,0.5417,7,21,0.3333,1,2,9,11,0.8182,90
103722,2023-24,2023-10-21T18:45:00Z,6,LR,5671,2755,UCAM Murcia,Dreamland Gran Canaria,12,5,95,69,local,Sito Alonso,Jaka Lakovic,24,20,13,31,15,46,10,27,45,0.6,11,26,0.4231,1,6,8,10,0.8,129,12,17,14,16,9,25,7,15,33,0.4545,10,33,0.303,6,1,9,15,0.6,50
103723,2023-24,2023-10-21T18:45:00Z,6,LR,5671,2755,Monbus Obradoiro,Bàsquet Girona,57,591,85,79,local,Moncho Fernández,Salva Camps,18,26,16,21,7,28,10,22,36,0.6111,9,26,0.3462,0,2,14,22,0.6364,86,8,25,17,27,12,39,9,14,31,0.4516,9,31,0.2903,2,0,24,30,0.8,72
103724,2023-24,2023-10-21T16:00:00Z,6,LR,5671,2755,Joventut Badalona,MoraBanc Andorra,8,22,84,94,visitante,Carles Duran,Natxo Lezkano,20,23,15,15,5,20,6,22,29,0.7586,9,29,0.3103,0,5,13,14,0.9286,89,20,21,10,18,12,30,8,25,43,0.5814,8,21,0.381,5,0,20,22,0.9091,105
103725,2023-24,2023-10-21T16:00:00Z,6,LR,5671,2755,Zunder Palencia,Río Breogán,624,25,74,59,local,Marco A. Justo,Veljko Mrsic,20,19,20,33,7,40,5,16,25,0.64,10,26,0.3846,2,6,12,18,0.6667,89,13,16,8,16,13,29,10,18,48,0.375,5,25,0.2,6,2,8,13,0.6154,47
103726,2023-24,2023-10-15T16:30:00Z,5,LR,5670,2754,Dreamland Gran Canaria,Barça,5,2,73,83,visitante,Jaka Lakovic,Roger Grimau,19,23,12,19,11,30,6,21,35,0.6,5,23,0.2174,0,2,16,27,0.5926,72,16,21,13,21,13,34,5,21,42,0.5,9,20,0.45,2,1,14,23,0.6087,85
103727,2023-24,2023-10-15T15:00:00Z,5,LR,5670,2754,Río Breogán,Valencia Basket,25,13,59,61,visitante,Veljko Mrsic,Álex Mumbrú,9,16,9,21,15,36,9,14,42,0.3333,4,19,0.2105,7,3,19,28,0.6786,55,9,24,16,24,8,32,5,15,30,0.5,6,19,0.3158,3,7,13,17,0.7647,55
103728,2023-24,2023-10-15T15:00:00Z,5,LR,5670,2754,Casademont Zaragoza,Baskonia,16,3,80,85,visitante,Porfirio Fisac,Joan Peñarroya,15,18,17,19,9,28,11,25,43,0.5814,7,18,0.3889,3,2,9,15,0.6,80,12,17,16,23,14,37,11,23,39,0.5897,11,33,0.3333,2,3,6,9,0.6667,90
103729,2023-24,2023-10-15T10:30:00Z,5,LR,5670,2754,BAXI Manresa,Zunder Palencia,10,624,92,91,local,Pedro Martínez,Marco A. Justo,20,18,8,19,17,36,1,18,38,0.4737,14,32,0.4375,1,3,14,19,0.7368,101,19,19,10,24,6,30,5,23,35,0.6571,12,29,0.4138,3,3,9,14,0.6429,100
103730,2023-24,2023-10-15T10:30:00Z,5,LR,5670,2754,Real Madrid,UCAM Murcia,9,12,106,92,local,Chus Mateo,Sito Alonso,22,21,15,21,6,27,6,34,44,0.7727,8,22,0.3636,0,4,14,19,0.7368,122,22,24,16,17,6,23,10,24,36,0.6667,9,26,0.3462,3,0,17,19,0.8947,93
103731,2023-24,2023-10-28T16:45:00Z,7,LR,5672,2756,Bàsquet Girona,UCAM Murcia,591,12,82,76,local,Salva Camps,Sito Alonso,15,24,19,24,10,34,6,16,37,0.4324,12,30,0.4,3,5,14,18,0.7778,73,15,20,14,23,16,39,11,25,49,0.5102,3,24,0.125,5,3,17,25,0.68,76
103732,2023-24,2023-10-14T18:45:00Z,5,LR,5670,2754,Unicaja,Joventut Badalona,14,8,113,91,local,Ibon Navarro,Carles Duran,29,23,11,26,9,35,7,30,43,0.6977,11,24,0.4583,1,3,20,24,0.8333,143,20,21,13,15,10,25,2,26,56,0.4643,7,13,0.5385,3,2,18,23,0.7826,85
103733,2023-24,2023-10-28T18:45:00Z,7,LR,5672,2756,Dreamland Gran Canaria,Monbus Obradoiro,5,57,87,80,local,Jaka Lakovic,Moncho Fernández,19,22,7,19,8,27,11,18,29,0.6207,11,35,0.3143,2,1,18,19,0.9474,93,18,15,15,22,7,29,3,19,30,0.6333,9,21,0.4286,1,4,15,25,0.6,92
103734,2023-24,2023-10-29T11:30:00Z,7,LR,5672,2756,Real Madrid,Zunder Palencia,9,624,91,68,local,Chus Mateo,Marco A. Justo,22,20,11,23,8,31,7,22,34,0.6471,10,27,0.3704,3,0,17,23,0.7391,102,5,20,16,19,8,27,4,19,30,0.6333,5,27,0.1852,0,4,15,19,0.7895,55
103735,2023-24,2023-11-11T17:00:00Z,9,LR,5681,2759,MoraBanc Andorra,BAXI Manresa,22,10,86,90,visitante,Natxo Lezkano,Pedro Martínez,13,20,13,24,10,34,9,23,42,0.5476,5,21,0.2381,4,3,25,31,0.8065,93,19,26,13,23,7,30,8,22,35,0.6286,12,33,0.3636,3,5,10,11,0.9091,95
103736,2023-24,2023-11-11T17:00:00Z,9,LR,5681,2759,Río Breogán,Joventut Badalona,25,8,85,77,local,Veljko Mrsic,Carles Duran,19,18,16,20,13,33,3,17,34,0.5,11,32,0.3438,4,7,18,21,0.8571,89,9,21,12,17,5,22,13,20,34,0.5882,5,23,0.2174,6,4,22,26,0.8462,68
103737,2023-24,2023-11-05T17:30:00Z,8,LR,5674,2757,Joventut Badalona,Valencia Basket,8,13,80,76,local,Carles Duran,Álex Mumbrú,17,25,11,22,10,32,10,8,24,0.3333,14,32,0.4375,1,5,22,29,0.7586,89,11,23,15,22,11,33,5,16,34,0.4706,8,20,0.4,5,1,20,32,0.625,66
103738,2023-24,2023-11-05T16:00:00Z,8,LR,5674,2757,Baskonia,Dreamland Gran Canaria,3,5,76,88,visitante,Dusko Ivanovic,Jaka Lakovic,14,21,8,28,6,34,6,16,38,0.4211,10,24,0.4167,5,1,14,20,0.7,78,20,23,8,31,6,37,5,16,27,0.5926,12,35,0.3429,1,6,20,24,0.8333,107
103739,2023-24,2023-11-05T16:00:00Z,8,LR,5674,2757,Río Breogán,Barça,25,2,63,79,visitante,Veljko Mrsic,Roger Grimau,14,18,11,18,3,21,5,20,40,0.5,4,20,0.2,4,2,11,14,0.7857,52,19,19,15,29,7,36,6,23,37,0.6216,9,23,0.3913,2,4,6,6,1.0,98
103740,2023-24,2023-11-05T11:30:00Z,8,LR,5674,2757,UCAM Murcia,BAXI Manresa,12,10,87,74,local,Sito Alonso,Pedro Martínez,14,24,14,28,13,41,9,23,40,0.575,10,30,0.3333,2,2,11,14,0.7857,90,11,17,14,23,10,33,8,23,40,0.575,3,25,0.12,2,2,19,24,0.7917,75
103741,2023-24,2023-11-05T11:30:00Z,8,LR,5674,2757,Coviran Granada,Real Madrid,592,9,76,83,visitante,Pablo Pin,Chus Mateo,17,18,12,22,11,33,5,18,38,0.4737,12,36,0.3333,5,2,4,6,0.6667,69,19,17,10,26,8,34,6,21,28,0.75,10,37,0.2703,2,6,11,12,0.9167,102
103742,2023-24,2023-11-04T19:45:00Z,8,LR,5674,2757,Lenovo Tenerife,MoraBanc Andorra,28,22,71,53,local,Txus Vidorreta,Natxo Lezkano,18,14,13,25,7,32,11,18,33,0.5455,10,26,0.3846,0,0,5,9,0.5556,86,8,16,17,24,8,32,7,15,34,0.4412,5,21,0.2381,0,0,8,8,1.0,46
103743,2023-24,2023-11-04T19:45:00Z,8,LR,5674,2757,Zunder Palencia,Bàsquet Girona,624,591,76,80,visitante,Marco A. Justo,Salva Camps,14,18,12,22,11,33,8,21,39,0.5385,7,27,0.2593,1,4,13,18,0.7222,81,18,20,11,19,12,31,6,20,37,0.5405,9,31,0.2903,4,1,13,19,0.6842,74
103744,2023-24,2023-11-04T17:00:00Z,8,LR,5674,2757,Casademont Zaragoza,Surne Bilbao Basket,16,4,77,63,local,Porfirio Fisac,Jaume Ponsarnau,18,19,20,24,10,34,9,17,36,0.4722,10,24,0.4167,4,4,13,20,0.65,80,13,21,16,21,8,29,9,18,34,0.5294,7,27,0.2593,3,4,6,12,0.5,54
103745,2023-24,2023-11-04T17:00:00Z,8,LR,5674,2757,Unicaja,Monbus Obradoiro,14,57,87,74,local,Ibon Navarro,Moncho Fernández,19,22,5,26,9,35,8,24,41,0.5854,7,20,0.35,3,3,18,31,0.5806,103,11,24,10,25,3,28,2,19,37,0.5135,8,21,0.381,3,3,12,18,0.6667,66
103746,2023-24,2023-10-29T17:30:00Z,7,LR,5672,2756,Valencia Basket,Barça,13,2,71,68,local,Álex Mumbrú,Roger Grimau,10,21,6,26,7,33,9,22,44,0.5,4,19,0.2105,3,2,15,21,0.7143,71,14,19,13,24,9,33,5,12,34,0.3529,9,21,0.4286,2,3,17,22,0.7727,70
103747,2023-24,2023-10-29T16:00:00Z,7,LR,5672,2756,MoraBanc Andorra,Baskonia,22,3,85,68,local,Natxo Lezkano,Joan Peñarroya,17,20,14,24,10,34,13,15,40,0.375,15,26,0.5769,4,1,10,14,0.7143,87,11,15,16,26,7,33,9,22,36,0.6111,4,21,0.1905,1,4,12,18,0.6667,76
103748,2023-24,2023-10-29T16:00:00Z,7,LR,5672,2756,Surne Bilbao Basket,Lenovo Tenerife,4,28,93,94,visitante,Jaume Ponsarnau,Txus Vidorreta,13,23,13,26,13,39,5,19,46,0.413,11,24,0.4583,4,8,22,28,0.7857,94,17,23,7,22,9,31,7,20,36,0.5556,11,33,0.3333,8,5,21,26,0.8077,96
103749,2023-24,2023-10-29T11:30:00Z,7,LR,5672,2756,BAXI Manresa,Coviran Granada,10,592,90,84,local,Pedro Martínez,Pablo Pin,20,24,10,27,10,37,4,18,28,0.6429,11,40,0.275,1,2,21,26,0.8077,95,10,22,11,26,9,35,5,21,41,0.5122,5,26,0.1923,2,1,27,30,0.9,80
103750,2023-24,2023-10-28T19:15:00Z,7,LR,5672,2756,Casademont Zaragoza,Joventut Badalona,16,8,113,83,local,Porfirio Fisac,Carles Duran,30,22,11,27,10,37,11,28,44,0.6364,15,29,0.5172,2,1,12,15,0.8,145,21,21,17,18,7,25,5,24,35,0.6857,6,28,0.2143,1,2,17,23,0.7391,80
103751,2023-24,2023-10-14T18:45:00Z,5,LR,5670,2754,Bàsquet Girona,Lenovo Tenerife,591,28,66,79,visitante,Salva Camps,Txus Vidorreta,13,24,15,27,14,41,6,11,29,0.3793,8,32,0.25,2,3,20,28,0.7143,64,21,26,11,21,8,29,9,18,34,0.5294,9,28,0.3214,3,3,16,22,0.7273,83
103752,2023-24,2023-10-14T16:00:00Z,5,LR,5670,2754,MoraBanc Andorra,Monbus Obradoiro,22,57,92,89,local,Natxo Lezkano,Moncho Fernández,13,22,9,25,7,32,5,21,42,0.5,10,23,0.4348,5,2,20,23,0.8696,95,15,24,10,22,9,31,4,22,38,0.5789,8,27,0.2963,2,6,21,24,0.875,93
103753,2023-24,2023-10-14T16:00:00Z,5,LR,5670,2754,Surne Bilbao Basket,Coviran Granada,4,592,94,93,local,Jaume Ponsarnau,Pablo Pin,14,18,12,20,8,28,7,21,37,0.5676,10,21,0.4762,2,4,22,28,0.7857,104,18,22,12,12,11,23,7,20,34,0.5882,13,30,0.4333,3,2,14,18,0.7778,89
103754,2023-24,2023-09-30T18:45:00Z,3,LR,5667,2752,Unicaja,Valencia Basket,14,13,76,82,visitante,Ibon Navarro,Álex Mumbrú,10,21,11,16,5,21,9,13,31,0.4194,9,28,0.3214,5,0,23,27,0.8519,58,13,20,19,26,7,33,8,21,36,0.5833,6,17,0.3529,0,7,22,28,0.7857,93
103755,2023-24,2023-10-01T10:30:00Z,3,LR,5667,2752,Joventut Badalona,Dreamland Gran Canaria,8,5,89,75,local,Carles Duran,Jaka Lakovic,15,21,11,18,10,28,6,31,49,0.6327,5,12,0.4167,0,1,12,17,0.7059,99,15,22,14,15,3,18,6,16,29,0.5517,9,24,0.375,1,0,16,21,0.7619,65
103756,2023-24,2023-10-01T10:30:00Z,3,LR,5667,2752,Coviran Granada,Bàsquet Girona,592,591,91,102,visitante,Pablo Pin,Salva Camps,24,25,13,19,11,30,5,24,34,0.7059,11,31,0.3548,4,2,10,15,0.6667,97,22,22,9,18,10,28,8,24,38,0.6316,11,28,0.3929,2,5,21,27,0.7778,120
103757,2023-24,2023-10-01T15:00:00Z,3,LR,5667,2752,MoraBanc Andorra,Zunder Palencia,22,624,87,74,local,Natxo Lezkano,Marco A. Justo,21,20,7,22,6,28,6,27,44,0.6136,6,18,0.3333,4,2,15,20,0.75,97,12,19,13,20,13,33,4,18,36,0.5,9,29,0.3103,2,4,11,17,0.6471,69
103758,2023-24,2023-10-01T15:00:00Z,3,LR,5667,2752,Río Breogán,BAXI Manresa,25,10,85,89,visitante,Veljko Mrsic,Pedro Martínez,12,19,14,24,12,36,5,17,40,0.425,6,23,0.2609,2,4,33,39,0.8462,90,20,29,11,21,11,32,7,18,40,0.45,14,41,0.3415,4,2,11,15,0.7333,72
103759,2023-24,2023-10-01T16:30:00Z,3,LR,5667,2752,Real Madrid,Barça,9,2,86,79,local,Chus Mateo,Roger Grimau,20,23,7,21,13,34,10,22,41,0.5366,6,30,0.2,4,3,24,32,0.75,90,15,23,13,29,14,43,6,21,42,0.5,6,22,0.2727,3,4,19,30,0.6333,82
103760,2023-24,2023-10-11T18:00:00Z,3,LR,5667,2754,Monbus Obradoiro,Casademont Zaragoza,57,16,80,72,local,Moncho Fernández,Porfirio Fisac,12,20,10,26,17,43,10,21,42,0.5,5,28,0.1786,3,2,23,26,0.8846,91,19,24,13,23,4,27,5,20,37,0.5405,4,18,0.2222,2,3,20,26,0.7692,70
103761,2023-24,2023-10-08T16:30:00Z,4,LR,5649,2753,Bàsquet Girona,Real Madrid,591,9,74,93,visitante,Salva Camps,Chus Mateo,18,21,16,24,14,38,5,20,45,0.4444,6,24,0.25,4,2,16,20,0.8,67,22,18,15,28,6,34,11,15,29,0.5172,16,35,0.4571,2,4,15,19,0.7895,113
103762,2023-24,2023-10-08T15:00:00Z,4,LR,5649,2753,Coviran Granada,Baskonia,592,3,81,90,visitante,Pablo Pin,Joan Peñarroya,17,16,10,23,13,36,4,22,43,0.5116,7,31,0.2258,2,0,16,22,0.7273,79,17,21,8,31,8,39,4,21,37,0.5676,12,30,0.4,0,2,12,15,0.8,102
103763,2023-24,2023-10-08T15:00:00Z,4,LR,5649,2753,Valencia Basket,Monbus Obradoiro,13,57,85,79,local,Álex Mumbrú,Moncho Fernández,21,21,11,21,3,24,9,25,41,0.6098,7,17,0.4118,3,2,14,21,0.6667,96,17,23,15,24,6,30,7,20,30,0.6667,8,27,0.2963,2,3,15,18,0.8333,85
103764,2023-24,2023-10-08T11:00:00Z,4,LR,5649,2753,Dreamland Gran Canaria,Unicaja,5,14,76,69,local,Jaka Lakovic,Ibon Navarro,18,23,12,28,8,36,7,22,38,0.5789,6,30,0.2,2,6,14,23,0.6087,81,15,24,14,29,3,32,3,16,32,0.5,6,23,0.2609,6,3,19,30,0.6333,57
103765,2023-24,2023-10-08T10:30:00Z,4,LR,5649,2753,Barça,MoraBanc Andorra,2,22,91,87,local,Roger Grimau,Natxo Lezkano,16,13,8,25,11,36,4,19,35,0.5429,14,30,0.4667,1,1,11,17,0.6471,108,24,20,7,20,10,30,5,21,40,0.525,14,28,0.5,1,1,3,8,0.375,94
103766,2023-24,2023-10-07T18:45:00Z,4,LR,5649,2753,Lenovo Tenerife,Río Breogán,28,25,88,81,local,Txus Vidorreta,Veljko Mrsic,11,22,10,22,12,34,8,21,42,0.5,7,23,0.3043,7,0,25,29,0.8621,86,17,26,13,23,10,33,8,22,40,0.55,8,26,0.3077,0,7,13,17,0.7647,89
103767,2023-24,2023-10-07T16:00:00Z,4,LR,5649,2753,BAXI Manresa,Casademont Zaragoza,10,16,81,75,local,Pedro Martínez,Porfirio Fisac,20,15,12,19,14,33,7,23,37,0.6216,7,32,0.2188,0,3,14,17,0.8235,94,17,19,19,23,10,33,7,18,35,0.5143,9,24,0.375,3,0,12,15,0.8,71
103768,2023-24,2023-10-07T16:00:00Z,4,LR,5649,2753,Zunder Palencia,Joventut Badalona,624,8,69,75,visitante,Marco A. Justo,Carles Duran,9,21,8,21,6,27,6,14,27,0.5185,7,29,0.2414,3,0,20,27,0.7407,56,16,22,10,26,8,34,3,15,35,0.4286,9,21,0.4286,0,3,18,24,0.75,81
103769,2023-24,2023-09-30T18:45:00Z,3,LR,5667,2752,UCAM Murcia,Lenovo Tenerife,12,28,80,68,local,Sito Alonso,Txus Vidorreta,18,20,9,19,9,28,8,25,45,0.5556,6,18,0.3333,0,3,12,13,0.9231,93,14,18,14,17,7,24,8,17,30,0.5667,7,25,0.28,3,0,13,15,0.8667,66
103770,2023-24,2023-09-30T16:00:00Z,3,LR,5667,2752,Baskonia,Surne Bilbao Basket,3,4,92,72,local,Joan Peñarroya,Jaume Ponsarnau,20,14,11,25,11,36,9,25,42,0.5952,9,29,0.3103,1,4,15,22,0.6818,110,18,19,15,23,7,30,7,22,40,0.55,7,24,0.2917,4,1,7,13,0.5385,63
103771,2023-24,2023-09-29T19:00:00Z,2,LR,5668,2752,BAXI Manresa,Real Madrid,10,9,88,94,visitante,Pedro Martínez,Chus Mateo,20,20,19,26,15,41,6,24,47,0.5106,11,24,0.4583,4,7,7,11,0.6364,98,21,20,14,20,8,28,12,16,28,0.5714,15,36,0.4167,7,4,17,21,0.8095,101
103772,2023-24,2023-10-04T18:00:00Z,2,LR,5668,2753,Monbus Obradoiro,Surne Bilbao Basket,57,4,77,78,visitante,Moncho Fernández,Jaume Ponsarnau,14,18,11,20,17,37,9,17,42,0.4048,8,29,0.2759,4,1,19,23,0.8261,75,17,21,13,26,12,38,5,24,41,0.5854,6,23,0.2609,1,4,12,18,0.6667,85
103773,2023-24,2023-09-23T16:00:00Z,1,LR,5669,2734,Valencia Basket,Bàsquet Girona,13,591,85,89,visitante,Álex Mumbrú,Salva Camps,16,21,17,17,6,23,11,22,32,0.6875,8,29,0.2759,3,3,17,20,0.85,83,21,20,17,19,10,29,9,20,35,0.5714,11,26,0.4231,2,3,16,19,0.8421,100
103774,2023-24,2023-09-23T16:00:00Z,1,LR,5669,2734,Coviran Granada,UCAM Murcia,592,12,101,104,visitante,Pablo Pin,Sito Alonso,21,26,15,22,14,36,7,16,40,0.4,14,38,0.3684,5,3,27,30,0.9,98,14,28,13,27,11,38,6,31,53,0.5849,8,26,0.3077,3,5,18,22,0.8182,104
103775,2023-24,2023-09-23T18:45:00Z,1,LR,5669,2734,Monbus Obradoiro,Zunder Palencia,57,624,84,64,local,Moncho Fernández,Marco A. Justo,18,18,6,24,4,28,8,21,40,0.525,10,22,0.4545,3,1,12,17,0.7059,96,14,20,15,24,10,34,2,14,31,0.4516,8,26,0.3077,1,3,12,18,0.6667,58
103776,2023-24,2023-09-23T18:45:00Z,1,LR,5669,2734,Unicaja,Lenovo Tenerife,14,28,98,75,local,Ibon Navarro,Txus Vidorreta,13,26,8,20,8,28,8,20,35,0.5714,14,30,0.4667,2,1,16,18,0.8889,102,16,23,14,20,8,28,5,13,27,0.4815,9,23,0.3913,1,2,22,29,0.7586,78
103777,2023-24,2023-09-24T10:30:00Z,1,LR,5669,2734,Real Madrid,Casademont Zaragoza,9,16,101,70,local,Chus Mateo,Porfirio Fisac,23,13,11,23,8,31,8,27,42,0.6429,10,23,0.4348,3,11,17,18,0.9444,137,11,19,13,16,13,29,8,24,54,0.4444,5,19,0.2632,10,3,7,9,0.7778,45
103778,2023-24,2023-09-24T11:00:00Z,1,LR,5669,2734,Dreamland Gran Canaria,BAXI Manresa,5,10,97,92,local,Jaka Lakovic,Pedro Martínez,19,19,13,26,7,33,6,23,36,0.6389,8,24,0.3333,2,4,27,32,0.8438,116,23,25,9,20,9,29,7,22,46,0.4783,11,24,0.4583,4,2,15,18,0.8333,93
103779,2023-24,2023-09-24T15:00:00Z,1,LR,5669,2734,Surne Bilbao Basket,MoraBanc Andorra,4,22,95,73,local,Jaume Ponsarnau,Natxo Lezkano,23,19,12,22,4,26,14,27,48,0.5625,10,20,0.5,2,4,11,17,0.6471,109,9,17,20,22,11,33,9,18,32,0.5625,8,31,0.2581,3,3,13,17,0.7647,65
103780,2023-24,2023-11-11T19:45:00Z,9,LR,5681,2759,Zunder Palencia,UCAM Murcia,624,12,66,76,visitante,Marco A. Justo,Sito Alonso,13,14,14,26,9,35,3,16,36,0.4444,7,23,0.3043,4,5,13,20,0.65,67,14,20,9,28,8,36,9,27,49,0.551,4,17,0.2353,5,4,10,11,0.9091,83
103781,2023-24,2023-09-24T15:00:00Z,1,LR,5669,2734,Río Breogán,Baskonia,25,3,79,88,visitante,Veljko Mrsic,Joan Peñarroya,18,19,8,17,15,32,7,21,39,0.5385,8,32,0.25,3,4,13,20,0.65,81,16,21,13,28,5,33,6,22,36,0.6111,9,17,0.5294,2,3,17,23,0.7391,101
103782,2023-24,2023-09-27T18:00:00Z,2,LR,5668,2752,Casademont Zaragoza,Unicaja,16,14,100,92,local,Porfirio Fisac,Ibon Navarro,16,18,13,21,2,23,8,28,38,0.7368,6,13,0.4615,0,1,26,33,0.7879,121,25,28,14,15,9,24,5,14,30,0.4667,15,31,0.4839,1,0,19,25,0.76,83
103783,2023-24,2023-09-27T18:30:00Z,2,LR,5668,2752,UCAM Murcia,Baskonia,12,3,88,76,local,Sito Alonso,Joan Peñarroya,17,25,12,26,12,38,12,24,45,0.5333,7,21,0.3333,0,2,19,34,0.5588,96,10,26,17,25,9,34,7,18,38,0.4737,5,22,0.2273,2,0,25,30,0.8333,65
103784,2023-24,2023-09-27T19:00:00Z,2,LR,5668,2752,Lenovo Tenerife,Valencia Basket,28,13,86,94,visitante,Txus Vidorreta,Álex Mumbrú,15,26,10,18,8,26,3,18,31,0.5806,7,24,0.2917,3,0,29,34,0.8529,85,19,30,9,22,6,28,7,22,36,0.6111,10,18,0.5556,0,3,20,28,0.7143,108
103785,2023-24,2023-09-28T18:00:00Z,2,LR,5668,2752,Joventut Badalona,Coviran Granada,8,592,86,80,local,Carles Duran,Pablo Pin,11,20,18,19,11,30,12,23,45,0.5111,9,25,0.36,2,1,13,23,0.5652,80,18,28,21,23,8,31,13,18,33,0.5455,11,27,0.4074,1,2,11,16,0.6875,78
103786,2023-24,2023-09-28T18:30:00Z,2,LR,5668,2752,Bàsquet Girona,Dreamland Gran Canaria,591,5,88,64,local,Salva Camps,Jaka Lakovic,23,18,17,30,13,43,11,22,45,0.4889,10,25,0.4,5,2,14,20,0.7,101,16,18,19,22,12,34,12,16,35,0.4571,9,33,0.2727,2,5,5,10,0.5,62
103787,2023-24,2023-09-29T17:00:00Z,2,LR,5668,2752,Zunder Palencia,Barça,624,2,83,84,visitante,Marco A. Justo,Roger Grimau,16,28,13,29,13,42,7,18,36,0.5,9,31,0.2903,3,6,20,24,0.8333,84,21,18,11,23,14,37,8,16,41,0.3902,10,26,0.3846,6,4,22,34,0.6471,94
103788,2023-24,2023-09-29T18:30:00Z,2,LR,5668,2752,MoraBanc Andorra,Río Breogán,22,25,63,69,visitante,Natxo Lezkano,Veljko Mrsic,10,28,16,24,6,30,3,15,28,0.5357,8,24,0.3333,1,6,9,15,0.6,51,11,19,4,22,9,31,9,18,41,0.439,4,18,0.2222,6,1,21,30,0.7,74
103789,2023-24,2023-09-24T16:30:00Z,1,LR,5669,2734,Barça,Joventut Badalona,2,8,95,79,local,Roger Grimau,Carles Duran,20,25,10,22,3,25,6,21,33,0.6364,15,26,0.5769,1,4,8,13,0.6154,106,11,20,9,18,12,30,8,23,46,0.5,4,18,0.2222,4,1,21,22,0.9545,83
103790,2023-24,2024-05-12T16:30:00Z,34,LR,5682,2767,UCAM Murcia,Río Breogán,12,25,68,61,local,Sito Alonso,Veljko Mrsic,14,18,14,25,7,32,12,14,32,0.4375,11,34,0.3235,3,2,7,10,0.7,68,12,19,20,27,5,32,7,17,34,0.5,6,23,0.2609,2,3,9,14,0.6429,53
103791,2023-24,2023-11-11T19:45:00Z,9,LR,5681,2759,Bàsquet Girona,Unicaja,591,14,78,82,visitante,Salva Camps,Ibon Navarro,11,27,22,27,9,36,3,17,32,0.5312,9,30,0.3,1,2,17,18,0.9444,65,18,22,8,20,10,30,15,25,46,0.5435,4,26,0.1538,2,1,20,30,0.6667,88
103792,2023-24,2023-11-12T12:00:00Z,9,LR,5681,2759,Dreamland Gran Canaria,Coviran Granada,5,592,89,75,local,Jaka Lakovic,Pablo Pin,20,19,12,19,6,25,10,18,35,0.5143,15,33,0.4545,3,4,8,13,0.6154,93,14,19,21,21,9,30,7,24,41,0.5854,6,15,0.4,4,3,9,14,0.6429,73
103793,2023-24,2023-12-22T20:30:00Z,15,LR,5680,2764,UCAM Murcia,Unicaja,12,14,65,88,visitante,Sito Alonso,Ibon Navarro,10,25,11,22,7,29,6,17,38,0.4474,4,17,0.2353,3,1,19,26,0.7308,49,21,18,10,27,13,40,3,23,45,0.5111,8,24,0.3333,1,3,18,22,0.8182,108
103794,2023-24,2023-12-22T20:00:00Z,15,LR,5680,2764,Lenovo Tenerife,Casademont Zaragoza,28,16,64,70,visitante,Txus Vidorreta,Porfirio Fisac,16,20,12,28,6,34,6,16,31,0.5161,8,32,0.25,2,4,8,13,0.6154,65,11,19,14,31,10,41,5,19,39,0.4872,6,19,0.3158,4,2,14,22,0.6364,70
103795,2023-24,2023-12-22T19:30:00Z,15,LR,5680,2764,MoraBanc Andorra,Dreamland Gran Canaria,22,5,77,98,visitante,Natxo Lezkano,Jaka Lakovic,15,20,12,21,9,30,4,22,43,0.5116,8,23,0.3478,2,0,9,17,0.5294,67,25,19,11,27,10,37,8,20,33,0.6061,15,36,0.4167,0,2,13,20,0.65,119
103796,2023-24,2023-12-22T18:00:00Z,15,LR,5680,2764,Surne Bilbao Basket,Bàsquet Girona,4,591,80,74,local,Jaume Ponsarnau,Salva Camps,19,22,11,27,11,38,6,18,38,0.4737,7,28,0.25,5,8,23,30,0.7667,89,15,24,14,28,9,37,4,14,32,0.4375,11,33,0.3333,7,5,13,18,0.7222,67
103797,2023-24,2023-12-13T19:30:00Z,15,LR,5680,2763,Barça,BAXI Manresa,2,10,82,83,visitante,Roger Grimau,Pedro Martínez,11,17,16,19,7,26,13,21,40,0.525,8,21,0.381,4,3,16,18,0.8889,84,21,20,21,22,13,35,10,17,28,0.6071,13,36,0.3611,2,4,10,12,0.8333,91
103798,2023-24,2023-12-12T19:30:00Z,15,LR,5680,2763,Baskonia,Zunder Palencia,3,624,94,82,local,Dusko Ivanovic,Alberto Padilla,14,19,14,24,9,33,8,19,32,0.5938,10,27,0.3704,2,2,26,33,0.7879,103,15,24,16,19,12,31,10,20,39,0.5128,9,31,0.2903,2,2,15,17,0.8824,74
103799,2023-24,2023-12-17T17:00:00Z,14,LR,5679,2763,Barça,Baskonia,2,3,82,62,local,Roger Grimau,Dusko Ivanovic,17,17,12,29,7,36,6,19,38,0.5,10,28,0.3571,4,3,14,15,0.9333,90,12,18,19,26,10,36,6,16,37,0.4324,8,25,0.32,2,4,6,9,0.6667,57
103800,2023-24,2023-12-17T17:30:00Z,14,LR,5679,2763,Valencia Basket,MoraBanc Andorra,13,22,86,82,local,Álex Mumbrú,Natxo Lezkano,19,17,12,24,9,33,7,19,32,0.5938,10,24,0.4167,2,3,18,22,0.8182,108,22,22,8,16,13,29,8,24,45,0.5333,9,24,0.375,3,2,7,11,0.6364,86
103801,2023-24,2023-12-17T16:00:00Z,14,LR,5679,2763,Río Breogán,UCAM Murcia,25,12,74,83,visitante,Veljko Mrsic,Sito Alonso,15,16,16,16,11,27,9,18,36,0.5,5,19,0.2632,4,3,23,29,0.7931,78,19,24,15,18,5,23,7,21,33,0.6364,11,22,0.5,3,4,8,14,0.5714,81
103802,2023-24,2023-12-17T11:30:00Z,14,LR,5679,2763,Zunder Palencia,Casademont Zaragoza,624,16,80,88,visitante,Luis Guil,Porfirio Fisac,12,26,15,19,10,29,9,13,36,0.3611,14,26,0.5385,1,2,12,13,0.9231,71,10,17,13,23,10,33,9,21,38,0.5526,8,22,0.3636,2,1,22,26,0.8462,100
103803,2023-24,2023-12-17T11:30:00Z,14,LR,5679,2763,Bàsquet Girona,Joventut Badalona,591,8,67,82,visitante,Salva Camps,Carles Duran,13,21,11,23,13,36,5,19,41,0.4634,5,29,0.1724,1,3,14,18,0.7778,63,19,23,13,31,5,36,5,18,35,0.5143,9,22,0.4091,3,1,19,30,0.6333,84
103804,2023-24,2023-12-16T19:45:00Z,14,LR,5679,2763,Monbus Obradoiro,Real Madrid,57,9,74,85,visitante,Moncho Fernández,Chus Mateo,13,19,13,22,9,31,6,22,45,0.4889,9,26,0.3462,1,3,3,4,0.75,70,21,17,13,26,3,29,11,20,31,0.6452,10,24,0.4167,3,1,15,19,0.7895,104
103805,2023-24,2023-12-16T19:45:00Z,14,LR,5679,2763,Dreamland Gran Canaria,Surne Bilbao Basket,5,4,83,75,local,Jaka Lakovic,Jaume Ponsarnau,24,17,17,27,14,41,9,22,37,0.5946,9,26,0.3462,7,5,12,15,0.8,106,18,20,13,16,6,22,9,20,43,0.4651,8,21,0.381,5,7,11,14,0.7857,71
103806,2023-24,2023-12-16T17:00:00Z,14,LR,5679,2763,BAXI Manresa,Lenovo Tenerife,10,28,73,76,visitante,Pedro Martínez,Txus Vidorreta,15,23,11,24,12,36,3,25,45,0.5556,5,25,0.2,5,1,8,10,0.8,68,15,21,10,19,5,24,5,18,33,0.5455,8,25,0.32,1,5,16,20,0.8,80
103807,2023-24,2023-12-16T17:00:00Z,14,LR,5679,2763,Unicaja,Coviran Granada,14,592,92,70,local,Ibon Navarro,Pablo Pin,19,18,10,25,6,31,10,20,35,0.5714,11,27,0.4074,0,3,19,23,0.8261,117,11,25,16,25,9,34,5,18,38,0.4737,7,24,0.2917,2,0,13,16,0.8125,55
103808,2023-24,2023-12-23T19:45:00Z,15,LR,5680,2764,Río Breogán,Monbus Obradoiro,25,57,88,90,visitante,Veljko Mrsic,Moncho Fernández,16,25,17,15,17,32,6,21,31,0.6774,8,33,0.2424,1,4,22,28,0.7857,86,11,26,13,19,5,24,8,25,36,0.6944,5,19,0.2632,4,1,25,33,0.7576,83
103809,2023-24,2023-12-10T17:30:00Z,13,LR,5678,2762,Casademont Zaragoza,Barça,16,2,101,99,local,Porfirio Fisac,Roger Grimau,19,15,11,19,8,27,7,24,42,0.5714,12,21,0.5714,2,2,17,24,0.7083,112,21,18,11,18,16,34,5,27,41,0.6585,11,31,0.3548,2,2,12,16,0.75,107
103810,2023-24,2023-12-23T17:00:00Z,15,LR,5680,2764,Valencia Basket,Coviran Granada,13,592,75,81,visitante,Álex Mumbrú,Pablo Pin,20,21,17,24,12,36,8,24,42,0.5714,6,24,0.25,2,6,9,18,0.5,77,17,17,15,22,8,30,10,20,37,0.5405,8,26,0.3077,6,2,17,22,0.7727,81
103811,2023-24,2023-12-27T20:00:00Z,16,LR,5666,2765,Unicaja,Barça,14,2,91,71,local,Ibon Navarro,Roger Grimau,21,19,11,26,6,32,12,21,38,0.5526,12,23,0.5217,1,2,13,17,0.7647,113,16,19,17,21,10,31,6,19,38,0.5,9,26,0.3462,2,1,6,10,0.6,66
103812,2023-24,2024-01-07T16:00:00Z,17,LR,5665,2751,Valencia Basket,Dreamland Gran Canaria,13,5,79,86,visitante,Álex Mumbrú,Jaka Lakovic,19,19,16,25,5,30,6,26,43,0.6047,5,14,0.3571,4,3,12,18,0.6667,88,19,22,9,20,3,23,6,17,29,0.5862,14,30,0.4667,3,4,10,14,0.7143,90
103813,2023-24,2024-01-07T11:30:00Z,17,LR,5665,2751,Río Breogán,Coviran Granada,25,592,85,79,local,Veljko Mrsic,Pablo Pin,15,20,10,19,8,27,8,21,34,0.6176,9,23,0.3913,0,5,16,17,0.9412,103,14,21,15,16,9,25,5,21,35,0.6,6,17,0.3529,4,0,19,26,0.7308,71
103814,2023-24,2024-01-07T11:30:00Z,17,LR,5665,2751,Surne Bilbao Basket,BAXI Manresa,4,10,74,54,local,Jaume Ponsarnau,Pedro Martínez,14,16,11,29,16,45,4,18,43,0.4186,9,24,0.375,4,11,11,18,0.6111,90,17,21,12,23,13,36,8,13,31,0.4194,8,36,0.2222,11,5,4,8,0.5,42
103815,2023-24,2024-01-06T19:45:00Z,17,LR,5665,2751,Lenovo Tenerife,Joventut Badalona,28,8,90,70,local,Txus Vidorreta,Carles Duran,23,18,14,25,10,35,6,24,38,0.6316,10,24,0.4167,1,2,12,14,0.8571,116,17,23,7,16,10,26,5,17,40,0.425,8,24,0.3333,2,1,12,14,0.8571,64
103816,2023-24,2024-01-06T19:45:00Z,17,LR,5665,2751,Zunder Palencia,Unicaja,624,14,72,86,visitante,Luis Guil,Ibon Navarro,15,20,13,21,14,35,6,21,39,0.5385,4,22,0.1818,1,4,18,21,0.8571,82,22,23,16,21,12,33,9,19,35,0.5429,13,30,0.4333,3,1,9,14,0.6429,91
103817,2023-24,2024-01-06T17:00:00Z,17,LR,5665,2751,MoraBanc Andorra,UCAM Murcia,22,12,98,73,local,Natxo Lezkano,Sito Alonso,20,22,14,30,4,34,8,23,34,0.6765,10,21,0.4762,1,2,22,26,0.8462,124,17,25,13,16,10,26,8,11,29,0.3793,12,36,0.3333,2,2,15,18,0.8333,63
103818,2023-24,2024-01-06T17:00:00Z,17,LR,5665,2751,Casademont Zaragoza,Bàsquet Girona,16,591,81,74,local,Porfirio Fisac,Salva Camps,17,18,13,34,8,42,12,21,43,0.4884,7,20,0.35,2,4,18,30,0.6,101,15,25,16,27,9,36,6,12,34,0.3529,12,36,0.3333,4,2,14,17,0.8235,56
103819,2023-24,2023-12-31T11:30:00Z,16,LR,5666,2765,Real Madrid,Valencia Basket,9,13,83,74,local,Chus Mateo,Álex Mumbrú,23,17,15,30,7,37,8,21,35,0.6,10,31,0.3226,3,8,11,18,0.6111,102,13,21,14,31,11,42,10,21,47,0.4468,9,23,0.3913,7,3,5,15,0.3333,66
103820,2023-24,2023-12-30T19:45:00Z,16,LR,5666,2765,Dreamland Gran Canaria,Río Breogán,5,25,86,60,local,Jaka Lakovic,Veljko Mrsic,14,16,10,19,10,29,15,17,34,0.5,13,26,0.5,4,4,13,20,0.65,101,10,20,20,15,11,26,7,17,30,0.5667,5,23,0.2174,4,4,11,12,0.9167,47
103821,2023-24,2023-12-30T19:45:00Z,16,LR,5666,2765,Bàsquet Girona,Baskonia,591,3,85,93,visitante,Salva Camps,Dusko Ivanovic,16,20,8,23,7,30,6,20,39,0.5128,11,34,0.3235,3,3,12,14,0.8571,82,18,17,12,32,9,41,5,17,35,0.4857,12,29,0.4138,2,3,23,30,0.7667,107
103822,2023-24,2023-12-30T17:00:00Z,16,LR,5666,2765,Zunder Palencia,Surne Bilbao Basket,624,4,78,72,local,Luis Guil,Jaume Ponsarnau,14,21,11,27,6,33,6,13,35,0.3714,9,22,0.4091,4,4,25,34,0.7353,82,17,27,12,26,7,33,8,21,35,0.6,6,30,0.2,3,4,12,19,0.6316,67
103823,2023-24,2023-12-29T19:30:00Z,16,LR,5666,2765,BAXI Manresa,Joventut Badalona,10,8,102,89,local,Pedro Martínez,Carles Duran,22,20,8,23,12,35,6,22,40,0.55,11,30,0.3667,3,3,25,29,0.8621,118,19,25,15,19,5,24,5,22,41,0.5366,11,21,0.5238,3,3,12,19,0.6316,81
103824,2023-24,2023-12-29T19:30:00Z,16,LR,5666,2765,Monbus Obradoiro,UCAM Murcia,57,12,79,87,visitante,Moncho Fernández,Sito Alonso,9,19,14,24,20,44,6,18,45,0.4,7,25,0.28,4,7,22,25,0.88,87,21,27,12,21,9,30,9,16,37,0.4324,13,30,0.4333,7,5,16,20,0.8,83
103825,2023-24,2023-12-28T19:30:00Z,16,LR,5666,2765,Casademont Zaragoza,MoraBanc Andorra,16,22,72,76,visitante,Porfirio Fisac,Natxo Lezkano,14,14,16,30,3,33,1,18,26,0.6923,9,27,0.3333,1,4,9,11,0.8182,84,18,19,1,21,14,35,8,25,53,0.4717,6,26,0.2308,4,1,8,10,0.8,78
103826,2023-24,2023-12-28T19:30:00Z,16,LR,5666,2765,Coviran Granada,Lenovo Tenerife,592,28,68,80,visitante,Pablo Pin,Txus Vidorreta,12,21,12,19,7,26,6,22,37,0.5946,5,24,0.2083,3,1,9,10,0.9,59,17,17,8,22,4,26,6,19,32,0.5938,8,24,0.3333,1,3,18,21,0.8571,95
103827,2023-24,2023-12-23T17:30:00Z,15,LR,5680,2764,Joventut Badalona,Real Madrid,8,9,73,101,visitante,Carles Duran,Chus Mateo,15,23,13,17,11,28,6,17,42,0.4048,8,25,0.32,4,1,15,18,0.8333,52,26,16,8,29,9,38,8,19,27,0.7037,15,38,0.3947,1,4,18,19,0.9474,143
103828,2023-24,2023-12-10T16:00:00Z,13,LR,5678,2762,UCAM Murcia,Valencia Basket,12,13,77,85,visitante,Sito Alonso,Álex Mumbrú,15,27,16,19,14,33,16,14,43,0.3256,12,36,0.3333,5,0,13,16,0.8125,57,19,21,19,33,11,44,10,22,44,0.5,6,17,0.3529,0,5,23,29,0.7931,111
103829,2023-24,2023-12-10T16:00:00Z,13,LR,5678,2762,Baskonia,Lenovo Tenerife,3,28,104,100,local,Dusko Ivanovic,Txus Vidorreta,22,19,12,25,6,31,3,19,27,0.7037,15,28,0.5357,2,2,21,25,0.84,124,21,20,5,16,11,27,6,24,46,0.5217,13,26,0.5,2,2,13,15,0.8667,110
103830,2023-24,2023-12-10T11:30:00Z,13,LR,5678,2762,Joventut Badalona,Monbus Obradoiro,8,57,78,69,local,Carles Duran,Moncho Fernández,17,23,12,25,9,34,8,17,41,0.4146,9,20,0.45,3,3,17,21,0.8095,84,15,21,12,23,8,31,6,21,42,0.5,5,21,0.2381,3,3,12,15,0.8,70
103831,2023-24,2023-11-25T19:45:00Z,11,LR,5676,2760,Surne Bilbao Basket,Unicaja,4,14,43,67,visitante,Jaume Ponsarnau,Ibon Navarro,8,16,15,25,6,31,5,14,33,0.4242,2,20,0.1,0,4,9,20,0.45,35,18,23,13,34,5,39,10,23,38,0.6053,5,24,0.2083,4,0,6,11,0.5455,71
103832,2023-24,2023-11-25T17:00:00Z,11,LR,5676,2760,Zunder Palencia,Valencia Basket,624,13,77,101,visitante,Marco A. Justo,Álex Mumbrú,16,23,14,17,6,23,5,15,27,0.5556,11,33,0.3333,2,3,14,17,0.8235,66,21,18,12,24,5,29,5,24,36,0.6667,14,27,0.5185,3,2,11,12,0.9167,122
103833,2023-24,2023-11-25T17:00:00Z,11,LR,5676,2760,Monbus Obradoiro,Coviran Granada,57,592,77,94,visitante,Moncho Fernández,Pablo Pin,16,19,14,18,7,25,3,18,34,0.5294,10,24,0.4167,3,6,11,15,0.7333,79,17,22,10,20,7,27,4,21,33,0.6364,14,31,0.4516,5,3,10,13,0.7692,95
103834,2023-24,2023-11-19T17:30:00Z,10,LR,5675,2766,UCAM Murcia,Barça,12,2,82,73,local,Sito Alonso,Roger Grimau,11,21,10,21,5,26,7,31,46,0.6739,3,18,0.1667,2,2,11,13,0.8462,79,13,16,13,23,6,29,6,25,38,0.6579,5,20,0.25,2,2,8,13,0.6154,80
103835,2023-24,2023-11-19T16:00:00Z,10,LR,5675,2766,Baskonia,Valencia Basket,3,13,83,74,local,Dusko Ivanovic,Álex Mumbrú,18,23,10,17,6,23,4,19,29,0.6552,11,30,0.3667,2,4,12,13,0.9231,88,14,21,9,20,14,34,8,19,42,0.4524,4,18,0.2222,4,2,24,27,0.8889,81
103836,2023-24,2023-11-19T11:30:00Z,10,LR,5675,2766,Real Madrid,Unicaja,9,14,93,99,visitante,Chus Mateo,Ibon Navarro,17,21,12,19,7,26,7,19,39,0.4872,13,26,0.5,2,4,16,18,0.8889,98,28,21,13,22,11,33,7,25,42,0.5952,13,27,0.4815,4,2,10,13,0.7692,118
103837,2023-24,2023-11-19T11:30:00Z,10,LR,5675,2766,Coviran Granada,MoraBanc Andorra,592,22,91,88,local,Pablo Pin,Natxo Lezkano,17,19,17,19,7,26,3,22,32,0.6875,12,24,0.5,0,0,11,12,0.9167,100,14,22,8,14,12,26,11,23,42,0.5476,9,27,0.3333,0,0,15,18,0.8333,88
103838,2023-24,2023-11-19T11:30:00Z,10,LR,5675,2766,BAXI Manresa,Monbus Obradoiro,10,57,76,56,local,Pedro Martínez,Moncho Fernández,22,17,14,30,12,42,9,17,36,0.4722,11,35,0.3143,7,4,9,15,0.6,85,11,19,17,28,8,36,10,13,33,0.3939,6,30,0.2,4,7,12,16,0.75,49
103839,2023-24,2023-11-18T19:45:00Z,10,LR,5675,2766,Lenovo Tenerife,Zunder Palencia,28,624,92,71,local,Txus Vidorreta,Marco A. Justo,24,17,9,20,5,25,9,22,38,0.5789,14,24,0.5833,0,4,6,11,0.5455,112,13,15,15,23,7,30,4,16,32,0.5,9,18,0.5,4,0,12,22,0.5455,66
103840,2023-24,2023-11-18T19:45:00Z,10,LR,5675,2766,Bàsquet Girona,Río Breogán,591,25,87,83,local,Salva Camps,Veljko Mrsic,14,20,13,25,12,37,5,17,40,0.425,12,28,0.4286,10,1,17,24,0.7083,76,18,22,19,27,7,34,8,15,29,0.5172,13,33,0.3939,1,10,14,16,0.875,94
103841,2023-24,2023-11-19T16:00:00Z,10,LR,5675,2766,Joventut Badalona,Surne Bilbao Basket,8,4,81,78,local,Carles Duran,Jaume Ponsarnau,12,20,9,23,13,36,6,21,43,0.4884,8,24,0.3333,6,2,15,23,0.6522,78,19,22,15,27,10,37,6,17,35,0.4857,10,24,0.4167,2,6,14,21,0.6667,88
103842,2023-24,2023-11-18T17:00:00Z,10,LR,5675,2766,Casademont Zaragoza,Dreamland Gran Canaria,16,5,94,101,visitante,Porfirio Fisac,Jaka Lakovic,17,18,12,24,8,32,7,29,43,0.6744,6,17,0.3529,3,1,18,28,0.6429,107,25,24,9,20,13,33,7,18,34,0.5294,18,38,0.4737,1,3,11,17,0.6471,111
103843,2023-24,2023-11-12T17:30:00Z,9,LR,5681,2759,Barça,Lenovo Tenerife,2,28,94,83,local,Roger Grimau,Txus Vidorreta,26,14,12,22,4,26,5,17,28,0.6071,16,26,0.6154,1,3,12,14,0.8571,123,16,19,9,15,9,24,4,17,33,0.5152,13,35,0.3714,3,1,10,11,0.9091,71
103844,2023-24,2023-11-12T16:00:00Z,9,LR,5681,2759,Valencia Basket,Casademont Zaragoza,13,16,76,69,local,Álex Mumbrú,Porfirio Fisac,15,26,19,22,11,33,8,19,40,0.475,10,24,0.4167,2,4,8,10,0.8,72,14,20,15,20,7,27,11,16,32,0.5,6,23,0.2609,3,3,19,29,0.6552,69
103845,2023-24,2023-11-12T16:00:00Z,9,LR,5681,2759,Surne Bilbao Basket,Real Madrid,4,9,84,87,visitante,Jaume Ponsarnau,Chus Mateo,18,26,8,20,8,28,9,18,35,0.5143,10,30,0.3333,4,4,18,23,0.7826,79,15,17,14,26,13,39,7,15,31,0.4839,10,31,0.3226,4,4,27,31,0.871,101
103846,2023-24,2023-11-25T19:45:00Z,11,LR,5676,2760,UCAM Murcia,Joventut Badalona,12,8,105,73,local,Sito Alonso,Carles Duran,23,25,7,29,10,39,11,32,51,0.6275,9,23,0.3913,1,4,14,19,0.7368,129,13,18,13,24,6,30,5,17,45,0.3778,6,18,0.3333,3,1,21,28,0.75,66
103847,2023-24,2023-11-26T11:30:00Z,11,LR,5676,2760,Río Breogán,Casademont Zaragoza,25,16,82,77,local,Veljko Mrsic,Porfirio Fisac,17,19,12,24,13,37,8,20,42,0.4762,7,20,0.35,6,2,21,29,0.7241,90,11,24,13,22,9,31,9,14,37,0.3784,11,26,0.4231,2,6,16,17,0.9412,74
103848,2023-24,2024-03-03T11:30:00Z,23,LR,5659,2743,MoraBanc Andorra,Real Madrid,22,9,70,89,visitante,Natxo Lezkano,Chus Mateo,12,21,16,20,6,26,10,20,42,0.4762,8,25,0.32,5,2,6,13,0.4615,48,23,16,21,32,10,42,8,23,32,0.7188,9,27,0.3333,2,5,16,24,0.6667,114
103849,2023-24,2023-11-26T16:00:00Z,11,LR,5676,2760,Barça,Bàsquet Girona,2,591,115,78,local,Roger Grimau,Salva Camps,30,13,19,37,10,47,8,28,45,0.6222,15,25,0.6,4,6,14,19,0.7368,157,23,19,13,14,6,20,12,22,44,0.5,10,33,0.303,6,4,4,9,0.4444,62
103850,2023-24,2023-12-10T11:30:00Z,13,LR,5678,2762,Real Madrid,Dreamland Gran Canaria,9,5,97,71,local,Chus Mateo,Jaka Lakovic,27,20,13,35,3,38,6,21,29,0.7241,11,29,0.3793,0,1,22,26,0.8462,126,17,20,10,22,10,32,6,24,41,0.5854,4,32,0.125,1,1,11,18,0.6111,64
103851,2023-24,2023-12-09T19:45:00Z,13,LR,5678,2762,MoraBanc Andorra,Unicaja,22,14,81,87,visitante,Natxo Lezkano,Ibon Navarro,17,21,9,23,4,27,4,22,38,0.5789,7,22,0.3182,1,0,16,23,0.6957,84,16,24,9,27,5,32,6,22,36,0.6111,9,24,0.375,0,1,16,19,0.8421,98
103852,2023-24,2023-12-09T19:45:00Z,13,LR,5678,2762,BAXI Manresa,Bàsquet Girona,10,591,101,87,local,Pedro Martínez,Salva Camps,21,18,14,29,10,39,8,21,35,0.6,15,37,0.4054,5,6,14,19,0.7368,119,16,22,15,22,11,33,8,19,41,0.4634,14,36,0.3889,6,5,7,12,0.5833,75
103853,2023-24,2023-12-09T17:00:00Z,13,LR,5678,2762,Coviran Granada,Zunder Palencia,592,624,109,85,local,Pablo Pin,Marco A. Justo,19,28,7,19,10,29,8,21,37,0.5676,16,25,0.64,5,1,19,24,0.7917,117,16,22,10,14,12,26,4,17,29,0.5862,10,32,0.3125,0,7,21,25,0.84,95
103854,2023-24,2023-12-09T17:00:00Z,13,LR,5678,2762,Surne Bilbao Basket,Río Breogán,4,25,68,76,visitante,Jaume Ponsarnau,Veljko Mrsic,17,19,16,29,10,39,7,15,36,0.4167,11,34,0.3235,6,7,5,8,0.625,64,22,15,12,27,4,31,11,18,39,0.4615,10,26,0.3846,7,6,10,12,0.8333,91
103855,2023-24,2023-12-03T17:30:00Z,12,LR,5677,2761,Joventut Badalona,Baskonia,8,3,77,72,local,Carles Duran,Dusko Ivanovic,19,19,9,23,10,33,6,19,34,0.5588,7,26,0.2692,1,2,18,19,0.9474,90,13,18,9,22,11,33,4,19,32,0.5938,8,32,0.25,2,1,10,13,0.7692,73
103856,2023-24,2023-12-03T16:00:00Z,12,LR,5677,2761,Barça,Coviran Granada,2,592,80,69,local,Roger Grimau,Pablo Pin,13,19,12,26,8,34,4,30,49,0.6122,4,14,0.2857,2,4,8,18,0.4444,80,13,18,15,21,7,28,10,14,31,0.4516,9,30,0.3,4,2,14,18,0.7778,60
103857,2023-24,2023-11-12T11:30:00Z,9,LR,5681,2759,Monbus Obradoiro,Baskonia,57,3,108,95,local,Moncho Fernández,Dusko Ivanovic,16,19,13,28,12,40,13,25,44,0.5682,11,35,0.3143,2,8,25,34,0.7353,125,21,26,20,26,8,34,7,22,43,0.5116,12,34,0.3529,7,2,15,16,0.9375,81
103858,2023-24,2023-12-03T16:00:00Z,12,LR,5677,2761,Valencia Basket,Surne Bilbao Basket,13,4,79,85,visitante,Álex Mumbrú,Jaume Ponsarnau,19,21,13,20,11,31,13,22,44,0.5,6,25,0.24,4,1,17,26,0.6538,74,15,20,14,24,7,31,12,24,37,0.6486,7,20,0.35,1,6,16,19,0.8421,106
103859,2023-24,2023-12-03T11:30:00Z,12,LR,5677,2761,Real Madrid,Río Breogán,9,25,91,58,local,Chus Mateo,Veljko Mrsic,19,18,13,39,9,48,5,18,31,0.5806,9,28,0.3214,2,5,28,31,0.9032,127,11,27,11,21,9,30,8,16,39,0.4103,5,31,0.1613,5,2,11,17,0.6471,27
103860,2023-24,2023-12-02T19:45:00Z,12,LR,5677,2761,Bàsquet Girona,MoraBanc Andorra,591,22,107,104,local,Salva Camps,Natxo Lezkano,20,24,22,23,14,37,7,17,31,0.5484,17,44,0.3864,2,2,22,25,0.88,103,16,22,11,20,7,27,18,28,40,0.7,9,34,0.2647,1,2,21,28,0.75,113
103861,2023-24,2023-12-02T19:45:00Z,12,LR,5677,2761,Lenovo Tenerife,Monbus Obradoiro,28,57,87,92,visitante,Txus Vidorreta,Moncho Fernández,15,25,10,16,4,20,6,21,36,0.5833,10,25,0.4,1,2,15,19,0.7895,84,18,24,10,23,6,29,5,24,34,0.7059,6,24,0.25,2,1,26,28,0.9286,103
103862,2023-24,2023-12-02T17:00:00Z,12,LR,5677,2761,Casademont Zaragoza,UCAM Murcia,16,12,82,76,local,Porfirio Fisac,Sito Alonso,17,21,14,30,6,36,7,26,50,0.52,5,18,0.2778,2,5,15,19,0.7895,90,19,21,12,29,10,39,9,22,52,0.4231,6,19,0.3158,5,2,14,17,0.8235,82
103863,2023-24,2023-12-02T17:00:00Z,12,LR,5677,2761,Unicaja,BAXI Manresa,14,10,91,77,local,Ibon Navarro,Pedro Martínez,15,23,14,27,7,34,12,19,41,0.4634,10,24,0.4167,2,4,23,31,0.7419,95,16,22,17,29,15,44,8,17,43,0.3953,9,30,0.3,4,2,16,25,0.64,70
103864,2023-24,2023-11-26T17:30:00Z,11,LR,5676,2760,Dreamland Gran Canaria,Lenovo Tenerife,5,28,82,94,visitante,Jaka Lakovic,Txus Vidorreta,13,24,15,20,16,36,5,21,40,0.525,7,29,0.2414,3,4,19,25,0.76,75,19,24,12,24,5,29,11,24,39,0.6154,9,25,0.36,4,3,19,21,0.9048,107
103865,2023-24,2023-11-26T16:00:00Z,11,LR,5676,2760,Baskonia,BAXI Manresa,3,10,94,86,local,Dusko Ivanovic,Pedro Martínez,21,17,14,25,8,33,5,15,28,0.5357,15,29,0.5172,2,2,19,24,0.7917,112,17,22,11,19,9,28,9,17,29,0.5862,15,38,0.3947,2,2,7,18,0.3889,78
103866,2023-24,2023-12-03T12:00:00Z,12,LR,5677,2761,Dreamland Gran Canaria,Zunder Palencia,5,624,100,73,local,Jaka Lakovic,Marco A. Justo,21,22,8,22,6,28,9,25,46,0.5435,9,19,0.4737,4,2,23,26,0.8846,113,19,22,18,23,6,29,1,14,27,0.5185,9,25,0.36,2,4,18,26,0.6923,69
103867,2023-24,2024-05-12T16:30:00Z,34,LR,5682,2767,Unicaja,Zunder Palencia,14,624,93,69,local,Ibon Navarro,Luis Guil,25,14,16,27,8,35,7,14,27,0.5185,17,33,0.5152,3,2,14,16,0.875,116,21,18,14,21,7,28,12,19,38,0.5,7,25,0.28,2,3,10,11,0.9091,75
104022,2023-24,2024-05-15T18:30:00Z,0,PO,5776,2808,Real Madrid,Dreamland Gran Canaria,9,5,105,70,local,Chus Mateo,Jaka Lakovic,23,16,8,25,11,36,12,24,37,0.6486,12,30,0.4,1,2,21,23,0.913,142,18,22,15,18,7,25,6,19,29,0.6552,8,30,0.2667,2,1,8,9,0.8889,64
104023,2023-24,2024-05-16T18:30:00Z,0,PO,5776,2808,Unicaja,BAXI Manresa,14,10,87,79,local,Ibon Navarro,Pedro Martínez,24,18,11,20,11,31,16,22,39,0.5641,10,32,0.3125,1,6,13,18,0.7222,111,22,21,22,27,11,38,7,14,33,0.4242,14,31,0.4516,6,1,9,14,0.6429,75
104024,2023-24,2024-05-18T16:00:00Z,0,PO,5776,2808,Valencia Basket,UCAM Murcia,13,12,86,96,visitante,Xavier Albert,Sito Alonso,15,18,11,19,17,36,11,25,51,0.4902,6,28,0.2143,4,1,18,26,0.6923,80,20,20,16,30,9,39,8,25,37,0.6757,10,26,0.3846,1,4,16,22,0.7273,113
104025,2023-24,2024-05-19T10:30:00Z,0,PO,5776,2808,Barça,Lenovo Tenerife,2,28,96,86,local,Roger Grimau,Txus Vidorreta,25,21,9,27,9,36,4,25,44,0.5682,13,26,0.5,2,3,7,9,0.7778,116,19,18,7,23,10,33,4,20,39,0.5128,11,34,0.3235,3,2,13,18,0.7222,90
104026,2023-24,2024-05-17T18:30:00Z,0,PO,5777,2808,Dreamland Gran Canaria,Real Madrid,5,9,71,73,visitante,Jaka Lakovic,Chus Mateo,15,18,7,21,5,26,8,15,33,0.4545,11,31,0.3548,7,2,8,11,0.7273,64,18,15,12,29,8,37,5,14,29,0.4828,9,27,0.3333,2,7,18,21,0.8571,93
104027,2023-24,2024-05-21T18:30:00Z,0,PO,5777,2809,BAXI Manresa,Unicaja,10,14,63,86,visitante,Pedro Martínez,Ibon Navarro,12,15,11,24,10,34,4,17,33,0.5152,7,37,0.1892,3,1,8,12,0.6667,54,20,19,9,33,9,42,8,25,47,0.5319,9,23,0.3913,1,3,9,12,0.75,106
104028,2023-24,2024-05-22T18:30:00Z,0,PO,5777,2809,UCAM Murcia,Valencia Basket,12,13,72,83,visitante,Sito Alonso,Xavier Albert,13,19,13,23,19,42,6,18,33,0.5455,8,38,0.2105,3,2,12,13,0.9231,73,21,19,11,23,8,31,10,21,35,0.6,9,26,0.3462,2,3,14,19,0.7368,99
104029,2023-24,2024-05-23T18:30:00Z,0,PO,5777,2809,Lenovo Tenerife,Barça,28,2,92,97,visitante,Txus Vidorreta,Roger Grimau,21,20,13,20,8,28,3,23,34,0.6765,11,28,0.3929,1,0,13,16,0.8125,99,19,21,7,18,4,22,5,26,39,0.6667,10,25,0.4,0,1,15,18,0.8333,104
104032,2023-24,2024-05-25T18:45:00Z,0,PO,5778,2809,Valencia Basket,UCAM Murcia,13,12,77,84,visitante,Xavier Albert,Sito Alonso,16,21,16,16,11,27,5,19,40,0.475,7,19,0.3684,0,1,18,26,0.6923,70,17,22,15,20,9,29,9,20,34,0.5882,10,25,0.4,1,0,14,17,0.8235,90
104037,2023-24,2024-05-28T18:30:00Z,0,PO,5809,2810,Unicaja,UCAM Murcia,14,12,79,88,visitante,Ibon Navarro,Sito Alonso,17,18,12,18,12,30,8,17,31,0.5484,12,36,0.3333,0,2,9,13,0.6923,81,18,17,12,22,11,33,8,17,34,0.5,13,26,0.5,2,0,15,19,0.7895,99
104038,2023-24,2024-05-29T18:30:00Z,0,PO,5809,2810,Real Madrid,Barça,9,2,97,78,local,Chus Mateo,Roger Grimau,21,21,11,27,5,32,6,24,40,0.6,11,25,0.44,0,4,16,16,1.0,118,18,20,10,19,10,29,8,26,46,0.5652,4,22,0.1818,4,0,14,19,0.7368,76
104039,2023-24,2024-05-30T18:30:00Z,0,PO,5810,2810,Unicaja,UCAM Murcia,14,12,83,101,visitante,Ibon Navarro,Sito Alonso,16,26,16,18,8,26,6,23,45,0.5111,7,19,0.3684,2,1,16,19,0.8421,72,24,22,11,24,7,31,11,25,39,0.641,10,28,0.3571,1,2,21,28,0.75,121
104040,2023-24,2024-05-31T18:30:00Z,0,PO,5810,2810,Real Madrid,Barça,9,2,104,98,local,Chus Mateo,Roger Grimau,18,19,14,22,9,31,5,20,32,0.625,13,32,0.4062,0,3,25,27,0.9259,118,24,23,9,18,2,20,11,30,49,0.6122,8,17,0.4706,3,0,14,16,0.875,107
104041,2023-24,2024-06-01T16:00:00Z,0,PO,5811,2810,UCAM Murcia,Unicaja,12,14,66,74,visitante,Sito Alonso,Ibon Navarro,9,21,10,22,10,32,7,12,34,0.3529,8,30,0.2667,1,5,18,18,1.0,61,16,19,11,31,17,48,6,19,44,0.4318,6,25,0.24,5,1,18,23,0.7826,82
104042,2023-24,2024-06-02T16:30:00Z,0,PO,5811,2810,Barça,Real Madrid,2,9,92,95,visitante,Roger Grimau,Chus Mateo,24,26,10,19,13,32,4,23,42,0.5476,11,27,0.4074,4,2,13,22,0.5909,93,26,23,14,24,3,27,5,16,28,0.5714,12,21,0.5714,2,4,27,33,0.8182,116
104043,2023-24,2024-06-03T18:30:00Z,0,PO,5812,2811,UCAM Murcia,Unicaja,12,14,79,88,visitante,Sito Alonso,Ibon Navarro,14,21,14,19,11,30,6,18,32,0.5625,8,29,0.2759,4,2,19,21,0.9048,79,17,24,10,16,9,25,9,20,35,0.5714,11,28,0.3929,2,4,15,16,0.9375,95
104045,2023-24,2024-06-05T18:30:00Z,0,PO,5813,2811,Unicaja,UCAM Murcia,14,12,70,79,visitante,Ibon Navarro,Sito Alonso,16,23,13,21,17,38,6,12,32,0.375,12,37,0.3243,1,2,10,17,0.5882,58,10,15,10,23,8,31,8,19,34,0.5588,7,21,0.3333,2,1,20,24,0.8333,92
104047,2023-24,2024-06-08T18:30:00Z,0,PO,5814,2811,Real Madrid,UCAM Murcia,9,12,84,76,local,Chus Mateo,Sito Alonso,19,17,6,26,14,40,3,22,46,0.4783,7,25,0.28,2,2,19,20,0.95,101,14,21,10,24,6,30,4,16,36,0.4444,12,25,0.48,2,2,8,12,0.6667,73
104048,2023-24,2024-06-10T18:30:00Z,0,PO,5815,2812,Real Madrid,UCAM Murcia,9,12,79,63,local,Chus Mateo,Sito Alonso,16,17,7,25,16,41,8,20,40,0.5,8,28,0.2857,5,0,15,22,0.6818,90,11,22,13,24,11,35,5,11,38,0.2895,9,23,0.3913,0,5,14,16,0.875,58
104049,2023-24,2024-06-12T18:30:00Z,0,PO,5816,2812,UCAM Murcia,Real Madrid,12,9,73,84,visitante,Sito Alonso,Chus Mateo,15,25,9,19,10,29,8,15,42,0.3571,11,31,0.3548,6,1,10,16,0.625,46,15,14,14,32,5,37,7,21,37,0.5676,8,19,0.4211,1,6,18,20,0.9,115
104052,2024-25,2024-09-28T16:00:00Z,1,LR,5819,2814,Joventut Badalona,UCAM Murcia,8,12,91,76,local,Daniel Miret,Sito Alonso,18,21,14,25,8,33,3,25,46,0.5435,7,13,0.5385,1,6,20,21,0.9524,106,15,20,8,15,8,23,9,21,40,0.525,6,23,0.2609,5,1,16,18,0.8889,74
104053,2024-25,2024-09-28T16:00:00Z,1,LR,5819,2814,Unicaja,Bàsquet Girona,14,591,90,73,local,Ibon Navarro,Fotis Katsikaris,21,19,10,21,8,29,7,20,35,0.5714,12,30,0.4,1,1,14,21,0.6667,99,10,21,17,23,4,27,4,22,38,0.5789,5,21,0.2381,1,1,14,17,0.8235,58
104054,2024-25,2024-09-28T18:45:00Z,1,LR,5819,2814,MoraBanc Andorra,Dreamland Gran Canaria,22,5,71,91,visitante,Natxo Lezkano,Jaka Lakovic,7,22,18,26,8,34,5,13,34,0.3824,8,24,0.3333,5,2,21,25,0.84,54,19,21,9,21,9,30,12,21,40,0.525,10,27,0.3704,2,5,19,22,0.8636,108
104055,2024-25,2024-09-28T18:45:00Z,1,LR,5819,2814,BAXI Manresa,Valencia Basket,10,13,77,73,local,Diego Ocampo,Pedro Martínez,12,22,12,27,13,40,5,24,49,0.4898,5,25,0.2,4,8,14,16,0.875,77,15,20,11,24,16,40,8,19,41,0.4634,6,31,0.1935,7,4,17,24,0.7083,70
104056,2024-25,2024-09-29T10:30:00Z,1,LR,5819,2814,Barça,Coviran Granada,2,592,91,65,local,Joan Peñarroya,Pablo Pin,18,17,14,24,5,29,13,26,39,0.6667,8,24,0.3333,0,5,15,16,0.9375,116,13,21,20,21,9,30,6,15,32,0.4688,9,31,0.2903,5,0,8,8,1.0,46
104057,2024-25,2024-09-29T11:00:00Z,1,LR,5819,2814,La Laguna Tenerife,Baskonia,28,3,88,80,local,Txus Vidorreta,Pablo Laso,17,18,10,19,10,29,8,19,33,0.5758,10,25,0.4,2,2,20,26,0.7692,103,15,24,15,18,11,29,4,17,38,0.4474,11,24,0.4583,2,3,13,15,0.8667,72
104058,2024-25,2024-09-29T10:30:00Z,1,LR,5819,2814,Casademont Zaragoza,Hiopos Lleida,16,658,101,91,local,Porfirio Fisac,Gerard Encuentra,19,22,13,27,14,41,9,26,47,0.5532,10,31,0.3226,5,2,19,27,0.7037,108,22,26,15,23,13,36,10,16,38,0.4211,14,37,0.3784,1,5,17,26,0.6538,90
104059,2024-25,2024-09-29T15:00:00Z,1,LR,5819,2814,Surne Bilbao Basket,Río Breogán,4,25,90,72,local,Jaume Ponsarnau,Veljko Mrsic,19,21,14,32,7,39,5,19,34,0.5588,7,27,0.2593,0,4,31,34,0.9118,110,15,26,15,23,5,28,6,17,43,0.3953,9,23,0.3913,4,0,11,17,0.6471,51
104060,2024-25,2024-09-29T16:30:00Z,1,LR,5819,2814,Leyma Coruña,Real Madrid,657,9,86,85,local,Diego Epifanio,Chus Mateo,21,28,15,20,11,31,5,19,37,0.5135,13,29,0.4483,2,3,9,13,0.6923,82,14,19,10,19,6,25,12,20,31,0.6452,9,24,0.375,2,2,18,29,0.6207,98
104061,2024-25,2024-10-05T16:00:00Z,2,LR,5820,2815,Baskonia,MoraBanc Andorra,3,22,91,95,visitante,Pablo Laso,Natxo Lezkano,18,18,13,22,10,32,5,19,33,0.5758,12,34,0.3529,4,2,17,20,0.85,99,21,25,8,24,11,35,9,20,40,0.5,13,35,0.3714,2,4,16,18,0.8889,102
104062,2024-25,2024-11-07T19:30:00Z,2,LR,5820,2820,Río Breogán,La Laguna Tenerife,25,28,78,79,visitante,Veljko Mrsic,Txus Vidorreta,19,22,15,16,8,24,8,19,33,0.5758,8,21,0.381,0,4,16,23,0.6957,82,16,20,17,20,5,25,6,19,29,0.6552,8,23,0.3478,4,0,17,20,0.85,78
104063,2024-25,2024-10-05T18:45:00Z,2,LR,5820,2815,UCAM Murcia,Surne Bilbao Basket,12,4,89,83,local,Sito Alonso,Jaume Ponsarnau,16,27,13,28,17,45,10,23,53,0.434,9,28,0.3214,4,1,16,29,0.5517,78,16,24,16,29,6,35,7,21,35,0.6,7,24,0.2917,1,4,20,31,0.6452,89
104064,2024-25,2024-10-05T18:45:00Z,2,LR,5820,2815,Valencia Basket,Joventut Badalona,13,8,84,60,local,Pedro Martínez,Daniel Miret,20,17,9,19,22,41,11,27,54,0.5,5,30,0.1667,5,3,15,17,0.8824,94,12,20,21,20,8,28,4,13,24,0.5417,9,31,0.2903,3,5,7,8,0.875,48
104065,2024-25,2024-10-06T10:30:00Z,2,LR,5820,2815,Real Madrid,Casademont Zaragoza,9,16,101,95,local,Chus Mateo,Porfirio Fisac,20,21,13,20,13,33,8,26,39,0.6667,8,24,0.3333,1,5,25,29,0.8621,127,22,28,10,14,11,25,6,25,44,0.5682,12,30,0.4,5,1,9,11,0.8182,87
104066,2024-25,2024-10-06T11:00:00Z,2,LR,5820,2815,Dreamland Gran Canaria,Leyma Coruña,5,657,80,72,local,Jaka Lakovic,Diego Epifanio,17,19,6,26,3,29,5,21,32,0.6562,8,28,0.2857,2,2,14,22,0.6364,89,18,22,10,28,10,38,4,18,40,0.45,6,27,0.2222,1,2,18,20,0.9,75
104067,2024-25,2024-10-06T15:00:00Z,2,LR,5820,2815,Bàsquet Girona,BAXI Manresa,591,10,84,80,local,Fotis Katsikaris,Diego Ocampo,17,26,11,27,11,38,6,18,41,0.439,7,21,0.3333,6,6,27,37,0.7297,87,16,26,13,29,10,39,4,17,37,0.4595,7,29,0.2414,5,7,25,28,0.8929,83
104068,2024-25,2024-10-06T13:00:00Z,2,LR,5820,2815,Coviran Granada,Unicaja,592,14,68,84,visitante,Pablo Pin,Ibon Navarro,14,19,8,18,5,23,9,9,28,0.3214,10,32,0.3125,0,1,20,29,0.6897,60,22,23,17,31,7,38,4,28,41,0.6829,6,18,0.3333,1,0,10,14,0.7143,97
104069,2024-25,2024-10-06T16:30:00Z,2,LR,5820,2815,Hiopos Lleida,Barça,658,2,74,78,visitante,Gerard Encuentra,Joan Peñarroya,13,25,13,23,12,35,14,19,38,0.5,5,33,0.1515,2,1,21,25,0.84,68,15,22,24,30,9,39,8,20,37,0.5405,7,22,0.3182,1,3,17,22,0.7727,84
104070,2024-25,2024-10-12T16:00:00Z,3,LR,5821,2816,Baskonia,UCAM Murcia,3,12,95,92,local,Pablo Laso,Sito Alonso,16,21,13,27,6,33,6,24,42,0.5714,8,17,0.4706,1,3,23,31,0.7419,110,20,27,12,25,7,32,9,19,33,0.5758,13,33,0.3939,2,1,15,23,0.6522,92
104071,2024-25,2024-10-12T16:00:00Z,3,LR,5821,2816,Unicaja,Hiopos Lleida,14,658,101,63,local,Ibon Navarro,Gerard Encuentra,31,17,9,25,10,35,17,26,41,0.6341,13,29,0.4483,2,3,10,16,0.625,140,11,18,22,18,7,25,6,17,33,0.5152,7,26,0.2692,3,2,8,11,0.7273,43
104072,2024-25,2024-10-12T18:45:00Z,3,LR,5821,2816,MoraBanc Andorra,Leyma Coruña,22,657,112,87,local,Natxo Lezkano,Diego Epifanio,20,24,15,23,7,30,10,26,37,0.7027,15,30,0.5,0,4,15,17,0.8824,129,21,21,17,16,16,32,8,11,33,0.3333,15,39,0.3846,4,0,20,26,0.7692,78
104073,2024-25,2024-10-12T18:45:00Z,3,LR,5821,2816,Bàsquet Girona,Coviran Granada,591,592,52,82,visitante,Fotis Katsikaris,Pablo Pin,10,21,16,24,5,29,5,16,38,0.4211,3,20,0.15,4,0,11,18,0.6111,32,17,23,12,36,12,48,11,19,40,0.475,10,29,0.3448,0,4,14,16,0.875,106
104074,2024-25,2024-10-13T10:30:00Z,3,LR,5821,2816,Surne Bilbao Basket,Real Madrid,4,9,83,79,local,Jaume Ponsarnau,Chus Mateo,15,21,7,25,8,33,5,16,37,0.4324,10,25,0.4,4,4,21,28,0.75,89,17,25,12,26,10,36,5,13,32,0.4062,12,31,0.3871,3,5,17,23,0.7391,79
104075,2024-25,2024-10-13T10:30:00Z,3,LR,5821,2816,BAXI Manresa,Dreamland Gran Canaria,10,5,79,58,local,Diego Ocampo,Jaka Lakovic,13,25,10,26,12,38,8,16,38,0.4211,9,30,0.3,1,2,20,21,0.9524,80,11,21,18,26,12,38,5,18,38,0.4737,4,23,0.1739,2,1,10,17,0.5882,51
104076,2024-25,2024-10-13T15:00:00Z,3,LR,5821,2816,Río Breogán,Valencia Basket,25,13,75,87,visitante,Veljko Mrsic,Pedro Martínez,15,17,12,24,7,31,13,22,42,0.5238,5,24,0.2083,5,1,16,23,0.6957,79,23,24,16,25,15,40,8,13,26,0.5,19,49,0.3878,1,5,4,7,0.5714,93
104077,2024-25,2024-10-13T15:00:00Z,3,LR,5821,2816,Casademont Zaragoza,Joventut Badalona,16,8,96,95,local,Porfirio Fisac,Daniel Miret,17,25,21,24,12,36,8,19,39,0.4872,11,30,0.3667,4,1,25,29,0.8621,92,18,29,17,23,4,27,11,25,41,0.6098,10,21,0.4762,1,4,15,26,0.5769,95
104078,2024-25,2024-10-13T16:30:00Z,3,LR,5821,2816,La Laguna Tenerife,Barça,28,2,91,95,visitante,Txus Vidorreta,Joan Peñarroya,20,20,4,17,7,24,7,18,32,0.5625,12,33,0.3636,2,1,19,24,0.7917,100,24,23,10,24,1,25,3,19,28,0.6786,14,27,0.5185,1,2,15,19,0.7895,109
104079,2024-25,2024-10-19T16:00:00Z,4,LR,5822,2817,Joventut Badalona,Río Breogán,8,25,70,76,visitante,Daniel Miret,Veljko Mrsic,14,22,11,28,7,35,7,18,37,0.4865,5,21,0.2381,4,2,19,23,0.8261,72,16,21,10,26,12,38,5,17,43,0.3953,10,26,0.3846,2,4,12,15,0.8,83
104080,2024-25,2024-10-19T17:00:00Z,4,LR,5822,2817,Leyma Coruña,Unicaja,657,14,83,90,visitante,Diego Epifanio,Ibon Navarro,29,21,13,28,7,35,6,24,39,0.6154,8,23,0.3478,2,4,11,24,0.4583,101,21,23,8,23,7,30,8,18,33,0.5455,13,35,0.3714,3,2,15,18,0.8333,97
104081,2024-25,2024-10-19T18:45:00Z,4,LR,5822,2817,Dreamland Gran Canaria,Surne Bilbao Basket,5,4,80,67,local,Jaka Lakovic,Jaume Ponsarnau,14,16,11,26,10,36,8,17,29,0.5862,9,25,0.36,2,3,19,29,0.6552,96,14,22,12,18,8,26,7,17,33,0.5152,9,28,0.3214,3,2,6,9,0.6667,57
104082,2024-25,2024-10-19T18:45:00Z,4,LR,5822,2817,UCAM Murcia,Casademont Zaragoza,12,16,88,74,local,Sito Alonso,Porfirio Fisac,18,22,11,23,12,35,10,22,38,0.5789,11,32,0.3438,0,4,11,17,0.6471,98,4,19,14,24,7,31,6,24,38,0.6316,5,21,0.2381,4,0,11,20,0.55,61
104083,2024-25,2024-10-20T10:30:00Z,4,LR,5822,2817,Real Madrid,Bàsquet Girona,9,591,95,67,local,Chus Mateo,Fotis Katsikaris,16,17,11,26,7,33,6,23,35,0.6571,8,19,0.4211,1,3,25,30,0.8333,120,12,24,12,16,11,27,6,15,40,0.375,9,26,0.3462,3,1,10,11,0.9091,48
104084,2024-25,2024-10-20T10:30:00Z,4,LR,5822,2817,Hiopos Lleida,BAXI Manresa,658,10,83,81,local,Gerard Encuentra,Diego Ocampo,17,30,16,20,10,30,7,19,35,0.5429,9,28,0.3214,1,1,18,24,0.75,74,18,25,17,19,14,33,9,13,25,0.52,10,36,0.2778,1,1,25,33,0.7576,83
104085,2024-25,2024-10-20T13:00:00Z,4,LR,5822,2817,Coviran Granada,La Laguna Tenerife,592,28,75,86,visitante,Pablo Pin,Txus Vidorreta,17,22,11,15,5,20,8,18,34,0.5294,9,24,0.375,4,3,12,15,0.8,70,14,18,15,17,8,25,6,20,32,0.625,8,20,0.4,3,4,22,26,0.8462,93
104086,2024-25,2024-10-20T15:00:00Z,4,LR,5822,2817,Valencia Basket,MoraBanc Andorra,13,22,89,88,local,Pedro Martínez,Natxo Lezkano,18,21,9,23,18,41,4,20,40,0.5,12,34,0.3529,4,3,13,21,0.619,90,17,19,9,21,8,29,6,18,35,0.5143,12,27,0.4444,3,4,16,22,0.7273,96
104087,2024-25,2024-10-20T16:30:00Z,4,LR,5822,2817,Barça,Baskonia,2,3,89,93,visitante,Joan Peñarroya,Pablo Laso,23,22,13,18,6,24,8,22,40,0.55,10,21,0.4762,0,0,15,17,0.8824,95,19,18,14,19,9,28,7,21,33,0.6364,9,22,0.4091,0,0,24,31,0.7742,104
104088,2024-25,2024-10-26T16:00:00Z,5,LR,5823,2818,Bàsquet Girona,UCAM Murcia,591,12,75,82,visitante,Fotis Katsikaris,Sito Alonso,10,25,14,21,6,27,6,14,33,0.4242,7,22,0.3182,3,2,26,33,0.7879,65,14,30,15,22,8,30,11,22,37,0.5946,6,22,0.2727,2,3,20,27,0.7407,79
104089,2024-25,2024-10-26T16:00:00Z,5,LR,5823,2818,Baskonia,Joventut Badalona,3,8,79,82,visitante,Pablo Laso,Daniel Miret,14,18,7,21,12,33,6,20,44,0.4545,11,28,0.3929,3,3,6,9,0.6667,81,19,18,11,26,5,31,5,21,35,0.6,9,22,0.4091,3,3,13,15,0.8667,97
104090,2024-25,2024-10-26T18:45:00Z,5,LR,5823,2818,MoraBanc Andorra,Coviran Granada,22,592,87,71,local,Natxo Lezkano,Pablo Pin,21,20,12,23,6,29,11,28,42,0.6667,6,21,0.2857,1,8,13,15,0.8667,110,16,18,18,18,13,31,8,19,35,0.5429,7,31,0.2258,8,1,12,17,0.7059,57
104091,2024-25,2024-10-26T18:45:00Z,5,LR,5823,2818,Leyma Coruña,Casademont Zaragoza,657,16,110,86,local,Diego Epifanio,Porfirio Fisac,33,21,15,26,11,37,9,28,41,0.6829,12,27,0.4444,1,2,18,22,0.8182,145,23,23,17,16,8,24,10,21,40,0.525,12,30,0.4,2,1,8,12,0.6667,82
104092,2024-25,2024-10-27T11:30:00Z,5,LR,5823,2818,Real Madrid,BAXI Manresa,9,10,86,61,local,Chus Mateo,Diego Ocampo,17,19,14,29,9,38,8,21,34,0.6176,8,29,0.2759,1,2,20,23,0.8696,108,11,28,20,20,17,37,6,19,43,0.4419,5,30,0.1667,2,1,8,11,0.7273,32
104093,2024-25,2024-10-27T12:00:00Z,5,LR,5823,2818,La Laguna Tenerife,Dreamland Gran Canaria,28,5,84,74,local,Txus Vidorreta,Jaka Lakovic,21,18,5,22,3,25,9,22,37,0.5946,7,20,0.35,4,2,19,23,0.8261,100,12,18,11,22,6,28,3,17,29,0.5862,10,27,0.3704,2,4,10,16,0.625,73
104094,2024-25,2024-10-27T16:00:00Z,5,LR,5823,2818,Surne Bilbao Basket,Valencia Basket,4,13,98,103,visitante,Jaume Ponsarnau,Pedro Martínez,20,22,9,20,6,26,9,20,38,0.5263,13,27,0.4815,1,5,19,24,0.7917,107,19,19,9,25,17,42,6,22,40,0.55,12,38,0.3158,5,1,23,30,0.7667,108
104095,2024-25,2024-10-27T16:00:00Z,5,LR,5823,2818,Río Breogán,Hiopos Lleida,25,658,77,81,visitante,Veljko Mrsic,Gerard Encuentra,18,17,17,24,9,33,9,17,37,0.4595,12,26,0.4615,0,0,7,13,0.5385,84,22,21,15,25,5,30,10,17,31,0.5484,12,31,0.3871,0,0,11,16,0.6875,86
104096,2024-25,2024-10-27T17:30:00Z,5,LR,5823,2818,Unicaja,Barça,14,2,103,96,local,Ibon Navarro,Joan Peñarroya,17,19,8,21,8,29,6,28,42,0.6667,7,25,0.28,3,1,26,34,0.7647,112,22,26,12,23,6,29,4,30,44,0.6818,8,24,0.3333,1,3,12,15,0.8,101
104097,2024-25,2024-11-02T17:00:00Z,6,LR,5824,2819,Joventut Badalona,Bàsquet Girona,8,591,83,68,local,Daniel Miret,Fotis Katsikaris,23,22,14,23,11,34,7,25,37,0.6757,7,24,0.2917,1,1,12,17,0.7059,98,11,21,11,13,7,20,5,15,31,0.4839,8,26,0.3077,1,2,14,19,0.7368,56
104098,2024-25,2024-11-02T19:45:00Z,6,LR,5824,2819,Casademont Zaragoza,Río Breogán,16,25,111,53,local,Porfirio Fisac,Veljko Mrsic,25,19,13,26,7,33,14,24,32,0.75,15,27,0.5556,2,10,18,22,0.8182,156,10,21,21,12,13,25,9,16,41,0.3902,4,22,0.1818,10,2,9,11,0.8182,21
104099,2024-25,2024-11-02T19:45:00Z,6,LR,5824,2819,BAXI Manresa,Unicaja,10,14,109,69,local,Diego Ocampo,Ibon Navarro,26,22,17,27,9,36,11,23,35,0.6571,13,27,0.4815,1,2,24,28,0.8571,138,11,24,20,13,8,21,9,25,47,0.5319,3,20,0.15,2,1,10,13,0.7692,45
104100,2024-25,2024-11-02T18:45:00Z,6,LR,5824,2819,Coviran Granada,Surne Bilbao Basket,592,4,72,84,visitante,Pablo Pin,Jaume Ponsarnau,18,28,13,14,7,21,11,18,36,0.5,6,21,0.2857,3,3,18,23,0.7826,65,19,22,15,23,9,32,3,22,38,0.5789,6,18,0.3333,2,3,22,30,0.7333,93
104101,2024-25,2024-12-13T19:00:00Z,6,LR,5824,2825,Valencia Basket,La Laguna Tenerife,13,28,96,81,local,Pedro Martínez,Txus Vidorreta,22,16,10,21,10,31,12,29,37,0.7838,11,35,0.3143,1,1,5,8,0.625,113,13,13,18,19,3,22,7,16,25,0.64,11,26,0.4231,0,1,16,17,0.9412,84
104102,2024-25,2024-11-03T16:00:00Z,6,LR,5824,2819,Hiopos Lleida,MoraBanc Andorra,658,22,80,70,local,Gerard Encuentra,Natxo Lezkano,18,22,16,21,8,29,11,16,34,0.4706,12,34,0.3529,6,2,12,18,0.6667,70,9,20,19,26,16,42,11,22,40,0.55,5,25,0.2,2,6,11,19,0.5789,73
104103,2024-25,2024-11-03T11:30:00Z,6,LR,5824,2819,Barça,Leyma Coruña,2,657,106,80,local,Joan Peñarroya,Diego Epifanio,17,15,8,25,8,33,10,21,37,0.5676,11,24,0.4583,3,2,31,41,0.7561,135,20,32,19,21,9,30,4,20,37,0.5405,11,30,0.3667,2,3,7,9,0.7778,60
104104,2024-25,2024-11-03T17:00:00Z,6,LR,5824,2819,Dreamland Gran Canaria,Baskonia,5,3,92,86,local,Jaka Lakovic,Pablo Laso,25,20,7,22,13,35,8,28,50,0.56,9,27,0.3333,2,5,9,11,0.8182,106,12,12,11,23,9,32,6,18,32,0.5625,10,30,0.3333,5,2,20,24,0.8333,92
104105,2024-25,2024-11-03T17:30:00Z,6,LR,5824,2819,UCAM Murcia,Real Madrid,12,9,64,85,visitante,Sito Alonso,Chus Mateo,15,20,11,16,6,22,10,13,36,0.3611,10,31,0.3226,3,1,8,10,0.8,49,9,18,14,34,6,40,8,21,37,0.5676,9,20,0.45,1,3,16,19,0.8421,102
104106,2024-25,2024-11-09T17:00:00Z,7,LR,5825,2820,BAXI Manresa,Coviran Granada,10,592,93,86,local,Diego Ocampo,Pablo Pin,10,24,19,30,11,41,6,23,37,0.6216,6,18,0.3333,3,3,29,41,0.7073,99,14,30,11,16,12,28,10,17,38,0.4474,10,36,0.2778,3,3,22,28,0.7857,67
104107,2024-25,2024-11-09T17:00:00Z,7,LR,5825,2820,MoraBanc Andorra,UCAM Murcia,22,12,71,83,visitante,Natxo Lezkano,Sito Alonso,10,20,16,22,6,28,5,21,40,0.525,6,18,0.3333,1,3,11,16,0.6875,65,19,21,11,23,5,28,10,21,35,0.6,8,28,0.2857,3,1,17,19,0.8947,89
104108,2024-25,2024-11-15T19:45:00Z,7,LR,5825,2821,Valencia Basket,Casademont Zaragoza,13,16,111,82,local,Pedro Martínez,Porfirio Fisac,25,16,16,23,16,39,10,22,32,0.6875,18,43,0.4186,1,2,13,14,0.9286,132,20,14,18,18,14,32,7,26,45,0.5778,7,28,0.25,2,1,9,16,0.5625,77
104109,2024-25,2024-11-09T19:45:00Z,7,LR,5825,2820,Joventut Badalona,Unicaja,8,14,75,79,visitante,Daniel Miret,Ibon Navarro,17,19,13,24,12,36,6,13,33,0.3939,8,22,0.3636,4,2,25,34,0.7353,84,19,27,7,19,11,30,10,22,47,0.4681,8,24,0.3333,2,4,11,14,0.7857,81
104110,2024-25,2024-11-10T11:30:00Z,7,LR,5825,2820,Bàsquet Girona,Surne Bilbao Basket,591,4,100,94,local,Fotis Katsikaris,Jaume Ponsarnau,13,25,15,24,11,35,7,17,39,0.4359,12,29,0.4138,2,3,30,37,0.8108,102,15,32,12,20,13,33,9,26,51,0.5098,7,24,0.2917,3,2,21,28,0.75,82
104111,2024-25,2024-11-10T11:30:00Z,7,LR,5825,2820,Real Madrid,Dreamland Gran Canaria,9,5,83,77,local,Chus Mateo,Jaka Lakovic,14,16,8,20,6,26,7,18,34,0.5294,11,28,0.3929,2,4,14,14,1.0,97,18,23,13,21,11,32,5,15,33,0.4545,10,24,0.4167,4,2,17,20,0.85,75
104112,2024-25,2024-11-10T16:00:00Z,7,LR,5825,2820,Baskonia,Hiopos Lleida,3,658,100,99,local,Pablo Laso,Gerard Encuentra,13,25,12,25,13,38,9,22,38,0.5789,10,30,0.3333,2,5,26,35,0.7429,110,19,29,16,20,9,29,9,14,30,0.4667,15,32,0.4688,3,2,26,33,0.7879,93
104113,2024-25,2024-11-10T16:00:00Z,7,LR,5825,2820,Leyma Coruña,La Laguna Tenerife,657,28,62,87,visitante,Diego Epifanio,Txus Vidorreta,17,21,8,15,6,21,9,23,37,0.6216,3,22,0.1364,0,1,7,14,0.5,59,22,18,12,26,13,39,3,18,28,0.6429,12,35,0.3429,1,0,15,15,1.0,108
104114,2024-25,2024-11-10T17:30:00Z,7,LR,5825,2820,Río Breogán,Barça,25,2,77,70,local,Veljko Mrsic,Joan Peñarroya,15,19,10,22,5,27,8,22,37,0.5946,8,25,0.32,2,4,9,14,0.6429,76,13,15,16,26,10,36,6,21,43,0.4884,7,18,0.3889,4,2,7,12,0.5833,73
104115,2024-25,2024-11-16T17:00:00Z,8,LR,5826,2821,UCAM Murcia,Río Breogán,12,25,79,63,local,Sito Alonso,Veljko Mrsic,24,20,8,29,9,38,9,18,35,0.5143,10,36,0.2778,2,5,13,15,0.8667,97,11,17,14,31,9,40,4,17,43,0.3953,5,21,0.2381,5,2,14,18,0.7778,58
104116,2024-25,2024-11-16T16:00:00Z,8,LR,5826,2821,Coviran Granada,Leyma Coruña,592,657,80,77,local,Pablo Pin,Diego Epifanio,18,24,9,21,4,25,9,25,39,0.641,7,23,0.3043,3,3,9,14,0.6429,84,16,20,11,26,7,33,8,13,30,0.4333,11,29,0.3793,3,3,18,26,0.6923,84
104117,2024-25,2024-11-16T19:45:00Z,8,LR,5826,2821,La Laguna Tenerife,BAXI Manresa,28,10,94,86,local,Txus Vidorreta,Diego Ocampo,21,17,14,18,9,27,5,20,34,0.5882,8,24,0.3333,3,0,30,34,0.8824,108,22,29,14,18,12,30,9,27,48,0.5625,6,17,0.3529,0,3,14,19,0.7368,87
104118,2024-25,2024-11-17T16:00:00Z,8,LR,5826,2821,Casademont Zaragoza,Baskonia,16,3,86,85,local,Porfirio Fisac,Pablo Laso,13,21,9,17,7,24,11,22,37,0.5946,8,27,0.2963,1,3,18,24,0.75,90,23,24,17,26,11,37,6,15,29,0.5172,14,27,0.5185,3,1,13,22,0.5909,93
104119,2024-25,2024-11-17T11:30:00Z,8,LR,5826,2821,Real Madrid,Hiopos Lleida,9,658,85,78,local,Chus Mateo,Gerard Encuentra,15,17,20,26,8,34,7,20,33,0.6061,11,27,0.4074,1,2,12,16,0.75,94,15,22,13,18,9,27,13,23,38,0.6053,7,29,0.2414,1,1,11,12,0.9167,77
104120,2024-25,2024-11-17T12:00:00Z,8,LR,5826,2821,Dreamland Gran Canaria,Bàsquet Girona,5,591,89,84,local,Jaka Lakovic,Fotis Katsikaris,20,20,10,18,7,25,10,18,34,0.5294,13,28,0.4643,2,1,14,21,0.6667,95,16,20,17,26,5,31,6,22,31,0.7097,10,22,0.4545,1,2,10,18,0.5556,92
104121,2024-25,2024-11-17T16:00:00Z,8,LR,5826,2821,MoraBanc Andorra,Unicaja,22,14,89,106,visitante,Natxo Lezkano,Ibon Navarro,13,17,17,26,12,38,6,20,39,0.5128,9,27,0.3333,3,2,22,27,0.8148,93,31,24,12,24,0,24,9,21,34,0.6176,16,30,0.5333,2,6,16,19,0.8421,125
104122,2024-25,2024-11-17T16:00:00Z,8,LR,5826,2821,Surne Bilbao Basket,Joventut Badalona,4,8,79,95,visitante,Jaume Ponsarnau,Daniel Miret,12,15,8,18,10,28,5,23,44,0.5227,7,24,0.2917,1,1,12,15,0.8,78,27,18,7,25,8,33,3,29,47,0.617,10,21,0.4762,1,1,7,11,0.6364,114
104123,2024-25,2024-11-17T17:30:00Z,8,LR,5826,2821,Barça,Valencia Basket,2,13,102,99,local,Joan Peñarroya,Pedro Martínez,23,19,9,24,6,30,5,24,41,0.5854,11,25,0.44,0,2,21,24,0.875,122,23,22,9,23,8,31,4,20,32,0.625,14,38,0.3684,2,0,17,19,0.8947,104
104124,2024-25,2024-11-30T17:00:00Z,9,LR,5827,2823,Unicaja,La Laguna Tenerife,14,28,84,81,local,Ibon Navarro,-,19,24,6,25,3,28,12,22,40,0.55,6,23,0.2609,2,1,22,27,0.8148,94,18,22,13,27,1,28,5,15,26,0.5769,11,30,0.3667,1,3,18,23,0.7826,87
104125,2024-25,2024-11-30T17:00:00Z,9,LR,5827,2823,Río Breogán,Coviran Granada,25,592,74,92,visitante,Veljko Mrsic,Pablo Pin,14,21,14,21,5,26,5,18,41,0.439,6,20,0.3,7,4,20,22,0.9091,65,20,24,13,26,9,35,9,22,37,0.5946,10,27,0.3704,4,7,18,22,0.8182,106
104126,2024-25,2024-11-30T19:45:00Z,9,LR,5827,2823,Casademont Zaragoza,Surne Bilbao Basket,16,4,82,71,local,Porfirio Fisac,Jaume Ponsarnau,14,17,12,26,17,43,5,23,43,0.5349,7,26,0.2692,2,4,15,15,1.0,98,15,20,8,15,11,26,5,19,37,0.5135,8,30,0.2667,4,2,9,14,0.6429,59
104127,2024-25,2024-11-30T19:45:00Z,9,LR,5827,2823,Bàsquet Girona,MoraBanc Andorra,591,22,85,98,visitante,Fotis Katsikaris,Natxo Lezkano,16,21,14,19,15,34,7,23,42,0.5476,6,27,0.2222,4,4,21,29,0.7241,82,19,23,13,19,13,32,7,22,45,0.4889,12,23,0.5217,4,4,18,21,0.8571,104
104128,2024-25,2024-12-01T11:30:00Z,9,LR,5827,2823,BAXI Manresa,Barça,10,2,85,72,local,Diego Ocampo,Joan Peñarroya,13,29,18,26,7,33,9,18,36,0.5,12,30,0.4,3,4,13,18,0.7222,74,14,22,14,25,9,34,9,14,37,0.3784,6,20,0.3,4,3,26,36,0.7222,74
104129,2024-25,2024-12-01T11:30:00Z,9,LR,5827,2823,UCAM Murcia,Dreamland Gran Canaria,12,5,63,83,visitante,Sito Alonso,Jaka Lakovic,12,16,13,14,8,22,10,11,24,0.4583,8,29,0.2759,1,3,17,18,0.9444,64,14,19,15,24,13,37,6,21,37,0.5676,13,27,0.4815,3,1,2,6,0.3333,86
104130,2024-25,2024-12-01T16:00:00Z,9,LR,5827,2823,Hiopos Lleida,Leyma Coruña,658,657,101,106,visitante,Gerard Encuentra,Diego Epifanio,21,27,11,14,10,24,7,14,31,0.4516,18,41,0.439,3,0,19,24,0.7917,93,26,28,19,26,11,37,5,21,36,0.5833,14,26,0.5385,0,3,22,31,0.7097,121
104131,2024-25,2024-12-01T16:00:00Z,9,LR,5827,2823,Baskonia,Valencia Basket,3,13,91,116,visitante,Pablo Laso,Pedro Martínez,21,15,7,20,11,31,3,23,46,0.5,14,34,0.4118,6,4,3,5,0.6,89,28,12,6,27,12,39,5,26,42,0.619,19,39,0.4872,4,6,7,8,0.875,150
104132,2024-25,2024-12-01T17:30:00Z,9,LR,5827,2823,Joventut Badalona,Real Madrid,8,9,80,76,local,Daniel Miret,Chus Mateo,13,21,5,27,11,38,5,23,51,0.451,5,21,0.2381,5,5,19,23,0.8261,82,16,20,12,26,8,34,2,12,31,0.3871,13,33,0.3939,5,5,13,17,0.7647,73
104133,2024-25,2024-12-07T17:00:00Z,10,LR,5828,2824,MoraBanc Andorra,Casademont Zaragoza,22,16,79,86,visitante,Natxo Lezkano,Porfirio Fisac,15,21,13,20,4,24,4,13,26,0.5,14,30,0.4667,2,2,11,13,0.8462,72,21,15,11,25,11,36,11,25,47,0.5319,8,23,0.3478,2,2,12,15,0.8,109
104134,2024-25,2024-12-07T20:00:00Z,10,LR,5828,2824,Leyma Coruña,BAXI Manresa,657,10,74,89,visitante,Diego Epifanio,Diego Ocampo,11,26,16,27,8,35,6,15,25,0.6,8,27,0.2963,1,4,20,30,0.6667,74,20,26,10,20,18,38,8,17,34,0.5,12,34,0.3529,4,1,19,31,0.6129,91
104135,2024-25,2024-12-07T19:45:00Z,10,LR,5828,2824,La Laguna Tenerife,Hiopos Lleida,28,658,91,88,local,Txus Vidorreta,Gerard Encuentra,20,20,10,19,5,24,9,24,33,0.7273,9,25,0.36,1,1,16,20,0.8,106,24,21,13,17,10,27,9,22,37,0.5946,11,27,0.4074,1,2,11,17,0.6471,98
104136,2024-25,2024-12-07T19:45:00Z,10,LR,5828,2824,Valencia Basket,Bàsquet Girona,13,591,98,78,local,Pedro Martínez,Fotis Katsikaris,25,18,7,27,8,35,4,21,39,0.5385,15,36,0.4167,1,2,11,12,0.9167,119,16,21,8,21,9,30,2,19,35,0.5429,10,33,0.303,2,1,10,12,0.8333,73
104137,2024-25,2024-12-08T11:30:00Z,10,LR,5828,2824,Surne Bilbao Basket,Baskonia,4,3,67,69,visitante,Jaume Ponsarnau,Pablo Laso,15,17,11,23,9,32,7,22,38,0.5789,3,23,0.1304,3,3,14,18,0.7778,71,18,18,14,26,9,35,8,20,31,0.6452,6,27,0.2222,3,3,11,18,0.6111,76
104138,2024-25,2024-12-08T12:00:00Z,10,LR,5828,2824,Dreamland Gran Canaria,Río Breogán,5,25,73,82,visitante,Jaka Lakovic,Luis Casimiro,14,15,11,16,10,26,5,18,30,0.6,7,28,0.25,0,2,16,22,0.7273,77,15,22,12,23,11,34,4,20,34,0.5882,11,30,0.3667,2,0,9,11,0.8182,79
104139,2024-25,2024-12-08T10:30:00Z,10,LR,5828,2824,Coviran Granada,Joventut Badalona,592,8,87,77,local,Pablo Pin,Daniel Miret,17,24,9,26,11,37,4,20,43,0.4651,12,23,0.5217,3,4,11,18,0.6111,95,10,23,10,23,10,33,8,26,43,0.6047,6,22,0.2727,4,3,7,19,0.3684,73
104140,2024-25,2024-12-08T16:00:00Z,10,LR,5828,2824,Barça,UCAM Murcia,2,12,86,79,local,Joan Peñarroya,Sito Alonso,17,19,10,30,9,39,3,24,43,0.5581,9,24,0.375,3,5,11,17,0.6471,101,14,24,8,25,4,29,7,18,33,0.5455,8,28,0.2857,4,3,19,25,0.76,73
104141,2024-25,2024-12-08T17:30:00Z,10,LR,5828,2824,Real Madrid,Unicaja,9,14,90,77,local,Chus Mateo,Ibon Navarro,21,27,10,23,5,28,3,20,35,0.5714,10,25,0.4,5,4,20,26,0.7692,90,15,24,11,25,14,39,6,18,41,0.439,5,25,0.2,4,5,26,28,0.9286,84
104142,2024-25,2024-12-14T17:00:00Z,11,LR,5829,2825,BAXI Manresa,MoraBanc Andorra,10,22,107,111,visitante,Diego Ocampo,Natxo Lezkano,16,26,9,13,8,21,9,24,36,0.6667,12,32,0.375,2,1,23,35,0.6571,99,19,26,15,21,7,28,5,31,46,0.6739,8,16,0.5,1,3,25,30,0.8333,121
104143,2024-25,2024-12-15T16:00:00Z,11,LR,5829,2825,UCAM Murcia,Valencia Basket,12,13,88,96,visitante,Sito Alonso,Pedro Martínez,17,21,10,18,12,30,11,26,39,0.6667,7,34,0.2059,2,4,15,21,0.7143,89,18,18,16,24,10,34,3,14,32,0.4375,17,30,0.5667,3,2,17,17,1.0,106
104144,2024-25,2024-12-14T19:45:00Z,11,LR,5829,2825,Bàsquet Girona,Leyma Coruña,591,657,81,98,visitante,Fotis Katsikaris,Diego Epifanio,16,23,7,15,6,21,6,24,37,0.6486,5,29,0.1724,3,1,18,23,0.7826,73,24,23,16,26,8,34,5,29,42,0.6905,9,19,0.4737,1,3,13,18,0.7222,118
104145,2024-25,2024-12-14T19:45:00Z,11,LR,5829,2825,Unicaja,Dreamland Gran Canaria,14,5,88,94,visitante,Ibon Navarro,Jaka Lakovic,16,24,18,19,11,30,9,18,38,0.4737,10,26,0.3846,5,6,22,30,0.7333,83,19,25,14,23,8,31,8,14,28,0.5,13,30,0.4333,6,5,27,34,0.7941,98
104146,2024-25,2024-12-15T16:00:00Z,11,LR,5829,2825,Joventut Badalona,La Laguna Tenerife,8,28,93,86,local,Daniel Miret,Txus Vidorreta,20,20,2,20,8,28,7,22,41,0.5366,12,26,0.4615,0,1,13,19,0.6842,106,23,18,10,25,11,36,0,15,29,0.5172,15,33,0.4545,1,0,11,14,0.7857,101
104147,2024-25,2024-12-15T11:30:00Z,11,LR,5829,2825,Real Madrid,Río Breogán,9,25,106,69,local,Chus Mateo,Luis Casimiro,25,19,11,30,6,36,8,22,32,0.6875,14,26,0.5385,1,4,20,26,0.7692,140,8,20,13,16,15,31,8,15,36,0.4167,6,34,0.1765,3,1,21,22,0.9545,50
104148,2024-25,2024-12-15T10:30:00Z,11,LR,5829,2825,Coviran Granada,Baskonia,592,3,73,75,visitante,Pablo Pin,Pablo Laso,18,18,13,26,4,30,9,26,44,0.5909,4,16,0.25,3,2,9,14,0.6429,79,13,16,14,28,7,35,8,25,40,0.625,5,25,0.2,2,3,10,16,0.625,79
104149,2024-25,2024-12-15T11:30:00Z,11,LR,5829,2825,Hiopos Lleida,Surne Bilbao Basket,658,4,84,66,local,Gerard Encuentra,Jaume Ponsarnau,23,24,10,23,5,28,9,16,32,0.5,12,30,0.4,5,2,16,17,0.9412,88,11,16,13,21,10,31,3,15,33,0.4545,8,34,0.2353,2,5,12,15,0.8,62
104150,2024-25,2024-12-15T17:30:00Z,11,LR,5829,2825,Casademont Zaragoza,Barça,16,2,108,95,local,Porfirio Fisac,Joan Peñarroya,19,21,13,24,12,36,7,28,49,0.5714,9,19,0.4737,1,1,25,34,0.7353,118,18,24,14,19,7,26,7,20,35,0.5714,13,33,0.3939,1,1,16,20,0.8,90
104151,2024-25,2024-12-21T17:00:00Z,12,LR,5830,2826,Río Breogán,Bàsquet Girona,25,591,77,74,local,Luis Casimiro,Moncho Fernández,17,20,10,22,5,27,8,19,41,0.4634,8,19,0.4211,4,3,15,20,0.75,82,17,22,14,25,11,36,7,13,31,0.4194,11,30,0.3667,2,4,15,23,0.6522,74
104152,2024-25,2024-12-21T19:45:00Z,12,LR,5830,2826,Hiopos Lleida,Coviran Granada,658,592,87,74,local,Gerard Encuentra,Pablo Pin,17,21,10,25,12,37,4,19,32,0.5938,9,30,0.3,4,4,22,27,0.8148,99,14,24,10,18,10,28,5,11,32,0.3438,12,30,0.4,4,4,16,25,0.64,60
104153,2024-25,2024-12-21T19:45:00Z,12,LR,5830,2826,La Laguna Tenerife,UCAM Murcia,28,12,82,74,local,Txus Vidorreta,Sito Alonso,17,18,6,21,10,31,4,20,39,0.5128,8,21,0.381,2,3,18,26,0.6923,95,15,24,8,21,7,28,4,20,35,0.5714,8,23,0.3478,3,2,10,15,0.6667,71
104154,2024-25,2024-12-22T11:30:00Z,12,LR,5830,2826,Baskonia,Unicaja,3,14,88,90,visitante,Pablo Laso,Ibon Navarro,14,15,16,23,6,29,4,24,39,0.6154,9,24,0.375,3,2,13,16,0.8125,88,26,18,13,20,6,26,6,19,40,0.475,15,27,0.5556,2,3,7,13,0.5385,94
104155,2024-25,2024-12-22T11:30:00Z,12,LR,5830,2826,Leyma Coruña,Joventut Badalona,657,8,85,94,visitante,Diego Epifanio,Daniel Miret,19,17,4,20,9,29,6,28,47,0.5957,6,25,0.24,1,4,11,15,0.7333,100,17,21,11,23,7,30,0,16,27,0.5926,16,38,0.4211,4,1,14,16,0.875,88
104156,2024-25,2024-12-22T12:00:00Z,12,LR,5830,2826,Dreamland Gran Canaria,Casademont Zaragoza,5,16,96,94,local,Jaka Lakovic,Porfirio Fisac,18,20,16,20,5,25,9,28,36,0.7778,9,21,0.4286,2,4,13,16,0.8125,109,24,18,15,15,10,25,8,16,29,0.5517,15,35,0.4286,3,2,17,23,0.7391,97
104157,2024-25,2024-12-22T16:00:00Z,12,LR,5830,2826,Barça,MoraBanc Andorra,2,22,105,79,local,Joan Peñarroya,Natxo Lezkano,22,17,4,18,9,27,14,26,44,0.5909,11,31,0.3548,4,2,20,20,1.0,127,16,21,21,24,8,32,3,20,38,0.5263,8,19,0.4211,2,4,15,15,1.0,78
104158,2024-25,2024-12-22T16:00:00Z,12,LR,5830,2826,Surne Bilbao Basket,BAXI Manresa,4,10,88,73,local,Jaume Ponsarnau,Diego Ocampo,14,24,18,26,3,29,5,27,36,0.75,6,21,0.2857,2,5,16,21,0.7619,91,13,23,16,17,10,27,6,19,41,0.4634,6,24,0.25,5,2,17,26,0.6538,52
104159,2024-25,2024-12-22T17:30:00Z,12,LR,5830,2826,Valencia Basket,Real Madrid,13,9,85,84,local,Pedro Martínez,Chus Mateo,17,14,9,20,14,34,4,23,43,0.5349,11,30,0.3667,6,2,6,6,1.0,88,16,14,9,23,17,40,4,24,46,0.5217,7,26,0.2692,2,6,15,17,0.8824,96
104160,2024-25,2024-12-27T18:00:00Z,13,LR,5831,2827,Joventut Badalona,Hiopos Lleida,8,658,92,72,local,Daniel Miret,Gerard Encuentra,15,21,13,32,6,38,8,18,28,0.6429,13,33,0.3939,4,6,17,24,0.7083,103,14,19,12,22,8,30,7,17,39,0.4359,7,29,0.2414,5,4,17,24,0.7083,61
104161,2024-25,2024-12-27T20:30:00Z,13,LR,5831,2827,Dreamland Gran Canaria,Valencia Basket,5,13,97,94,local,Jaka Lakovic,Pedro Martínez,15,21,8,23,6,29,6,25,35,0.7143,8,31,0.2581,7,3,23,29,0.7931,100,21,26,11,24,11,35,4,21,38,0.5526,14,34,0.4118,2,6,10,20,0.5,95
104162,2024-25,2024-12-28T17:00:00Z,13,LR,5831,2827,Leyma Coruña,Surne Bilbao Basket,657,4,79,100,visitante,Diego Epifanio,Jaume Ponsarnau,15,20,15,26,10,36,3,19,39,0.4872,9,21,0.4286,0,3,14,18,0.7778,84,26,19,6,21,11,32,8,14,31,0.4516,20,41,0.4878,3,0,12,20,0.6,112
104163,2024-25,2024-12-28T17:00:00Z,13,LR,5831,2827,Unicaja,Río Breogán,14,25,86,77,local,Ibon Navarro,Luis Casimiro,22,17,12,29,14,43,6,20,41,0.4878,12,32,0.375,2,1,10,17,0.5882,97,20,18,12,22,7,29,10,19,35,0.5429,9,30,0.3,1,3,12,15,0.8,85
104164,2024-25,2024-12-28T19:45:00Z,13,LR,5831,2827,MoraBanc Andorra,La Laguna Tenerife,22,28,83,92,visitante,Natxo Lezkano,Txus Vidorreta,17,19,10,18,7,25,7,20,32,0.625,12,32,0.375,1,4,7,10,0.7,86,19,15,10,15,11,26,5,24,36,0.6667,12,29,0.4138,4,1,8,15,0.5333,97
104165,2024-25,2024-12-28T19:45:00Z,13,LR,5831,2827,UCAM Murcia,Coviran Granada,12,592,84,81,local,Sito Alonso,Pablo Pin,20,24,11,25,8,33,7,21,33,0.6364,5,22,0.2273,1,2,27,40,0.675,97,9,29,14,24,1,25,6,15,26,0.5769,11,27,0.4074,2,2,18,21,0.8571,71
104166,2024-25,2024-12-29T11:30:00Z,13,LR,5831,2827,Casademont Zaragoza,Bàsquet Girona,16,591,96,68,local,Porfirio Fisac,Moncho Fernández,24,19,9,26,14,40,13,33,55,0.6,5,20,0.25,2,3,15,20,0.75,124,11,20,15,22,10,32,3,18,36,0.5,7,29,0.2414,2,2,11,18,0.6111,51
104167,2024-25,2024-12-29T16:00:00Z,13,LR,5831,2827,BAXI Manresa,Baskonia,10,3,80,82,visitante,Diego Ocampo,Pablo Laso,15,19,10,19,20,39,5,23,48,0.4792,6,31,0.1935,3,2,16,21,0.7619,78,20,24,13,26,8,34,9,23,42,0.5476,6,16,0.375,2,4,18,21,0.8571,97
104168,2024-25,2024-12-29T19:30:00Z,13,LR,5831,2827,Real Madrid,Barça,9,2,73,71,local,Chus Mateo,Joan Peñarroya,16,18,4,27,11,38,5,13,37,0.3514,10,31,0.3226,3,5,17,23,0.7391,83,14,22,8,30,15,45,2,15,41,0.3659,11,28,0.3929,5,4,8,11,0.7273,73
104169,2024-25,2024-12-30T17:00:00Z,14,LR,5832,2828,Valencia Basket,Hiopos Lleida,13,658,107,92,local,Pedro Martínez,Gerard Encuentra,25,23,13,27,14,41,8,17,32,0.5312,17,43,0.3953,3,0,22,26,0.8462,122,20,25,14,20,11,31,8,19,38,0.5,14,33,0.4242,0,3,12,18,0.6667,94
104170,2024-25,2024-12-30T19:45:00Z,14,LR,5832,2828,Joventut Badalona,Dreamland Gran Canaria,8,5,89,78,local,Daniel Miret,Jaka Lakovic,20,20,11,26,12,38,4,23,39,0.5897,11,31,0.3548,3,2,10,16,0.625,97,19,20,6,21,7,28,8,16,33,0.4848,11,33,0.3333,2,3,13,17,0.7647,85
104171,2024-25,2025-01-02T17:00:00Z,14,LR,5832,2828,Surne Bilbao Basket,MoraBanc Andorra,4,22,82,74,local,Jaume Ponsarnau,Natxo Lezkano,17,24,10,28,9,37,7,17,31,0.5484,8,37,0.2162,4,5,24,26,0.9231,88,10,24,10,31,8,39,3,20,40,0.5,3,22,0.1364,5,4,25,28,0.8929,73
104172,2024-25,2025-01-02T18:00:00Z,14,LR,5832,2828,Río Breogán,BAXI Manresa,25,10,79,88,visitante,Luis Casimiro,Diego Ocampo,17,24,15,22,10,32,9,19,36,0.5278,9,26,0.3462,4,1,14,19,0.7368,78,23,22,12,20,12,32,8,15,32,0.4688,14,31,0.4516,1,4,16,23,0.6957,103
104173,2024-25,2025-01-02T19:30:00Z,14,LR,5832,2828,UCAM Murcia,Unicaja,12,14,77,89,visitante,Sito Alonso,Ibon Navarro,20,17,17,28,9,37,6,24,42,0.5714,5,21,0.2381,0,0,14,22,0.6364,83,18,20,13,25,12,37,7,24,47,0.5106,10,27,0.3704,0,0,11,14,0.7857,92
104174,2024-25,2025-01-02T20:30:00Z,14,LR,5832,2828,La Laguna Tenerife,Casademont Zaragoza,28,16,106,97,local,Txus Vidorreta,Porfirio Fisac,18,21,9,16,4,20,5,16,26,0.6154,15,27,0.5556,0,2,29,31,0.9355,124,23,27,11,15,8,23,3,28,43,0.6512,10,22,0.4545,2,0,11,13,0.8462,98
104175,2024-25,2025-01-07T19:30:00Z,14,LR,5832,2829,Bàsquet Girona,Barça,591,2,91,90,local,Moncho Fernández,Joan Peñarroya,22,21,12,24,6,30,9,24,38,0.6316,11,27,0.4074,3,3,10,14,0.7143,102,21,18,12,23,11,34,5,21,38,0.5526,12,29,0.4138,2,3,12,19,0.6316,100
104176,2024-25,2025-01-08T19:00:00Z,14,LR,5832,2829,Baskonia,Leyma Coruña,3,657,114,66,local,Pablo Laso,Diego Epifanio,22,18,10,39,9,48,2,20,33,0.6061,17,33,0.5152,1,8,23,27,0.8519,155,12,23,5,18,6,24,3,13,39,0.3333,9,29,0.3103,7,2,13,16,0.8125,41
104177,2024-25,2025-01-08T18:30:00Z,14,LR,5832,2829,Coviran Granada,Real Madrid,592,9,79,84,visitante,Pablo Pin,Chus Mateo,16,28,15,24,7,31,10,21,37,0.5676,8,24,0.3333,3,2,13,16,0.8125,73,14,16,11,25,17,42,8,25,49,0.5102,6,26,0.2308,2,3,16,24,0.6667,98
104178,2024-25,2025-01-04T17:00:00Z,15,LR,5833,2828,BAXI Manresa,UCAM Murcia,10,12,80,74,local,Diego Ocampo,Sito Alonso,15,22,19,27,14,41,5,19,42,0.4524,8,24,0.3333,3,1,18,23,0.7826,79,13,25,17,23,6,29,13,21,30,0.7,6,30,0.2,1,3,14,19,0.7368,73
104179,2024-25,2025-01-04T17:00:00Z,15,LR,5833,2828,Hiopos Lleida,Bàsquet Girona,658,591,85,90,visitante,Gerard Encuentra,Moncho Fernández,17,29,14,23,11,34,4,23,37,0.6216,6,29,0.2069,0,1,21,27,0.7778,81,16,26,11,21,5,26,7,13,23,0.5652,11,31,0.3548,1,1,31,44,0.7045,88
104180,2024-25,2025-01-04T19:45:00Z,15,LR,5833,2828,MoraBanc Andorra,Río Breogán,22,25,93,101,visitante,Natxo Lezkano,Luis Casimiro,18,21,10,18,10,28,6,23,37,0.6216,9,29,0.3103,2,2,20,23,0.8696,100,22,23,14,23,5,28,6,20,35,0.5714,16,23,0.6957,2,2,13,20,0.65,112
104181,2024-25,2025-01-04T19:45:00Z,15,LR,5833,2828,Unicaja,Casademont Zaragoza,14,16,85,71,local,Ibon Navarro,Porfirio Fisac,23,17,11,26,10,36,11,23,39,0.5897,9,29,0.3103,1,3,12,14,0.8571,109,14,18,13,25,8,33,6,15,30,0.5,11,37,0.2973,3,1,8,10,0.8,65
104182,2024-25,2025-01-04T20:30:00Z,15,LR,5833,2828,La Laguna Tenerife,Surne Bilbao Basket,28,4,86,75,local,Txus Vidorreta,Jaume Ponsarnau,19,17,7,21,6,27,8,24,38,0.6316,9,24,0.375,1,1,11,13,0.8462,101,16,16,10,19,8,27,2,23,35,0.6571,7,28,0.25,1,1,8,13,0.6154,73
104183,2024-25,2025-01-05T11:30:00Z,15,LR,5833,2828,Barça,Joventut Badalona,2,8,90,91,visitante,Joan Peñarroya,Daniel Miret,19,18,9,29,5,34,7,20,39,0.5128,12,29,0.4138,4,8,14,19,0.7368,107,22,21,9,28,9,37,5,19,42,0.4524,14,31,0.4516,7,4,11,16,0.6875,95
104184,2024-25,2025-01-05T11:30:00Z,15,LR,5833,2828,Leyma Coruña,Valencia Basket,657,13,91,99,visitante,Diego Epifanio,Pedro Martínez,26,22,13,30,8,38,7,25,47,0.5319,7,22,0.3182,1,6,20,27,0.7407,109,22,21,9,30,10,40,6,22,36,0.6111,12,43,0.2791,5,1,19,24,0.7917,104
104185,2024-25,2025-01-05T10:30:00Z,15,LR,5833,2828,Coviran Granada,Dreamland Gran Canaria,592,5,82,97,visitante,Pablo Pin,Jaka Lakovic,15,19,4,15,8,23,12,26,43,0.6047,4,22,0.1818,5,4,18,19,0.9474,92,28,20,12,21,5,26,3,25,40,0.625,12,20,0.6,4,6,11,14,0.7857,117
104186,2024-25,2025-01-06T19:30:00Z,15,LR,5833,2829,Baskonia,Real Madrid,3,9,82,89,visitante,Pablo Laso,Chus Mateo,11,20,8,15,13,28,6,24,46,0.5217,5,20,0.25,2,1,19,24,0.7917,76,15,21,14,21,9,30,6,20,36,0.5556,12,24,0.5,1,2,13,16,0.8125,94
104187,2024-25,2025-01-11T17:00:00Z,16,LR,5834,2829,Surne Bilbao Basket,Unicaja,4,14,81,86,visitante,Jaume Ponsarnau,Ibon Navarro,18,19,17,19,15,34,6,15,29,0.5172,9,26,0.3462,5,0,24,35,0.6857,80,23,24,12,14,8,22,14,22,38,0.5789,10,20,0.5,0,5,12,19,0.6316,100
104188,2024-25,2025-01-11T17:00:00Z,16,LR,5834,2829,Valencia Basket,Coviran Granada,13,592,120,94,local,Pedro Martínez,Pablo Pin,34,18,15,27,15,42,7,21,33,0.6364,20,39,0.5128,2,1,18,23,0.7826,153,18,20,12,12,11,23,9,25,41,0.6098,10,27,0.3704,1,2,14,20,0.7,92
104189,2024-25,2025-01-11T19:45:00Z,16,LR,5834,2829,Casademont Zaragoza,BAXI Manresa,16,10,92,93,visitante,Porfirio Fisac,Diego Ocampo,13,22,12,22,16,38,8,25,47,0.5319,6,26,0.2308,1,1,24,29,0.8276,93,20,24,16,23,13,36,9,18,36,0.5,11,27,0.4074,1,2,24,29,0.8276,102
104190,2024-25,2025-01-11T19:45:00Z,16,LR,5834,2829,Joventut Badalona,MoraBanc Andorra,8,22,93,86,local,Daniel Miret,Natxo Lezkano,14,20,8,19,10,29,8,28,48,0.5833,9,22,0.4091,2,10,10,17,0.5882,103,18,19,11,22,15,37,5,16,43,0.3721,12,27,0.4444,9,2,18,22,0.8182,83
104191,2024-25,2025-01-12T11:30:00Z,16,LR,5834,2829,UCAM Murcia,Hiopos Lleida,12,658,88,81,local,Sito Alonso,Gerard Encuentra,16,27,15,23,6,29,9,25,40,0.625,7,21,0.3333,2,4,17,20,0.85,90,22,20,14,20,8,28,9,20,47,0.4255,7,17,0.4118,3,2,20,29,0.6897,85
104192,2024-25,2025-01-12T11:30:00Z,16,LR,5834,2829,Río Breogán,Leyma Coruña,25,657,83,80,local,Luis Casimiro,Diego Epifanio,19,19,8,24,8,32,7,20,33,0.6061,9,27,0.3333,1,3,16,22,0.7273,101,18,22,13,25,13,38,5,14,29,0.4828,12,31,0.3871,2,1,16,23,0.6957,83
104193,2024-25,2025-01-12T12:00:00Z,16,LR,5834,2829,Dreamland Gran Canaria,Barça,5,2,74,77,visitante,Jaka Lakovic,Joan Peñarroya,12,18,8,20,10,30,7,17,35,0.4857,12,28,0.4286,1,2,4,7,0.5714,76,13,15,11,22,7,29,5,10,29,0.3448,14,28,0.5,2,1,15,19,0.7895,77
104194,2024-25,2025-01-12T16:00:00Z,16,LR,5834,2829,Bàsquet Girona,Baskonia,591,3,96,67,local,Moncho Fernández,Pablo Laso,19,22,11,29,13,42,5,29,44,0.6591,7,23,0.3043,2,4,17,24,0.7083,118,13,25,9,18,8,26,7,15,34,0.4412,8,31,0.2581,3,2,13,20,0.65,51
104195,2024-25,2025-01-12T16:00:00Z,16,LR,5834,2829,Real Madrid,La Laguna Tenerife,9,28,96,86,local,Chus Mateo,Txus Vidorreta,23,17,8,26,11,37,5,24,40,0.6,10,25,0.4,0,5,18,25,0.72,121,24,19,8,21,11,32,4,16,40,0.4,15,29,0.5172,5,0,9,13,0.6923,89
104196,2024-25,2025-01-18T17:00:00Z,17,LR,5835,2830,Leyma Coruña,UCAM Murcia,657,12,78,86,visitante,Diego Epifanio,Sito Alonso,15,23,9,29,10,39,3,21,37,0.5676,8,34,0.2353,4,4,12,16,0.75,77,17,20,8,31,13,44,4,19,43,0.4419,10,32,0.3125,4,4,18,22,0.8182,96
104197,2024-25,2025-01-18T17:00:00Z,17,LR,5835,2830,BAXI Manresa,Joventut Badalona,10,8,87,72,local,Diego Ocampo,Daniel Miret,16,22,10,27,3,30,8,19,33,0.5758,11,23,0.4783,1,1,16,23,0.6957,97,14,21,13,21,8,29,5,16,36,0.4444,9,24,0.375,1,1,13,17,0.7647,68
104198,2024-25,2025-01-18T19:45:00Z,17,LR,5835,2830,La Laguna Tenerife,Bàsquet Girona,28,591,100,80,local,Txus Vidorreta,Moncho Fernández,27,18,9,21,9,30,7,23,30,0.7667,11,31,0.3548,2,1,21,30,0.7,126,19,26,15,22,14,36,6,19,33,0.5758,10,32,0.3125,1,2,12,17,0.7059,77
104199,2024-25,2025-01-18T19:45:00Z,17,LR,5835,2830,Unicaja,Valencia Basket,14,13,94,86,local,Ibon Navarro,Pedro Martínez,24,18,7,22,15,37,9,23,49,0.4694,11,37,0.2973,11,7,15,19,0.7895,100,20,21,15,26,9,35,3,18,34,0.5294,13,34,0.3824,7,11,11,12,0.9167,92
104200,2024-25,2025-01-19T11:30:00Z,17,LR,5835,2830,Hiopos Lleida,Dreamland Gran Canaria,658,5,88,78,local,Gerard Encuentra,Jaka Lakovic,19,25,10,24,10,34,6,22,42,0.5238,10,25,0.4,5,1,14,20,0.7,86,18,20,11,19,10,29,6,20,31,0.6452,8,28,0.2857,1,5,14,26,0.5385,85
104201,2024-25,2025-01-19T10:30:00Z,17,LR,5835,2830,Coviran Granada,Casademont Zaragoza,592,16,97,91,local,Pablo Pin,Porfirio Fisac,20,25,16,16,9,25,11,22,39,0.5641,11,24,0.4583,3,2,20,21,0.9524,103,20,24,19,20,9,29,10,24,38,0.6316,8,24,0.3333,2,3,19,27,0.7037,95
104202,2024-25,2025-01-19T17:00:00Z,17,LR,5835,2830,Barça,Surne Bilbao Basket,2,4,97,84,local,Joan Peñarroya,Jaume Ponsarnau,24,15,8,25,14,39,2,21,40,0.525,13,28,0.4643,3,2,16,18,0.8889,125,17,23,7,18,7,25,6,21,41,0.5122,11,24,0.4583,2,3,9,12,0.75,82
104203,2024-25,2025-01-19T16:00:00Z,17,LR,5835,2830,Baskonia,Río Breogán,3,25,97,91,local,Pablo Laso,Luis Casimiro,20,18,9,22,12,34,6,13,31,0.4194,17,39,0.4359,2,2,20,24,0.8333,110,13,25,12,26,10,36,8,23,37,0.6216,11,30,0.3667,2,2,12,18,0.6667,89
104204,2024-25,2025-01-19T17:30:00Z,17,LR,5835,2830,MoraBanc Andorra,Real Madrid,22,9,84,100,visitante,Natxo Lezkano,Chus Mateo,11,23,10,19,14,33,6,24,41,0.5854,9,34,0.2647,3,4,9,12,0.75,79,19,22,12,28,7,35,6,25,39,0.641,9,21,0.4286,4,3,23,31,0.7419,114
104205,2024-25,2025-01-25T17:00:00Z,18,LR,5836,2831,Valencia Basket,BAXI Manresa,13,10,112,96,local,Pedro Martínez,Diego Ocampo,25,14,16,26,14,40,10,31,39,0.7949,9,30,0.3,2,4,23,28,0.8214,149,22,24,14,15,9,24,11,17,33,0.5152,17,40,0.425,3,2,11,12,0.9167,88
104206,2024-25,2025-01-25T17:00:00Z,18,LR,5836,2831,Río Breogán,Surne Bilbao Basket,25,4,76,71,local,Luis Casimiro,Jaume Ponsarnau,16,25,10,25,5,30,7,16,34,0.4706,8,22,0.3636,5,3,20,24,0.8333,76,15,20,11,20,11,31,2,12,26,0.4615,10,36,0.2778,2,4,17,25,0.68,66
104207,2024-25,2025-01-25T19:45:00Z,18,LR,5836,2831,Bàsquet Girona,Unicaja,591,14,91,85,local,Moncho Fernández,Ibon Navarro,20,24,8,23,9,32,7,21,36,0.5833,7,25,0.28,5,2,28,34,0.8235,102,15,26,10,23,12,35,6,19,34,0.5588,9,30,0.3,2,5,20,28,0.7143,87
104208,2024-25,2025-01-25T19:45:00Z,18,LR,5836,2831,Joventut Badalona,Coviran Granada,8,592,96,82,local,Daniel Miret,Pablo Pin,16,21,9,23,9,32,10,25,40,0.625,6,25,0.24,1,6,28,39,0.7179,113,14,30,17,27,7,34,5,18,33,0.5455,8,28,0.2857,6,1,22,27,0.8148,64
104209,2024-25,2025-01-26T11:30:00Z,18,LR,5836,2831,Casademont Zaragoza,MoraBanc Andorra,16,22,86,75,local,Porfirio Fisac,Joan Plaza,21,16,18,25,14,39,14,20,39,0.5128,10,28,0.3571,2,4,16,26,0.6154,103,16,22,16,21,8,29,12,17,37,0.4595,10,30,0.3333,4,2,11,14,0.7857,65
104210,2024-25,2025-01-26T12:00:00Z,18,LR,5836,2831,Dreamland Gran Canaria,La Laguna Tenerife,5,28,67,70,visitante,Jaka Lakovic,Txus Vidorreta,14,21,10,17,11,28,3,21,39,0.5385,6,25,0.24,0,5,7,11,0.6364,63,21,18,9,27,6,33,5,14,30,0.4667,10,24,0.4167,4,0,12,14,0.8571,87
104211,2024-25,2025-01-26T16:00:00Z,18,LR,5836,2831,Hiopos Lleida,Baskonia,658,3,74,78,visitante,Gerard Encuentra,Pablo Laso,20,20,10,24,3,27,4,17,30,0.5667,8,24,0.3333,5,3,16,21,0.7619,79,8,20,7,25,15,40,5,14,43,0.3256,11,29,0.3793,3,5,17,20,0.85,76
104212,2024-25,2025-01-26T16:00:00Z,18,LR,5836,2831,Real Madrid,Leyma Coruña,9,657,90,74,local,Chus Mateo,Diego Epifanio,18,16,13,32,3,35,7,19,29,0.6552,11,29,0.3793,1,9,19,24,0.7917,118,20,22,11,24,8,32,7,17,43,0.3953,11,30,0.3667,8,2,7,9,0.7778,63
104213,2024-25,2025-01-26T17:30:00Z,18,LR,5836,2831,UCAM Murcia,Barça,12,2,90,95,visitante,Sito Alonso,Joan Peñarroya,20,27,12,21,12,33,10,22,38,0.5789,13,41,0.3171,1,1,7,13,0.5385,82,14,18,14,25,11,36,8,28,50,0.56,6,20,0.3,1,1,21,26,0.8077,107
104214,2024-25,2025-02-01T17:00:00Z,19,LR,5837,2832,Casademont Zaragoza,UCAM Murcia,16,12,79,88,visitante,Porfirio Fisac,Sito Alonso,11,23,17,28,17,45,7,18,42,0.4286,6,26,0.2308,3,3,25,31,0.8065,77,19,25,13,24,9,33,12,19,37,0.5135,11,28,0.3929,3,3,17,25,0.68,93
104215,2024-25,2025-02-01T16:00:00Z,19,LR,5837,2832,Coviran Granada,Bàsquet Girona,592,591,78,74,local,Pablo Pin,Moncho Fernández,7,20,11,24,9,33,7,15,31,0.4839,5,21,0.2381,2,7,33,44,0.75,88,14,32,18,24,11,35,7,18,38,0.4737,8,25,0.32,7,3,14,18,0.7778,55
104216,2024-25,2025-02-01T19:45:00Z,19,LR,5837,2832,MoraBanc Andorra,Valencia Basket,22,13,86,84,local,Joan Plaza,Pedro Martínez,10,26,10,17,16,33,9,22,38,0.5789,9,39,0.2308,2,2,15,20,0.75,71,13,20,16,27,9,36,5,17,30,0.5667,9,29,0.3103,2,3,23,28,0.8214,91
104217,2024-25,2025-02-01T19:45:00Z,19,LR,5837,2832,Leyma Coruña,Dreamland Gran Canaria,657,5,90,98,visitante,Diego Epifanio,Jaka Lakovic,19,28,10,20,9,29,9,23,39,0.5897,9,31,0.2903,1,1,17,22,0.7727,90,13,24,15,28,7,35,5,18,31,0.5806,13,32,0.4062,1,2,23,27,0.8519,105
104218,2024-25,2025-02-02T11:30:00Z,19,LR,5837,2832,Unicaja,Baskonia,14,3,94,73,local,Ibon Navarro,Pablo Laso,23,19,12,24,15,39,7,29,54,0.537,7,22,0.3182,4,0,15,18,0.8333,106,10,21,15,20,7,27,8,19,35,0.5429,7,27,0.2593,0,4,14,21,0.6667,62
104219,2024-25,2025-02-02T12:00:00Z,19,LR,5837,2832,La Laguna Tenerife,Río Breogán,28,25,96,83,local,Txus Vidorreta,Luis Casimiro,25,13,9,17,10,27,9,21,32,0.6562,15,32,0.4688,3,3,9,10,0.9,124,21,18,15,17,9,26,7,17,28,0.6071,13,29,0.4483,3,3,10,12,0.8333,88
104220,2024-25,2025-02-02T16:00:00Z,19,LR,5837,2832,Surne Bilbao Basket,Hiopos Lleida,4,658,91,75,local,Jaume Ponsarnau,Gerard Encuentra,22,24,8,17,17,34,13,24,43,0.5581,10,31,0.3226,4,1,13,16,0.8125,101,13,19,21,19,12,31,5,15,28,0.5357,7,20,0.35,1,5,24,31,0.7742,79
104221,2024-25,2025-02-02T16:00:00Z,19,LR,5837,2832,Barça,BAXI Manresa,2,10,92,103,visitante,Joan Peñarroya,Diego Ocampo,12,20,14,26,8,34,3,26,39,0.6667,6,19,0.3158,0,2,22,29,0.7586,101,27,25,7,21,5,26,8,22,37,0.5946,14,34,0.4118,2,0,17,20,0.85,112
104222,2024-25,2025-02-02T17:30:00Z,19,LR,5837,2832,Real Madrid,Joventut Badalona,9,8,86,73,local,Chus Mateo,Daniel Miret,17,18,12,32,9,41,10,20,42,0.4762,8,22,0.3636,2,5,22,26,0.8462,109,9,22,14,25,10,35,9,16,43,0.3721,10,24,0.4167,5,3,11,16,0.6875,60
104223,2024-25,2025-02-08T17:00:00Z,20,LR,5838,2833,BAXI Manresa,Surne Bilbao Basket,10,4,89,74,local,Diego Ocampo,Jaume Ponsarnau,17,18,9,22,10,32,10,21,38,0.5526,9,29,0.3103,2,2,20,25,0.8,102,14,23,17,25,3,28,6,17,32,0.5312,6,23,0.2609,1,3,22,23,0.9565,69
104224,2024-25,2025-02-08T17:00:00Z,20,LR,5838,2833,Río Breogán,Unicaja,25,14,81,79,local,Luis Casimiro,Ibon Navarro,15,16,15,25,6,31,6,16,28,0.5714,12,32,0.375,1,3,13,20,0.65,84,17,19,16,25,6,31,6,20,37,0.5405,10,27,0.3704,3,1,9,11,0.8182,76
104225,2024-25,2025-02-08T19:45:00Z,20,LR,5838,2833,UCAM Murcia,La Laguna Tenerife,12,28,77,78,visitante,Sito Alonso,Txus Vidorreta,15,23,12,21,8,29,4,14,27,0.5185,12,30,0.4,1,1,13,23,0.5652,69,15,20,14,23,2,25,8,19,33,0.5758,8,18,0.4444,1,1,16,21,0.7619,85
104226,2024-25,2025-02-08T19:45:00Z,20,LR,5838,2833,Joventut Badalona,Leyma Coruña,8,657,107,104,local,Daniel Miret,Diego Epifanio,19,17,7,21,8,29,6,23,43,0.5349,10,23,0.4348,4,2,31,47,0.6596,118,29,32,14,27,9,36,4,20,38,0.5263,16,35,0.4571,2,4,16,16,1.0,109
104227,2024-25,2025-02-09T11:30:00Z,20,LR,5838,2833,Hiopos Lleida,Real Madrid,658,9,84,95,visitante,Gerard Encuentra,Chus Mateo,19,28,7,23,4,27,3,15,30,0.5,12,27,0.4444,1,2,18,24,0.75,86,23,23,6,29,10,39,5,18,36,0.5,12,29,0.4138,2,1,23,28,0.8214,118
104228,2024-25,2025-02-09T12:00:00Z,20,LR,5838,2833,Dreamland Gran Canaria,MoraBanc Andorra,5,22,94,106,visitante,Jaka Lakovic,Joan Plaza,19,22,16,13,6,19,9,20,31,0.6452,12,27,0.4444,0,2,18,23,0.7826,100,13,26,12,19,16,35,12,27,48,0.5625,12,23,0.5217,2,0,16,22,0.7273,110
104229,2024-25,2025-02-09T16:00:00Z,20,LR,5838,2833,Bàsquet Girona,Casademont Zaragoza,591,16,89,101,visitante,Moncho Fernández,Porfirio Fisac,18,22,16,20,12,32,9,26,39,0.6667,8,29,0.2759,1,2,13,21,0.619,90,26,21,17,22,9,31,8,23,33,0.697,13,29,0.4483,2,1,16,24,0.6667,115
104230,2024-25,2025-02-09T17:00:00Z,20,LR,5838,2833,Baskonia,Coviran Granada,3,592,103,82,local,Pablo Laso,Pablo Pin,23,20,7,22,8,30,7,21,33,0.6364,13,28,0.4643,3,1,22,28,0.7857,124,21,23,9,20,10,30,3,24,46,0.5217,8,23,0.3478,1,3,10,13,0.7692,86
104231,2024-25,2025-02-09T17:30:00Z,20,LR,5838,2833,Valencia Basket,Barça,13,2,86,100,visitante,Pedro Martínez,Joan Peñarroya,20,19,11,20,12,32,7,15,29,0.5172,17,41,0.4146,3,4,5,12,0.4167,86,16,15,11,28,10,38,6,31,45,0.6889,8,23,0.3478,3,3,14,21,0.6667,117
104232,2024-25,2025-03-01T17:00:00Z,21,LR,5839,2836,Casademont Zaragoza,Valencia Basket,16,13,71,115,visitante,Porfirio Fisac,Pedro Martínez,20,19,16,16,13,29,10,17,40,0.425,10,38,0.2632,3,2,7,13,0.5385,56,27,19,18,33,8,41,9,22,29,0.7586,19,38,0.5,2,3,14,16,0.875,147
104233,2024-25,2025-03-01T17:00:00Z,21,LR,5839,2836,Leyma Coruña,Hiopos Lleida,657,658,97,84,local,Diego Epifanio,Gerard Encuentra,25,23,12,27,9,36,8,22,31,0.7097,13,37,0.3514,2,4,14,19,0.7368,113,19,18,12,20,10,30,8,17,33,0.5152,10,36,0.2778,2,2,20,22,0.9091,90
104234,2024-25,2025-03-01T18:45:00Z,21,LR,5839,2836,Coviran Granada,UCAM Murcia,592,12,82,88,visitante,Pablo Pin,Sito Alonso,10,25,14,19,16,35,5,10,31,0.3226,12,31,0.3871,2,1,26,28,0.9286,75,16,26,9,20,10,30,9,25,38,0.6579,5,24,0.2083,1,2,23,30,0.7667,95
104235,2024-25,2025-03-01T19:45:00Z,21,LR,5839,2836,La Laguna Tenerife,Joventut Badalona,28,8,82,81,local,Txus Vidorreta,Daniel Miret,16,21,7,20,3,23,6,19,34,0.5588,9,21,0.4286,1,3,17,22,0.7727,94,13,26,7,23,10,33,6,16,32,0.5,12,32,0.375,3,1,13,16,0.8125,80
104236,2024-25,2025-03-02T11:30:00Z,21,LR,5839,2836,Surne Bilbao Basket,Bàsquet Girona,4,591,96,83,local,Jaume Ponsarnau,Moncho Fernández,18,19,3,21,11,32,10,15,31,0.4839,12,32,0.375,0,2,30,38,0.7895,119,16,28,11,22,14,36,0,20,40,0.5,10,32,0.3125,2,0,13,18,0.7222,66
104237,2024-25,2025-03-02T11:30:00Z,21,LR,5839,2836,Unicaja,BAXI Manresa,14,10,105,97,local,Ibon Navarro,Diego Ocampo,23,24,19,25,16,41,9,24,46,0.5217,13,27,0.4815,4,2,18,24,0.75,116,19,25,17,23,9,32,12,19,34,0.5588,12,33,0.3636,2,4,23,27,0.8519,104
104238,2024-25,2025-03-02T16:00:00Z,21,LR,5839,2836,Barça,Río Breogán,2,25,102,79,local,Joan Peñarroya,Luis Casimiro,24,17,9,20,8,28,8,27,45,0.6,11,25,0.44,4,1,15,21,0.7143,119,20,24,18,22,7,29,5,19,31,0.6129,11,29,0.3793,1,4,8,14,0.5714,75
104239,2024-25,2025-03-02T16:00:00Z,21,LR,5839,2836,MoraBanc Andorra,Baskonia,22,3,93,88,local,Joan Plaza,Pablo Laso,21,19,9,28,12,40,7,23,42,0.5476,9,27,0.3333,2,2,20,24,0.8333,114,21,22,12,25,5,30,7,19,36,0.5278,10,27,0.3704,2,2,20,23,0.8696,94
104240,2024-25,2025-03-02T17:30:00Z,21,LR,5839,2836,Dreamland Gran Canaria,Real Madrid,5,9,54,69,visitante,Jaka Lakovic,Chus Mateo,9,20,14,23,8,31,7,14,30,0.4667,5,29,0.1724,4,2,11,14,0.7857,41,10,19,14,30,13,43,8,18,33,0.5455,6,32,0.1875,2,4,15,17,0.8824,76
104241,2024-25,2025-03-08T17:00:00Z,22,LR,5840,2837,Valencia Basket,Surne Bilbao Basket,13,4,89,70,local,Pedro Martínez,Jaume Ponsarnau,24,15,17,34,11,45,2,20,34,0.5882,14,33,0.4242,2,1,7,12,0.5833,106,16,17,7,19,7,26,10,17,43,0.3953,10,27,0.3704,1,2,6,9,0.6667,68
104242,2024-25,2025-03-08T17:00:00Z,22,LR,5840,2837,Unicaja,Coviran Granada,14,592,95,78,local,Ibon Navarro,Pablo Pin,21,24,6,20,9,29,11,16,34,0.4706,16,38,0.4211,6,2,15,19,0.7895,97,13,19,18,29,10,39,3,14,28,0.5,11,33,0.3333,2,6,17,26,0.6538,79
104243,2024-25,2025-03-08T19:45:00Z,22,LR,5840,2837,Río Breogán,MoraBanc Andorra,25,22,94,74,local,Luis Casimiro,Joan Plaza,23,24,19,30,9,39,10,20,33,0.6061,14,31,0.4516,3,7,12,14,0.8571,110,18,16,18,17,12,29,14,13,27,0.4815,9,33,0.2727,7,3,21,30,0.7,74
104244,2024-25,2025-03-08T19:45:00Z,22,LR,5840,2837,Bàsquet Girona,Joventut Badalona,591,8,83,76,local,Moncho Fernández,Daniel Miret,12,18,12,18,13,31,10,22,39,0.5641,8,23,0.3478,2,1,15,21,0.7143,87,15,20,15,19,5,24,6,20,32,0.625,9,25,0.36,1,2,9,11,0.8182,75
104245,2024-25,2025-03-09T11:30:00Z,22,LR,5840,2837,Real Madrid,UCAM Murcia,9,12,80,75,local,Chus Mateo,Sito Alonso,11,19,10,29,14,43,12,14,37,0.3784,7,33,0.2121,2,5,31,37,0.8378,93,17,28,19,28,4,32,8,19,37,0.5135,9,24,0.375,5,2,10,15,0.6667,63
104246,2024-25,2025-03-09T11:30:00Z,22,LR,5840,2837,BAXI Manresa,Leyma Coruña,10,657,104,89,local,Diego Ocampo,Diego Epifanio,25,24,13,28,9,37,12,20,39,0.5128,17,39,0.4359,4,1,13,20,0.65,115,23,25,20,28,8,36,11,19,36,0.5278,12,28,0.4286,1,4,15,28,0.5357,95
104247,2024-25,2025-03-09T16:00:00Z,22,LR,5840,2837,Baskonia,Dreamland Gran Canaria,3,5,84,80,local,Pablo Laso,Jaka Lakovic,22,18,9,20,11,31,7,18,36,0.5,11,26,0.4231,3,1,15,20,0.75,99,12,22,13,19,4,23,5,19,32,0.5938,8,24,0.3333,1,3,18,19,0.9474,75
104248,2024-25,2025-03-09T16:00:00Z,22,LR,5840,2837,Hiopos Lleida,Casademont Zaragoza,658,16,97,91,local,Gerard Encuentra,Porfirio Fisac,23,23,14,25,10,35,9,21,32,0.6562,9,29,0.3103,2,5,28,30,0.9333,123,21,26,12,20,7,27,8,12,30,0.4,18,35,0.5143,5,2,13,17,0.7647,90
104249,2024-25,2025-03-09T17:30:00Z,22,LR,5840,2837,Barça,La Laguna Tenerife,2,28,92,95,visitante,Joan Peñarroya,Txus Vidorreta,13,19,14,23,8,31,4,25,36,0.6944,9,26,0.3462,2,1,15,23,0.6522,94,21,24,7,20,2,22,10,26,35,0.7429,8,25,0.32,1,2,19,23,0.8261,107
104250,2024-25,2025-03-15T17:00:00Z,23,LR,5841,2838,UCAM Murcia,Bàsquet Girona,12,591,64,76,visitante,Sito Alonso,Moncho Fernández,14,24,12,29,10,39,5,19,42,0.4524,4,28,0.1429,2,7,14,20,0.7,58,19,20,8,34,10,44,8,19,38,0.5,7,30,0.2333,7,2,17,28,0.6071,85
104251,2024-25,2025-03-15T17:00:00Z,23,LR,5841,2838,Joventut Badalona,Valencia Basket,8,13,89,104,visitante,Daniel Miret,Pedro Martínez,20,19,12,17,7,24,7,13,28,0.4643,17,37,0.4595,3,4,12,13,0.9231,91,24,18,13,20,13,33,7,21,34,0.6176,16,32,0.5,4,3,14,16,0.875,124
104252,2024-25,2025-03-15T19:45:00Z,23,LR,5841,2838,Casademont Zaragoza,Unicaja,16,14,84,69,local,Porfirio Fisac,Ibon Navarro,17,25,16,29,8,37,11,23,39,0.5897,8,28,0.2857,3,5,14,16,0.875,95,19,23,19,24,10,34,11,19,35,0.5429,6,28,0.2143,5,3,13,23,0.5652,65
104253,2024-25,2025-03-15T19:45:00Z,23,LR,5841,2838,Dreamland Gran Canaria,BAXI Manresa,5,10,94,89,local,Jaka Lakovic,Diego Ocampo,15,20,12,21,7,28,4,21,37,0.5676,12,20,0.6,0,1,16,22,0.7273,103,18,23,9,17,12,29,6,28,41,0.6829,8,31,0.2581,1,0,9,14,0.6429,88
104254,2024-25,2025-03-16T10:30:00Z,23,LR,5841,2838,Coviran Granada,Hiopos Lleida,592,658,82,85,visitante,Pablo Pin,Gerard Encuentra,13,33,15,27,20,47,7,21,37,0.5676,7,37,0.1892,1,6,19,24,0.7917,80,11,25,14,20,12,32,9,19,38,0.5,3,20,0.15,5,1,38,51,0.7451,76
104255,2024-25,2025-03-16T11:30:00Z,23,LR,5841,2838,Leyma Coruña,Río Breogán,657,25,98,106,visitante,Diego Epifanio,Luis Casimiro,19,25,8,17,10,27,8,21,37,0.5676,13,42,0.3095,2,1,17,21,0.8095,91,23,22,10,28,7,35,6,21,32,0.6562,14,30,0.4667,1,2,22,28,0.7857,131
104256,2024-25,2025-03-16T16:00:00Z,23,LR,5841,2838,MoraBanc Andorra,Barça,22,2,91,113,visitante,Joan Plaza,Joan Peñarroya,17,18,14,18,6,24,7,21,31,0.6774,10,35,0.2857,1,3,19,22,0.8636,88,29,17,11,25,5,30,7,31,46,0.6739,13,26,0.5,3,1,12,15,0.8,136
104257,2024-25,2025-03-16T16:00:00Z,23,LR,5841,2838,Surne Bilbao Basket,La Laguna Tenerife,4,28,65,75,visitante,Jaume Ponsarnau,Txus Vidorreta,13,17,8,24,8,32,6,18,42,0.4286,5,21,0.2381,1,2,14,15,0.9333,67,16,16,9,26,8,34,3,23,37,0.6216,5,25,0.2,2,1,14,17,0.8235,82
104258,2024-25,2025-03-16T17:30:00Z,23,LR,5841,2838,Real Madrid,Baskonia,9,3,83,78,local,Chus Mateo,Pablo Laso,16,20,12,25,8,33,9,19,38,0.5,10,29,0.3448,4,5,15,19,0.7895,86,15,18,13,24,10,34,6,18,40,0.45,9,27,0.3333,5,4,15,20,0.75,75
104259,2024-25,2025-03-22T17:00:00Z,24,LR,5842,2839,Bàsquet Girona,Dreamland Gran Canaria,591,5,86,95,visitante,Moncho Fernández,Jaka Lakovic,16,19,19,23,5,28,11,21,35,0.6,11,28,0.3929,1,0,11,14,0.7857,87,21,20,15,22,7,29,11,20,37,0.5405,14,31,0.4516,0,1,13,15,0.8667,104
104260,2024-25,2025-03-22T17:00:00Z,24,LR,5842,2839,Valencia Basket,Leyma Coruña,13,657,127,81,local,Pedro Martínez,Diego Epifanio,35,14,9,30,10,40,4,25,30,0.8333,18,37,0.4865,1,1,23,26,0.8846,179,21,24,10,12,8,20,6,21,32,0.6562,9,38,0.2368,1,1,12,15,0.8,65
104261,2024-25,2025-03-22T19:45:00Z,24,LR,5842,2839,Baskonia,BAXI Manresa,3,10,90,84,local,Pablo Laso,Diego Ocampo,16,21,11,24,5,29,8,20,33,0.6061,8,23,0.3478,1,1,26,38,0.6842,98,21,27,13,20,9,29,8,18,37,0.4865,11,32,0.3438,1,1,15,17,0.8824,81
104262,2024-25,2025-03-22T19:45:00Z,24,LR,5842,2839,Río Breogán,UCAM Murcia,25,12,70,86,visitante,Luis Casimiro,Sito Alonso,8,26,10,25,14,39,2,17,46,0.3696,7,21,0.3333,4,3,15,26,0.5769,54,13,26,11,29,12,41,4,11,33,0.3333,14,31,0.4516,2,4,22,28,0.7857,88
104263,2024-25,2025-03-23T11:30:00Z,24,LR,5842,2839,Hiopos Lleida,Joventut Badalona,658,8,81,86,visitante,Gerard Encuentra,Daniel Miret,13,23,12,22,11,33,7,18,36,0.5,11,31,0.3548,4,0,12,16,0.75,74,12,22,13,27,11,38,4,23,37,0.6216,8,28,0.2857,0,4,16,20,0.8,94
104264,2024-25,2025-03-23T12:00:00Z,24,LR,5842,2839,La Laguna Tenerife,MoraBanc Andorra,28,22,96,84,local,Txus Vidorreta,Joan Plaza,23,20,6,18,10,28,4,23,39,0.5897,12,25,0.48,3,4,14,16,0.875,111,16,16,8,17,6,23,3,22,39,0.5641,8,16,0.5,3,3,16,18,0.8889,95
104265,2024-25,2025-03-23T16:00:00Z,24,LR,5842,2839,Barça,Casademont Zaragoza,2,16,97,95,local,Joan Peñarroya,Porfirio Fisac,20,20,11,18,10,28,4,31,42,0.7381,8,26,0.3077,1,5,11,15,0.7333,110,23,21,11,18,10,28,8,28,42,0.6667,9,25,0.36,5,1,12,18,0.6667,102
104266,2024-25,2025-03-23T16:00:00Z,24,LR,5842,2839,Surne Bilbao Basket,Coviran Granada,4,592,91,88,local,Jaume Ponsarnau,Pablo Pin,13,22,9,29,8,37,4,22,37,0.5946,8,30,0.2667,1,3,23,29,0.7931,96,18,23,8,25,12,37,4,22,46,0.4783,11,28,0.3929,3,1,11,18,0.6111,88
104267,2024-25,2025-03-23T17:30:00Z,24,LR,5842,2839,Unicaja,Real Madrid,14,9,105,107,visitante,Ibon Navarro,Chus Mateo,26,26,9,19,6,25,2,14,28,0.5,23,43,0.5349,3,2,8,12,0.6667,99,16,16,10,26,11,37,8,24,42,0.5714,12,26,0.4615,1,4,23,27,0.8519,134
104268,2024-25,2025-03-29T17:00:00Z,25,LR,5843,2840,UCAM Murcia,MoraBanc Andorra,12,22,79,85,visitante,Sito Alonso,Joan Plaza,19,19,10,20,15,35,5,23,42,0.5476,7,26,0.2692,5,4,12,16,0.75,85,14,19,10,23,5,28,7,17,37,0.4595,13,23,0.5652,4,5,12,18,0.6667,88
104269,2024-25,2025-03-29T17:00:00Z,25,LR,5843,2840,BAXI Manresa,Hiopos Lleida,10,658,89,95,visitante,Diego Ocampo,Gerard Encuentra,17,24,17,18,14,32,4,16,30,0.5333,14,39,0.359,3,0,15,17,0.8824,78,19,21,15,23,9,32,7,25,39,0.641,8,20,0.4,0,3,21,28,0.75,111
104270,2024-25,2025-03-29T19:45:00Z,25,LR,5843,2840,Leyma Coruña,Bàsquet Girona,657,591,89,99,visitante,Diego Epifanio,Moncho Fernández,21,20,16,22,6,28,7,23,35,0.6571,10,28,0.3571,2,6,13,17,0.7647,98,20,20,11,20,9,29,8,21,35,0.6,13,33,0.3939,6,2,18,20,0.9,105
104271,2024-25,2025-03-29T19:45:00Z,25,LR,5843,2840,Casademont Zaragoza,La Laguna Tenerife,16,28,89,93,visitante,Porfirio Fisac,Txus Vidorreta,15,16,10,20,15,35,5,23,43,0.5349,8,22,0.3636,2,1,19,22,0.8636,102,20,22,6,19,10,29,8,20,35,0.5714,14,32,0.4375,1,2,11,15,0.7333,102
104272,2024-25,2025-03-30T08:30:00Z,25,LR,5843,2840,Coviran Granada,Valencia Basket,592,13,69,97,visitante,Pablo Pin,Pedro Martínez,13,24,12,20,14,34,11,13,36,0.3611,10,34,0.2941,5,3,13,17,0.7647,54,25,16,16,32,8,40,7,17,27,0.6296,15,34,0.4412,3,5,18,26,0.6923,126
104273,2024-25,2025-03-30T11:00:00Z,25,LR,5843,2840,Dreamland Gran Canaria,Unicaja,5,14,91,89,local,Jaka Lakovic,Ibon Navarro,16,19,9,20,8,28,6,25,45,0.5556,10,20,0.5,1,2,11,12,0.9167,103,21,20,10,20,5,25,8,18,29,0.6207,14,33,0.4242,2,1,11,17,0.6471,94
104274,2024-25,2025-03-30T15:00:00Z,25,LR,5843,2840,Real Madrid,Surne Bilbao Basket,9,4,88,70,local,Chus Mateo,Jaume Ponsarnau,18,14,12,30,6,36,6,25,34,0.7353,9,26,0.3462,2,9,11,17,0.6471,116,13,19,11,18,13,31,6,15,47,0.3191,11,25,0.44,8,2,7,11,0.6364,48
104275,2024-25,2025-03-30T15:00:00Z,25,LR,5843,2840,Río Breogán,Baskonia,25,3,88,82,local,Luis Casimiro,Pablo Laso,20,22,13,28,6,34,4,13,31,0.4194,17,32,0.5312,1,3,11,16,0.6875,94,19,19,13,24,5,29,8,18,31,0.5806,11,33,0.3333,3,1,13,20,0.65,84
104276,2024-25,2025-03-30T16:30:00Z,25,LR,5843,2840,Joventut Badalona,Barça,8,2,86,93,visitante,Daniel Miret,Joan Peñarroya,23,24,5,24,10,34,8,21,42,0.5,11,33,0.3333,0,3,11,17,0.6471,95,15,19,12,31,10,41,3,26,45,0.5778,8,22,0.3636,3,0,17,22,0.7727,104
104277,2024-25,2025-04-05T16:00:00Z,26,LR,5844,2841,MoraBanc Andorra,Joventut Badalona,22,8,86,99,visitante,Joan Plaza,Daniel Miret,20,18,7,18,7,25,10,29,51,0.5686,7,17,0.4118,2,1,7,12,0.5833,98,25,20,12,22,12,34,6,26,33,0.7879,12,33,0.3636,1,2,11,17,0.6471,117
104278,2024-25,2025-04-05T16:00:00Z,26,LR,5844,2841,Hiopos Lleida,Río Breogán,658,25,94,81,local,Gerard Encuentra,Luis Casimiro,15,17,8,23,15,38,8,20,39,0.5128,8,27,0.2963,3,2,30,34,0.8824,111,13,24,15,23,10,33,5,14,21,0.6667,14,44,0.3182,2,3,11,13,0.8462,71
104279,2024-25,2025-04-05T18:45:00Z,26,LR,5844,2841,Surne Bilbao Basket,Dreamland Gran Canaria,4,5,96,78,local,Jaume Ponsarnau,Jaka Lakovic,21,17,10,21,8,29,7,19,31,0.6129,14,31,0.4516,2,1,16,19,0.8421,111,16,19,11,15,13,28,7,20,41,0.4878,9,28,0.3214,1,2,11,12,0.9167,76
104280,2024-25,2025-04-05T18:45:00Z,26,LR,5844,2841,Valencia Basket,UCAM Murcia,13,12,71,86,visitante,Pedro Martínez,Sito Alonso,19,19,12,23,13,36,6,16,31,0.5161,8,37,0.2162,3,4,15,20,0.75,73,18,20,10,30,10,40,9,19,37,0.5135,11,28,0.3929,4,4,15,18,0.8333,104
104281,2024-25,2025-04-06T10:30:00Z,26,LR,5844,2841,BAXI Manresa,Casademont Zaragoza,10,16,95,83,local,Diego Ocampo,Porfirio Fisac,14,18,9,18,10,28,13,24,37,0.6486,11,34,0.3235,2,3,14,18,0.7778,102,13,18,21,24,8,32,4,23,40,0.575,8,23,0.3478,3,2,13,15,0.8667,76
104282,2024-25,2025-04-06T11:00:00Z,26,LR,5844,2841,La Laguna Tenerife,Coviran Granada,28,592,95,87,local,Txus Vidorreta,Pablo Pin,14,21,7,22,12,34,8,31,46,0.6739,6,25,0.24,4,3,15,16,0.9375,111,13,24,16,21,6,27,4,19,33,0.5758,12,26,0.4615,3,4,13,17,0.7647,80
104283,2024-25,2025-04-06T15:00:00Z,26,LR,5844,2841,Unicaja,Leyma Coruña,14,657,114,105,local,Ibon Navarro,Diego Epifanio,30,26,5,17,11,28,6,20,31,0.6452,15,38,0.3947,2,1,29,33,0.8788,137,26,29,11,23,9,32,4,22,34,0.6471,14,33,0.4242,1,3,19,27,0.7037,116
104284,2024-25,2025-04-06T15:00:00Z,26,LR,5844,2841,Baskonia,Bàsquet Girona,3,591,92,76,local,Pablo Laso,Moncho Fernández,24,20,20,29,8,37,7,22,31,0.7097,11,25,0.44,0,12,15,20,0.75,125,21,21,11,17,16,33,10,13,39,0.3333,14,39,0.359,12,0,8,11,0.7273,61
104285,2024-25,2025-04-06T16:30:00Z,26,LR,5844,2841,Barça,Real Madrid,2,9,89,91,visitante,Joan Peñarroya,Chus Mateo,11,21,7,21,8,29,9,27,46,0.587,8,28,0.2857,1,1,11,13,0.8462,87,17,20,14,27,9,36,6,23,39,0.5897,9,25,0.36,1,1,18,28,0.6429,93
104286,2024-25,2025-04-12T16:00:00Z,27,LR,5845,2842,Bàsquet Girona,Río Breogán,591,25,91,85,local,Moncho Fernández,Luis Casimiro,18,22,5,22,7,29,9,17,31,0.5484,11,34,0.3235,1,2,24,29,0.8276,104,19,25,11,25,12,37,4,15,29,0.5172,13,37,0.3514,2,1,16,16,1.0,92
104287,2024-25,2025-04-30T18:00:00Z,27,LR,5845,2845,Casademont Zaragoza,Leyma Coruña,16,657,84,76,local,Porfirio Fisac,Diego Epifanio,22,22,8,22,11,33,6,12,25,0.48,15,43,0.3488,1,1,15,22,0.6818,91,19,24,13,24,10,34,4,18,33,0.5455,8,31,0.2581,1,1,16,18,0.8889,78
104288,2024-25,2025-04-12T18:45:00Z,27,LR,5845,2842,UCAM Murcia,Baskonia,12,3,82,91,visitante,Sito Alonso,Pablo Laso,12,21,6,19,11,30,6,22,46,0.4783,10,26,0.3846,6,1,8,13,0.6154,69,18,16,9,28,16,44,5,24,45,0.5333,9,23,0.3913,1,6,16,25,0.64,115
104289,2024-25,2025-05-14T19:00:00Z,27,LR,5845,2847,Dreamland Gran Canaria,Hiopos Lleida,5,658,94,90,local,Jaka Lakovic,Gerard Encuentra,25,21,13,20,7,27,10,17,28,0.6071,15,34,0.4412,1,3,15,23,0.6522,110,20,24,15,23,6,29,9,22,40,0.55,9,20,0.45,3,1,19,21,0.9048,97
104290,2024-25,2025-04-13T10:30:00Z,27,LR,5845,2842,Joventut Badalona,BAXI Manresa,8,10,85,92,visitante,Daniel Miret,Diego Ocampo,17,27,11,23,9,32,5,21,36,0.5833,6,23,0.2609,2,3,25,36,0.6944,87,18,28,9,19,11,30,4,18,35,0.5143,12,31,0.3871,3,2,20,27,0.7407,89
104291,2024-25,2025-04-13T11:00:00Z,27,LR,5845,2842,La Laguna Tenerife,Real Madrid,28,9,68,79,visitante,Txus Vidorreta,Chus Mateo,17,20,10,19,7,26,4,16,36,0.4444,9,25,0.36,3,8,9,12,0.75,69,12,18,10,24,11,35,7,27,46,0.587,4,21,0.1905,8,4,13,18,0.7222,80
104292,2024-25,2025-04-13T13:00:00Z,27,LR,5845,2842,Coviran Granada,Barça,592,2,86,93,visitante,Pablo Pin,Joan Peñarroya,11,24,10,19,13,32,4,27,46,0.587,4,22,0.1818,3,4,20,27,0.7407,78,19,22,12,19,11,30,6,22,38,0.5789,9,22,0.4091,3,3,22,29,0.7586,102
104293,2024-25,2025-04-12T17:00:00Z,27,LR,5845,2842,MoraBanc Andorra,Surne Bilbao Basket,22,4,84,81,local,Joan Plaza,Jaume Ponsarnau,19,18,12,26,9,35,10,20,31,0.6452,10,28,0.3571,1,2,14,19,0.7368,105,17,20,11,20,6,26,4,18,31,0.5806,11,30,0.3667,2,1,12,13,0.9231,81
104294,2024-25,2025-04-13T16:30:00Z,27,LR,5845,2842,Valencia Basket,Unicaja,13,14,84,75,local,Pedro Martínez,Ibon Navarro,19,19,17,30,8,38,6,21,32,0.6562,8,30,0.2667,3,7,18,24,0.75,99,16,23,10,22,11,33,9,22,44,0.5,6,30,0.2,7,3,13,14,0.9286,67
104295,2024-25,2025-04-19T16:00:00Z,28,LR,5846,2843,BAXI Manresa,Bàsquet Girona,10,591,95,84,local,Diego Ocampo,Moncho Fernández,18,22,13,25,12,37,6,20,38,0.5263,13,27,0.4815,3,4,16,25,0.64,105,17,25,14,22,4,26,4,15,32,0.4688,12,30,0.4,4,3,18,20,0.9,76
104296,2024-25,2025-04-19T16:00:00Z,28,LR,5846,2843,Unicaja,Surne Bilbao Basket,14,4,96,79,local,Ibon Navarro,Jaume Ponsarnau,26,19,12,22,5,27,8,23,33,0.697,11,27,0.4074,0,2,17,21,0.8095,118,18,20,14,18,6,24,4,23,38,0.6053,6,20,0.3,2,0,15,17,0.8824,77
104297,2024-25,2025-04-19T18:45:00Z,28,LR,5846,2843,Leyma Coruña,Coviran Granada,657,592,93,89,local,Diego Epifanio,Pablo Pin,27,26,11,25,3,28,6,23,36,0.6389,9,24,0.375,2,4,20,24,0.8333,112,16,25,10,21,10,31,7,16,38,0.4211,10,28,0.3571,4,2,27,31,0.871,88
104298,2024-25,2025-04-19T18:45:00Z,28,LR,5846,2843,UCAM Murcia,Joventut Badalona,12,8,100,83,local,Sito Alonso,Daniel Miret,29,21,12,25,8,33,5,25,35,0.7143,11,26,0.4231,0,4,17,25,0.68,128,16,23,12,13,3,16,7,19,36,0.5278,9,21,0.4286,4,0,18,24,0.75,68
104299,2024-25,2025-04-20T10:30:00Z,28,LR,5846,2843,Real Madrid,MoraBanc Andorra,9,22,98,97,local,Chus Mateo,Joan Plaza,20,19,12,20,7,27,5,19,28,0.6786,13,31,0.4194,1,0,21,27,0.7778,107,14,23,10,19,17,36,9,25,47,0.5319,12,29,0.4138,0,2,11,17,0.6471,98
104300,2024-25,2025-04-20T10:30:00Z,28,LR,5846,2843,Hiopos Lleida,Valencia Basket,658,13,67,76,visitante,Gerard Encuentra,Pedro Martínez,11,20,9,26,17,43,7,15,47,0.3191,8,30,0.2667,7,2,13,21,0.619,54,20,22,13,36,13,49,8,16,38,0.4211,10,32,0.3125,2,8,14,15,0.9333,99
104301,2024-25,2025-04-20T15:00:00Z,28,LR,5846,2843,Baskonia,La Laguna Tenerife,3,28,89,93,visitante,Pablo Laso,Txus Vidorreta,23,17,10,17,5,22,6,20,31,0.6452,12,27,0.4444,2,4,13,20,0.65,101,20,19,10,19,5,24,6,20,35,0.5714,14,27,0.5185,4,2,11,13,0.8462,99
104302,2024-25,2025-04-20T15:00:00Z,28,LR,5846,2843,Río Breogán,Casademont Zaragoza,25,16,90,85,local,Luis Casimiro,Porfirio Fisac,24,19,15,20,7,27,13,18,24,0.75,15,38,0.3947,1,2,9,15,0.6,106,23,20,16,21,12,33,11,16,32,0.5,14,35,0.4,2,1,11,13,0.8462,95
104303,2024-25,2025-04-20T16:30:00Z,28,LR,5846,2843,Barça,Dreamland Gran Canaria,2,5,104,90,local,Joan Peñarroya,Jaka Lakovic,27,19,10,20,11,31,9,21,35,0.6,15,32,0.4688,3,1,17,21,0.8095,127,21,22,11,18,8,26,6,27,40,0.675,9,28,0.3214,1,5,9,14,0.6429,96
104304,2024-25,2025-04-26T15:00:00Z,29,LR,5847,2844,Casademont Zaragoza,Dreamland Gran Canaria,16,5,87,97,visitante,Porfirio Fisac,Jaka Lakovic,20,26,16,18,10,28,5,22,36,0.6111,10,26,0.3846,1,2,13,18,0.7222,83,28,19,10,18,10,28,10,19,31,0.6129,14,33,0.4242,2,3,17,21,0.8095,125
104305,2024-25,2025-04-26T12:30:00Z,29,LR,5847,2844,Coviran Granada,BAXI Manresa,592,10,86,80,local,Pablo Pin,Diego Ocampo,10,24,18,24,13,37,12,26,40,0.65,5,24,0.2083,2,2,19,24,0.7917,89,18,25,17,16,7,23,10,17,28,0.6071,10,32,0.3125,2,2,16,24,0.6667,72
104306,2024-25,2025-04-26T17:30:00Z,29,LR,5847,2844,Río Breogán,Joventut Badalona,25,8,65,82,visitante,Luis Casimiro,Daniel Miret,9,24,10,23,11,34,6,19,45,0.4222,5,21,0.2381,4,2,12,17,0.7059,50,15,19,12,27,8,35,7,26,40,0.65,4,19,0.2105,1,4,18,21,0.8571,102
104307,2024-25,2025-04-26T17:30:00Z,29,LR,5847,2844,La Laguna Tenerife,Leyma Coruña,28,657,92,83,local,Txus Vidorreta,Diego Epifanio,22,21,8,21,12,33,6,17,24,0.7083,15,40,0.375,2,0,13,18,0.7222,108,12,23,10,20,7,27,7,22,29,0.7586,9,32,0.2812,0,2,12,17,0.7059,84
104308,2024-25,2025-04-27T10:30:00Z,29,LR,5847,2844,Bàsquet Girona,Real Madrid,591,9,71,79,visitante,Moncho Fernández,Chus Mateo,14,17,10,24,17,41,7,14,31,0.4516,9,37,0.2432,2,3,16,25,0.64,72,20,19,12,28,8,36,7,18,31,0.5806,12,31,0.3871,3,2,7,10,0.7,92
104309,2024-25,2025-04-27T10:30:00Z,29,LR,5847,2844,Valencia Basket,Baskonia,13,3,125,128,visitante,Pedro Martínez,Pablo Laso,21,26,11,24,13,37,7,30,49,0.6122,14,41,0.3415,2,3,23,26,0.8846,128,18,23,14,23,11,34,7,34,54,0.6296,12,28,0.4286,3,2,24,29,0.8276,133
104310,2024-25,2025-04-27T15:00:00Z,29,LR,5847,2844,MoraBanc Andorra,Hiopos Lleida,22,658,96,79,local,Joan Plaza,Gerard Encuentra,19,27,14,21,9,30,13,27,46,0.587,9,24,0.375,3,2,15,19,0.7895,97,16,19,24,22,6,28,6,19,29,0.6552,7,26,0.2692,2,3,20,23,0.8696,81
104311,2024-25,2025-04-27T15:00:00Z,29,LR,5847,2844,Surne Bilbao Basket,UCAM Murcia,4,12,80,83,visitante,Jaume Ponsarnau,Sito Alonso,15,19,10,32,9,41,6,16,37,0.4324,8,33,0.2424,2,4,24,29,0.8276,88,16,24,13,33,8,41,4,25,48,0.5208,6,22,0.2727,4,2,15,19,0.7895,81
104312,2024-25,2025-04-27T16:30:00Z,29,LR,5847,2844,Barça,Unicaja,2,14,83,81,local,Joan Peñarroya,Ibon Navarro,12,17,16,27,5,32,9,20,36,0.5556,6,16,0.375,3,3,25,28,0.8929,100,19,26,11,20,9,29,11,18,39,0.4615,11,31,0.3548,3,3,12,14,0.8571,76
104313,2024-25,2025-05-03T16:00:00Z,30,LR,5848,2845,Joventut Badalona,Surne Bilbao Basket,8,4,87,79,local,Daniel Miret,Jaume Ponsarnau,21,19,9,26,9,35,4,22,36,0.6111,11,29,0.3793,2,4,10,14,0.7143,104,17,19,6,20,7,27,5,18,35,0.5143,9,28,0.3214,4,2,16,22,0.7273,78
104314,2024-25,2025-05-03T16:00:00Z,30,LR,5848,2845,Baskonia,Casademont Zaragoza,3,16,90,84,local,Pablo Laso,-,15,15,8,24,13,37,9,25,37,0.6757,5,28,0.1786,2,1,25,28,0.8929,110,16,21,11,23,9,32,5,19,33,0.5758,12,34,0.3529,1,2,10,14,0.7143,81
104315,2024-25,2025-05-03T18:45:00Z,30,LR,5848,2845,BAXI Manresa,Río Breogán,10,25,93,104,visitante,Diego Ocampo,Luis Casimiro,18,27,19,21,16,37,5,22,41,0.5366,9,28,0.3214,1,2,22,27,0.8148,90,19,25,11,14,6,20,10,18,30,0.6,14,31,0.4516,2,1,26,34,0.7647,106
104316,2024-25,2025-05-03T18:45:00Z,30,LR,5848,2845,Dreamland Gran Canaria,Coviran Granada,5,592,98,83,local,Jaka Lakovic,Pablo Pin,18,19,9,18,11,29,10,21,36,0.5833,12,26,0.4615,1,3,20,24,0.8333,119,15,23,13,17,7,24,5,19,33,0.5758,10,25,0.4,3,1,15,20,0.75,74
104317,2024-25,2025-05-04T10:30:00Z,30,LR,5848,2845,Bàsquet Girona,La Laguna Tenerife,591,28,84,93,visitante,Moncho Fernández,Txus Vidorreta,18,18,10,15,14,29,9,25,41,0.6098,7,31,0.2258,3,0,13,16,0.8125,87,19,23,12,23,1,24,5,15,18,0.8333,14,33,0.4242,0,3,21,24,0.875,102
104318,2024-25,2025-05-04T10:30:00Z,30,LR,5848,2845,Unicaja,MoraBanc Andorra,14,22,98,80,local,Ibon Navarro,Joan Plaza,29,27,10,24,7,31,11,26,40,0.65,12,26,0.4615,2,4,10,15,0.6667,118,14,17,14,21,10,31,7,14,36,0.3889,8,20,0.4,4,3,28,35,0.8,85
104319,2024-25,2025-05-04T15:00:00Z,30,LR,5848,2845,Hiopos Lleida,UCAM Murcia,658,12,79,77,local,Gerard Encuentra,Sito Alonso,17,29,9,23,5,28,9,25,43,0.5814,6,21,0.2857,3,1,11,21,0.5238,74,11,24,14,29,10,39,2,16,29,0.5517,8,30,0.2667,1,3,21,33,0.6364,74
104320,2024-25,2025-05-08T18:30:00Z,30,LR,5848,2846,Leyma Coruña,Barça,657,2,93,92,local,Diego Epifanio,Joan Peñarroya,20,21,7,22,4,26,8,20,31,0.6452,13,31,0.4194,1,1,14,21,0.6667,104,10,21,14,22,10,32,5,22,32,0.6875,12,33,0.3636,1,1,12,16,0.75,90
104321,2024-25,2025-05-04T16:30:00Z,30,LR,5848,2845,Real Madrid,Valencia Basket,9,13,96,89,local,Chus Mateo,Pedro Martínez,18,15,13,22,11,33,8,30,42,0.7143,8,25,0.32,0,1,12,13,0.9231,114,21,16,10,18,10,28,9,24,38,0.6316,9,29,0.3103,1,0,14,16,0.875,99
104322,2024-25,2025-05-11T10:30:00Z,31,LR,5849,2846,Surne Bilbao Basket,Leyma Coruña,4,657,79,67,local,Jaume Ponsarnau,Diego Epifanio,21,20,3,30,4,34,6,12,25,0.48,15,44,0.3409,3,2,10,13,0.7692,91,14,20,11,29,19,48,3,14,39,0.359,8,32,0.25,2,3,15,21,0.7143,67
104323,2024-25,2025-05-10T17:30:00Z,31,LR,5849,2846,MoraBanc Andorra,Bàsquet Girona,22,591,97,106,visitante,Joan Plaza,Moncho Fernández,18,22,7,15,19,34,6,20,42,0.4762,13,30,0.4333,3,3,18,22,0.8182,104,24,21,8,20,14,34,3,19,32,0.5938,16,34,0.4706,3,3,20,29,0.6897,120
104324,2024-25,2025-05-10T18:45:00Z,31,LR,5849,2846,Valencia Basket,Dreamland Gran Canaria,13,5,86,79,local,Pedro Martínez,Jaka Lakovic,16,23,8,27,16,43,4,27,39,0.6923,8,36,0.2222,3,3,8,15,0.5333,92,12,23,7,24,5,29,5,20,32,0.625,8,28,0.2857,2,3,15,21,0.7143,80
104325,2024-25,2025-05-10T15:00:00Z,31,LR,5849,2846,Joventut Badalona,Baskonia,8,3,90,71,local,Daniel Miret,Pablo Laso,17,23,8,29,4,33,6,23,41,0.561,11,22,0.5,2,2,11,13,0.8462,99,9,15,9,23,5,28,6,20,33,0.6061,6,25,0.24,2,2,13,22,0.5909,72
104326,2024-25,2025-05-11T10:30:00Z,31,LR,5849,2846,Casademont Zaragoza,Coviran Granada,16,592,88,95,visitante,Rodrigo San Miguel,Pablo Pin,16,26,11,18,12,30,8,25,44,0.5682,8,22,0.3636,7,0,14,24,0.5833,80,15,25,14,24,11,35,8,18,36,0.5,11,27,0.4074,0,7,26,36,0.7222,103
104327,2024-25,2025-05-01T11:30:00Z,31,LR,5849,2845,La Laguna Tenerife,Unicaja,28,14,78,91,visitante,Txus Vidorreta,Ibon Navarro,12,17,11,16,8,24,5,20,32,0.625,5,27,0.1852,1,3,23,24,0.9583,85,18,27,10,22,9,31,7,21,38,0.5526,13,28,0.4643,3,1,10,13,0.7692,89
104328,2024-25,2025-05-11T10:30:00Z,31,LR,5849,2846,Barça,Hiopos Lleida,2,658,98,72,local,Joan Peñarroya,Gerard Encuentra,26,14,16,26,8,34,10,17,36,0.4722,17,24,0.7083,1,5,13,20,0.65,127,11,18,15,16,14,30,13,23,47,0.4894,7,27,0.2593,5,1,5,6,0.8333,58
104329,2024-25,2025-05-11T16:30:00Z,31,LR,5849,2846,UCAM Murcia,BAXI Manresa,12,10,81,71,local,Sito Alonso,Diego Ocampo,11,25,13,24,7,31,8,22,39,0.5641,9,23,0.3913,5,4,10,14,0.7143,79,13,22,16,25,9,34,7,18,35,0.5143,4,21,0.1905,4,5,23,31,0.7419,70
104330,2024-25,2025-05-11T16:30:00Z,31,LR,5849,2846,Río Breogán,Real Madrid,25,9,69,79,visitante,Luis Casimiro,Chus Mateo,11,23,14,23,8,31,6,13,35,0.3714,9,27,0.3333,2,5,16,19,0.8421,57,17,17,11,28,16,44,10,19,37,0.5135,7,29,0.2414,5,3,20,28,0.7143,95
104331,2024-25,2025-05-17T17:00:00Z,32,LR,5850,2847,Leyma Coruña,MoraBanc Andorra,657,22,91,104,visitante,Diego Epifanio,Joan Plaza,18,23,8,17,9,26,7,22,36,0.6111,7,26,0.2692,3,0,26,32,0.8125,93,19,24,9,25,8,33,3,24,34,0.7059,14,34,0.4118,0,3,14,19,0.7368,115
104332,2024-25,2025-05-17T14:00:00Z,32,LR,5850,2847,Coviran Granada,Río Breogán,592,25,91,82,local,Pablo Pin,Luis Casimiro,15,24,10,22,13,35,5,22,39,0.5641,9,24,0.375,2,2,20,27,0.7407,98,16,25,12,20,11,31,4,19,29,0.6552,9,32,0.2812,2,2,17,23,0.7391,81
104333,2024-25,2025-05-17T18:45:00Z,32,LR,5850,2847,Dreamland Gran Canaria,Joventut Badalona,5,8,79,68,local,Jaka Lakovic,Daniel Miret,17,17,5,20,3,23,9,20,37,0.5405,9,26,0.3462,5,2,12,12,1.0,86,19,17,15,28,4,32,2,14,29,0.4828,11,26,0.4231,2,5,7,13,0.5385,73
104334,2024-25,2025-05-17T18:45:00Z,32,LR,5850,2847,Bàsquet Girona,Valencia Basket,591,13,85,91,visitante,Moncho Fernández,Pedro Martínez,17,16,16,30,11,41,5,31,46,0.6739,6,28,0.2143,4,4,5,8,0.625,94,21,18,12,25,16,41,10,17,37,0.4595,16,42,0.381,4,4,9,13,0.6923,99
104335,2024-25,2025-05-18T10:30:00Z,32,LR,5850,2847,BAXI Manresa,Real Madrid,10,9,65,67,visitante,Diego Ocampo,Chus Mateo,14,24,14,25,12,37,5,10,29,0.3448,9,36,0.25,3,2,18,29,0.6207,48,10,24,15,29,7,36,8,16,34,0.4706,6,27,0.2222,2,3,17,27,0.6296,57
104336,2024-25,2025-05-18T10:30:00Z,32,LR,5850,2847,Unicaja,UCAM Murcia,14,12,104,93,local,Ibon Navarro,Sito Alonso,25,20,14,27,7,34,10,25,45,0.5556,12,31,0.3871,5,3,18,23,0.7826,114,19,23,15,27,7,34,10,19,37,0.5135,13,35,0.3714,3,5,16,18,0.8889,97
104337,2024-25,2025-05-18T15:00:00Z,32,LR,5850,2847,Surne Bilbao Basket,Casademont Zaragoza,4,16,104,111,visitante,Jaume Ponsarnau,Rodrigo San Miguel,21,24,12,14,9,23,15,26,42,0.619,11,36,0.3056,0,2,19,27,0.7037,108,19,28,24,29,11,40,6,30,43,0.6977,11,30,0.3667,2,0,18,23,0.7826,109
104338,2024-25,2025-05-18T15:00:00Z,32,LR,5850,2847,Hiopos Lleida,La Laguna Tenerife,658,28,72,84,visitante,Gerard Encuentra,-,15,19,14,17,7,24,2,12,29,0.4138,10,25,0.4,1,1,18,20,0.9,67,16,21,9,23,5,28,8,20,25,0.8,9,30,0.3,1,1,17,17,1.0,99
104339,2024-25,2025-05-18T15:00:00Z,32,LR,5850,2847,Baskonia,Barça,3,2,110,98,local,Pablo Laso,Joan Peñarroya,25,24,7,19,9,28,4,28,44,0.6364,13,27,0.4815,1,3,15,24,0.625,120,17,22,10,24,6,30,2,22,36,0.6111,10,24,0.4167,3,1,24,27,0.8889,106
104340,2024-25,2025-05-24T16:00:00Z,33,LR,5851,2848,Joventut Badalona,Casademont Zaragoza,8,16,89,79,local,Daniel Miret,Rodrigo San Miguel,21,18,13,25,10,35,8,21,32,0.6562,11,30,0.3667,3,5,14,19,0.7368,111,19,23,11,17,15,32,12,17,38,0.4474,12,33,0.3636,5,3,9,10,0.9,80
104341,2024-25,2025-05-24T16:00:00Z,33,LR,5851,2848,MoraBanc Andorra,BAXI Manresa,22,10,83,81,local,Joan Plaza,Diego Ocampo,17,25,13,21,10,31,7,21,34,0.6176,7,27,0.2593,0,4,20,28,0.7143,89,16,27,14,19,14,33,6,19,33,0.5758,8,35,0.2286,4,0,19,24,0.7917,69
104342,2024-25,2025-05-24T16:00:00Z,33,LR,5851,2848,Baskonia,Surne Bilbao Basket,3,4,100,97,local,Pablo Laso,Jaume Ponsarnau,21,18,12,18,12,30,4,24,35,0.6857,11,26,0.4231,3,3,19,23,0.8261,117,20,22,9,11,8,19,9,17,36,0.4722,16,28,0.5714,3,3,15,17,0.8824,99
104343,2024-25,2025-05-24T18:45:00Z,33,LR,5851,2848,UCAM Murcia,Leyma Coruña,12,657,105,93,local,Sito Alonso,Diego Epifanio,22,25,6,21,13,34,10,25,41,0.6098,13,36,0.3611,3,6,16,24,0.6667,114,16,18,16,26,8,34,5,21,41,0.5122,11,21,0.5238,6,3,18,27,0.6667,97
104344,2024-25,2025-05-25T10:00:00Z,33,LR,5851,2848,Hiopos Lleida,Unicaja,658,14,69,98,visitante,Gerard Encuentra,Ibon Navarro,14,20,17,19,13,32,6,14,38,0.3684,7,25,0.28,3,2,20,28,0.7143,55,23,22,12,29,9,38,11,19,35,0.5429,14,25,0.56,2,3,18,25,0.72,123
104345,2024-25,2025-05-25T11:00:00Z,33,LR,5851,2848,La Laguna Tenerife,Valencia Basket,28,13,99,102,visitante,Txus Vidorreta,Pedro Martínez,20,19,9,23,4,27,6,20,31,0.6452,13,30,0.4333,2,2,20,24,0.8333,114,23,22,7,24,11,35,5,18,38,0.4737,17,36,0.4722,2,2,15,18,0.8333,113
104346,2024-25,2025-05-25T15:00:00Z,33,LR,5851,2848,Río Breogán,Dreamland Gran Canaria,25,5,74,82,visitante,Luis Casimiro,Jaka Lakovic,16,21,11,17,8,25,10,14,38,0.3684,13,30,0.4333,4,2,7,12,0.5833,63,20,18,19,34,7,41,9,21,29,0.7241,7,25,0.28,2,4,19,26,0.7308,104
104347,2024-25,2025-05-25T15:00:00Z,33,LR,5851,2848,Barça,Bàsquet Girona,2,591,97,74,local,Joan Peñarroya,Moncho Fernández,25,18,14,30,7,37,8,15,30,0.5,20,36,0.5556,0,1,7,9,0.7778,118,15,15,10,21,11,32,6,17,32,0.5312,9,42,0.2143,1,0,13,16,0.8125,68
104348,2024-25,2025-05-25T15:00:00Z,33,LR,5851,2848,Real Madrid,Coviran Granada,9,592,79,67,local,Chus Mateo,Pablo Pin,23,16,14,26,5,31,5,25,41,0.6098,5,17,0.2941,1,4,14,22,0.6364,100,14,25,12,24,11,35,10,20,40,0.5,6,30,0.2,4,1,9,10,0.9,57
104349,2024-25,2025-05-30T19:00:00Z,34,LR,5852,2849,Dreamland Gran Canaria,UCAM Murcia,5,12,69,76,visitante,Jaka Lakovic,Sito Alonso,10,15,11,17,7,24,9,17,34,0.5,8,23,0.3478,5,1,11,16,0.6875,65,19,21,16,20,18,38,9,21,39,0.5385,9,28,0.3214,1,5,7,9,0.7778,85
104350,2024-25,2025-05-29T18:30:00Z,34,LR,5852,2849,Bàsquet Girona,Hiopos Lleida,591,658,95,83,local,Moncho Fernández,Gerard Encuentra,21,24,14,24,14,38,7,15,26,0.5769,16,47,0.3404,1,3,17,20,0.85,100,15,20,14,19,14,33,10,16,37,0.4324,10,26,0.3846,3,1,21,31,0.6774,82
104351,2024-25,2025-05-30T16:30:00Z,34,LR,5852,2849,Casademont Zaragoza,Real Madrid,16,9,89,104,visitante,Rodrigo San Miguel,Chus Mateo,18,19,16,20,10,30,8,25,42,0.5952,6,22,0.2727,1,2,21,26,0.8077,94,23,21,15,22,10,32,15,17,29,0.5862,17,34,0.5,2,1,19,25,0.76,121
104352,2024-25,2025-05-30T16:30:00Z,34,LR,5852,2849,Surne Bilbao Basket,Barça,4,2,68,85,visitante,Jaume Ponsarnau,Joan Peñarroya,9,16,12,16,10,26,13,16,37,0.4324,8,32,0.25,2,2,12,14,0.8571,60,17,19,16,28,11,39,9,19,38,0.5,13,25,0.52,2,2,8,9,0.8889,99
104353,2024-25,2025-05-30T19:00:00Z,34,LR,5852,2849,BAXI Manresa,La Laguna Tenerife,10,28,86,83,local,Diego Ocampo,Txus Vidorreta,19,20,13,23,9,32,4,18,28,0.6429,10,30,0.3333,1,2,20,23,0.8696,98,17,23,9,18,9,27,9,22,42,0.5238,7,25,0.28,2,1,18,20,0.9,82
104354,2024-25,2025-05-30T16:30:00Z,34,LR,5852,2849,Leyma Coruña,Baskonia,657,3,101,105,visitante,Diego Epifanio,Pablo Laso,25,28,13,26,8,34,9,20,40,0.5,14,30,0.4667,4,2,19,24,0.7917,108,26,25,15,27,10,37,5,20,31,0.6452,13,37,0.3514,1,4,26,33,0.7879,119
104355,2024-25,2025-05-30T19:00:00Z,34,LR,5852,2849,Unicaja,Joventut Badalona,14,8,78,83,visitante,Ibon Navarro,Daniel Miret,15,23,12,25,9,34,4,21,40,0.525,7,26,0.2692,5,3,15,18,0.8333,79,22,26,11,26,9,35,5,16,34,0.4706,10,27,0.3704,2,5,21,29,0.7241,91
104356,2024-25,2025-05-30T14:30:00Z,34,LR,5852,2849,Coviran Granada,MoraBanc Andorra,592,22,77,89,visitante,Pablo Pin,Joan Plaza,19,21,12,17,11,28,8,15,31,0.4839,11,37,0.2973,5,0,14,21,0.6667,65,17,20,16,25,7,32,9,21,32,0.6562,8,22,0.3636,0,5,23,26,0.8846,109
104357,2024-25,2025-05-30T19:00:00Z,34,LR,5852,2849,Valencia Basket,Río Breogán,13,25,108,61,local,Pedro Martínez,Luis Casimiro,24,16,19,35,10,45,7,19,27,0.7037,19,38,0.5,0,5,13,15,0.8667,144,14,19,13,15,7,22,10,14,44,0.3182,8,27,0.2963,5,0,9,12,0.75,34
104432,2024-25,2025-06-03T17:00:00Z,0,PO,5869,2856,Real Madrid,Baskonia,9,3,82,76,local,Chus Mateo,Pablo Laso,19,21,19,28,13,41,10,14,28,0.5,11,34,0.3235,1,2,21,27,0.7778,93,14,23,18,26,6,32,14,20,36,0.5556,6,22,0.2727,2,1,18,22,0.8182,78
104433,2024-25,2025-06-03T19:15:00Z,0,PO,5869,2856,Unicaja,Barça,14,2,97,101,visitante,Ibon Navarro,Joan Peñarroya,21,30,12,26,8,34,8,30,50,0.6,7,26,0.2692,5,1,16,21,0.7619,95,13,25,12,26,10,36,4,24,41,0.5854,7,26,0.2692,1,5,32,38,0.8421,109
104434,2024-25,2025-06-06T17:00:00Z,0,PO,5870,2856,Barça,Unicaja,2,14,59,81,visitante,Joan Peñarroya,Ibon Navarro,12,20,10,17,12,29,8,18,46,0.3913,5,25,0.2,4,1,8,12,0.6667,40,18,17,13,34,9,43,5,22,38,0.5789,8,24,0.3333,1,5,13,19,0.6842,103
104435,2024-25,2025-06-06T19:15:00Z,0,PO,5870,2856,Baskonia,Real Madrid,3,9,103,112,visitante,Pablo Laso,Chus Mateo,18,24,6,16,9,25,4,16,33,0.4848,17,34,0.5,8,2,20,28,0.7143,94,17,22,7,27,15,42,3,28,40,0.7,12,31,0.3871,2,10,20,27,0.7407,139
104436,2024-25,2025-06-02T17:00:00Z,0,PO,5869,2856,Valencia Basket,Dreamland Gran Canaria,13,5,98,74,local,Pedro Martínez,Jaka Lakovic,16,21,13,24,14,38,6,18,32,0.5625,16,35,0.4571,2,4,14,20,0.7,105,16,18,10,18,8,26,9,19,41,0.4634,7,23,0.3043,4,2,15,17,0.8824,76
104437,2024-25,2025-06-02T19:15:00Z,0,PO,5869,2856,La Laguna Tenerife,Joventut Badalona,28,8,96,81,local,Txus Vidorreta,Daniel Miret,21,24,8,19,13,32,8,20,35,0.5714,12,29,0.4138,4,4,20,22,0.9091,111,10,21,8,15,9,24,3,21,40,0.525,7,21,0.3333,4,4,18,24,0.75,74
104438,2024-25,2025-06-04T17:00:00Z,0,PO,5870,2856,Joventut Badalona,La Laguna Tenerife,8,28,60,80,visitante,Daniel Miret,Txus Vidorreta,13,23,15,24,11,35,5,19,41,0.4634,3,22,0.1364,3,5,13,16,0.8125,50,18,17,10,30,7,37,13,18,39,0.4615,9,21,0.4286,4,4,17,22,0.7727,105
104439,2024-25,2025-06-04T19:15:00Z,0,PO,5870,2856,Dreamland Gran Canaria,Valencia Basket,5,13,94,102,visitante,Jaka Lakovic,Pedro Martínez,19,21,6,25,9,34,8,20,36,0.5556,12,39,0.3077,4,5,18,20,0.9,104,17,20,11,28,12,40,6,21,41,0.5122,15,35,0.4286,5,4,15,19,0.7895,109
104440,2024-25,2025-06-10T19:15:00Z,0,PO,5871,2857,Valencia Basket,La Laguna Tenerife,13,28,83,65,local,Pedro Martínez,Txus Vidorreta,15,18,12,30,10,40,5,23,39,0.5897,8,25,0.32,2,4,13,16,0.8125,97,13,18,12,23,8,31,8,12,31,0.3871,10,30,0.3333,3,2,11,16,0.6875,60
104441,2024-25,2025-06-12T19:15:00Z,0,PO,5872,2857,Valencia Basket,La Laguna Tenerife,13,28,105,74,local,Pedro Martínez,Txus Vidorreta,21,20,10,33,11,44,6,20,36,0.5556,16,35,0.4571,0,8,17,20,0.85,137,17,22,12,22,7,29,6,11,36,0.3056,14,30,0.4667,8,0,10,13,0.7692,60
104442,2024-25,2025-06-14T19:15:00Z,0,PO,5873,2857,La Laguna Tenerife,Valencia Basket,28,13,87,94,visitante,Txus Vidorreta,Pedro Martínez,15,25,11,18,10,28,3,24,40,0.6,6,24,0.25,6,0,21,26,0.8077,73,16,21,11,23,9,32,6,22,36,0.6111,9,24,0.375,0,6,23,27,0.8519,114
104445,2024-25,2025-06-08T16:30:00Z,0,PO,5876,2856,Unicaja,Barça,14,2,97,95,local,Ibon Navarro,Joan Peñarroya,15,23,6,22,8,30,9,29,49,0.5918,8,24,0.3333,1,2,15,20,0.75,104,16,23,15,29,5,34,2,19,38,0.5,12,25,0.48,2,1,21,25,0.84,95
104446,2024-25,2025-06-11T19:15:00Z,0,PO,5871,2857,Real Madrid,Unicaja,9,14,99,81,local,Chus Mateo,Ibon Navarro,19,20,9,22,6,28,12,18,29,0.6207,14,31,0.4516,3,5,21,28,0.75,119,20,23,14,21,9,30,4,19,41,0.4634,9,22,0.4091,4,3,16,18,0.8889,80
104447,2024-25,2025-06-13T19:15:00Z,0,PO,5872,2857,Real Madrid,Unicaja,9,14,90,75,local,Chus Mateo,Ibon Navarro,13,21,17,20,4,24,10,14,27,0.5185,13,27,0.4815,2,2,23,25,0.92,90,14,22,17,24,9,33,11,25,38,0.6579,5,25,0.2,2,2,10,16,0.625,75
104448,2024-25,2025-06-15T15:00:00Z,0,PO,5873,2857,Unicaja,Real Madrid,14,9,86,84,local,Ibon Navarro,Chus Mateo,18,20,5,19,6,25,4,28,48,0.5833,6,19,0.3158,3,0,12,14,0.8571,91,11,21,13,25,12,37,3,21,36,0.5833,8,25,0.32,0,4,18,20,0.9,90
104449,2024-25,2025-06-17T19:15:00Z,0,PO,5874,2858,Unicaja,Real Madrid,14,9,79,86,visitante,Ibon Navarro,Chus Mateo,14,24,6,21,9,30,4,19,40,0.475,11,32,0.3438,3,2,8,11,0.7273,67,10,16,11,32,12,44,5,21,39,0.5385,8,29,0.2759,2,3,20,22,0.9091,102
104451,2024-25,2025-06-20T19:15:00Z,0,PO,5877,2858,Real Madrid,Valencia Basket,9,13,89,75,local,Chus Mateo,Pedro Martínez,13,14,6,26,13,39,5,25,42,0.5952,10,33,0.303,2,5,9,12,0.75,105,12,19,10,25,12,37,1,17,36,0.4722,11,35,0.3143,5,2,8,9,0.8889,63
104452,2024-25,2025-06-22T16:30:00Z,0,PO,5878,2858,Real Madrid,Valencia Basket,9,13,102,96,local,Chus Mateo,Pedro Martínez,16,16,3,25,13,38,5,31,47,0.6596,11,37,0.2973,3,4,7,9,0.7778,119,20,20,9,23,6,29,2,17,31,0.5484,18,43,0.4186,4,3,8,10,0.8,92
104453,2024-25,2025-06-25T19:15:00Z,0,PO,5879,2859,Valencia Basket,Real Madrid,13,9,70,81,visitante,Pedro Martínez,Chus Mateo,14,19,10,25,16,41,2,16,36,0.4444,8,40,0.2,9,1,14,17,0.8235,56,19,22,9,32,4,36,8,22,41,0.5366,7,19,0.3684,1,9,16,22,0.7273,103
